assay,feature_id,source_object,tissue,platform,contrast,contrast_type,contrast_category,Timepoint,logFC,CI.L_calculated,CI.R_calculated,p_value,adj_p_value,bh_recomputed,n_features_in_assay,gene_symbol,uniprot,ambiguous_gene,minutes_from_bout_end,sample_time,bh_python,pooled_primary_plasma_bh
prot-ol,OID20090,BLOOD_PROT_OL_DA,blood,prot-ol,group_timepointADUEndur.during_20_min - group_timepointADUEndur.pre_exercise - group_timepointADUControl.during_20_min + group_timepointADUControl.pre_exercise,exercise_with_controls,EE-CON,during_20_min,0.42258092744038,0.157226051173122,0.687935803707639,0.0019798436554767,0.0666782341186349,0.0666782341186348,1417,GP2,P55259,False,-20.0,during 20 min,0.0666782341186331,0.07858371035883709
prot-ol,OID20096,BLOOD_PROT_OL_DA,blood,prot-ol,group_timepointADUEndur.during_40_min - group_timepointADUEndur.pre_exercise - group_timepointADUControl.during_40_min + group_timepointADUControl.pre_exercise,exercise_with_controls,EE-CON,during_40_min,0.939097328946732,0.302711045851854,1.57548361204161,0.0040729745362177,0.0447395730063612,0.0447395730063612,1417,GZMH,P20718,False,0.0,during 40 min,0.04473957300636031,0.11683005906519191
prot-ol,OID20102,BLOOD_PROT_OL_DA,blood,prot-ol,group_timepointADUEndur.during_40_min - group_timepointADUEndur.pre_exercise - group_timepointADUControl.during_40_min + group_timepointADUControl.pre_exercise,exercise_with_controls,EE-CON,during_40_min,0.542027960587719,0.197949375471582,0.886106545703856,0.0022048810252469,0.0303331690560671,0.0303331690560671,1417,CEACAM8,P31997,False,0.0,during 40 min,0.03033316905606658,0.08353787199932775
prot-ol,OID20116,BLOOD_PROT_OL_DA,blood,prot-ol,group_timepointADUEndur.during_40_min - group_timepointADUEndur.pre_exercise - group_timepointADUControl.during_40_min + group_timepointADUControl.pre_exercise,exercise_with_controls,EE-CON,during_40_min,0.27481813858425,0.0768649178481453,0.472771359320355,0.0068056447374744,0.0636538125695227,0.0636538125695228,1417,BOC,Q9BWV1,False,0.0,during 40 min,0.06365381256952192,0.15918700670721234
prot-ol,OID20130,BLOOD_PROT_OL_DA,blood,prot-ol,group_timepointADUEndur.during_40_min - group_timepointADUEndur.pre_exercise - group_timepointADUControl.during_40_min + group_timepointADUControl.pre_exercise,exercise_with_controls,EE-CON,during_40_min,0.788995478711705,0.436257282328179,1.14173367509523,1.82544154676181e-05,0.0009423857315846,0.0009423857315846,1417,S100A11,P31949,False,0.0,during 40 min,0.0009423857315846007,0.0032983500605461027
prot-ol,OID20130,BLOOD_PROT_OL_DA,blood,prot-ol,group_timepointADUEndur.during_20_min - group_timepointADUEndur.pre_exercise - group_timepointADUControl.during_20_min + group_timepointADUControl.pre_exercise,exercise_with_controls,EE-CON,during_20_min,0.658771261547772,0.313534091022268,1.00400843207328,0.0002305544043836,0.0139393178926027,0.0139393178926027,1417,S100A11,P31949,False,-20.0,during 20 min,0.013939317892598072,0.018888295269212638
prot-ol,OID20156,BLOOD_PROT_OL_DA,blood,prot-ol,group_timepointADUResist.post_10_min - group_timepointADUResist.pre_exercise - group_timepointADUControl.post_10_min + group_timepointADUControl.pre_exercise,exercise_with_controls,RE-CON,post_10_min,1.36635004632355,0.536602965790265,2.19609712685684,0.0013965169956812,0.047115823401911,0.047115823401911,1417,MNDA,P41218,False,10.0,post 10 min,0.047115823401910964,0.06342514688718784
prot-ol,OID20156,BLOOD_PROT_OL_DA,blood,prot-ol,group_timepointADUEndur.during_40_min - group_timepointADUEndur.pre_exercise - group_timepointADUControl.during_40_min + group_timepointADUControl.pre_exercise,exercise_with_controls,EE-CON,during_40_min,1.826882055205,0.936237238402944,2.71752687200706,7.90597782402899e-05,0.0028006926441622,0.0028006926441622,1417,MNDA,P41218,False,0.0,during 40 min,0.0028006926441622696,0.009034492400523451
prot-ol,OID20156,BLOOD_PROT_OL_DA,blood,prot-ol,group_timepointADUEndur.during_20_min - group_timepointADUEndur.pre_exercise - group_timepointADUControl.during_20_min + group_timepointADUControl.pre_exercise,exercise_with_controls,EE-CON,during_20_min,1.33165508145879,0.459311423926846,2.20399873899073,0.0029914212805829,0.08350604171915,0.0835060417191499,1417,MNDA,P41218,False,-20.0,during 20 min,0.08350604171914798,0.09880755138895032
prot-ol,OID20172,BLOOD_PROT_OL_DA,blood,prot-ol,group_timepointADUEndur.during_40_min - group_timepointADUEndur.pre_exercise - group_timepointADUControl.during_40_min + group_timepointADUControl.pre_exercise,exercise_with_controls,EE-CON,during_40_min,0.336182981526118,0.0968291275011041,0.575536835551133,0.0061980016141705,0.0601545773101343,0.0601545773101343,1417,FCRL1,Q96LA6,False,0.0,during 40 min,0.06015457731013424,0.15064439600822638
prot-ol,OID20178,BLOOD_PROT_OL_DA,blood,prot-ol,group_timepointADUEndur.post_15_30_45_min - group_timepointADUEndur.pre_exercise - group_timepointADUControl.post_15_30_45_min + group_timepointADUControl.pre_exercise,exercise_with_controls,EE-CON,post_15_30_45_min,0.953007752958254,0.527068059695705,1.3789474462208,1.82648473526772e-05,0.0086270962329145,0.0086270962329145,1417,NADK,O95544,False,30.0,post 30 min,0.00862709623291453,0.0032983500605461027
prot-ol,OID20178,BLOOD_PROT_OL_DA,blood,prot-ol,group_timepointADUEndur.during_20_min - group_timepointADUEndur.pre_exercise - group_timepointADUControl.during_20_min + group_timepointADUControl.pre_exercise,exercise_with_controls,EE-CON,during_20_min,1.14153314090446,0.723687030654099,1.55937925115482,2.43539675933484e-07,0.0003450957207977,0.0003450957207977,1417,NADK,O95544,False,-20.0,during 20 min,0.0003450957207977468,0.00018162932673565624
prot-ol,OID20178,BLOOD_PROT_OL_DA,blood,prot-ol,group_timepointADUResist.post_10_min - group_timepointADUResist.pre_exercise - group_timepointADUControl.post_10_min + group_timepointADUControl.pre_exercise,exercise_with_controls,RE-CON,post_10_min,1.17359727733098,0.775908991526275,1.57128556313568,3.01493582906771e-08,1.06804101744724e-05,1.06804101744724e-05,1417,NADK,O95544,False,10.0,post 10 min,1.0680410174472362e-05,3.560136724824121e-05
prot-ol,OID20178,BLOOD_PROT_OL_DA,blood,prot-ol,group_timepointADUResist.post_15_30_45_min - group_timepointADUResist.pre_exercise - group_timepointADUControl.post_15_30_45_min + group_timepointADUControl.pre_exercise,exercise_with_controls,RE-CON,post_15_30_45_min,0.593788888888888,0.20212021156508,0.985457566212696,0.0031922604376644,0.0753905506695079,0.0753905506695078,1417,NADK,O95544,False,30.0,post 30 min,0.07539055066950759,0.10165018067798774
prot-ol,OID20178,BLOOD_PROT_OL_DA,blood,prot-ol,group_timepointADUEndur.post_10_min - group_timepointADUEndur.pre_exercise - group_timepointADUControl.post_10_min + group_timepointADUControl.pre_exercise,exercise_with_controls,EE-CON,post_10_min,1.44621409328541,1.02836798303502,1.86406020353581,1.6489356412381601e-10,2.33654180363447e-07,2.33654180363447e-07,1417,NADK,O95544,False,10.0,post 10 min,2.3365418036344728e-07,5.802541654748332e-07
prot-ol,OID20178,BLOOD_PROT_OL_DA,blood,prot-ol,group_timepointADUEndur.during_40_min - group_timepointADUEndur.pre_exercise - group_timepointADUControl.during_40_min + group_timepointADUControl.pre_exercise,exercise_with_controls,EE-CON,during_40_min,1.49756842768364,1.07007463646116,1.92506221890611,1.04057772056264e-10,7.37249315018633e-08,7.3724931501863e-08,1417,NADK,O95544,False,0.0,during 40 min,7.372493150186305e-08,5.77263064629559e-07
prot-ol,OID20183,BLOOD_PROT_OL_DA,blood,prot-ol,group_timepointADUEndur.during_40_min - group_timepointADUEndur.pre_exercise - group_timepointADUControl.during_40_min + group_timepointADUControl.pre_exercise,exercise_with_controls,EE-CON,during_40_min,0.774042884291678,0.308471986612464,1.23961378197089,0.0012583558318993,0.0212272644500168,0.0212272644500168,1417,OLR1,P78380,False,0.0,during 40 min,0.021227264450015573,0.05963512420740161
prot-ol,OID20201,BLOOD_PROT_OL_DA,blood,prot-ol,group_timepointADUResist.post_10_min - group_timepointADUResist.pre_exercise - group_timepointADUControl.post_10_min + group_timepointADUControl.pre_exercise,exercise_with_controls,RE-CON,post_10_min,0.37330896979559,0.116128798571917,0.630489141019263,0.0047061229004811,0.0996458487351264,0.0996458487351263,1417,REN,P00797,False,10.0,post 10 min,0.09964584873512464,0.12838984356256444
prot-ol,OID20203,BLOOD_PROT_OL_DA,blood,prot-ol,group_timepointADUEndur.during_40_min - group_timepointADUEndur.pre_exercise - group_timepointADUControl.during_40_min + group_timepointADUControl.pre_exercise,exercise_with_controls,EE-CON,during_40_min,2.34361454853675,1.30210471280333,3.38512438427016,1.64231258679328e-05,0.0008950603598023,0.0008950603598023,1417,RNASE3,P12724,False,0.0,during 40 min,0.0008950603598023376,0.003144806669575781
prot-ol,OID20204,BLOOD_PROT_OL_DA,blood,prot-ol,group_timepointADUEndur.during_40_min - group_timepointADUEndur.pre_exercise - group_timepointADUControl.during_40_min + group_timepointADUControl.pre_exercise,exercise_with_controls,EE-CON,during_40_min,0.467730551472447,0.0967285614759849,0.838732541468909,0.0137994864836399,0.0887427681484142,0.0887427681484144,1417,SOST,Q9BQB4,False,0.0,during 40 min,0.08874276814841439,0.2188010725815589
prot-ol,OID20205,BLOOD_PROT_OL_DA,blood,prot-ol,group_timepointADUResist.post_15_30_45_min - group_timepointADUResist.pre_exercise - group_timepointADUControl.post_15_30_45_min + group_timepointADUControl.pre_exercise,exercise_with_controls,RE-CON,post_15_30_45_min,0.606905555555555,0.215090044645631,0.99872106646548,0.0026059953978453,0.0671399177953971,0.0671399177953972,1417,NPDC1,Q9NQX5,False,30.0,post 30 min,0.06713991779539617,0.09185809648623855
prot-ol,OID20205,BLOOD_PROT_OL_DA,blood,prot-ol,group_timepointADUResist.post_10_min - group_timepointADUResist.pre_exercise - group_timepointADUControl.post_10_min + group_timepointADUControl.pre_exercise,exercise_with_controls,RE-CON,post_10_min,0.771724662837466,0.374091347952033,1.1693579777229,0.0001818755433915,0.0122722688088504,0.0122722688088504,1417,NPDC1,Q9NQX5,False,10.0,post 10 min,0.0122722688088455,0.01610735281160972
prot-ol,OID20220,BLOOD_PROT_OL_DA,blood,prot-ol,group_timepointADUEndur.post_10_min - group_timepointADUEndur.pre_exercise - group_timepointADUControl.post_10_min + group_timepointADUControl.pre_exercise,exercise_with_controls,EE-CON,post_10_min,3.02056642553258,1.3314593534786,4.70967349758657,0.0005381097673913,0.0448530317878584,0.0448530317878585,1417,GH1,P01241,False,10.0,post 10 min,0.0448530317878513,0.033909524757045645
prot-ol,OID20220,BLOOD_PROT_OL_DA,blood,prot-ol,group_timepointADUResist.post_15_30_45_min - group_timepointADUResist.pre_exercise - group_timepointADUControl.post_15_30_45_min + group_timepointADUControl.pre_exercise,exercise_with_controls,RE-CON,post_15_30_45_min,3.96185277777778,2.37816669971961,5.54553885583594,1.92479168011864e-06,0.0004545716351213,0.0004545716351213,1417,GH1,P01241,False,30.0,post 30 min,0.0004545716351213522,0.0006993409771097726
prot-ol,OID20220,BLOOD_PROT_OL_DA,blood,prot-ol,group_timepointADUEndur.during_40_min - group_timepointADUEndur.pre_exercise - group_timepointADUControl.during_40_min + group_timepointADUControl.pre_exercise,exercise_with_controls,EE-CON,during_40_min,3.53401940103476,1.8071457761057,5.26089302596383,8.16569375187037e-05,0.0028221434259513,0.0028221434259513,1417,GH1,P01241,False,0.0,during 40 min,0.002822143425951296,0.009183165116190726
prot-ol,OID20220,BLOOD_PROT_OL_DA,blood,prot-ol,group_timepointADUResist.post_10_min - group_timepointADUResist.pre_exercise - group_timepointADUControl.post_10_min + group_timepointADUControl.pre_exercise,exercise_with_controls,RE-CON,post_10_min,4.99247438294567,3.38522285057934,6.599725915312,6.24634046524007e-09,2.95035481308173e-06,2.95035481308173e-06,1417,GH1,P01241,False,10.0,post 10 min,2.9503548130817264e-06,8.85106443924518e-06
prot-ol,OID20226,BLOOD_PROT_OL_DA,blood,prot-ol,group_timepointADUEndur.during_40_min - group_timepointADUEndur.pre_exercise - group_timepointADUControl.during_40_min + group_timepointADUControl.pre_exercise,exercise_with_controls,EE-CON,during_40_min,0.416631143573339,0.0911276638546769,0.742134623292001,0.0124437775215283,0.0872912512277506,0.0872912512277505,1417,CCDC80,Q76M96,False,0.0,during 40 min,0.0872912512277505,0.2091676482562942
prot-ol,OID20239,BLOOD_PROT_OL_DA,blood,prot-ol,group_timepointADUEndur.during_40_min - group_timepointADUEndur.pre_exercise - group_timepointADUControl.during_40_min + group_timepointADUControl.pre_exercise,exercise_with_controls,EE-CON,during_40_min,0.925440532080823,0.39494735958867,1.45593370457298,0.00072716112435,0.013381653418234,0.013381653418234,1417,MFAP5,Q13361,False,0.0,during 40 min,0.013381653418233115,0.04056642965369881
prot-ol,OID20241,BLOOD_PROT_OL_DA,blood,prot-ol,group_timepointADUEndur.during_40_min - group_timepointADUEndur.pre_exercise - group_timepointADUControl.during_40_min + group_timepointADUControl.pre_exercise,exercise_with_controls,EE-CON,during_40_min,0.4883257221786,0.14884256705202,0.82780887730518,0.0050812958238976,0.0522788960498457,0.0522788960498457,1417,CA4,P22748,False,0.0,during 40 min,0.052278896049845106,0.13405552153449954
prot-ol,OID20244,BLOOD_PROT_OL_DA,blood,prot-ol,group_timepointADUEndur.during_40_min - group_timepointADUEndur.pre_exercise - group_timepointADUControl.during_40_min + group_timepointADUControl.pre_exercise,exercise_with_controls,EE-CON,during_40_min,0.544936067065906,0.114980222924319,0.974891911207493,0.0133159662467358,0.0887427681484142,0.0887427681484144,1417,CES1,P23141,False,0.0,during 40 min,0.08874276814841439,0.21612848433567633
prot-ol,OID20245,BLOOD_PROT_OL_DA,blood,prot-ol,group_timepointADUEndur.during_40_min - group_timepointADUEndur.pre_exercise - group_timepointADUControl.during_40_min + group_timepointADUControl.pre_exercise,exercise_with_controls,EE-CON,during_40_min,0.603648207567495,0.147089784008811,1.06020663112618,0.0098791227835432,0.0769160273861583,0.0769160273861583,1417,FABP4,P15090,False,0.0,during 40 min,0.07691602738615777,0.1898349775271867
prot-ol,OID20245,BLOOD_PROT_OL_DA,blood,prot-ol,group_timepointADUResist.post_15_30_45_min - group_timepointADUResist.pre_exercise - group_timepointADUControl.post_15_30_45_min + group_timepointADUControl.pre_exercise,exercise_with_controls,RE-CON,post_15_30_45_min,0.708044444444444,0.290025199680208,1.12606368920868,0.0010243108817739,0.0375542124161019,0.037554212416102,1417,FABP4,P15090,False,30.0,post 30 min,0.0375542124160989,0.05144352600290997
prot-ol,OID20245,BLOOD_PROT_OL_DA,blood,prot-ol,group_timepointADUEndur.post_10_min - group_timepointADUEndur.pre_exercise - group_timepointADUControl.post_10_min + group_timepointADUControl.pre_exercise,exercise_with_controls,EE-CON,post_10_min,0.840543523291677,0.394509907356955,1.2865771392264,0.0002733812676838,0.0277757656171327,0.0277757656171327,1417,FABP4,P15090,False,10.0,post 10 min,0.027775765617123086,0.02113373470868061
prot-ol,OID20245,BLOOD_PROT_OL_DA,blood,prot-ol,group_timepointADUEndur.post_15_30_45_min - group_timepointADUEndur.pre_exercise - group_timepointADUControl.post_15_30_45_min + group_timepointADUControl.pre_exercise,exercise_with_controls,EE-CON,post_15_30_45_min,1.05297776797135,0.598243961924888,1.50771157401782,9.5503630661797e-06,0.0067664322323883,0.0067664322323883,1417,FABP4,P15090,False,30.0,post 30 min,0.006766432232388318,0.0021145100726213495
prot-ol,OID20247,BLOOD_PROT_OL_DA,blood,prot-ol,group_timepointADUEndur.during_40_min - group_timepointADUEndur.pre_exercise - group_timepointADUControl.during_40_min + group_timepointADUControl.pre_exercise,exercise_with_controls,EE-CON,during_40_min,2.05242578491035,1.26875963913992,2.83609193068077,6.75755624015219e-07,7.97954766024637e-05,7.97954766024638e-05,1417,PLAT,P00750,False,0.0,during 40 min,7.979547660246377e-05,0.00038480195454304545
prot-ol,OID20247,BLOOD_PROT_OL_DA,blood,prot-ol,group_timepointADUResist.post_10_min - group_timepointADUResist.pre_exercise - group_timepointADUControl.post_10_min + group_timepointADUControl.pre_exercise,exercise_with_controls,RE-CON,post_10_min,1.15200852794216,0.422478734005109,1.88153832187922,0.0021538814375441,0.0635843108243429,0.0635843108243427,1417,PLAT,P00750,False,10.0,post 10 min,0.06358431082434186,0.08248783775675649
prot-ol,OID20247,BLOOD_PROT_OL_DA,blood,prot-ol,group_timepointADUEndur.during_20_min - group_timepointADUEndur.pre_exercise - group_timepointADUControl.during_20_min + group_timepointADUControl.pre_exercise,exercise_with_controls,EE-CON,during_20_min,1.39521623879383,0.628463551018323,2.16196892656935,0.0004332896975864,0.0227385859566904,0.0227385859566905,1417,PLAT,P00750,False,-20.0,during 20 min,0.022738585956687065,0.02966045900869221
prot-ol,OID20250,BLOOD_PROT_OL_DA,blood,prot-ol,group_timepointADUEndur.during_40_min - group_timepointADUEndur.pre_exercise - group_timepointADUControl.during_40_min + group_timepointADUControl.pre_exercise,exercise_with_controls,EE-CON,during_40_min,0.456493563343263,0.107507952751356,0.805479173935169,0.0106777272964629,0.0812884172767567,0.0812884172767564,1417,IL1RL1,Q01638,False,0.0,during 40 min,0.08128841727675644,0.197764767454933
prot-ol,OID20254,BLOOD_PROT_OL_DA,blood,prot-ol,group_timepointADUEndur.during_40_min - group_timepointADUEndur.pre_exercise - group_timepointADUControl.during_40_min + group_timepointADUControl.pre_exercise,exercise_with_controls,EE-CON,during_40_min,0.654213041542969,0.188803440927904,1.11962264215803,0.0061575484374792,0.0601545773101343,0.0601545773101343,1417,LTBP2,Q14767,False,0.0,during 40 min,0.06015457731013424,0.14991831848639223
prot-ol,OID20257,BLOOD_PROT_OL_DA,blood,prot-ol,group_timepointADUEndur.during_40_min - group_timepointADUEndur.pre_exercise - group_timepointADUControl.during_40_min + group_timepointADUControl.pre_exercise,exercise_with_controls,EE-CON,during_40_min,0.588503845442413,0.121205339582961,1.05580235130187,0.0138907351008255,0.0887427681484142,0.0887427681484144,1417,PEAR1,Q5VY43,False,0.0,during 40 min,0.08874276814841439,0.21889619792636833
prot-ol,OID20258,BLOOD_PROT_OL_DA,blood,prot-ol,group_timepointADUEndur.during_40_min - group_timepointADUEndur.pre_exercise - group_timepointADUControl.during_40_min + group_timepointADUControl.pre_exercise,exercise_with_controls,EE-CON,during_40_min,0.466371459951666,0.0999653167993858,0.832777603103946,0.0129349281508316,0.0887427681484142,0.0887427681484144,1417,REG3A,Q06141,False,0.0,during 40 min,0.08874276814841439,0.2141214157678549
prot-ol,OID20260,BLOOD_PROT_OL_DA,blood,prot-ol,group_timepointADUEndur.during_40_min - group_timepointADUEndur.pre_exercise - group_timepointADUControl.during_40_min + group_timepointADUControl.pre_exercise,exercise_with_controls,EE-CON,during_40_min,0.943136290750655,0.457274558867315,1.428998022634,0.0001808757959236,0.0048358679778081,0.0048358679778081,1417,ADGRE5,P48960,False,0.0,during 40 min,0.004835867977806437,0.01610735281160972
prot-ol,OID20261,BLOOD_PROT_OL_DA,blood,prot-ol,group_timepointADUEndur.during_40_min - group_timepointADUEndur.pre_exercise - group_timepointADUControl.during_40_min + group_timepointADUControl.pre_exercise,exercise_with_controls,EE-CON,during_40_min,0.594423721086895,0.136772734334625,1.05207470783917,0.0112306129349922,0.0827335882889188,0.0827335882889191,1417,FUCA1,P04066,False,0.0,during 40 min,0.0827335882889191,0.20147479399915513
prot-ol,OID20262,BLOOD_PROT_OL_DA,blood,prot-ol,group_timepointADUEndur.during_40_min - group_timepointADUEndur.pre_exercise - group_timepointADUControl.during_40_min + group_timepointADUControl.pre_exercise,exercise_with_controls,EE-CON,during_40_min,0.556986904854529,0.195393290196375,0.918580519512684,0.0027448909126279,0.0350406344431873,0.0350406344431873,1417,CD209,Q9NNX6,False,0.0,during 40 min,0.0350406344431868,0.09486610788277401
prot-ol,OID20263,BLOOD_PROT_OL_DA,blood,prot-ol,group_timepointADUEndur.during_40_min - group_timepointADUEndur.pre_exercise - group_timepointADUControl.during_40_min + group_timepointADUControl.pre_exercise,exercise_with_controls,EE-CON,during_40_min,0.734366834584192,0.268979560048634,1.19975410911975,0.0021702460845196,0.0301493990369047,0.0301493990369046,1417,MB,P02144,False,0.0,during 40 min,0.03014939903690464,0.0828905310448591
prot-ol,OID20263,BLOOD_PROT_OL_DA,blood,prot-ol,group_timepointADUResist.post_15_30_45_min - group_timepointADUResist.pre_exercise - group_timepointADUControl.post_15_30_45_min + group_timepointADUControl.pre_exercise,exercise_with_controls,RE-CON,post_15_30_45_min,0.662252777777778,0.236188362233845,1.08831719332171,0.0025178030127926,0.0671399177953971,0.0671399177953972,1417,MB,P02144,False,30.0,post 30 min,0.06713991779539617,0.08919317172817787
prot-ol,OID20265,BLOOD_PROT_OL_DA,blood,prot-ol,group_timepointADUEndur.during_40_min - group_timepointADUEndur.pre_exercise - group_timepointADUControl.during_40_min + group_timepointADUControl.pre_exercise,exercise_with_controls,EE-CON,during_40_min,0.528374612923826,0.138689426672844,0.918059799174808,0.0081818069941757,0.068569341914586,0.0685693419145861,1417,TNFRSF10C,O14798,False,0.0,during 40 min,0.06856934191458575,0.1727992768759868
prot-ol,OID20267,BLOOD_PROT_OL_DA,blood,prot-ol,group_timepointADUEndur.during_40_min - group_timepointADUEndur.pre_exercise - group_timepointADUControl.during_40_min + group_timepointADUControl.pre_exercise,exercise_with_controls,EE-CON,during_40_min,0.516635345788358,0.143028217567823,0.890242474008893,0.0070210841850539,0.064442137636749,0.064442137636749,1417,IL2RA,P01589,False,0.0,during 40 min,0.06444213763674848,0.1602073476686212
prot-ol,OID20268,BLOOD_PROT_OL_DA,blood,prot-ol,group_timepointADUEndur.during_40_min - group_timepointADUEndur.pre_exercise - group_timepointADUControl.during_40_min + group_timepointADUControl.pre_exercise,exercise_with_controls,EE-CON,during_40_min,0.430500817141706,0.090141627158782,0.77086000712463,0.013498497433809,0.0887427681484142,0.0887427681484144,1417,PDGFRB,P09619,False,0.0,during 40 min,0.08874276814841439,0.21612848433567633
prot-ol,OID20270,BLOOD_PROT_OL_DA,blood,prot-ol,group_timepointADUEndur.during_40_min - group_timepointADUEndur.pre_exercise - group_timepointADUControl.during_40_min + group_timepointADUControl.pre_exercise,exercise_with_controls,EE-CON,during_40_min,0.602821812844117,0.172886354234488,1.03275727145375,0.0062741026706994,0.0604789352678992,0.0604789352678992,1417,ESAM,Q96AP7,False,0.0,during 40 min,0.0604789352678983,0.1510763371203625
prot-ol,OID20272,BLOOD_PROT_OL_DA,blood,prot-ol,group_timepointADUEndur.during_40_min - group_timepointADUEndur.pre_exercise - group_timepointADUControl.during_40_min + group_timepointADUControl.pre_exercise,exercise_with_controls,EE-CON,during_40_min,0.459355686978288,0.117914823850589,0.800796550105987,0.008683006018377,0.0703075401602299,0.0703075401602299,1417,TNFSF13B,Q9Y275,False,0.0,during 40 min,0.07030754016022976,0.17652538777676052
prot-ol,OID20277,BLOOD_PROT_OL_DA,blood,prot-ol,group_timepointADUEndur.during_40_min - group_timepointADUEndur.pre_exercise - group_timepointADUControl.during_40_min + group_timepointADUControl.pre_exercise,exercise_with_controls,EE-CON,during_40_min,0.452355009125105,0.0843553700874967,0.820354648162714,0.0163047726966578,0.0987897484771834,0.0987897484771836,1417,ICAM3,P32942,False,0.0,during 40 min,0.0987897484771836,0.23540530696192424
prot-ol,OID20282,BLOOD_PROT_OL_DA,blood,prot-ol,group_timepointADUEndur.during_40_min - group_timepointADUEndur.pre_exercise - group_timepointADUControl.during_40_min + group_timepointADUControl.pre_exercise,exercise_with_controls,EE-CON,during_40_min,0.618588935934275,0.257422140424001,0.97975573144455,0.0009008848065666,0.0158241085995751,0.0158241085995751,1417,CXCL16,Q9H2A7,False,0.0,during 40 min,0.015824108599574713,0.04677929914472816
prot-ol,OID20286,BLOOD_PROT_OL_DA,blood,prot-ol,group_timepointADUEndur.during_40_min - group_timepointADUEndur.pre_exercise - group_timepointADUControl.during_40_min + group_timepointADUControl.pre_exercise,exercise_with_controls,EE-CON,during_40_min,1.42649813972788,0.48138535102951,2.37161092842625,0.0033235780717576,0.0392459177306716,0.0392459177306716,1417,CORO1A,P31146,False,0.0,during 40 min,0.039245917730670994,0.1048888669862031
prot-ol,OID20291,BLOOD_PROT_OL_DA,blood,prot-ol,group_timepointADUEndur.during_40_min - group_timepointADUEndur.pre_exercise - group_timepointADUControl.during_40_min + group_timepointADUControl.pre_exercise,exercise_with_controls,EE-CON,during_40_min,0.615029605290685,0.116653219659093,1.11340599092228,0.0158893440548724,0.0970482781282509,0.0970482781282508,1417,PAM,P19021,False,0.0,during 40 min,0.09704827812825083,0.23223912201461105
prot-ol,OID20297,BLOOD_PROT_OL_DA,blood,prot-ol,group_timepointADUEndur.during_40_min - group_timepointADUEndur.pre_exercise - group_timepointADUControl.during_40_min + group_timepointADUControl.pre_exercise,exercise_with_controls,EE-CON,during_40_min,0.721534238861192,0.14156113120886,1.30150734651352,0.0150721428081533,0.09352594317754,0.0935259431775403,1417,SCARF1,Q14162,False,0.0,during 40 min,0.0935259431775403,0.22755671522581575
prot-ol,OID20298,BLOOD_PROT_OL_DA,blood,prot-ol,group_timepointADUEndur.during_40_min - group_timepointADUEndur.pre_exercise - group_timepointADUControl.during_40_min + group_timepointADUControl.pre_exercise,exercise_with_controls,EE-CON,during_40_min,0.688868442745673,0.256923137404026,1.12081374808732,0.0019484007956446,0.028150605077996,0.0281506050779959,1417,CELA3A,P09093,False,0.0,during 40 min,0.028150605077994897,0.07799107139628243
prot-ol,OID20301,BLOOD_PROT_OL_DA,blood,prot-ol,group_timepointADUEndur.during_40_min - group_timepointADUEndur.pre_exercise - group_timepointADUControl.during_40_min + group_timepointADUControl.pre_exercise,exercise_with_controls,EE-CON,during_40_min,0.500514762856962,0.105490670061253,0.89553885565267,0.0133393581332726,0.0887427681484142,0.0887427681484144,1417,LILRB2,Q8N423,False,0.0,during 40 min,0.08874276814841439,0.21612848433567633
prot-ol,OID20302,BLOOD_PROT_OL_DA,blood,prot-ol,group_timepointADUEndur.during_40_min - group_timepointADUEndur.pre_exercise - group_timepointADUControl.during_40_min + group_timepointADUControl.pre_exercise,exercise_with_controls,EE-CON,during_40_min,0.747850526984514,0.25893317223618,1.23676788173285,0.0029272133158512,0.0363847479698353,0.0363847479698354,1417,ST6GAL1,P15907,False,0.0,during 40 min,0.03638474796983465,0.09759673573085059
prot-ol,OID20309,BLOOD_PROT_OL_DA,blood,prot-ol,group_timepointADUEndur.during_20_min - group_timepointADUEndur.pre_exercise - group_timepointADUControl.during_20_min + group_timepointADUControl.pre_exercise,exercise_with_controls,EE-CON,during_20_min,1.55987886847129,0.951224547668273,2.1685331892743,1.12753318849876e-06,0.0003644107465618,0.0003644107465618,1417,AZU1,P20160,False,-20.0,during 20 min,0.0003644107465618539,0.0004992857900321071
prot-ol,OID20309,BLOOD_PROT_OL_DA,blood,prot-ol,group_timepointADUEndur.during_40_min - group_timepointADUEndur.pre_exercise - group_timepointADUControl.during_40_min + group_timepointADUControl.pre_exercise,exercise_with_controls,EE-CON,during_40_min,1.76504615391675,1.14352486344283,2.38656744439066,8.61370892349098e-08,1.35618061606519e-05,1.35618061606519e-05,1417,AZU1,P20160,False,0.0,during 40 min,1.3561806160651909e-05,7.628515965366699e-05
prot-ol,OID20314,BLOOD_PROT_OL_DA,blood,prot-ol,group_timepointADUEndur.during_40_min - group_timepointADUEndur.pre_exercise - group_timepointADUControl.during_40_min + group_timepointADUControl.pre_exercise,exercise_with_controls,EE-CON,during_40_min,0.47689466110428,0.09796908282767,0.85582023938089,0.0139610738320299,0.0887427681484142,0.0887427681484144,1417,ACP5,P13686,False,0.0,during 40 min,0.08874276814841439,0.21889619792636833
prot-ol,OID20320,BLOOD_PROT_OL_DA,blood,prot-ol,group_timepointADUEndur.during_40_min - group_timepointADUEndur.pre_exercise - group_timepointADUControl.during_40_min + group_timepointADUControl.pre_exercise,exercise_with_controls,EE-CON,during_40_min,0.506874122941108,0.115435625306305,0.89831262057591,0.0114762489354189,0.0831993073668029,0.0831993073668027,1417,QPCT,Q16769,False,0.0,during 40 min,0.08319930736680269,0.20251363314431609
prot-ol,OID20321,BLOOD_PROT_OL_DA,blood,prot-ol,group_timepointADUEndur.during_40_min - group_timepointADUEndur.pre_exercise - group_timepointADUControl.during_40_min + group_timepointADUControl.pre_exercise,exercise_with_controls,EE-CON,during_40_min,0.484723275414235,0.111631269149269,0.8578152816792,0.0112035647482824,0.0827335882889188,0.0827335882889191,1417,RNASET2,O00584,False,0.0,during 40 min,0.0827335882889191,0.20147479399915513
prot-ol,OID20323,BLOOD_PROT_OL_DA,blood,prot-ol,group_timepointADUEndur.during_40_min - group_timepointADUEndur.pre_exercise - group_timepointADUControl.during_40_min + group_timepointADUControl.pre_exercise,exercise_with_controls,EE-CON,during_40_min,0.457429591747222,0.0973087518881723,0.817550431606272,0.0131126651613665,0.0887427681484142,0.0887427681484144,1417,LILRB1,Q8NHL6,False,0.0,during 40 min,0.08874276814841439,0.21555274400993424
prot-ol,OID20325,BLOOD_PROT_OL_DA,blood,prot-ol,group_timepointADUEndur.during_40_min - group_timepointADUEndur.pre_exercise - group_timepointADUControl.during_40_min + group_timepointADUControl.pre_exercise,exercise_with_controls,EE-CON,during_40_min,0.519843984995428,0.136186743380541,0.903501226610315,0.0082263854096539,0.068569341914586,0.0685693419145861,1417,IGFBP2,P18065,False,0.0,during 40 min,0.06856934191458575,0.17291753063949367
prot-ol,OID20328,BLOOD_PROT_OL_DA,blood,prot-ol,group_timepointADUEndur.during_40_min - group_timepointADUEndur.pre_exercise - group_timepointADUControl.during_40_min + group_timepointADUControl.pre_exercise,exercise_with_controls,EE-CON,during_40_min,0.492198397395207,0.132138154802892,0.852258639987523,0.0076841925556718,0.067630440070727,0.067630440070727,1417,CCL15,Q16663,False,0.0,during 40 min,0.06763044007072634,0.16777351080719474
prot-ol,OID20329,BLOOD_PROT_OL_DA,blood,prot-ol,group_timepointADUEndur.during_40_min - group_timepointADUEndur.pre_exercise - group_timepointADUControl.during_40_min + group_timepointADUControl.pre_exercise,exercise_with_controls,EE-CON,during_40_min,1.06233769581641,0.640265599660716,1.4844097919721,1.6885006758925e-06,0.0001709003898385,0.0001709003898385,1417,PRTN3,P24158,False,0.0,during 40 min,0.00017090038983854803,0.0006296330151946507
prot-ol,OID20329,BLOOD_PROT_OL_DA,blood,prot-ol,group_timepointADUEndur.during_20_min - group_timepointADUEndur.pre_exercise - group_timepointADUControl.during_20_min + group_timepointADUControl.pre_exercise,exercise_with_controls,EE-CON,during_20_min,0.72521608124192,0.31252839028336,1.13790377220048,0.0006673702997072,0.0307285816414518,0.0307285816414518,1417,PRTN3,P24158,False,-20.0,during 20 min,0.030728581641447553,0.038916202250415734
prot-ol,OID20332,BLOOD_PROT_OL_DA,blood,prot-ol,group_timepointADUEndur.during_40_min - group_timepointADUEndur.pre_exercise - group_timepointADUControl.during_40_min + group_timepointADUControl.pre_exercise,exercise_with_controls,EE-CON,during_40_min,0.520914980449258,0.222780187619404,0.819049773279112,0.0007131489680068,0.0132964748377063,0.0132964748377063,1417,COL18A1,P39060,False,0.0,during 40 min,0.013296474837705732,0.04010047966927125
prot-ol,OID20334,BLOOD_PROT_OL_DA,blood,prot-ol,group_timepointADUEndur.during_40_min - group_timepointADUEndur.pre_exercise - group_timepointADUControl.during_40_min + group_timepointADUControl.pre_exercise,exercise_with_controls,EE-CON,during_40_min,0.736985407050299,0.335424304010466,1.13854651009013,0.0003887668857949,0.0084751181103289,0.0084751181103289,1417,CCL16,O15467,False,0.0,during 40 min,0.00847511811032882,0.02731118412380008
prot-ol,OID20338,BLOOD_PROT_OL_DA,blood,prot-ol,group_timepointADUEndur.during_40_min - group_timepointADUEndur.pre_exercise - group_timepointADUControl.during_40_min + group_timepointADUControl.pre_exercise,exercise_with_controls,EE-CON,during_40_min,0.66143014196643,0.275135253382767,1.04772503055009,0.0009045538437301,0.0158241085995751,0.0158241085995751,1417,PGLYRP1,O75594,False,0.0,during 40 min,0.015824108599574713,0.04677929914472816
prot-ol,OID20341,BLOOD_PROT_OL_DA,blood,prot-ol,group_timepointADUEndur.during_40_min - group_timepointADUEndur.pre_exercise - group_timepointADUControl.during_40_min + group_timepointADUControl.pre_exercise,exercise_with_controls,EE-CON,during_40_min,0.504372696490231,0.103708882533566,0.905036510446896,0.0139338845138729,0.0887427681484142,0.0887427681484144,1417,TCN2,P20062,False,0.0,during 40 min,0.08874276814841439,0.21889619792636833
prot-ol,OID20355,BLOOD_PROT_OL_DA,blood,prot-ol,group_timepointADUEndur.during_40_min - group_timepointADUEndur.pre_exercise - group_timepointADUControl.during_40_min + group_timepointADUControl.pre_exercise,exercise_with_controls,EE-CON,during_40_min,0.827829118388963,0.171852015400157,1.48380622137777,0.0137064501362799,0.0887427681484142,0.0887427681484144,1417,LBP,P18428,False,0.0,during 40 min,0.08874276814841439,0.21822516677650133
prot-ol,OID20479,BLOOD_PROT_OL_DA,blood,prot-ol,group_timepointADUResist.post_15_30_45_min - group_timepointADUResist.pre_exercise - group_timepointADUControl.post_15_30_45_min + group_timepointADUControl.pre_exercise,exercise_with_controls,RE-CON,post_15_30_45_min,1.26905277777778,0.420956285746697,2.11714926980886,0.0036061713995909,0.0791771639900481,0.0791771639900481,1417,WAS,P42768,False,30.0,post 30 min,0.07917716399004612,0.10942066109679455
prot-ol,OID20530,BLOOD_PROT_OL_DA,blood,prot-ol,group_timepointADUResist.post_10_min - group_timepointADUResist.pre_exercise - group_timepointADUControl.post_10_min + group_timepointADUControl.pre_exercise,exercise_with_controls,RE-CON,post_10_min,0.911391155045861,0.414808011918474,1.40797429817325,0.0003890305151983,0.0212021630783116,0.0212021630783116,1417,LSP1,P33241,False,10.0,post 10 min,0.02120216307830735,0.02731118412380008
prot-ol,OID20530,BLOOD_PROT_OL_DA,blood,prot-ol,group_timepointADUEndur.post_10_min - group_timepointADUEndur.pre_exercise - group_timepointADUControl.post_10_min + group_timepointADUControl.pre_exercise,exercise_with_controls,EE-CON,post_10_min,1.37186795708055,0.849804717607684,1.89393119655342,6.36953367939314e-07,0.0003008543074566,0.0003008543074566,1417,LSP1,P33241,False,10.0,post 10 min,0.00030085430745666937,0.00038480195454304545
prot-ol,OID20530,BLOOD_PROT_OL_DA,blood,prot-ol,group_timepointADUEndur.during_40_min - group_timepointADUEndur.pre_exercise - group_timepointADUControl.during_40_min + group_timepointADUControl.pre_exercise,exercise_with_controls,EE-CON,during_40_min,1.43958716505948,0.906521829213643,1.97265250090532,3.24027459309548e-07,4.17406281674209e-05,4.17406281674209e-05,1417,LSP1,P33241,False,0.0,during 40 min,4.174062816742087e-05,0.00022957345492081476
prot-ol,OID20530,BLOOD_PROT_OL_DA,blood,prot-ol,group_timepointADUEndur.during_20_min - group_timepointADUEndur.pre_exercise - group_timepointADUControl.during_20_min + group_timepointADUControl.pre_exercise,exercise_with_controls,EE-CON,during_20_min,0.991720338032933,0.46965709856004,1.51378357750583,0.0002459300969054,0.0139393178926027,0.0139393178926027,1417,LSP1,P33241,False,-20.0,during 20 min,0.013939317892598072,0.01947528362503449
prot-ol,OID20537,BLOOD_PROT_OL_DA,blood,prot-ol,group_timepointADUEndur.during_40_min - group_timepointADUEndur.pre_exercise - group_timepointADUControl.during_40_min + group_timepointADUControl.pre_exercise,exercise_with_controls,EE-CON,during_40_min,0.215247404381962,0.056546772385942,0.373948036377983,0.0081649840782879,0.068569341914586,0.0685693419145861,1417,SIGLEC10,Q96LC7,False,0.0,during 40 min,0.06856934191458575,0.1727992768759868
prot-ol,OID20538,BLOOD_PROT_OL_DA,blood,prot-ol,group_timepointADUEndur.during_40_min - group_timepointADUEndur.pre_exercise - group_timepointADUControl.during_40_min + group_timepointADUControl.pre_exercise,exercise_with_controls,EE-CON,during_40_min,0.283882214618873,0.0796432620025221,0.488121167235224,0.0067416300245526,0.0636538125695227,0.0636538125695228,1417,ISM1,B1AKI9,False,0.0,during 40 min,0.06365381256952192,0.15884910086792672
prot-ol,OID20562,BLOOD_PROT_OL_DA,blood,prot-ol,group_timepointADUEndur.during_40_min - group_timepointADUEndur.pre_exercise - group_timepointADUControl.during_40_min + group_timepointADUControl.pre_exercise,exercise_with_controls,EE-CON,during_40_min,0.245417755793198,0.0518164144329787,0.439019097153418,0.0133029893822274,0.0887427681484142,0.0887427681484144,1417,IL15,P40933,False,0.0,during 40 min,0.08874276814841439,0.21612848433567633
prot-ol,OID20564,BLOOD_PROT_OL_DA,blood,prot-ol,group_timepointADUEndur.during_40_min - group_timepointADUEndur.pre_exercise - group_timepointADUControl.during_40_min + group_timepointADUControl.pre_exercise,exercise_with_controls,EE-CON,during_40_min,0.298037093655614,0.0768531776172381,0.519221009693991,0.0085813573420951,0.069883812377867,0.069883812377867,1417,FCAR,P24071,False,0.0,during 40 min,0.06988381237786642,0.17523011523183557
prot-ol,OID20567,BLOOD_PROT_OL_DA,blood,prot-ol,group_timepointADUEndur.during_20_min - group_timepointADUEndur.pre_exercise - group_timepointADUControl.during_20_min + group_timepointADUControl.pre_exercise,exercise_with_controls,EE-CON,during_20_min,1.69448559960846,1.04693742336186,2.34203377585505,7.08024176497853e-07,0.0003644107465618,0.0003644107465618,1417,NCF2,P19878,False,-20.0,during 20 min,0.0003644107465618539,0.0003858731761913299
prot-ol,OID20567,BLOOD_PROT_OL_DA,blood,prot-ol,group_timepointADUEndur.during_40_min - group_timepointADUEndur.pre_exercise - group_timepointADUControl.during_40_min + group_timepointADUControl.pre_exercise,exercise_with_controls,EE-CON,during_40_min,1.6459174652192,0.984601218237222,2.30723371220119,2.18908838112748e-06,0.0002056093220439,0.0002056093220439,1417,NCF2,P19878,False,0.0,during 40 min,0.00020560932204393722,0.0007754845590144099
prot-ol,OID20567,BLOOD_PROT_OL_DA,blood,prot-ol,group_timepointADUEndur.post_10_min - group_timepointADUEndur.pre_exercise - group_timepointADUControl.post_10_min + group_timepointADUControl.pre_exercise,exercise_with_controls,EE-CON,post_10_min,1.36110702817989,0.713558851933397,2.00865520442637,5.3976131825541e-05,0.0069531071633446,0.0069531071633446,1417,NCF2,P19878,False,10.0,post 10 min,0.006953107163344691,0.006828944535427822
prot-ol,OID20567,BLOOD_PROT_OL_DA,blood,prot-ol,group_timepointADUResist.post_10_min - group_timepointADUResist.pre_exercise - group_timepointADUControl.post_10_min + group_timepointADUControl.pre_exercise,exercise_with_controls,RE-CON,post_10_min,0.918304197868744,0.302329968790824,1.53427842694666,0.003724224140745,0.0894445018209454,0.0894445018209454,1417,NCF2,P19878,False,10.0,post 10 min,0.08944450182094348,0.11180562727617933
prot-ol,OID20572,BLOOD_PROT_OL_DA,blood,prot-ol,group_timepointADUEndur.during_40_min - group_timepointADUEndur.pre_exercise - group_timepointADUControl.during_40_min + group_timepointADUControl.pre_exercise,exercise_with_controls,EE-CON,during_40_min,1.28556074442237,0.703700524292038,1.8674209645527,2.30616136628361e-05,0.0010892768853412,0.0010892768853412,1417,EGLN1,Q9GZT9,False,0.0,during 40 min,0.001089276885341292,0.003756127190832041
prot-ol,OID20572,BLOOD_PROT_OL_DA,blood,prot-ol,group_timepointADUResist.post_10_min - group_timepointADUResist.pre_exercise - group_timepointADUControl.post_10_min + group_timepointADUControl.pre_exercise,exercise_with_controls,RE-CON,post_10_min,1.02655033593469,0.484651575462641,1.56844909640674,0.0002563157360456,0.015791278172898,0.015791278172898,1417,EGLN1,Q9GZT9,False,10.0,post 10 min,0.015791278172896314,0.02017774433203418
prot-ol,OID20572,BLOOD_PROT_OL_DA,blood,prot-ol,group_timepointADUEndur.during_20_min - group_timepointADUEndur.pre_exercise - group_timepointADUControl.during_20_min + group_timepointADUControl.pre_exercise,exercise_with_controls,EE-CON,during_20_min,1.13293046094456,0.563281786215202,1.70257913567392,0.0001282491055915,0.0113580614139496,0.0113580614139496,1417,EGLN1,Q9GZT9,False,-20.0,during 20 min,0.011358061413947218,0.012714835518091546
prot-ol,OID20574,BLOOD_PROT_OL_DA,blood,prot-ol,group_timepointADUEndur.during_40_min - group_timepointADUEndur.pre_exercise - group_timepointADUControl.during_40_min + group_timepointADUControl.pre_exercise,exercise_with_controls,EE-CON,during_40_min,0.768645760478215,0.173171656608243,1.36411986434819,0.0117315381109138,0.0839575227432566,0.0839575227432568,1417,OSM,P13725,False,0.0,during 40 min,0.08395752274325684,0.2045728608224238
prot-ol,OID20578,BLOOD_PROT_OL_DA,blood,prot-ol,group_timepointADUEndur.during_40_min - group_timepointADUEndur.pre_exercise - group_timepointADUControl.during_40_min + group_timepointADUControl.pre_exercise,exercise_with_controls,EE-CON,during_40_min,0.235286584995358,0.0540540918962574,0.416519078094458,0.0112685833025839,0.0827335882889188,0.0827335882889191,1417,ICAM4,Q14773,False,0.0,during 40 min,0.0827335882889191,0.20147479399915513
prot-ol,OID20590,BLOOD_PROT_OL_DA,blood,prot-ol,group_timepointADUEndur.during_40_min - group_timepointADUEndur.pre_exercise - group_timepointADUControl.during_40_min + group_timepointADUControl.pre_exercise,exercise_with_controls,EE-CON,during_40_min,0.461947619086183,0.219129768704811,0.704765469467556,0.0002401648360531,0.0060770280837016,0.0060770280837016,1417,CLEC4G,Q6UXB4,False,0.0,during 40 min,0.006077028083700762,0.01933599844813879
prot-ol,OID20590,BLOOD_PROT_OL_DA,blood,prot-ol,group_timepointADUEndur.during_20_min - group_timepointADUEndur.pre_exercise - group_timepointADUControl.during_20_min + group_timepointADUControl.pre_exercise,exercise_with_controls,EE-CON,during_20_min,0.368834514203279,0.13170977094697,0.605959257459589,0.0025002997361198,0.0787316605795952,0.0787316605795952,1417,CLEC4G,Q6UXB4,False,-20.0,during 20 min,0.07873166057959459,0.08912711287770338
prot-ol,OID20599,BLOOD_PROT_OL_DA,blood,prot-ol,group_timepointADUEndur.during_40_min - group_timepointADUEndur.pre_exercise - group_timepointADUControl.during_40_min + group_timepointADUControl.pre_exercise,exercise_with_controls,EE-CON,during_40_min,0.340162469057495,0.0698731332046207,0.610451804910368,0.0139658696521499,0.0887427681484142,0.0887427681484144,1417,CD70,P32970,False,0.0,during 40 min,0.08874276814841439,0.21889619792636833
prot-ol,OID20604,BLOOD_PROT_OL_DA,blood,prot-ol,group_timepointADUEndur.during_40_min - group_timepointADUEndur.pre_exercise - group_timepointADUControl.during_40_min + group_timepointADUControl.pre_exercise,exercise_with_controls,EE-CON,during_40_min,1.24464293405832,0.510761310140202,1.97852455797643,0.0010062994114917,0.0173893447083394,0.0173893447083393,1417,GZMB,P10144,False,0.0,during 40 min,0.01738934470833828,0.051064991119795754
prot-ol,OID20611,BLOOD_PROT_OL_DA,blood,prot-ol,group_timepointADUEndur.during_40_min - group_timepointADUEndur.pre_exercise - group_timepointADUControl.during_40_min + group_timepointADUControl.pre_exercise,exercise_with_controls,EE-CON,during_40_min,0.311890744023808,0.141367849623271,0.482413638424345,0.0004059712320714,0.0086535678847825,0.0086535678847825,1417,TNFSF10,P50591,False,0.0,during 40 min,0.008653567884781067,0.02833799191355536
prot-ol,OID20612,BLOOD_PROT_OL_DA,blood,prot-ol,group_timepointADUResist.post_10_min - group_timepointADUResist.pre_exercise - group_timepointADUControl.post_10_min + group_timepointADUControl.pre_exercise,exercise_with_controls,RE-CON,post_10_min,0.203846841714033,0.0902198510895309,0.317473832338535,0.0005185321856933,0.0253365554181876,0.0253365554181876,1417,TLR3,O15455,False,10.0,post 10 min,0.025336555418186416,0.03339818668760937
prot-ol,OID20612,BLOOD_PROT_OL_DA,blood,prot-ol,group_timepointADUEndur.during_20_min - group_timepointADUEndur.pre_exercise - group_timepointADUControl.during_20_min + group_timepointADUControl.pre_exercise,exercise_with_controls,EE-CON,during_20_min,0.248271616454005,0.128937403185824,0.367605829722186,6.33170191401361e-05,0.0067286001250118,0.0067286001250118,1417,TLR3,O15455,False,-20.0,during 20 min,0.006728600125011869,0.007870194396629197
prot-ol,OID20612,BLOOD_PROT_OL_DA,blood,prot-ol,group_timepointADUEndur.post_10_min - group_timepointADUEndur.pre_exercise - group_timepointADUControl.post_10_min + group_timepointADUControl.pre_exercise,exercise_with_controls,EE-CON,post_10_min,0.203772806930196,0.0844385936619715,0.32310702019842,0.0009345764741798,0.057578037561428,0.057578037561428,1417,TLR3,O15455,False,10.0,post 10 min,0.05757803756142508,0.047808478841616486
prot-ol,OID20612,BLOOD_PROT_OL_DA,blood,prot-ol,group_timepointADUEndur.during_40_min - group_timepointADUEndur.pre_exercise - group_timepointADUControl.during_40_min + group_timepointADUControl.pre_exercise,exercise_with_controls,EE-CON,during_40_min,0.354055819914019,0.231814898421903,0.476296741406134,5.08593238726187e-08,1.12036025748849e-05,1.12036025748849e-05,1417,TLR3,O15455,False,0.0,during 40 min,1.1203602574884883e-05,5.5436663021154386e-05
prot-ol,OID20622,BLOOD_PROT_OL_DA,blood,prot-ol,group_timepointADUEndur.during_40_min - group_timepointADUEndur.pre_exercise - group_timepointADUControl.during_40_min + group_timepointADUControl.pre_exercise,exercise_with_controls,EE-CON,during_40_min,0.486599269425867,0.245639032829196,0.727559506022539,0.0001010122352361,0.0031575310771198,0.0031575310771198,1417,CXCL17,Q6UXB2,False,0.0,during 40 min,0.003157531077118628,0.010681666964892067
prot-ol,OID20622,BLOOD_PROT_OL_DA,blood,prot-ol,group_timepointADUEndur.during_20_min - group_timepointADUEndur.pre_exercise - group_timepointADUControl.during_20_min + group_timepointADUControl.pre_exercise,exercise_with_controls,EE-CON,during_20_min,0.377684344808568,0.142395565561263,0.612973124055872,0.0018262576294341,0.063117245388004,0.063117245388004,1417,CXCL17,Q6UXB2,False,-20.0,during 20 min,0.06311724538800292,0.0750089003161774
prot-ol,OID20628,BLOOD_PROT_OL_DA,blood,prot-ol,group_timepointADUEndur.during_40_min - group_timepointADUEndur.pre_exercise - group_timepointADUControl.during_40_min + group_timepointADUControl.pre_exercise,exercise_with_controls,EE-CON,during_40_min,0.358659878974887,0.0668507907175501,0.650468967232225,0.0163139034182505,0.0987897484771834,0.0987897484771836,1417,CD244,Q9BZW8,False,0.0,during 40 min,0.0987897484771836,0.23540530696192424
prot-ol,OID20630,BLOOD_PROT_OL_DA,blood,prot-ol,group_timepointADUEndur.during_40_min - group_timepointADUEndur.pre_exercise - group_timepointADUControl.during_40_min + group_timepointADUControl.pre_exercise,exercise_with_controls,EE-CON,during_40_min,0.77633863143876,0.500323558557823,1.0523537043197,1.13162682754305e-07,1.6035152146285e-05,1.6035152146285e-05,1417,SERPINB8,P50452,False,0.0,during 40 min,1.6035152146285016e-05,9.432442438991187e-05
prot-ol,OID20630,BLOOD_PROT_OL_DA,blood,prot-ol,group_timepointADUResist.post_10_min - group_timepointADUResist.pre_exercise - group_timepointADUControl.post_10_min + group_timepointADUControl.pre_exercise,exercise_with_controls,RE-CON,post_10_min,0.4449283359084,0.188252714049064,0.701603957767735,0.0007854543706926,0.0317996812363269,0.0317996812363269,1417,SERPINB8,P50452,False,10.0,post 10 min,0.031799681236326115,0.0428072632027467
prot-ol,OID20630,BLOOD_PROT_OL_DA,blood,prot-ol,group_timepointADUEndur.post_10_min - group_timepointADUEndur.pre_exercise - group_timepointADUControl.post_10_min + group_timepointADUControl.pre_exercise,exercise_with_controls,EE-CON,post_10_min,0.479754946707484,0.210121211697595,0.749388681717372,0.0005742737639216,0.0452081068598332,0.0452081068598332,1417,SERPINB8,P50452,False,10.0,post 10 min,0.04520810685982817,0.03477546681525244
prot-ol,OID20630,BLOOD_PROT_OL_DA,blood,prot-ol,group_timepointADUEndur.during_20_min - group_timepointADUEndur.pre_exercise - group_timepointADUControl.during_20_min + group_timepointADUControl.pre_exercise,exercise_with_controls,EE-CON,during_20_min,0.634058518136055,0.364424783126166,0.903692253145944,7.08290748886645e-06,0.0012545599889654,0.0012545599889654,1417,SERPINB8,P50452,False,-20.0,during 20 min,0.00125455998896547,0.001792228555664957
prot-ol,OID20633,BLOOD_PROT_OL_DA,blood,prot-ol,group_timepointADUEndur.during_20_min - group_timepointADUEndur.pre_exercise - group_timepointADUControl.during_20_min + group_timepointADUControl.pre_exercise,exercise_with_controls,EE-CON,during_20_min,0.746405614023429,0.42420248997225,1.06860873807461,9.50601027136967e-06,0.001347001655453,0.001347001655453,1417,IL16,Q14005,False,-20.0,during 20 min,0.0013470016554530824,0.0021145100726213495
prot-ol,OID20633,BLOOD_PROT_OL_DA,blood,prot-ol,group_timepointADUEndur.post_10_min - group_timepointADUEndur.pre_exercise - group_timepointADUControl.post_10_min + group_timepointADUControl.pre_exercise,exercise_with_controls,EE-CON,post_10_min,0.76725799497581,0.445054870924601,1.08946111902702,5.51354797663197e-06,0.0009765871853609,0.0009765871853609,1417,IL16,Q14005,False,10.0,post 10 min,0.0009765871853609377,0.0015625394965775002
prot-ol,OID20633,BLOOD_PROT_OL_DA,blood,prot-ol,group_timepointADUEndur.during_40_min - group_timepointADUEndur.pre_exercise - group_timepointADUControl.during_40_min + group_timepointADUControl.pre_exercise,exercise_with_controls,EE-CON,during_40_min,1.03256088028013,0.702871376773355,1.3622503837869,4.9571416493619e-09,1.75327327280937e-06,1.75327327280937e-06,1417,IL16,Q14005,False,0.0,during 40 min,1.7532732728093726e-06,8.780337146432267e-06
prot-ol,OID20633,BLOOD_PROT_OL_DA,blood,prot-ol,group_timepointADUResist.post_10_min - group_timepointADUResist.pre_exercise - group_timepointADUControl.post_10_min + group_timepointADUControl.pre_exercise,exercise_with_controls,RE-CON,post_10_min,0.810504044195015,0.503830032738381,1.11717805565165,5.50152952467199e-07,0.000129927788941,0.000129927788941,1417,IL16,Q14005,False,10.0,post 10 min,0.0001299277889410035,0.0003543485152936459
prot-ol,OID20635,BLOOD_PROT_OL_DA,blood,prot-ol,group_timepointADUEndur.during_40_min - group_timepointADUEndur.pre_exercise - group_timepointADUControl.during_40_min + group_timepointADUControl.pre_exercise,exercise_with_controls,EE-CON,during_40_min,0.242435878193104,0.0875882856112884,0.397283470774919,0.0023457705922797,0.031961124319811,0.031961124319811,1417,CD79B,P40259,False,0.0,during 40 min,0.031961124319810914,0.08678738718695392
prot-ol,OID20636,BLOOD_PROT_OL_DA,blood,prot-ol,group_timepointADUEndur.during_40_min - group_timepointADUEndur.pre_exercise - group_timepointADUControl.during_40_min + group_timepointADUControl.pre_exercise,exercise_with_controls,EE-CON,during_40_min,0.216854414399962,0.0605910331616523,0.373117795638271,0.0068280730490948,0.0636538125695227,0.0636538125695228,1417,CLEC7A,Q9BXN2,False,0.0,during 40 min,0.06365381256952192,0.15918700670721234
prot-ol,OID20637,BLOOD_PROT_OL_DA,blood,prot-ol,group_timepointADUEndur.during_40_min - group_timepointADUEndur.pre_exercise - group_timepointADUControl.during_40_min + group_timepointADUControl.pre_exercise,exercise_with_controls,EE-CON,during_40_min,0.238343425733428,0.112841507123302,0.363845344343553,0.0002460180500269,0.0061159224015473,0.0061159224015473,1417,CD22,P20273,False,0.0,during 40 min,0.006115922401545918,0.01947528362503449
prot-ol,OID20637,BLOOD_PROT_OL_DA,blood,prot-ol,group_timepointADUEndur.during_20_min - group_timepointADUEndur.pre_exercise - group_timepointADUControl.during_20_min + group_timepointADUControl.pre_exercise,exercise_with_controls,EE-CON,during_20_min,0.188198679427908,0.0656778140677164,0.310719544788099,0.0028202548389974,0.0832239619112377,0.0832239619112377,1417,CD22,P20273,False,-20.0,during 20 min,0.08322396191123685,0.09620239685892437
prot-ol,OID20638,BLOOD_PROT_OL_DA,blood,prot-ol,group_timepointADUEndur.during_40_min - group_timepointADUEndur.pre_exercise - group_timepointADUControl.during_40_min + group_timepointADUControl.pre_exercise,exercise_with_controls,EE-CON,during_40_min,0.260865678435348,0.0931536431949158,0.428577713675781,0.0025006485521869,0.0325362653124255,0.0325362653124254,1417,LAMP3,Q9UQV4,False,0.0,during 40 min,0.0325362653124249,0.08912711287770338
prot-ol,OID20647,BLOOD_PROT_OL_DA,blood,prot-ol,group_timepointADUEndur.during_40_min - group_timepointADUEndur.pre_exercise - group_timepointADUControl.during_40_min + group_timepointADUControl.pre_exercise,exercise_with_controls,EE-CON,during_40_min,0.236958945072173,0.0496273255973808,0.424290564546966,0.0134960883118936,0.0887427681484142,0.0887427681484144,1417,CD160,O95971,False,0.0,during 40 min,0.08874276814841439,0.21612848433567633
prot-ol,OID20649,BLOOD_PROT_OL_DA,blood,prot-ol,group_timepointADUEndur.during_20_min - group_timepointADUEndur.pre_exercise - group_timepointADUControl.during_20_min + group_timepointADUControl.pre_exercise,exercise_with_controls,EE-CON,during_20_min,0.434358006395453,0.194973643812005,0.6737423689789,0.0004493157422634,0.0227385859566904,0.0227385859566905,1417,CD6,P30203,False,-20.0,during 20 min,0.022738585956687065,0.030318114608916084
prot-ol,OID20649,BLOOD_PROT_OL_DA,blood,prot-ol,group_timepointADUEndur.during_40_min - group_timepointADUEndur.pre_exercise - group_timepointADUControl.during_40_min + group_timepointADUControl.pre_exercise,exercise_with_controls,EE-CON,during_40_min,0.530700090772448,0.285542751699018,0.775857429845879,3.26442779794769e-05,0.0014092159653764,0.0014092159653764,1417,CD6,P30203,False,0.0,during 40 min,0.0014092159653764258,0.004720096111930487
prot-ol,OID20652,BLOOD_PROT_OL_DA,blood,prot-ol,group_timepointADUEndur.during_40_min - group_timepointADUEndur.pre_exercise - group_timepointADUControl.during_40_min + group_timepointADUControl.pre_exercise,exercise_with_controls,EE-CON,during_40_min,0.231940738968731,0.129147839786567,0.334733638150895,1.5592970576559e-05,0.0008838095722793,0.0008838095722793,1417,IL18R1,Q13478,False,0.0,during 40 min,0.000883809572279364,0.0030687832370811254
prot-ol,OID20654,BLOOD_PROT_OL_DA,blood,prot-ol,group_timepointADUEndur.during_40_min - group_timepointADUEndur.pre_exercise - group_timepointADUControl.during_40_min + group_timepointADUControl.pre_exercise,exercise_with_controls,EE-CON,during_40_min,0.176140922993828,0.0455334410222885,0.306748404965368,0.0085253277297559,0.069883812377867,0.069883812377867,1417,C1QA,P02745,False,0.0,during 40 min,0.06988381237786642,0.17507810714585667
prot-ol,OID20656,BLOOD_PROT_OL_DA,blood,prot-ol,group_timepointADUEndur.during_40_min - group_timepointADUEndur.pre_exercise - group_timepointADUControl.during_40_min + group_timepointADUControl.pre_exercise,exercise_with_controls,EE-CON,during_40_min,0.473942284384082,0.21747210520655,0.730412463561613,0.0003552574501392,0.0080758478604871,0.0080758478604871,1417,HGF,P14210,False,0.0,during 40 min,0.008075847860487003,0.025683663614655426
prot-ol,OID20658,BLOOD_PROT_OL_DA,blood,prot-ol,group_timepointADUEndur.during_40_min - group_timepointADUEndur.pre_exercise - group_timepointADUControl.during_40_min + group_timepointADUControl.pre_exercise,exercise_with_controls,EE-CON,during_40_min,0.480161883797319,0.165275071368451,0.795048696226187,0.0030219985087415,0.0372362772772763,0.0372362772772763,1417,AGRP,O00253,False,0.0,during 40 min,0.0372362772772757,0.09895815112221024
prot-ol,OID20660,BLOOD_PROT_OL_DA,blood,prot-ol,group_timepointADUEndur.during_40_min - group_timepointADUEndur.pre_exercise - group_timepointADUControl.during_40_min + group_timepointADUControl.pre_exercise,exercise_with_controls,EE-CON,during_40_min,0.194139502937871,0.0540282163518623,0.33425078952388,0.0069114507902299,0.0640099723513457,0.0640099723513457,1417,CTSO,P43234,False,0.0,during 40 min,0.0640099723513449,0.15918700670721234
prot-ol,OID20661,BLOOD_PROT_OL_DA,blood,prot-ol,group_timepointADUResist.post_15_30_45_min - group_timepointADUResist.pre_exercise - group_timepointADUControl.post_15_30_45_min + group_timepointADUControl.pre_exercise,exercise_with_controls,RE-CON,post_15_30_45_min,0.358030555555556,0.221362527721901,0.494698583389211,6.78902530951033e-07,0.0002380227681872,0.0002380227681872,1417,FLT3LG,P49771,False,30.0,post 30 min,0.000238022768187288,0.00038480195454304545
prot-ol,OID20661,BLOOD_PROT_OL_DA,blood,prot-ol,group_timepointADUEndur.post_15_30_45_min - group_timepointADUEndur.pre_exercise - group_timepointADUControl.post_15_30_45_min + group_timepointADUControl.pre_exercise,exercise_with_controls,EE-CON,post_15_30_45_min,0.348819594187265,0.200103556278319,0.49753563209621,7.44861648045047e-06,0.0067664322323883,0.0067664322323883,1417,FLT3LG,P49771,False,30.0,post 30 min,0.006766432232388318,0.0018516999215435642
prot-ol,OID20661,BLOOD_PROT_OL_DA,blood,prot-ol,group_timepointADUResist.post_10_min - group_timepointADUResist.pre_exercise - group_timepointADUControl.post_10_min + group_timepointADUControl.pre_exercise,exercise_with_controls,RE-CON,post_10_min,0.484320028864043,0.345458418717602,0.623181639010483,1.22215186583534e-10,1.73178919388867e-07,1.73178919388868e-07,1417,FLT3LG,P49771,False,10.0,post 10 min,1.731789193888677e-07,5.77263064629559e-07
prot-ol,OID20661,BLOOD_PROT_OL_DA,blood,prot-ol,group_timepointADUEndur.during_20_min - group_timepointADUEndur.pre_exercise - group_timepointADUControl.during_20_min + group_timepointADUControl.pre_exercise,exercise_with_controls,EE-CON,during_20_min,0.302526440053247,0.156675957937453,0.448376922169041,6.64787591744292e-05,0.0067286001250118,0.0067286001250118,1417,FLT3LG,P49771,False,-20.0,during 20 min,0.006728600125011869,0.008191339282623146
prot-ol,OID20661,BLOOD_PROT_OL_DA,blood,prot-ol,group_timepointADUEndur.post_10_min - group_timepointADUEndur.pre_exercise - group_timepointADUControl.post_10_min + group_timepointADUControl.pre_exercise,exercise_with_controls,EE-CON,post_10_min,0.465540725767533,0.319690243651849,0.611391207883216,2.7047611152564704e-09,1.91632325015921e-06,1.91632325015921e-06,1417,FLT3LG,P49771,False,10.0,post 10 min,1.916323250159209e-06,5.475209286169169e-06
prot-ol,OID20661,BLOOD_PROT_OL_DA,blood,prot-ol,group_timepointADUEndur.during_40_min - group_timepointADUEndur.pre_exercise - group_timepointADUControl.during_40_min + group_timepointADUControl.pre_exercise,exercise_with_controls,EE-CON,during_40_min,0.513698282231691,0.364334600301934,0.663061964161448,2.04747411953011e-10,9.6709027579139e-08,9.67090275791389e-08,1417,FLT3LG,P49771,False,0.0,during 40 min,9.670902757913886e-08,5.802541654748332e-07
prot-ol,OID20662,BLOOD_PROT_OL_DA,blood,prot-ol,group_timepointADUEndur.during_40_min - group_timepointADUEndur.pre_exercise - group_timepointADUControl.during_40_min + group_timepointADUControl.pre_exercise,exercise_with_controls,EE-CON,during_40_min,0.262090469343153,0.102502628704926,0.42167830998138,0.0014373188770125,0.0226297872080751,0.0226297872080752,1417,VEGFD,O43915,False,0.0,during 40 min,0.022629787208074584,0.06418089592160783
prot-ol,OID20663,BLOOD_PROT_OL_DA,blood,prot-ol,group_timepointADUEndur.during_40_min - group_timepointADUEndur.pre_exercise - group_timepointADUControl.during_40_min + group_timepointADUControl.pre_exercise,exercise_with_controls,EE-CON,during_40_min,0.612647967572187,0.224935155519178,1.0003607796252,0.0021418096274738,0.0300489528923804,0.0300489528923804,1417,GZMA,P12544,False,0.0,during 40 min,0.030048952892379948,0.08224781143984755
prot-ol,OID20664,BLOOD_PROT_OL_DA,blood,prot-ol,group_timepointADUEndur.during_40_min - group_timepointADUEndur.pre_exercise - group_timepointADUControl.during_40_min + group_timepointADUControl.pre_exercise,exercise_with_controls,EE-CON,during_40_min,0.228527634606277,0.0702759763620022,0.386779292850551,0.0049189282224456,0.0520158305313839,0.0520158305313839,1417,CLSTN2,Q9H4D0,False,0.0,during 40 min,0.052015830531383686,0.13200678898784712
prot-ol,OID20669,BLOOD_PROT_OL_DA,blood,prot-ol,group_timepointADUEndur.during_40_min - group_timepointADUEndur.pre_exercise - group_timepointADUControl.during_40_min + group_timepointADUControl.pre_exercise,exercise_with_controls,EE-CON,during_40_min,0.348216600766122,0.124857439829381,0.571575761702863,0.0024451700485252,0.0325362653124255,0.0325362653124254,1417,KYNU,Q16719,False,0.0,during 40 min,0.0325362653124249,0.08912711287770338
prot-ol,OID20670,BLOOD_PROT_OL_DA,blood,prot-ol,group_timepointADUEndur.during_40_min - group_timepointADUEndur.pre_exercise - group_timepointADUControl.during_40_min + group_timepointADUControl.pre_exercise,exercise_with_controls,EE-CON,during_40_min,0.219321820536235,0.0862951449045662,0.352348496167905,0.0013786523726861,0.0221994365010937,0.0221994365010937,1417,LY9,Q9HBG7,False,0.0,during 40 min,0.022199436501093225,0.0630158320501453
prot-ol,OID20684,BLOOD_PROT_OL_DA,blood,prot-ol,group_timepointADUEndur.during_40_min - group_timepointADUEndur.pre_exercise - group_timepointADUControl.during_40_min + group_timepointADUControl.pre_exercise,exercise_with_controls,EE-CON,during_40_min,1.67908549983389,0.473986260680496,2.88418473898729,0.0066059514147258,0.0628230413064867,0.0628230413064868,1417,TIMP3,P35625,False,0.0,during 40 min,0.0628230413064863,0.15658922451620846
prot-ol,OID20690,BLOOD_PROT_OL_DA,blood,prot-ol,group_timepointADUEndur.during_40_min - group_timepointADUEndur.pre_exercise - group_timepointADUControl.during_40_min + group_timepointADUControl.pre_exercise,exercise_with_controls,EE-CON,during_40_min,0.252810107528046,0.0748871762464084,0.430733038809683,0.0056361035320666,0.0563055549021304,0.0563055549021304,1417,SIGLEC1,Q9BZZ2,False,0.0,during 40 min,0.056305554902130364,0.14277479993040199
prot-ol,OID20693,BLOOD_PROT_OL_DA,blood,prot-ol,group_timepointADUEndur.during_40_min - group_timepointADUEndur.pre_exercise - group_timepointADUControl.during_40_min + group_timepointADUControl.pre_exercise,exercise_with_controls,EE-CON,during_40_min,0.419824397414214,0.103688938975769,0.735959855852659,0.0095676625519693,0.0749026399786769,0.0749026399786769,1417,CCL23,P55773,False,0.0,during 40 min,0.07490263997867679,0.1856705748636077
prot-ol,OID20736,BLOOD_PROT_OL_DA,blood,prot-ol,group_timepointADUEndur.during_40_min - group_timepointADUEndur.pre_exercise - group_timepointADUControl.during_40_min + group_timepointADUControl.pre_exercise,exercise_with_controls,EE-CON,during_40_min,0.209764214042205,0.0413791969092732,0.378149231175137,0.0149475428962359,0.0933069087399395,0.0933069087399395,1417,ENPP5,Q9UJA9,False,0.0,during 40 min,0.09330690873993952,0.22701680904572635
prot-ol,OID20755,BLOOD_PROT_OL_DA,blood,prot-ol,group_timepointADUEndur.during_40_min - group_timepointADUEndur.pre_exercise - group_timepointADUControl.during_40_min + group_timepointADUControl.pre_exercise,exercise_with_controls,EE-CON,during_40_min,0.577995285435455,0.376696521148073,0.779294049722838,6.47507540601139e-08,1.14689773128977e-05,1.14689773128977e-05,1417,ADGRE2,Q9UHX3,False,0.0,during 40 min,1.1468977312897676e-05,6.116787900212093e-05
prot-ol,OID20755,BLOOD_PROT_OL_DA,blood,prot-ol,group_timepointADUEndur.post_10_min - group_timepointADUEndur.pre_exercise - group_timepointADUControl.post_10_min + group_timepointADUControl.pre_exercise,exercise_with_controls,EE-CON,post_10_min,0.338014842728184,0.141424661323085,0.534605024133283,0.0008636150996259,0.057578037561428,0.057578037561428,1417,ADGRE2,Q9UHX3,False,10.0,post 10 min,0.05757803756142508,0.04621741011636948
prot-ol,OID20764,BLOOD_PROT_OL_DA,blood,prot-ol,group_timepointADUEndur.during_40_min - group_timepointADUEndur.pre_exercise - group_timepointADUControl.during_40_min + group_timepointADUControl.pre_exercise,exercise_with_controls,EE-CON,during_40_min,0.265080569960582,0.0708091508583216,0.459351989062842,0.0077972649294808,0.0679789492107802,0.0679789492107802,1417,PLAUR,Q03405,False,0.0,during 40 min,0.06797894921078021,0.16919945490159716
prot-ol,OID20767,BLOOD_PROT_OL_DA,blood,prot-ol,group_timepointADUEndur.during_40_min - group_timepointADUEndur.pre_exercise - group_timepointADUControl.during_40_min + group_timepointADUControl.pre_exercise,exercise_with_controls,EE-CON,during_40_min,0.373962915616952,0.139532708729961,0.608393122503943,0.0019451901362591,0.028150605077996,0.0281506050779959,1417,MATN2,O00339,False,0.0,during 40 min,0.028150605077994897,0.07799107139628243
prot-ol,OID20806,BLOOD_PROT_OL_DA,blood,prot-ol,group_timepointADUResist.post_15_30_45_min - group_timepointADUResist.pre_exercise - group_timepointADUControl.post_15_30_45_min + group_timepointADUControl.pre_exercise,exercise_with_controls,RE-CON,post_15_30_45_min,0.920769444444443,0.281014409892498,1.56052447899639,0.0050651967217555,0.0969916723611847,0.0969916723611847,1417,AMFR,Q9UKV5,False,30.0,post 30 min,0.09699167236118302,0.13405552153449954
prot-ol,OID20822,BLOOD_PROT_OL_DA,blood,prot-ol,group_timepointADUEndur.post_10_min - group_timepointADUEndur.pre_exercise - group_timepointADUControl.post_10_min + group_timepointADUControl.pre_exercise,exercise_with_controls,EE-CON,post_10_min,1.10427496916216,0.642667596708817,1.5658823416155,5.02175437057853e-06,0.0009765871853609,0.0009765871853609,1417,PXN,P49023,False,10.0,post 10 min,0.0009765871853609377,0.0014824637381478701
prot-ol,OID20822,BLOOD_PROT_OL_DA,blood,prot-ol,group_timepointADUEndur.during_20_min - group_timepointADUEndur.pre_exercise - group_timepointADUControl.during_20_min + group_timepointADUControl.pre_exercise,exercise_with_controls,EE-CON,during_20_min,0.805724969162157,0.344117596708778,1.26733234161554,0.0007240705833643,0.0320627505196017,0.0320627505196017,1417,PXN,P49023,False,-20.0,during 20 min,0.032062750519600405,0.04055367654653016
prot-ol,OID20822,BLOOD_PROT_OL_DA,blood,prot-ol,group_timepointADUResist.post_10_min - group_timepointADUResist.pre_exercise - group_timepointADUControl.post_10_min + group_timepointADUControl.pre_exercise,exercise_with_controls,RE-CON,post_10_min,1.03873934173639,0.599417981653429,1.47806070181934,6.35364967056408e-06,0.0010222848520052,0.0010222848520052,1417,PXN,P49023,False,10.0,post 10 min,0.0010222848520052832,0.001689802740933451
prot-ol,OID20822,BLOOD_PROT_OL_DA,blood,prot-ol,group_timepointADUEndur.during_40_min - group_timepointADUEndur.pre_exercise - group_timepointADUControl.during_40_min + group_timepointADUControl.pre_exercise,exercise_with_controls,EE-CON,during_40_min,1.01844825859233,0.546238071038483,1.49065844614617,3.48077337954657e-05,0.0014092159653764,0.0014092159653764,1417,PXN,P49023,False,0.0,during 40 min,0.0014092159653764258,0.0048355449792328335
prot-ol,OID20828,BLOOD_PROT_OL_DA,blood,prot-ol,group_timepointADUEndur.during_20_min - group_timepointADUEndur.pre_exercise - group_timepointADUControl.during_20_min + group_timepointADUControl.pre_exercise,exercise_with_controls,EE-CON,during_20_min,0.781477267096886,0.304751903955743,1.25820263023803,0.0014664868399963,0.05772255145208,0.0577225514520801,1417,FGR,P09769,False,-20.0,during 20 min,0.05772255145207658,0.06514143737538423
prot-ol,OID20828,BLOOD_PROT_OL_DA,blood,prot-ol,group_timepointADUEndur.during_40_min - group_timepointADUEndur.pre_exercise - group_timepointADUControl.during_40_min + group_timepointADUControl.pre_exercise,exercise_with_controls,EE-CON,during_40_min,0.721569063517319,0.235319020201298,1.20781910683334,0.0038743404936015,0.0437048755000156,0.0437048755000156,1417,FGR,P09769,False,0.0,during 40 min,0.043704875500015485,0.11401271869569256
prot-ol,OID20828,BLOOD_PROT_OL_DA,blood,prot-ol,group_timepointADUResist.post_10_min - group_timepointADUResist.pre_exercise - group_timepointADUControl.post_10_min + group_timepointADUControl.pre_exercise,exercise_with_controls,RE-CON,post_10_min,0.821611810724989,0.368275005633624,1.27494861581635,0.0004561369463797,0.02308378760786,0.02308378760786,1417,FGR,P09769,False,10.0,post 10 min,0.02308378760785839,0.03048802136886957
prot-ol,OID20832,BLOOD_PROT_OL_DA,blood,prot-ol,group_timepointADUResist.post_15_30_45_min - group_timepointADUResist.pre_exercise - group_timepointADUControl.post_15_30_45_min + group_timepointADUControl.pre_exercise,exercise_with_controls,RE-CON,post_15_30_45_min,0.992302777777777,0.375860823694567,1.60874473186099,0.0017724761275309,0.0512571157696192,0.0512571157696192,1417,PADI4,Q9UM07,False,30.0,post 30 min,0.05125711576961806,0.07389536566111425
prot-ol,OID20833,BLOOD_PROT_OL_DA,blood,prot-ol,group_timepointADUResist.post_3.5_4_hr - group_timepointADUResist.pre_exercise - group_timepointADUControl.post_3.5_4_hr + group_timepointADUControl.pre_exercise,exercise_with_controls,RE-CON,post_3.5_4_hr,1.21664222479053,0.540516210621604,1.89276823895945,0.0004836537025423,0.0229365943516233,0.0229365943516233,1417,IVD,P26440,False,210.0,post 3.5 h,0.022936594351623287,0.0315641206673715
prot-ol,OID20833,BLOOD_PROT_OL_DA,blood,prot-ol,group_timepointADUEndur.post_15_30_45_min - group_timepointADUEndur.pre_exercise - group_timepointADUControl.post_15_30_45_min + group_timepointADUControl.pre_exercise,exercise_with_controls,EE-CON,post_15_30_45_min,1.31227061156382,0.708223343757059,1.91631787937058,2.85848555371767e-05,0.0091653639188153,0.0091653639188153,1417,IVD,P26440,False,30.0,post 30 min,0.009165363918815329,0.0043553484189440194
prot-ol,OID20834,BLOOD_PROT_OL_DA,blood,prot-ol,group_timepointADUEndur.during_40_min - group_timepointADUEndur.pre_exercise - group_timepointADUControl.during_40_min + group_timepointADUControl.pre_exercise,exercise_with_controls,EE-CON,during_40_min,0.946369271586467,0.455529192049692,1.43720935112324,0.0001995313818891,0.0051602796349029,0.0051602796349029,1417,NOS3,P29474,False,0.0,during 40 min,0.005160279634901702,0.017305815848755707
prot-ol,OID20834,BLOOD_PROT_OL_DA,blood,prot-ol,group_timepointADUResist.post_10_min - group_timepointADUResist.pre_exercise - group_timepointADUControl.post_10_min + group_timepointADUControl.pre_exercise,exercise_with_controls,RE-CON,post_10_min,0.738508118932327,0.281903289882094,1.19511294798256,0.0016898547564648,0.0532103113173386,0.0532103113173386,1417,NOS3,P29474,False,10.0,post 10 min,0.05321031131733584,0.07169234101528808
prot-ol,OID20835,BLOOD_PROT_OL_DA,blood,prot-ol,group_timepointADUResist.post_10_min - group_timepointADUResist.pre_exercise - group_timepointADUControl.post_10_min + group_timepointADUControl.pre_exercise,exercise_with_controls,RE-CON,post_10_min,0.463073213896004,0.151717683681894,0.774428744110113,0.0037983701841915,0.0897048425166578,0.0897048425166578,1417,PLIN1,O60240,False,10.0,post 10 min,0.08970484251665593,0.1127431450163029
prot-ol,OID20835,BLOOD_PROT_OL_DA,blood,prot-ol,group_timepointADUResist.post_15_30_45_min - group_timepointADUResist.pre_exercise - group_timepointADUControl.post_15_30_45_min + group_timepointADUControl.pre_exercise,exercise_with_controls,RE-CON,post_15_30_45_min,0.623872222222221,0.31706809407399,0.930676350370452,9.07452541731503e-05,0.0071436680646307,0.0071436680646307,1417,PLIN1,O60240,False,30.0,post 30 min,0.007143668064630775,0.009891232704873383
prot-ol,OID20842,BLOOD_PROT_OL_DA,blood,prot-ol,group_timepointADUResist.post_15_30_45_min - group_timepointADUResist.pre_exercise - group_timepointADUControl.post_15_30_45_min + group_timepointADUControl.pre_exercise,exercise_with_controls,RE-CON,post_15_30_45_min,0.673055555555556,0.314215750054396,1.03189536105672,0.0002918283987592,0.0165408336416754,0.0165408336416754,1417,TPPP3,Q9BW30,False,30.0,post 30 min,0.016540833641671457,0.02191539081813446
prot-ol,OID20842,BLOOD_PROT_OL_DA,blood,prot-ol,group_timepointADUResist.post_10_min - group_timepointADUResist.pre_exercise - group_timepointADUControl.post_10_min + group_timepointADUControl.pre_exercise,exercise_with_controls,RE-CON,post_10_min,0.57088654869734,0.206440942693801,0.935332154700879,0.0023346185733867,0.0648657748723332,0.0648657748723333,1417,TPPP3,Q9BW30,False,10.0,post 10 min,0.06486577487233243,0.0866009036253653
prot-ol,OID20861,BLOOD_PROT_OL_DA,blood,prot-ol,group_timepointADUEndur.post_10_min - group_timepointADUEndur.pre_exercise - group_timepointADUControl.post_10_min + group_timepointADUControl.pre_exercise,exercise_with_controls,EE-CON,post_10_min,0.68323622559024,0.285058266621827,1.08141418455865,0.0008836507861497,0.057578037561428,0.057578037561428,1417,GDNF,P39905,False,10.0,post 10 min,0.05757803756142508,0.046721386715452416
prot-ol,OID20884,BLOOD_PROT_OL_DA,blood,prot-ol,group_timepointADUResist.post_10_min - group_timepointADUResist.pre_exercise - group_timepointADUControl.post_10_min + group_timepointADUControl.pre_exercise,exercise_with_controls,RE-CON,post_10_min,1.38456626440332,0.750989152083837,2.0181433767228,2.77772326477928e-05,0.0032800282218268,0.0032800282218268,1417,FMNL1,O95466,False,10.0,post 10 min,0.0032800282218268667,0.004278297680643739
prot-ol,OID20884,BLOOD_PROT_OL_DA,blood,prot-ol,group_timepointADUEndur.post_10_min - group_timepointADUEndur.pre_exercise - group_timepointADUControl.post_10_min + group_timepointADUControl.pre_exercise,exercise_with_controls,EE-CON,post_10_min,1.42802322346422,0.762188182418159,2.09385826451028,3.83943804933243e-05,0.005440483715904,0.005440483715904,1417,FMNL1,O95466,False,10.0,post 10 min,0.005440483715904053,0.005181413062765765
prot-ol,OID20884,BLOOD_PROT_OL_DA,blood,prot-ol,group_timepointADUEndur.during_40_min - group_timepointADUEndur.pre_exercise - group_timepointADUControl.during_40_min + group_timepointADUControl.pre_exercise,exercise_with_controls,EE-CON,during_40_min,1.01906240211363,0.338308890772963,1.6998159134543,0.0035833782749053,0.0411227447531188,0.0411227447531188,1417,FMNL1,O95466,False,0.0,during 40 min,0.04112274475311812,0.10942066109679455
prot-ol,OID20901,BLOOD_PROT_OL_DA,blood,prot-ol,group_timepointADUResist.post_10_min - group_timepointADUResist.pre_exercise - group_timepointADUControl.post_10_min + group_timepointADUControl.pre_exercise,exercise_with_controls,RE-CON,post_10_min,0.824361949815682,0.430561222699442,1.21816267693192,5.73126005744533e-05,0.0058008539295714,0.0058008539295714,1417,CRIP2,P52943,False,10.0,post 10 min,0.005800853929571451,0.0071868986738053385
prot-ol,OID20904,BLOOD_PROT_OL_DA,blood,prot-ol,group_timepointADUEndur.during_40_min - group_timepointADUEndur.pre_exercise - group_timepointADUControl.during_40_min + group_timepointADUControl.pre_exercise,exercise_with_controls,EE-CON,during_40_min,0.59414914087493,0.180658555655576,1.00763972609428,0.005128275618157,0.0522788960498457,0.0522788960498457,1417,MAD1L1,Q9Y6D9,False,0.0,during 40 min,0.052278896049845106,0.13432100833509183
prot-ol,OID20904,BLOOD_PROT_OL_DA,blood,prot-ol,group_timepointADUEndur.during_20_min - group_timepointADUEndur.pre_exercise - group_timepointADUControl.during_20_min + group_timepointADUControl.pre_exercise,exercise_with_controls,EE-CON,during_20_min,0.617811312839754,0.212889177217003,1.0227334484625,0.0030055103229898,0.08350604171915,0.0835060417191499,1417,MAD1L1,Q9Y6D9,False,-20.0,during 20 min,0.08350604171914798,0.09895815112221024
prot-ol,OID20906,BLOOD_PROT_OL_DA,blood,prot-ol,group_timepointADUEndur.during_20_min - group_timepointADUEndur.pre_exercise - group_timepointADUControl.during_20_min + group_timepointADUControl.pre_exercise,exercise_with_controls,EE-CON,during_20_min,1.35377529092184,0.657374732276105,2.05017584956758,0.0001770649341359,0.0139393178926027,0.0139393178926027,1417,SKAP1,Q86WV1,False,-20.0,during 20 min,0.013939317892598072,0.01610735281160972
prot-ol,OID20906,BLOOD_PROT_OL_DA,blood,prot-ol,group_timepointADUEndur.during_40_min - group_timepointADUEndur.pre_exercise - group_timepointADUControl.during_40_min + group_timepointADUControl.pre_exercise,exercise_with_controls,EE-CON,during_40_min,1.27045446719882,0.559774487341633,1.98113444705602,0.0005400809119928,0.0106438230487395,0.0106438230487395,1417,SKAP1,Q86WV1,False,0.0,during 40 min,0.010643823048739327,0.033909524757045645
prot-ol,OID20906,BLOOD_PROT_OL_DA,blood,prot-ol,group_timepointADUResist.post_10_min - group_timepointADUResist.pre_exercise - group_timepointADUControl.post_10_min + group_timepointADUControl.pre_exercise,exercise_with_controls,RE-CON,post_10_min,0.997508454365339,0.335192165963379,1.6598247427673,0.0033876155167118,0.0842149331084339,0.0842149331084339,1417,SKAP1,Q86WV1,False,10.0,post 10 min,0.08421493310843194,0.10596580987153688
prot-ol,OID20913,BLOOD_PROT_OL_DA,blood,prot-ol,group_timepointADUEndur.during_40_min - group_timepointADUEndur.pre_exercise - group_timepointADUControl.during_40_min + group_timepointADUControl.pre_exercise,exercise_with_controls,EE-CON,during_40_min,1.48495576883967,0.88521105942041,2.08470047825893,2.44036904104489e-06,0.0002056093220439,0.0002056093220439,1417,NMNAT1,Q9HAN9,False,0.0,during 40 min,0.00020560932204393722,0.0008322282082730793
prot-ol,OID20913,BLOOD_PROT_OL_DA,blood,prot-ol,group_timepointADUEndur.during_20_min - group_timepointADUEndur.pre_exercise - group_timepointADUControl.during_20_min + group_timepointADUControl.pre_exercise,exercise_with_controls,EE-CON,during_20_min,1.42943576003736,0.842696824224318,2.01617469585041,3.46191680879069e-06,0.000700790874008,0.000700790874008,1417,NMNAT1,Q9HAN9,False,-20.0,during 20 min,0.0007007908740080583,0.0010901191373458683
prot-ol,OID20913,BLOOD_PROT_OL_DA,blood,prot-ol,group_timepointADUResist.post_10_min - group_timepointADUResist.pre_exercise - group_timepointADUControl.post_10_min + group_timepointADUControl.pre_exercise,exercise_with_controls,RE-CON,post_10_min,1.1490306476414,0.590757884891775,1.70730341039101,7.53909990856678e-05,0.0066768153565244,0.0066768153565244,1417,NMNAT1,Q9HAN9,False,10.0,post 10 min,0.006676815356524455,0.008756479156097645
prot-ol,OID20913,BLOOD_PROT_OL_DA,blood,prot-ol,group_timepointADUEndur.post_10_min - group_timepointADUEndur.pre_exercise - group_timepointADUControl.post_10_min + group_timepointADUControl.pre_exercise,exercise_with_controls,EE-CON,post_10_min,1.48609885527546,0.899359919462459,2.07283779108846,1.48934838376618e-06,0.0004220813319593,0.0004220813319593,1417,NMNAT1,Q9HAN9,False,10.0,post 10 min,0.0004220813319593354,0.0005862240721657436
prot-ol,OID20914,BLOOD_PROT_OL_DA,blood,prot-ol,group_timepointADUEndur.during_40_min - group_timepointADUEndur.pre_exercise - group_timepointADUControl.during_40_min + group_timepointADUControl.pre_exercise,exercise_with_controls,EE-CON,during_40_min,0.268023294755107,0.0599488393262948,0.476097750183919,0.011908991127891,0.0847991981317666,0.0847991981317666,1417,CRTAM,O95727,False,0.0,during 40 min,0.08479919813176658,0.2048624988982843
prot-ol,OID20922,BLOOD_PROT_OL_DA,blood,prot-ol,group_timepointADUEndur.during_40_min - group_timepointADUEndur.pre_exercise - group_timepointADUControl.during_40_min + group_timepointADUControl.pre_exercise,exercise_with_controls,EE-CON,during_40_min,0.314885307146438,0.109294792620845,0.520475821672032,0.0028984821842185,0.036346453584404,0.036346453584404,1417,PHOSPHO1,Q8TCT1,False,0.0,during 40 min,0.036346453584403665,0.0975569894308222
prot-ol,OID20922,BLOOD_PROT_OL_DA,blood,prot-ol,group_timepointADUEndur.during_20_min - group_timepointADUEndur.pre_exercise - group_timepointADUControl.during_20_min + group_timepointADUControl.pre_exercise,exercise_with_controls,EE-CON,during_20_min,0.311224030406322,0.110124836079164,0.51232322473348,0.0026264277942669,0.0809053953147002,0.0809053953147002,1417,PHOSPHO1,Q8TCT1,False,-20.0,during 20 min,0.08090539531469994,0.09234859018551358
prot-ol,OID20924,BLOOD_PROT_OL_DA,blood,prot-ol,group_timepointADUEndur.during_40_min - group_timepointADUEndur.pre_exercise - group_timepointADUControl.during_40_min + group_timepointADUControl.pre_exercise,exercise_with_controls,EE-CON,during_40_min,0.413807952560939,0.209116278746938,0.61849962637494,9.91196445022406e-05,0.0031575310771198,0.0031575310771198,1417,SPOCK1,Q08629,False,0.0,during 40 min,0.003157531077118628,0.010610146295299648
prot-ol,OID20924,BLOOD_PROT_OL_DA,blood,prot-ol,group_timepointADUEndur.during_20_min - group_timepointADUEndur.pre_exercise - group_timepointADUControl.during_20_min + group_timepointADUControl.pre_exercise,exercise_with_controls,EE-CON,during_20_min,0.382503683402776,0.182516002071505,0.582491364734046,0.0002228853921353,0.0139393178926027,0.0139393178926027,1417,SPOCK1,Q08629,False,-20.0,during 20 min,0.013939317892598072,0.018578152979748245
prot-ol,OID20931,BLOOD_PROT_OL_DA,blood,prot-ol,group_timepointADUEndur.during_20_min - group_timepointADUEndur.pre_exercise - group_timepointADUControl.during_20_min + group_timepointADUControl.pre_exercise,exercise_with_controls,EE-CON,during_20_min,0.465385138066275,0.224377439078721,0.70639283705383,0.0001950750599491,0.0139393178926027,0.0139393178926027,1417,NAAA,Q02083,False,-20.0,during 20 min,0.013939317892598072,0.017169028568190973
prot-ol,OID20931,BLOOD_PROT_OL_DA,blood,prot-ol,group_timepointADUEndur.during_40_min - group_timepointADUEndur.pre_exercise - group_timepointADUControl.during_40_min + group_timepointADUControl.pre_exercise,exercise_with_controls,EE-CON,during_40_min,0.401235235848585,0.154387095101926,0.648083376595245,0.0016031516188698,0.0249633609224018,0.0249633609224018,1417,NAAA,Q02083,False,0.0,during 40 min,0.024963360922401173,0.0692581049981252
prot-ol,OID20938,BLOOD_PROT_OL_DA,blood,prot-ol,group_timepointADUEndur.during_40_min - group_timepointADUEndur.pre_exercise - group_timepointADUControl.during_40_min + group_timepointADUControl.pre_exercise,exercise_with_controls,EE-CON,during_40_min,0.412977297833334,0.145076211898784,0.680878383767885,0.0027246440412749,0.0350406344431873,0.0350406344431873,1417,RSPO1,Q2MKA7,False,0.0,during 40 min,0.0350406344431868,0.0946279560413366
prot-ol,OID20948,BLOOD_PROT_OL_DA,blood,prot-ol,group_timepointADUEndur.during_40_min - group_timepointADUEndur.pre_exercise - group_timepointADUControl.during_40_min + group_timepointADUControl.pre_exercise,exercise_with_controls,EE-CON,during_40_min,0.377817538523488,0.131495645870908,0.624139431176069,0.0028587623174068,0.0361684482479065,0.0361684482479064,1417,SETMAR,Q53H47,False,0.0,during 40 min,0.036168448247905674,0.09667938433807721
prot-ol,OID20951,BLOOD_PROT_OL_DA,blood,prot-ol,group_timepointADUEndur.during_40_min - group_timepointADUEndur.pre_exercise - group_timepointADUControl.during_40_min + group_timepointADUControl.pre_exercise,exercise_with_controls,EE-CON,during_40_min,0.26779290122208,0.0818408539458836,0.453744948498276,0.0050347382552139,0.0522788960498457,0.0522788960498457,1417,MDGA1,Q8NFP4,False,0.0,during 40 min,0.052278896049845106,0.13362726426256946
prot-ol,OID20954,BLOOD_PROT_OL_DA,blood,prot-ol,group_timepointADUEndur.during_40_min - group_timepointADUEndur.pre_exercise - group_timepointADUControl.during_40_min + group_timepointADUControl.pre_exercise,exercise_with_controls,EE-CON,during_40_min,0.296991976827071,0.109291608269721,0.48469234538442,0.0021119632257227,0.0299265189084911,0.0299265189084911,1417,MASP1,P48740,False,0.0,during 40 min,0.02992651890849066,0.08164113652913389
prot-ol,OID20954,BLOOD_PROT_OL_DA,blood,prot-ol,group_timepointADUEndur.during_20_min - group_timepointADUEndur.pre_exercise - group_timepointADUControl.during_20_min + group_timepointADUControl.pre_exercise,exercise_with_controls,EE-CON,during_20_min,0.298855236520523,0.115553787391883,0.482156685649162,0.0015525902026701,0.0594600085725279,0.0594600085725279,1417,MASP1,P48740,False,-20.0,during 20 min,0.05946000857252789,0.06748528580317582
prot-ol,OID20957,BLOOD_PROT_OL_DA,blood,prot-ol,group_timepointADUEndur.during_40_min - group_timepointADUEndur.pre_exercise - group_timepointADUControl.during_40_min + group_timepointADUControl.pre_exercise,exercise_with_controls,EE-CON,during_40_min,0.298003704958271,0.0741074747828,0.521899935133742,0.0094082009237928,0.0742442413112196,0.0742442413112196,1417,TNR,Q92752,False,0.0,during 40 min,0.07424424131121903,0.18428285494349225
prot-ol,OID20961,BLOOD_PROT_OL_DA,blood,prot-ol,group_timepointADUEndur.during_40_min - group_timepointADUEndur.pre_exercise - group_timepointADUControl.during_40_min + group_timepointADUControl.pre_exercise,exercise_with_controls,EE-CON,during_40_min,1.1130344084324,0.30463545698749,1.92143335987732,0.0072608044216614,0.0647079236823538,0.0647079236823537,1417,NPM1,P06748,False,0.0,during 40 min,0.06470792368235348,0.1617698092058837
prot-ol,OID20963,BLOOD_PROT_OL_DA,blood,prot-ol,group_timepointADUEndur.during_20_min - group_timepointADUEndur.pre_exercise - group_timepointADUControl.during_20_min + group_timepointADUControl.pre_exercise,exercise_with_controls,EE-CON,during_20_min,0.302678603587026,0.115959676754513,0.489397530419539,0.0016497782797608,0.0602314245842989,0.0602314245842989,1417,LPO,P22079,False,-20.0,during 20 min,0.060231424584298164,0.07084047946730465
prot-ol,OID20968,BLOOD_PROT_OL_DA,blood,prot-ol,group_timepointADUEndur.during_40_min - group_timepointADUEndur.pre_exercise - group_timepointADUControl.during_40_min + group_timepointADUControl.pre_exercise,exercise_with_controls,EE-CON,during_40_min,0.201654567578915,0.0407760500946648,0.362533085063165,0.014346808004128,0.0903530086304418,0.0903530086304417,1417,FRZB,Q92765,False,0.0,during 40 min,0.09035300863044167,0.22208208774017554
prot-ol,OID20968,BLOOD_PROT_OL_DA,blood,prot-ol,group_timepointADUEndur.during_20_min - group_timepointADUEndur.pre_exercise - group_timepointADUControl.during_20_min + group_timepointADUControl.pre_exercise,exercise_with_controls,EE-CON,during_20_min,0.25793507035859,0.100846665723932,0.415023474993248,0.0014403334441123,0.05772255145208,0.0577225514520801,1417,FRZB,Q92765,False,-20.0,during 20 min,0.05772255145207658,0.06418089592160783
prot-ol,OID20971,BLOOD_PROT_OL_DA,blood,prot-ol,group_timepointADUResist.post_3.5_4_hr - group_timepointADUResist.pre_exercise - group_timepointADUControl.post_3.5_4_hr + group_timepointADUControl.pre_exercise,exercise_with_controls,RE-CON,post_3.5_4_hr,0.636034156896823,0.208041600236772,1.06402671355687,0.0038245052951783,0.0774189143323964,0.0774189143323964,1417,SNCG,O76070,False,210.0,post 3.5 h,0.077418914332395,0.11313828816842696
prot-ol,OID20976,BLOOD_PROT_OL_DA,blood,prot-ol,group_timepointADUEndur.during_40_min - group_timepointADUEndur.pre_exercise - group_timepointADUControl.during_40_min + group_timepointADUControl.pre_exercise,exercise_with_controls,EE-CON,during_40_min,0.560544271107797,0.332354424806367,0.788734117409227,2.88885102950083e-06,0.0002274167727112,0.0002274167727112,1417,CX3CL1,P78423,False,0.0,during 40 min,0.00022741677271125976,0.0009519771880936456
prot-ol,OID20976,BLOOD_PROT_OL_DA,blood,prot-ol,group_timepointADUEndur.during_20_min - group_timepointADUEndur.pre_exercise - group_timepointADUControl.during_20_min + group_timepointADUControl.pre_exercise,exercise_with_controls,EE-CON,during_20_min,0.56809068997232,0.345205016860948,0.790976363083693,1.28585302244832e-06,0.0003644107465618,0.0003644107465618,1417,CX3CL1,P78423,False,-20.0,during 20 min,0.0003644107465618539,0.0005358981567086087
prot-ol,OID20979,BLOOD_PROT_OL_DA,blood,prot-ol,group_timepointADUEndur.during_40_min - group_timepointADUEndur.pre_exercise - group_timepointADUControl.during_40_min + group_timepointADUControl.pre_exercise,exercise_with_controls,EE-CON,during_40_min,0.373156441939269,0.208067286268506,0.538245597610031,1.5078835975574e-05,0.0008838095722793,0.0008838095722793,1417,MATN3,O15232,False,0.0,during 40 min,0.000883809572279364,0.0030687832370811254
prot-ol,OID20979,BLOOD_PROT_OL_DA,blood,prot-ol,group_timepointADUEndur.during_20_min - group_timepointADUEndur.pre_exercise - group_timepointADUControl.during_20_min + group_timepointADUControl.pre_exercise,exercise_with_controls,EE-CON,during_20_min,0.393735014350948,0.232523031153099,0.554946997548797,3.25442205295528e-06,0.000700790874008,0.000700790874008,1417,MATN3,O15232,False,-20.0,during 20 min,0.0007007908740080583,0.0010480718293267345
prot-ol,OID20983,BLOOD_PROT_OL_DA,blood,prot-ol,group_timepointADUEndur.during_40_min - group_timepointADUEndur.pre_exercise - group_timepointADUControl.during_40_min + group_timepointADUControl.pre_exercise,exercise_with_controls,EE-CON,during_40_min,0.450227981782037,0.219821056169543,0.680634907394532,0.0001644449303157,0.0044811243511051,0.004481124351105,1417,CALCA,P01258,False,0.0,during 40 min,0.004481124351102825,0.01513106923749006
prot-ol,OID20983,BLOOD_PROT_OL_DA,blood,prot-ol,group_timepointADUEndur.post_10_min - group_timepointADUEndur.pre_exercise - group_timepointADUControl.post_10_min + group_timepointADUControl.pre_exercise,exercise_with_controls,EE-CON,post_10_min,0.380899268952523,0.15588408822022,0.605914449684826,0.0010310487921543,0.0608748391034477,0.0608748391034476,1417,CALCA,P01258,False,10.0,post 10 min,0.06087483910344346,0.05144352600290997
prot-ol,OID20987,BLOOD_PROT_OL_DA,blood,prot-ol,group_timepointADUEndur.during_40_min - group_timepointADUEndur.pre_exercise - group_timepointADUControl.during_40_min + group_timepointADUControl.pre_exercise,exercise_with_controls,EE-CON,during_40_min,1.26491671319104,0.622808540474916,1.90702488590717,0.0001459931239918,0.0040695604245451,0.0040695604245451,1417,TCL1A,P56279,False,0.0,during 40 min,0.0040695604245445886,0.013744872957071125
prot-ol,OID20987,BLOOD_PROT_OL_DA,blood,prot-ol,group_timepointADUEndur.during_20_min - group_timepointADUEndur.pre_exercise - group_timepointADUControl.during_20_min + group_timepointADUControl.pre_exercise,exercise_with_controls,EE-CON,during_20_min,1.21760162465991,0.590267099271711,1.8449361500481,0.0001811029947541,0.0139393178926027,0.0139393178926027,1417,TCL1A,P56279,False,-20.0,during 20 min,0.013939317892598072,0.01610735281160972
prot-ol,OID20999,BLOOD_PROT_OL_DA,blood,prot-ol,group_timepointADUEndur.post_10_min - group_timepointADUEndur.pre_exercise - group_timepointADUControl.post_10_min + group_timepointADUControl.pre_exercise,exercise_with_controls,EE-CON,post_10_min,0.55721892474837,0.250785907845204,0.863651941651535,0.0004388443199881,0.0388651500889504,0.0388651500889504,1417,ACVRL1,P37023,False,10.0,post 10 min,0.03886515008894611,0.029896269299189315
prot-ol,OID20999,BLOOD_PROT_OL_DA,blood,prot-ol,group_timepointADUResist.post_10_min - group_timepointADUResist.pre_exercise - group_timepointADUControl.post_10_min + group_timepointADUControl.pre_exercise,exercise_with_controls,RE-CON,post_10_min,0.585144742134919,0.293512550399926,0.876776933869911,0.0001119200954284,0.0093288691307144,0.0093288691307144,1417,ACVRL1,P37023,False,10.0,post 10 min,0.0093288691307084,0.011575968994309694
prot-ol,OID20999,BLOOD_PROT_OL_DA,blood,prot-ol,group_timepointADUEndur.during_40_min - group_timepointADUEndur.pre_exercise - group_timepointADUControl.during_40_min + group_timepointADUControl.pre_exercise,exercise_with_controls,EE-CON,during_40_min,0.52042497401473,0.206974646900079,0.833875301129381,0.0012800660980233,0.0213394548341071,0.0213394548341071,1417,ACVRL1,P37023,False,0.0,during 40 min,0.021339454834106073,0.06026091896674472
prot-ol,OID21002,BLOOD_PROT_OL_DA,blood,prot-ol,group_timepointADUEndur.during_20_min - group_timepointADUEndur.pre_exercise - group_timepointADUControl.during_20_min + group_timepointADUControl.pre_exercise,exercise_with_controls,EE-CON,during_20_min,0.349176866914218,0.121859321753572,0.576494412074864,0.0028200287219887,0.0832239619112377,0.0832239619112377,1417,PLA2G10,O15496,False,-20.0,during 20 min,0.08322396191123685,0.09620239685892437
prot-ol,OID21014,BLOOD_PROT_OL_DA,blood,prot-ol,group_timepointADUEndur.during_40_min - group_timepointADUEndur.pre_exercise - group_timepointADUControl.during_40_min + group_timepointADUControl.pre_exercise,exercise_with_controls,EE-CON,during_40_min,0.411479017930737,0.177069860307097,0.645888175554377,0.0006763677060173,0.0127788405256883,0.0127788405256883,1417,STC1,P52823,False,0.0,during 40 min,0.012778840525686855,0.039059428414594755
prot-ol,OID21017,BLOOD_PROT_OL_DA,blood,prot-ol,group_timepointADUResist.post_10_min - group_timepointADUResist.pre_exercise - group_timepointADUControl.post_10_min + group_timepointADUControl.pre_exercise,exercise_with_controls,RE-CON,post_10_min,0.338154114255272,0.123580868158617,0.552727360351927,0.0021987517504536,0.0635843108243429,0.0635843108243427,1417,EZR,P15311,False,10.0,post 10 min,0.06358431082434186,0.08352898740999333
prot-ol,OID21018,BLOOD_PROT_OL_DA,blood,prot-ol,group_timepointADUEndur.during_40_min - group_timepointADUEndur.pre_exercise - group_timepointADUControl.during_40_min + group_timepointADUControl.pre_exercise,exercise_with_controls,EE-CON,during_40_min,0.599829678093718,0.193538169072372,1.00612118711506,0.0040575653598422,0.0447395730063612,0.0447395730063612,1417,CD8A,P01732,False,0.0,during 40 min,0.04473957300636031,0.11662414026159022
prot-ol,OID21019,BLOOD_PROT_OL_DA,blood,prot-ol,group_timepointADUEndur.during_40_min - group_timepointADUEndur.pre_exercise - group_timepointADUControl.during_40_min + group_timepointADUControl.pre_exercise,exercise_with_controls,EE-CON,during_40_min,0.997356838467887,0.456245673567058,1.53846800336872,0.000367098539969,0.0081277911115016,0.0081277911115016,1417,MMP8,P22894,False,0.0,during 40 min,0.00812779111150114,0.026271648037175407
prot-ol,OID21024,BLOOD_PROT_OL_DA,blood,prot-ol,group_timepointADUEndur.during_40_min - group_timepointADUEndur.pre_exercise - group_timepointADUControl.during_40_min + group_timepointADUControl.pre_exercise,exercise_with_controls,EE-CON,during_40_min,0.574268034420486,0.153160563185996,0.995375505654977,0.0078278314040943,0.0679789492107802,0.0679789492107802,1417,CXCL13,O43927,False,0.0,during 40 min,0.06797894921078021,0.1696030137553765
prot-ol,OID21030,BLOOD_PROT_OL_DA,blood,prot-ol,group_timepointADUEndur.during_40_min - group_timepointADUEndur.pre_exercise - group_timepointADUControl.during_40_min + group_timepointADUControl.pre_exercise,exercise_with_controls,EE-CON,during_40_min,0.660829834077875,0.201114432224301,1.12054523593145,0.0051137763974024,0.0522788960498457,0.0522788960498457,1417,CCL19,Q99731,False,0.0,during 40 min,0.052278896049845106,0.13418928065035554
prot-ol,OID21034,BLOOD_PROT_OL_DA,blood,prot-ol,group_timepointADUEndur.during_40_min - group_timepointADUEndur.pre_exercise - group_timepointADUControl.during_40_min + group_timepointADUControl.pre_exercise,exercise_with_controls,EE-CON,during_40_min,0.93320506416394,0.213721744078055,1.65268838424982,0.0113403790460717,0.0828315314859978,0.0828315314859979,1417,LBR,Q14739,False,0.0,during 40 min,0.08283153148599794,0.2019530158859003
prot-ol,OID21039,BLOOD_PROT_OL_DA,blood,prot-ol,group_timepointADUEndur.during_40_min - group_timepointADUEndur.pre_exercise - group_timepointADUControl.during_40_min + group_timepointADUControl.pre_exercise,exercise_with_controls,EE-CON,during_40_min,0.227127689125029,0.0505772643196356,0.403678113930423,0.0120161250377021,0.0851342458921192,0.0851342458921194,1417,ADAM8,P78325,False,0.0,during 40 min,0.08513424589211936,0.2056382751017376
prot-ol,OID21063,BLOOD_PROT_OL_DA,blood,prot-ol,group_timepointADUEndur.during_40_min - group_timepointADUEndur.pre_exercise - group_timepointADUControl.during_40_min + group_timepointADUControl.pre_exercise,exercise_with_controls,EE-CON,during_40_min,0.378992739361634,0.170170702167671,0.587814776555596,0.0004482220710086,0.0093401569796946,0.0093401569796946,1417,MSR1,P21757,False,0.0,during 40 min,0.009340156979693915,0.030318114608916084
prot-ol,OID21071,BLOOD_PROT_OL_DA,blood,prot-ol,group_timepointADUEndur.during_40_min - group_timepointADUEndur.pre_exercise - group_timepointADUControl.during_40_min + group_timepointADUControl.pre_exercise,exercise_with_controls,EE-CON,during_40_min,0.413921035324816,0.10885553536742,0.718986535282212,0.0081424630087901,0.068569341914586,0.0685693419145861,1417,ITGAM,P11215,False,0.0,during 40 min,0.06856934191458575,0.17272260603975406
prot-ol,OID21074,BLOOD_PROT_OL_DA,blood,prot-ol,group_timepointADUEndur.during_40_min - group_timepointADUEndur.pre_exercise - group_timepointADUControl.during_40_min + group_timepointADUControl.pre_exercise,exercise_with_controls,EE-CON,during_40_min,0.38268192671157,0.0926648055103206,0.672699047912819,0.0100258536265995,0.0776318829994069,0.0776318829994071,1417,NPTX1,Q15818,False,0.0,during 40 min,0.07763188299940704,0.19146407801740553
prot-ol,OID21075,BLOOD_PROT_OL_DA,blood,prot-ol,group_timepointADUEndur.during_40_min - group_timepointADUEndur.pre_exercise - group_timepointADUControl.during_40_min + group_timepointADUControl.pre_exercise,exercise_with_controls,EE-CON,during_40_min,0.437726230955198,0.150199971215817,0.725252490694579,0.0030680143997167,0.0374773827965404,0.0374773827965403,1417,GGT1,P19440,False,0.0,during 40 min,0.037477382796539345,0.10000115034112451
prot-ol,OID21076,BLOOD_PROT_OL_DA,blood,prot-ol,group_timepointADUEndur.during_40_min - group_timepointADUEndur.pre_exercise - group_timepointADUControl.during_40_min + group_timepointADUControl.pre_exercise,exercise_with_controls,EE-CON,during_40_min,0.36576584265951,0.0745619203517573,0.656969764967264,0.0141502799546906,0.089513154891949,0.089513154891949,1417,BCAM,P50895,False,0.0,during 40 min,0.08951315489194903,0.2208254041387289
prot-ol,OID21079,BLOOD_PROT_OL_DA,blood,prot-ol,group_timepointADUEndur.during_40_min - group_timepointADUEndur.pre_exercise - group_timepointADUControl.during_40_min + group_timepointADUControl.pre_exercise,exercise_with_controls,EE-CON,during_40_min,0.503982064362631,0.114346541877772,0.89361758684749,0.0115668761829641,0.0831993073668029,0.0831993073668027,1417,DSC2,Q02487,False,0.0,during 40 min,0.08319930736680269,0.20310115924733743
prot-ol,OID21081,BLOOD_PROT_OL_DA,blood,prot-ol,group_timepointADUEndur.during_40_min - group_timepointADUEndur.pre_exercise - group_timepointADUControl.during_40_min + group_timepointADUControl.pre_exercise,exercise_with_controls,EE-CON,during_40_min,0.612569256122139,0.208911009270342,1.01622750297394,0.003160060378882,0.0376286181250078,0.0376286181250077,1417,NRP2,O60462,False,0.0,during 40 min,0.037628618125006674,0.10153754097224023
prot-ol,OID21082,BLOOD_PROT_OL_DA,blood,prot-ol,group_timepointADUEndur.during_40_min - group_timepointADUEndur.pre_exercise - group_timepointADUControl.during_40_min + group_timepointADUControl.pre_exercise,exercise_with_controls,EE-CON,during_40_min,0.774688166755864,0.290148041913048,1.25922829159868,0.0019015614583023,0.0280989271876726,0.0280989271876726,1417,SIGLEC5,O15389,False,0.0,during 40 min,0.028098927187671235,0.07729217793743376
prot-ol,OID21083,BLOOD_PROT_OL_DA,blood,prot-ol,group_timepointADUEndur.during_40_min - group_timepointADUEndur.pre_exercise - group_timepointADUControl.during_40_min + group_timepointADUControl.pre_exercise,exercise_with_controls,EE-CON,during_40_min,0.79709892106444,0.439287566334387,1.15491027579449,1.9662870762033e-05,0.0009607685472345,0.0009607685472345,1417,MMP3,P08254,False,0.0,during 40 min,0.0009607685472345091,0.003372026434659207
prot-ol,OID21083,BLOOD_PROT_OL_DA,blood,prot-ol,group_timepointADUResist.post_15_30_45_min - group_timepointADUResist.pre_exercise - group_timepointADUControl.post_15_30_45_min + group_timepointADUControl.pre_exercise,exercise_with_controls,RE-CON,post_15_30_45_min,0.578897222222222,0.251169337595068,0.906625106849376,0.0006272730176234,0.0286724472894336,0.0286724472894336,1417,MMP3,P08254,False,30.0,post 30 min,0.028672447289430896,0.03672916801538669
prot-ol,OID21083,BLOOD_PROT_OL_DA,blood,prot-ol,group_timepointADUResist.post_10_min - group_timepointADUResist.pre_exercise - group_timepointADUControl.post_10_min + group_timepointADUControl.pre_exercise,exercise_with_controls,RE-CON,post_10_min,0.740048433822981,0.407233232967622,1.07286363467834,2.03509295315616e-05,0.0026215697405657,0.0026215697405657,1417,MMP3,P08254,False,10.0,post 10 min,0.002621569740565708,0.003393807048709478
prot-ol,OID21084,BLOOD_PROT_OL_DA,blood,prot-ol,group_timepointADUResist.post_10_min - group_timepointADUResist.pre_exercise - group_timepointADUControl.post_10_min + group_timepointADUControl.pre_exercise,exercise_with_controls,RE-CON,post_10_min,0.566828359621336,0.241715712838675,0.891941006403996,0.0007337048817773,0.0311630516797181,0.031163051679718,1417,WARS1,P23381,False,10.0,post 10 min,0.031163051679713966,0.04077097323444839
prot-ol,OID21089,BLOOD_PROT_OL_DA,blood,prot-ol,group_timepointADUEndur.during_40_min - group_timepointADUEndur.pre_exercise - group_timepointADUControl.during_40_min + group_timepointADUControl.pre_exercise,exercise_with_controls,EE-CON,during_40_min,0.443198068843515,0.132920313404311,0.75347582428272,0.0053946339735895,0.0546014024326885,0.0546014024326885,1417,IL17RA,Q96F46,False,0.0,during 40 min,0.05460140243268801,0.1400035959812513
prot-ol,OID21090,BLOOD_PROT_OL_DA,blood,prot-ol,group_timepointADUEndur.during_40_min - group_timepointADUEndur.pre_exercise - group_timepointADUControl.during_40_min + group_timepointADUControl.pre_exercise,exercise_with_controls,EE-CON,during_40_min,0.477047626014579,0.120200398377144,0.833894853652013,0.0091050145589597,0.0728915572318981,0.0728915572318981,1417,CLEC14A,Q86T13,False,0.0,during 40 min,0.0728915572318977,0.18120513525345355
prot-ol,OID21092,BLOOD_PROT_OL_DA,blood,prot-ol,group_timepointADUEndur.during_40_min - group_timepointADUEndur.pre_exercise - group_timepointADUControl.during_40_min + group_timepointADUControl.pre_exercise,exercise_with_controls,EE-CON,during_40_min,0.466905364843047,0.146508481603029,0.787302248083064,0.0045475761691988,0.048450491968081,0.048450491968081,1417,CNTN3,Q9P232,False,0.0,during 40 min,0.048450491968080454,0.1251245714903825
prot-ol,OID21093,BLOOD_PROT_OL_DA,blood,prot-ol,group_timepointADUEndur.during_40_min - group_timepointADUEndur.pre_exercise - group_timepointADUControl.during_40_min + group_timepointADUControl.pre_exercise,exercise_with_controls,EE-CON,during_40_min,0.643742237268086,0.291527400474402,0.995957074061771,0.0004091665831195,0.0086535678847825,0.0086535678847825,1417,INHBC,P55103,False,0.0,during 40 min,0.008653567884781067,0.028421031778447618
prot-ol,OID21095,BLOOD_PROT_OL_DA,blood,prot-ol,group_timepointADUEndur.during_40_min - group_timepointADUEndur.pre_exercise - group_timepointADUControl.during_40_min + group_timepointADUControl.pre_exercise,exercise_with_controls,EE-CON,during_40_min,0.475736831683435,0.108028637299515,0.843445026067354,0.0115449847777181,0.0831993073668029,0.0831993073668027,1417,NCAM2,O15394,False,0.0,during 40 min,0.08319930736680269,0.20296828076956014
prot-ol,OID21098,BLOOD_PROT_OL_DA,blood,prot-ol,group_timepointADUEndur.during_40_min - group_timepointADUEndur.pre_exercise - group_timepointADUControl.during_40_min + group_timepointADUControl.pre_exercise,exercise_with_controls,EE-CON,during_40_min,0.420616661935427,0.11037137275146,0.730861951119393,0.0081909204197858,0.068569341914586,0.0685693419145861,1417,SUSD2,Q9UGT4,False,0.0,during 40 min,0.06856934191458575,0.1727992768759868
prot-ol,OID21100,BLOOD_PROT_OL_DA,blood,prot-ol,group_timepointADUEndur.during_40_min - group_timepointADUEndur.pre_exercise - group_timepointADUControl.during_40_min + group_timepointADUControl.pre_exercise,exercise_with_controls,EE-CON,during_40_min,0.811655539773084,0.452150008028735,1.17116107151743,1.54124812553472e-05,0.0008838095722793,0.0008838095722793,1417,MPO,P05164,False,0.0,during 40 min,0.000883809572279364,0.0030687832370811254
prot-ol,OID21100,BLOOD_PROT_OL_DA,blood,prot-ol,group_timepointADUEndur.during_20_min - group_timepointADUEndur.pre_exercise - group_timepointADUControl.during_20_min + group_timepointADUControl.pre_exercise,exercise_with_controls,EE-CON,during_20_min,0.62848296706431,0.276819217158126,0.980146716970494,0.0005440105520614,0.0265814811127952,0.0265814811127952,1417,MPO,P05164,False,-20.0,during 20 min,0.026581481112793234,0.0339587203643614
prot-ol,OID21103,BLOOD_PROT_OL_DA,blood,prot-ol,group_timepointADUEndur.during_40_min - group_timepointADUEndur.pre_exercise - group_timepointADUControl.during_40_min + group_timepointADUControl.pre_exercise,exercise_with_controls,EE-CON,during_40_min,0.96895775716006,0.390512140088905,1.54740337423121,0.0011576657891679,0.0197640050994096,0.0197640050994096,1417,MMP9,P14780,False,0.0,during 40 min,0.019764005099408608,0.05560720078816659
prot-ol,OID21104,BLOOD_PROT_OL_DA,blood,prot-ol,group_timepointADUEndur.during_40_min - group_timepointADUEndur.pre_exercise - group_timepointADUControl.during_40_min + group_timepointADUControl.pre_exercise,exercise_with_controls,EE-CON,during_40_min,0.480898896515772,0.152707185372057,0.809090607659487,0.0043359945893221,0.0465462449474956,0.0465462449474956,1417,THBS2,P35442,False,0.0,during 40 min,0.04654624494749557,0.12103268940246596
prot-ol,OID21107,BLOOD_PROT_OL_DA,blood,prot-ol,group_timepointADUEndur.during_40_min - group_timepointADUEndur.pre_exercise - group_timepointADUControl.during_40_min + group_timepointADUControl.pre_exercise,exercise_with_controls,EE-CON,during_40_min,0.414633951349543,0.11039455549255,0.718873347206536,0.0078677118352632,0.0679789492107802,0.0679789492107802,1417,TNXB,P22105,False,0.0,during 40 min,0.06797894921078021,0.17016194199348042
prot-ol,OID21108,BLOOD_PROT_OL_DA,blood,prot-ol,group_timepointADUEndur.during_40_min - group_timepointADUEndur.pre_exercise - group_timepointADUControl.during_40_min + group_timepointADUControl.pre_exercise,exercise_with_controls,EE-CON,during_40_min,0.490282501169443,0.1858376178581,0.794727384480787,0.0017653906591881,0.0268984791835439,0.0268984791835439,1417,CD109,Q6YHK3,False,0.0,during 40 min,0.02689847918354342,0.07389536566111425
prot-ol,OID21109,BLOOD_PROT_OL_DA,blood,prot-ol,group_timepointADUEndur.during_40_min - group_timepointADUEndur.pre_exercise - group_timepointADUControl.during_40_min + group_timepointADUControl.pre_exercise,exercise_with_controls,EE-CON,during_40_min,0.488083892821907,0.184175423176787,0.791992362467027,0.0018166951063151,0.0273857124005173,0.0273857124005173,1417,SPINT1,O43278,False,0.0,during 40 min,0.027385712400515922,0.0750089003161774
prot-ol,OID21110,BLOOD_PROT_OL_DA,blood,prot-ol,group_timepointADUEndur.during_40_min - group_timepointADUEndur.pre_exercise - group_timepointADUControl.during_40_min + group_timepointADUControl.pre_exercise,exercise_with_controls,EE-CON,during_40_min,0.438716546663904,0.13445905747589,0.742974035851918,0.0049791749438373,0.0522628955216111,0.0522628955216111,1417,CD99,P14209,False,0.0,during 40 min,0.05226289552161077,0.1331067652176628
prot-ol,OID21112,BLOOD_PROT_OL_DA,blood,prot-ol,group_timepointADUEndur.during_40_min - group_timepointADUEndur.pre_exercise - group_timepointADUControl.during_40_min + group_timepointADUControl.pre_exercise,exercise_with_controls,EE-CON,during_40_min,0.529929236180794,0.178157857376659,0.881700614984928,0.0033818892095376,0.0396044380984693,0.0396044380984692,1417,CLEC11A,Q9Y240,False,0.0,during 40 min,0.039604438098469245,0.10596580987153688
prot-ol,OID21113,BLOOD_PROT_OL_DA,blood,prot-ol,group_timepointADUEndur.during_40_min - group_timepointADUEndur.pre_exercise - group_timepointADUControl.during_40_min + group_timepointADUControl.pre_exercise,exercise_with_controls,EE-CON,during_40_min,0.463144388091554,0.153599266160346,0.772689510022761,0.0035986029282898,0.0411227447531188,0.0411227447531188,1417,DSG2,Q14126,False,0.0,during 40 min,0.04112274475311812,0.10942066109679455
prot-ol,OID21116,BLOOD_PROT_OL_DA,blood,prot-ol,group_timepointADUEndur.during_40_min - group_timepointADUEndur.pre_exercise - group_timepointADUControl.during_40_min + group_timepointADUControl.pre_exercise,exercise_with_controls,EE-CON,during_40_min,0.508800064283957,0.200354013289517,0.817246115278397,0.0013713789452477,0.0221994365010937,0.0221994365010937,1417,IL1R1,P14778,False,0.0,during 40 min,0.022199436501093225,0.0630158320501453
prot-ol,OID21117,BLOOD_PROT_OL_DA,blood,prot-ol,group_timepointADUEndur.during_40_min - group_timepointADUEndur.pre_exercise - group_timepointADUControl.during_40_min + group_timepointADUControl.pre_exercise,exercise_with_controls,EE-CON,during_40_min,0.483361716001649,0.125698154273902,0.841025277729397,0.0083885659164857,0.0695122684424578,0.0695122684424579,1417,CNTN4,Q8IWV2,False,0.0,during 40 min,0.06951226844245753,0.17312278681354
prot-ol,OID21118,BLOOD_PROT_OL_DA,blood,prot-ol,group_timepointADUResist.post_15_30_45_min - group_timepointADUResist.pre_exercise - group_timepointADUControl.post_15_30_45_min + group_timepointADUControl.pre_exercise,exercise_with_controls,RE-CON,post_15_30_45_min,1.17490833333333,0.471614688360464,1.8782019783062,0.0011916813738083,0.0402050596830095,0.0402050596830096,1417,TMSB10,P63313,False,30.0,post 30 min,0.040205059683008595,0.05685563995576974
prot-ol,OID21118,BLOOD_PROT_OL_DA,blood,prot-ol,group_timepointADUResist.post_10_min - group_timepointADUResist.pre_exercise - group_timepointADUControl.post_10_min + group_timepointADUControl.pre_exercise,exercise_with_controls,RE-CON,post_10_min,1.17452613902179,0.462077326264514,1.88697495177906,0.0013754806629007,0.047115823401911,0.047115823401911,1417,TMSB10,P63313,False,10.0,post 10 min,0.047115823401910964,0.0630158320501453
prot-ol,OID21121,BLOOD_PROT_OL_DA,blood,prot-ol,group_timepointADUEndur.post_10_min - group_timepointADUEndur.pre_exercise - group_timepointADUControl.post_10_min + group_timepointADUControl.pre_exercise,exercise_with_controls,EE-CON,post_10_min,0.967597190590906,0.56571510781418,1.36947927336763,4.3930231369266e-06,0.0009765871853609,0.0009765871853609,1417,MYOC,Q99972,False,10.0,post 10 min,0.0009765871853609377,0.0013244497414946791
prot-ol,OID21121,BLOOD_PROT_OL_DA,blood,prot-ol,group_timepointADUEndur.during_20_min - group_timepointADUEndur.pre_exercise - group_timepointADUControl.during_20_min + group_timepointADUControl.pre_exercise,exercise_with_controls,EE-CON,during_20_min,1.02826623820995,0.62638415543326,1.43014832098665,1.17362327226268e-06,0.0003644107465618,0.0003644107465618,1417,MYOC,Q99972,False,-20.0,during 20 min,0.0003644107465618539,0.000503946720241278
prot-ol,OID21121,BLOOD_PROT_OL_DA,blood,prot-ol,group_timepointADUEndur.during_40_min - group_timepointADUEndur.pre_exercise - group_timepointADUControl.during_40_min + group_timepointADUControl.pre_exercise,exercise_with_controls,EE-CON,during_40_min,1.47241948020792,1.06111251863077,1.88372644178506,4.4772660883790497e-11,6.34428604723311e-08,6.34428604723311e-08,1417,MYOC,Q99972,False,0.0,during 40 min,6.344286047233113e-08,5.77263064629559e-07
prot-ol,OID21121,BLOOD_PROT_OL_DA,blood,prot-ol,group_timepointADUResist.post_10_min - group_timepointADUResist.pre_exercise - group_timepointADUControl.post_10_min + group_timepointADUControl.pre_exercise,exercise_with_controls,RE-CON,post_10_min,0.9138154822133,0.531275089080699,1.2963558753459,5.15718529008442e-06,0.0010222848520052,0.0010222848520052,1417,MYOC,Q99972,False,10.0,post 10 min,0.0010222848520052832,0.0014913737869489026
prot-ol,OID21122,BLOOD_PROT_OL_DA,blood,prot-ol,group_timepointADUEndur.during_40_min - group_timepointADUEndur.pre_exercise - group_timepointADUControl.during_40_min + group_timepointADUControl.pre_exercise,exercise_with_controls,EE-CON,during_40_min,0.532390051755046,0.190049792916456,0.874730310593637,0.0025020544503133,0.0325362653124255,0.0325362653124254,1417,CD99L2,Q8TCZ2,False,0.0,during 40 min,0.0325362653124249,0.08912711287770338
prot-ol,OID21124,BLOOD_PROT_OL_DA,blood,prot-ol,group_timepointADUEndur.during_40_min - group_timepointADUEndur.pre_exercise - group_timepointADUControl.during_40_min + group_timepointADUControl.pre_exercise,exercise_with_controls,EE-CON,during_40_min,0.647591770951914,0.326596664376821,0.968586877527007,0.0001025027731457,0.0031575310771198,0.0031575310771198,1417,PLAU,P00749,False,0.0,during 40 min,0.003157531077118628,0.010758994781293104
prot-ol,OID21126,BLOOD_PROT_OL_DA,blood,prot-ol,group_timepointADUEndur.during_40_min - group_timepointADUEndur.pre_exercise - group_timepointADUControl.during_40_min + group_timepointADUControl.pre_exercise,exercise_with_controls,EE-CON,during_40_min,0.394783873476373,0.116900452957777,0.67266729399497,0.0056424762146101,0.0563055549021304,0.0563055549021304,1417,IL1RAP,Q9NPH3,False,0.0,during 40 min,0.056305554902130364,0.14277479993040199
prot-ol,OID21127,BLOOD_PROT_OL_DA,blood,prot-ol,group_timepointADUEndur.during_40_min - group_timepointADUEndur.pre_exercise - group_timepointADUControl.during_40_min + group_timepointADUControl.pre_exercise,exercise_with_controls,EE-CON,during_40_min,0.598061639247147,0.193260876466116,1.00286240202818,0.0040248812167383,0.0447395730063612,0.0447395730063612,1417,B4GAT1,O43505,False,0.0,during 40 min,0.04473957300636031,0.11645951284570434
prot-ol,OID21129,BLOOD_PROT_OL_DA,blood,prot-ol,group_timepointADUEndur.during_40_min - group_timepointADUEndur.pre_exercise - group_timepointADUControl.during_40_min + group_timepointADUControl.pre_exercise,exercise_with_controls,EE-CON,during_40_min,0.397012715251483,0.109630740922049,0.684394689580917,0.0070776211451247,0.064442137636749,0.064442137636749,1417,PILRA,Q9UKJ1,False,0.0,during 40 min,0.06444213763674848,0.16116895695534372
prot-ol,OID21130,BLOOD_PROT_OL_DA,blood,prot-ol,group_timepointADUEndur.during_40_min - group_timepointADUEndur.pre_exercise - group_timepointADUControl.during_40_min + group_timepointADUControl.pre_exercise,exercise_with_controls,EE-CON,during_40_min,0.696145524927104,0.368604866365126,1.02368618348908,4.46446931573771e-05,0.0017572647278889,0.0017572647278889,1417,CD300LG,Q6UXG3,False,0.0,during 40 min,0.001757264727888982,0.0058038101104590225
prot-ol,OID21132,BLOOD_PROT_OL_DA,blood,prot-ol,group_timepointADUEndur.during_40_min - group_timepointADUEndur.pre_exercise - group_timepointADUControl.during_40_min + group_timepointADUControl.pre_exercise,exercise_with_controls,EE-CON,during_40_min,0.901222052383354,0.459568958695268,1.34287514607144,8.58954414290047e-05,0.0028979485834499,0.0028979485834499,1417,GNLY,P22749,False,0.0,during 40 min,0.002897948583449992,0.0095172662217744
prot-ol,OID21133,BLOOD_PROT_OL_DA,blood,prot-ol,group_timepointADUEndur.during_40_min - group_timepointADUEndur.pre_exercise - group_timepointADUControl.during_40_min + group_timepointADUControl.pre_exercise,exercise_with_controls,EE-CON,during_40_min,0.391322956616011,0.084405847444427,0.698240065787594,0.0127819638135865,0.0887427681484142,0.0887427681484144,1417,FCER2,P06734,False,0.0,during 40 min,0.08874276814841439,0.2128370720346204
prot-ol,OID21136,BLOOD_PROT_OL_DA,blood,prot-ol,group_timepointADUEndur.during_40_min - group_timepointADUEndur.pre_exercise - group_timepointADUControl.during_40_min + group_timepointADUControl.pre_exercise,exercise_with_controls,EE-CON,during_40_min,0.521944601256536,0.143282561922165,0.900606640590907,0.0072030406777697,0.0645994217746818,0.0645994217746818,1417,IL7R,P16871,False,0.0,during 40 min,0.06459942177468142,0.16172970827932778
prot-ol,OID21137,BLOOD_PROT_OL_DA,blood,prot-ol,group_timepointADUEndur.during_40_min - group_timepointADUEndur.pre_exercise - group_timepointADUControl.during_40_min + group_timepointADUControl.pre_exercise,exercise_with_controls,EE-CON,during_40_min,0.370424730206746,0.0714607761682569,0.669388684245235,0.0154873842122156,0.0954157540378673,0.0954157540378674,1417,HAVCR2,Q8TDQ0,False,0.0,during 40 min,0.09541575403786741,0.23003798143301368
prot-ol,OID21138,BLOOD_PROT_OL_DA,blood,prot-ol,group_timepointADUEndur.during_40_min - group_timepointADUEndur.pre_exercise - group_timepointADUControl.during_40_min + group_timepointADUControl.pre_exercise,exercise_with_controls,EE-CON,during_40_min,0.480088302343828,0.152902600756778,0.807274003930878,0.0042842050397521,0.0463413629109067,0.0463413629109067,1417,ARSA,P15289,False,0.0,during 40 min,0.046341362910906306,0.12021224834314309
prot-ol,OID21144,BLOOD_PROT_OL_DA,blood,prot-ol,group_timepointADUEndur.during_40_min - group_timepointADUEndur.pre_exercise - group_timepointADUControl.during_40_min + group_timepointADUControl.pre_exercise,exercise_with_controls,EE-CON,during_40_min,0.438228940052228,0.104775520726346,0.771682359378109,0.010322198097923,0.0790624578635505,0.0790624578635508,1417,VSIG4,Q9Y279,False,0.0,during 40 min,0.07906245786355076,0.1942437543792416
prot-ol,OID21145,BLOOD_PROT_OL_DA,blood,prot-ol,group_timepointADUEndur.during_40_min - group_timepointADUEndur.pre_exercise - group_timepointADUControl.during_40_min + group_timepointADUControl.pre_exercise,exercise_with_controls,EE-CON,during_40_min,0.424110943497414,0.11430383730741,0.733918049687417,0.0076007154780296,0.0673138364523001,0.0673138364523002,1417,TNFRSF1B,P20333,False,0.0,during 40 min,0.06731383645229964,0.16698005941655727
prot-ol,OID21146,BLOOD_PROT_OL_DA,blood,prot-ol,group_timepointADUEndur.during_40_min - group_timepointADUEndur.pre_exercise - group_timepointADUControl.during_40_min + group_timepointADUControl.pre_exercise,exercise_with_controls,EE-CON,during_40_min,0.443868482037176,0.125579158135037,0.762157805939315,0.0065604574896306,0.0628119477216662,0.0628119477216662,1417,IGF2R,P11717,False,0.0,during 40 min,0.06281194772166594,0.15610813552286262
prot-ol,OID21150,BLOOD_PROT_OL_DA,blood,prot-ol,group_timepointADUEndur.during_40_min - group_timepointADUEndur.pre_exercise - group_timepointADUControl.during_40_min + group_timepointADUControl.pre_exercise,exercise_with_controls,EE-CON,during_40_min,0.40235871231186,0.085793560821985,0.718923863801734,0.0130585971841804,0.0887427681484142,0.0887427681484144,1417,CTRB1,P17538,False,0.0,during 40 min,0.08874276814841439,0.2149132660857564
prot-ol,OID21152,BLOOD_PROT_OL_DA,blood,prot-ol,group_timepointADUEndur.during_40_min - group_timepointADUEndur.pre_exercise - group_timepointADUControl.during_40_min + group_timepointADUControl.pre_exercise,exercise_with_controls,EE-CON,during_40_min,0.375674481963168,0.083036067692637,0.668312896233699,0.0121941473596292,0.0859657055153955,0.0859657055153959,1417,LILRA2,Q8N149,False,0.0,during 40 min,0.08596570551539591,0.20768157221868483
prot-ol,OID21153,BLOOD_PROT_OL_DA,blood,prot-ol,group_timepointADUEndur.during_40_min - group_timepointADUEndur.pre_exercise - group_timepointADUControl.during_40_min + group_timepointADUControl.pre_exercise,exercise_with_controls,EE-CON,during_40_min,0.418755288854164,0.0877603605794952,0.749750217128832,0.0134776380240621,0.0887427681484142,0.0887427681484144,1417,PAMR1,Q6UXH9,False,0.0,during 40 min,0.08874276814841439,0.21612848433567633
prot-ol,OID21157,BLOOD_PROT_OL_DA,blood,prot-ol,group_timepointADUEndur.during_40_min - group_timepointADUEndur.pre_exercise - group_timepointADUControl.during_40_min + group_timepointADUControl.pre_exercise,exercise_with_controls,EE-CON,during_40_min,0.400327236782249,0.115716717572571,0.684937755991927,0.0061209913435968,0.0601545773101343,0.0601545773101343,1417,STC2,O76061,False,0.0,during 40 min,0.06015457731013424,0.14928476306156052
prot-ol,OID21167,BLOOD_PROT_OL_DA,blood,prot-ol,group_timepointADUEndur.post_24_hr - group_timepointADUEndur.pre_exercise - group_timepointADUControl.post_24_hr + group_timepointADUControl.pre_exercise,exercise_with_controls,EE-CON,post_24_hr,0.901005670258904,0.48616376849974,1.31584757201807,3.07987644543655e-05,0.0436418492318359,0.0436418492318359,1417,NINJ1,Q92982,False,1440.0,post 24 h,0.04364184923183591,0.004593878866509043
prot-ol,OID21172,BLOOD_PROT_OL_DA,blood,prot-ol,group_timepointADUResist.post_10_min - group_timepointADUResist.pre_exercise - group_timepointADUControl.post_10_min + group_timepointADUControl.pre_exercise,exercise_with_controls,RE-CON,post_10_min,0.853058745134053,0.294232879045347,1.41188461122276,0.0029893806155232,0.075642005932078,0.0756420059320781,1417,PQBP1,O60828,False,10.0,post 10 min,0.07564200593207812,0.09880755138895032
prot-ol,OID21182,BLOOD_PROT_OL_DA,blood,prot-ol,group_timepointADUResist.post_10_min - group_timepointADUResist.pre_exercise - group_timepointADUControl.post_10_min + group_timepointADUControl.pre_exercise,exercise_with_controls,RE-CON,post_10_min,0.816010582578989,0.316913235889926,1.31510792926805,0.0015045500764335,0.0495801734489838,0.0495801734489837,1417,CAMKK1,Q8N5S9,False,10.0,post 10 min,0.049580173448983016,0.06600456527263993
prot-ol,OID21194,BLOOD_PROT_OL_DA,blood,prot-ol,group_timepointADUEndur.during_40_min - group_timepointADUEndur.pre_exercise - group_timepointADUControl.during_40_min + group_timepointADUControl.pre_exercise,exercise_with_controls,EE-CON,during_40_min,0.928740396111717,0.344907379182135,1.5125734130413,0.0019667677506856,0.028150605077996,0.0281506050779959,1417,RASSF2,P50749,False,0.0,during 40 min,0.028150605077994897,0.07828398603150268
prot-ol,OID21215,BLOOD_PROT_OL_DA,blood,prot-ol,group_timepointADUEndur.post_10_min - group_timepointADUEndur.pre_exercise - group_timepointADUControl.post_10_min + group_timepointADUControl.pre_exercise,exercise_with_controls,EE-CON,post_10_min,1.09678714903338,0.514592567399381,1.67898173066738,0.0002744253483696,0.0277757656171327,0.0277757656171327,1417,FCGR2B,P31994,False,10.0,post 10 min,0.027775765617123086,0.02113373470868061
prot-ol,OID21215,BLOOD_PROT_OL_DA,blood,prot-ol,group_timepointADUEndur.during_40_min - group_timepointADUEndur.pre_exercise - group_timepointADUControl.during_40_min + group_timepointADUControl.pre_exercise,exercise_with_controls,EE-CON,during_40_min,1.44466948573256,0.84911957448269,2.04021939698243,3.73830712148493e-06,0.0002787990100602,0.0002787990100602,1417,FCGR2B,P31994,False,0.0,during 40 min,0.00027879901006021816,0.001151561128509597
prot-ol,OID21215,BLOOD_PROT_OL_DA,blood,prot-ol,group_timepointADUEndur.during_20_min - group_timepointADUEndur.pre_exercise - group_timepointADUControl.during_20_min + group_timepointADUControl.pre_exercise,exercise_with_controls,EE-CON,during_20_min,1.35303595855719,0.770841376923156,1.93523054019123,8.89338661614764e-06,0.001347001655453,0.001347001655453,1417,FCGR2B,P31994,False,-20.0,during 20 min,0.0013470016554530824,0.0020325691669485814
prot-ol,OID21228,BLOOD_PROT_OL_DA,blood,prot-ol,group_timepointADUEndur.during_40_min - group_timepointADUEndur.pre_exercise - group_timepointADUControl.during_40_min + group_timepointADUControl.pre_exercise,exercise_with_controls,EE-CON,during_40_min,0.460452583308477,0.108215509420347,0.812689657196607,0.0107275469518373,0.0812884172767567,0.0812884172767564,1417,CLEC6A,Q6EIG7,False,0.0,during 40 min,0.08128841727675644,0.197764767454933
prot-ol,OID21283,BLOOD_PROT_OL_DA,blood,prot-ol,group_timepointADUResist.post_10_min - group_timepointADUResist.pre_exercise - group_timepointADUControl.post_10_min + group_timepointADUControl.pre_exercise,exercise_with_controls,RE-CON,post_10_min,0.504948212142898,0.20352131914366,0.806375105142136,0.0011562057189684,0.0431143027310072,0.043114302731007,1417,POLR2F,P61218,False,10.0,post 10 min,0.04311430273100586,0.05560720078816659
prot-ol,OID21283,BLOOD_PROT_OL_DA,blood,prot-ol,group_timepointADUEndur.during_40_min - group_timepointADUEndur.pre_exercise - group_timepointADUControl.during_40_min + group_timepointADUControl.pre_exercise,exercise_with_controls,EE-CON,during_40_min,0.438860016628342,0.11563924356512,0.762080789691564,0.008088510586921,0.068569341914586,0.0685693419145861,1417,POLR2F,P61218,False,0.0,during 40 min,0.06856934191458575,0.17215308223496426
prot-ol,OID21293,BLOOD_PROT_OL_DA,blood,prot-ol,group_timepointADUEndur.during_40_min - group_timepointADUEndur.pre_exercise - group_timepointADUControl.during_40_min + group_timepointADUControl.pre_exercise,exercise_with_controls,EE-CON,during_40_min,0.264781199750368,0.0848392472065752,0.444723152294161,0.0041813936963774,0.0455771912905146,0.0455771912905146,1417,LRP1,Q07954,False,0.0,during 40 min,0.04557719129051365,0.11836358330151735
prot-ol,OID21301,BLOOD_PROT_OL_DA,blood,prot-ol,group_timepointADUEndur.during_40_min - group_timepointADUEndur.pre_exercise - group_timepointADUControl.during_40_min + group_timepointADUControl.pre_exercise,exercise_with_controls,EE-CON,during_40_min,0.453776643112839,0.224022993813021,0.683530292412657,0.0001411119456784,0.0040695604245451,0.0040695604245451,1417,FLT1,P17948,False,0.0,during 40 min,0.0040695604245445886,0.013510515339614379
prot-ol,OID21307,BLOOD_PROT_OL_DA,blood,prot-ol,group_timepointADUEndur.during_40_min - group_timepointADUEndur.pre_exercise - group_timepointADUControl.during_40_min + group_timepointADUControl.pre_exercise,exercise_with_controls,EE-CON,during_40_min,0.317752314957197,0.121166591805042,0.514338038109351,0.0016998844509045,0.0261819159449104,0.0261819159449105,1417,MME,P08473,False,0.0,during 40 min,0.02618191594490953,0.07190257513228884
prot-ol,OID21310,BLOOD_PROT_OL_DA,blood,prot-ol,group_timepointADUEndur.during_40_min - group_timepointADUEndur.pre_exercise - group_timepointADUControl.during_40_min + group_timepointADUControl.pre_exercise,exercise_with_controls,EE-CON,during_40_min,0.527891600229612,0.287344125329824,0.768439075129399,2.57422560389502e-05,0.0011766702195868,0.0011766702195868,1417,VNN2,O95498,False,0.0,during 40 min,0.0011766702195868527,0.004143980223578244
prot-ol,OID21310,BLOOD_PROT_OL_DA,blood,prot-ol,group_timepointADUEndur.during_20_min - group_timepointADUEndur.pre_exercise - group_timepointADUControl.during_20_min + group_timepointADUControl.pre_exercise,exercise_with_controls,EE-CON,during_20_min,0.412473417730782,0.177615284569769,0.647331550891794,0.0006722554910973,0.0307285816414518,0.0307285816414518,1417,VNN2,O95498,False,-20.0,during 20 min,0.030728581641447553,0.039040411101839104
prot-ol,OID21312,BLOOD_PROT_OL_DA,blood,prot-ol,group_timepointADUEndur.during_40_min - group_timepointADUEndur.pre_exercise - group_timepointADUControl.during_40_min + group_timepointADUControl.pre_exercise,exercise_with_controls,EE-CON,during_40_min,0.418641651685718,0.214672314492134,0.622610988879301,7.84770333387676e-05,0.0028006926441622,0.0028006926441622,1417,IGSF3,O75054,False,0.0,during 40 min,0.0028006926441622696,0.009034492400523451
prot-ol,OID21326,BLOOD_PROT_OL_DA,blood,prot-ol,group_timepointADUEndur.during_40_min - group_timepointADUEndur.pre_exercise - group_timepointADUControl.during_40_min + group_timepointADUControl.pre_exercise,exercise_with_controls,EE-CON,during_40_min,0.782211761866771,0.167965249720148,1.39645827401339,0.0128895742847789,0.0887427681484142,0.0887427681484144,1417,STX4,Q12846,False,0.0,during 40 min,0.08874276814841439,0.2138703367860855
prot-ol,OID21346,BLOOD_PROT_OL_DA,blood,prot-ol,group_timepointADUEndur.during_40_min - group_timepointADUEndur.pre_exercise - group_timepointADUControl.during_40_min + group_timepointADUControl.pre_exercise,exercise_with_controls,EE-CON,during_40_min,0.20552129979807,0.0432768892952841,0.367765710300856,0.0133646919071827,0.0887427681484142,0.0887427681484144,1417,RET,P07949,False,0.0,during 40 min,0.08874276814841439,0.21612848433567633
prot-ol,OID21359,BLOOD_PROT_OL_DA,blood,prot-ol,group_timepointADUEndur.during_20_min - group_timepointADUEndur.pre_exercise - group_timepointADUControl.during_20_min + group_timepointADUControl.pre_exercise,exercise_with_controls,EE-CON,during_20_min,0.733289907503034,0.287259854130325,1.17931996087574,0.0014207102757107,0.05772255145208,0.0577225514520801,1417,APBB1IP,Q7Z5R6,False,-20.0,during 20 min,0.05772255145207658,0.06389283334278625
prot-ol,OID21359,BLOOD_PROT_OL_DA,blood,prot-ol,group_timepointADUEndur.post_10_min - group_timepointADUEndur.pre_exercise - group_timepointADUControl.post_10_min + group_timepointADUControl.pre_exercise,exercise_with_controls,EE-CON,post_10_min,0.818388717026843,0.37235866365405,1.26441877039964,0.0003893337468601,0.0367790612867187,0.0367790612867187,1417,APBB1IP,Q7Z5R6,False,10.0,post 10 min,0.03677906128671745,0.02731118412380008
prot-ol,OID21359,BLOOD_PROT_OL_DA,blood,prot-ol,group_timepointADUEndur.during_40_min - group_timepointADUEndur.pre_exercise - group_timepointADUControl.during_40_min + group_timepointADUControl.pre_exercise,exercise_with_controls,EE-CON,during_40_min,0.913263171043227,0.457411333809557,1.3691150082769,0.0001135863562856,0.0034245078054628,0.0034245078054629,1417,APBB1IP,Q7Z5R6,False,0.0,during 40 min,0.0034245078054616004,0.011663178757731537
prot-ol,OID21359,BLOOD_PROT_OL_DA,blood,prot-ol,group_timepointADUResist.post_10_min - group_timepointADUResist.pre_exercise - group_timepointADUControl.post_10_min + group_timepointADUControl.pre_exercise,exercise_with_controls,RE-CON,post_10_min,0.780537135442689,0.356164865913298,1.20490940497208,0.0003771291803349,0.0212021630783116,0.0212021630783116,1417,APBB1IP,Q7Z5R6,False,10.0,post 10 min,0.02120216307830735,0.02685387178565594
prot-ol,OID21364,BLOOD_PROT_OL_DA,blood,prot-ol,group_timepointADUEndur.during_40_min - group_timepointADUEndur.pre_exercise - group_timepointADUControl.during_40_min + group_timepointADUControl.pre_exercise,exercise_with_controls,EE-CON,during_40_min,0.335693686816303,0.0833986981856533,0.587988675446953,0.0094311668567533,0.0742442413112196,0.0742442413112196,1417,TMPRSS15,P98073,False,0.0,during 40 min,0.07424424131121903,0.18428285494349225
prot-ol,OID21368,BLOOD_PROT_OL_DA,blood,prot-ol,group_timepointADUResist.post_10_min - group_timepointADUResist.pre_exercise - group_timepointADUControl.post_10_min + group_timepointADUControl.pre_exercise,exercise_with_controls,RE-CON,post_10_min,1.01722129935446,0.586601597863919,1.44784100084501,6.49298776855861e-06,0.0010222848520052,0.0010222848520052,1417,CCN1,O00622,False,10.0,post 10 min,0.0010222848520052832,0.001689802740933451
prot-ol,OID21368,BLOOD_PROT_OL_DA,blood,prot-ol,group_timepointADUEndur.during_40_min - group_timepointADUEndur.pre_exercise - group_timepointADUControl.during_40_min + group_timepointADUControl.pre_exercise,exercise_with_controls,EE-CON,during_40_min,0.764203420354736,0.301364752549557,1.22704208815991,0.0013578417632332,0.0221994365010937,0.0221994365010937,1417,CCN1,O00622,False,0.0,during 40 min,0.022199436501093225,0.06294935396817825
prot-ol,OID21368,BLOOD_PROT_OL_DA,blood,prot-ol,group_timepointADUResist.post_3.5_4_hr - group_timepointADUResist.pre_exercise - group_timepointADUControl.post_3.5_4_hr + group_timepointADUControl.pre_exercise,exercise_with_controls,RE-CON,post_3.5_4_hr,0.779155859282715,0.250389215149277,1.30792250341615,0.0041226880513923,0.082279562941169,0.0822795629411689,1417,CCN1,O00622,False,210.0,post 3.5 h,0.08227956294116745,0.1180171508853109
prot-ol,OID21374,BLOOD_PROT_OL_DA,blood,prot-ol,group_timepointADUEndur.during_20_min - group_timepointADUEndur.pre_exercise - group_timepointADUControl.during_20_min + group_timepointADUControl.pre_exercise,exercise_with_controls,EE-CON,during_20_min,0.885769233249968,0.420579316931767,1.35095914956817,0.0002380698559307,0.0139393178926027,0.0139393178926027,1417,S100A12,P80511,False,-20.0,during 20 min,0.013939317892598072,0.019276856334502965
prot-ol,OID21374,BLOOD_PROT_OL_DA,blood,prot-ol,group_timepointADUEndur.post_10_min - group_timepointADUEndur.pre_exercise - group_timepointADUControl.post_10_min + group_timepointADUControl.pre_exercise,exercise_with_controls,EE-CON,post_10_min,1.01260494753568,0.547415031217396,1.47779486385397,2.98623585233699e-05,0.0047016624475128,0.0047016624475128,1417,S100A12,P80511,False,10.0,post 10 min,0.004701662447512795,0.004501591705065441
prot-ol,OID21374,BLOOD_PROT_OL_DA,blood,prot-ol,group_timepointADUEndur.post_15_30_45_min - group_timepointADUEndur.pre_exercise - group_timepointADUControl.post_15_30_45_min + group_timepointADUControl.pre_exercise,exercise_with_controls,EE-CON,post_15_30_45_min,0.908337052549572,0.43414886942411,1.38252523567503,0.0002189967558015,0.0446154943546687,0.0446154943546687,1417,S100A12,P80511,False,30.0,post 30 min,0.044615494354649024,0.01847133351016223
prot-ol,OID21374,BLOOD_PROT_OL_DA,blood,prot-ol,group_timepointADUEndur.during_40_min - group_timepointADUEndur.pre_exercise - group_timepointADUControl.during_40_min + group_timepointADUControl.pre_exercise,exercise_with_controls,EE-CON,during_40_min,1.06366339448985,0.587781076483021,1.53954571249668,1.86215952606696e-05,0.0009423857315846,0.0009423857315846,1417,S100A12,P80511,False,0.0,during 40 min,0.0009423857315846007,0.0032983500605461027
prot-ol,OID21380,BLOOD_PROT_OL_DA,blood,prot-ol,group_timepointADUEndur.during_40_min - group_timepointADUEndur.pre_exercise - group_timepointADUControl.during_40_min + group_timepointADUControl.pre_exercise,exercise_with_controls,EE-CON,during_40_min,0.302278550059577,0.0774138343927473,0.527143265726408,0.0087376536668255,0.0703480411698398,0.0703480411698398,1417,MSLN,Q13421,False,0.0,during 40 min,0.0703480411698394,0.17712811510574727
prot-ol,OID21386,BLOOD_PROT_OL_DA,blood,prot-ol,group_timepointADUEndur.during_40_min - group_timepointADUEndur.pre_exercise - group_timepointADUControl.during_40_min + group_timepointADUControl.pre_exercise,exercise_with_controls,EE-CON,during_40_min,0.225691229659229,0.0658633365674159,0.385519122751042,0.0059316547650276,0.0587773063080008,0.0587773063080008,1417,CBLN4,Q9NTU7,False,0.0,during 40 min,0.05877730630800076,0.1468325275079797
prot-ol,OID21388,BLOOD_PROT_OL_DA,blood,prot-ol,group_timepointADUEndur.during_40_min - group_timepointADUEndur.pre_exercise - group_timepointADUControl.during_40_min + group_timepointADUControl.pre_exercise,exercise_with_controls,EE-CON,during_40_min,0.831190413643599,0.468048796777346,1.19433203050985,1.19324840131605e-05,0.0007685604475749,0.0007685604475749,1417,NPY,P01303,False,0.0,during 40 min,0.0007685604475749286,0.0025236313203952873
prot-ol,OID21389,BLOOD_PROT_OL_DA,blood,prot-ol,group_timepointADUEndur.during_40_min - group_timepointADUEndur.pre_exercise - group_timepointADUControl.during_40_min + group_timepointADUControl.pre_exercise,exercise_with_controls,EE-CON,during_40_min,0.304723373354202,0.142664297528196,0.466782449180209,0.00028170696366,0.0067657418221415,0.0067657418221415,1417,EBI3,Q14213,False,0.0,during 40 min,0.006765741822139322,0.02157723067601189
prot-ol,OID21390,BLOOD_PROT_OL_DA,blood,prot-ol,group_timepointADUEndur.during_40_min - group_timepointADUEndur.pre_exercise - group_timepointADUControl.during_40_min + group_timepointADUControl.pre_exercise,exercise_with_controls,EE-CON,during_40_min,0.204971214788974,0.100991191936363,0.308951237641586,0.0001449461543977,0.0040695604245451,0.0040695604245451,1417,SIGLEC9,Q9Y336,False,0.0,during 40 min,0.0040695604245445886,0.013744872957071125
prot-ol,OID21391,BLOOD_PROT_OL_DA,blood,prot-ol,group_timepointADUEndur.during_40_min - group_timepointADUEndur.pre_exercise - group_timepointADUControl.during_40_min + group_timepointADUControl.pre_exercise,exercise_with_controls,EE-CON,during_40_min,0.187728673585934,0.0640591281572631,0.311398219014605,0.0031523828477788,0.0376286181250078,0.0376286181250077,1417,KLK4,Q9Y5K2,False,0.0,during 40 min,0.037628618125006674,0.10152105671142181
prot-ol,OID21393,BLOOD_PROT_OL_DA,blood,prot-ol,group_timepointADUEndur.during_40_min - group_timepointADUEndur.pre_exercise - group_timepointADUControl.during_40_min + group_timepointADUControl.pre_exercise,exercise_with_controls,EE-CON,during_40_min,0.314143992877648,0.151155815251364,0.477132170503931,0.0002002931403808,0.0051602796349029,0.0051602796349029,1417,ITGB7,P26010,False,0.0,during 40 min,0.005160279634901702,0.017305815848755707
prot-ol,OID21394,BLOOD_PROT_OL_DA,blood,prot-ol,group_timepointADUEndur.during_40_min - group_timepointADUEndur.pre_exercise - group_timepointADUControl.during_40_min + group_timepointADUControl.pre_exercise,exercise_with_controls,EE-CON,during_40_min,0.249250191982294,0.144088362001134,0.354412021963454,6.04326974228704e-06,0.000428165661241,0.000428165661241,1417,SIGLEC6,O43699,False,0.0,during 40 min,0.0004281656612410368,0.001679081024474654
prot-ol,OID21396,BLOOD_PROT_OL_DA,blood,prot-ol,group_timepointADUEndur.during_40_min - group_timepointADUEndur.pre_exercise - group_timepointADUControl.during_40_min + group_timepointADUControl.pre_exercise,exercise_with_controls,EE-CON,during_40_min,0.193820766224943,0.0400239137718472,0.347617618678039,0.0138378075018076,0.0887427681484142,0.0887427681484144,1417,PDCD1,Q15116,False,0.0,during 40 min,0.08874276814841439,0.2188010725815589
prot-ol,OID21397,BLOOD_PROT_OL_DA,blood,prot-ol,group_timepointADUResist.post_10_min - group_timepointADUResist.pre_exercise - group_timepointADUControl.post_10_min + group_timepointADUControl.pre_exercise,exercise_with_controls,RE-CON,post_10_min,0.279212889936714,0.121461482142918,0.436964297730509,0.0006121961647928,0.0279832892100459,0.0279832892100459,1417,EPS8L2,Q9H6S3,False,10.0,post 10 min,0.027983289210045087,0.03629631654859405
prot-ol,OID21397,BLOOD_PROT_OL_DA,blood,prot-ol,group_timepointADUEndur.during_40_min - group_timepointADUEndur.pre_exercise - group_timepointADUControl.during_40_min + group_timepointADUControl.pre_exercise,exercise_with_controls,EE-CON,during_40_min,0.25535861152667,0.0856725931807904,0.42504462987255,0.0034149973951884,0.0396643549916565,0.0396643549916565,1417,EPS8L2,Q9H6S3,False,0.0,during 40 min,0.03966435499165544,0.10658703323748817
prot-ol,OID21405,BLOOD_PROT_OL_DA,blood,prot-ol,group_timepointADUEndur.during_40_min - group_timepointADUEndur.pre_exercise - group_timepointADUControl.during_40_min + group_timepointADUControl.pre_exercise,exercise_with_controls,EE-CON,during_40_min,0.378796463782569,0.165132306024122,0.592460621541016,0.000600137588536,0.0116492460678854,0.0116492460678854,1417,CTSV,O60911,False,0.0,during 40 min,0.011649246067883727,0.03588164400656169
prot-ol,OID21408,BLOOD_PROT_OL_DA,blood,prot-ol,group_timepointADUEndur.post_3.5_4_hr - group_timepointADUEndur.pre_exercise - group_timepointADUControl.post_3.5_4_hr + group_timepointADUControl.pre_exercise,exercise_with_controls,EE-CON,post_3.5_4_hr,0.480413210817193,0.241472994378975,0.71935342725541,0.0001077114265992,0.0218038702130278,0.0218038702130277,1417,HSPB6,O14558,False,210.0,post 3.5 h,0.021803870213009485,0.01122258025669606
prot-ol,OID21409,BLOOD_PROT_OL_DA,blood,prot-ol,group_timepointADUResist.post_10_min - group_timepointADUResist.pre_exercise - group_timepointADUControl.post_10_min + group_timepointADUControl.pre_exercise,exercise_with_controls,RE-CON,post_10_min,0.208906046040944,0.0674167806063336,0.350395311475555,0.0040550027779206,0.0912053799414859,0.091205379941486,1417,SLITRK2,Q9H156,False,10.0,post 10 min,0.09120537994148396,0.11662414026159022
prot-ol,OID21409,BLOOD_PROT_OL_DA,blood,prot-ol,group_timepointADUEndur.during_40_min - group_timepointADUEndur.pre_exercise - group_timepointADUControl.during_40_min + group_timepointADUControl.pre_exercise,exercise_with_controls,EE-CON,during_40_min,0.35603926387504,0.203840352156139,0.508238175593941,7.83425649966803e-06,0.0005286257838109,0.0005286257838109,1417,SLITRK2,Q9H156,False,0.0,during 40 min,0.0005286257838109333,0.0018540677284038009
prot-ol,OID21410,BLOOD_PROT_OL_DA,blood,prot-ol,group_timepointADUEndur.during_40_min - group_timepointADUEndur.pre_exercise - group_timepointADUControl.during_40_min + group_timepointADUControl.pre_exercise,exercise_with_controls,EE-CON,during_40_min,0.650544282136205,0.127415327545788,1.17367323672662,0.0151146372531099,0.09352594317754,0.0935259431775403,1417,DPY30,Q9C005,False,0.0,during 40 min,0.0935259431775403,0.2276029860537378
prot-ol,OID21412,BLOOD_PROT_OL_DA,blood,prot-ol,group_timepointADUEndur.post_10_min - group_timepointADUEndur.pre_exercise - group_timepointADUControl.post_10_min + group_timepointADUControl.pre_exercise,exercise_with_controls,EE-CON,post_10_min,0.27031308277654,0.112060924837694,0.428565240715385,0.0009315376885373,0.057578037561428,0.057578037561428,1417,ANGPTL7,O43827,False,10.0,post 10 min,0.05757803756142508,0.047808478841616486
prot-ol,OID21412,BLOOD_PROT_OL_DA,blood,prot-ol,group_timepointADUEndur.during_20_min - group_timepointADUEndur.pre_exercise - group_timepointADUControl.during_20_min + group_timepointADUControl.pre_exercise,exercise_with_controls,EE-CON,during_20_min,0.271245225633683,0.112993067694718,0.429497383572647,0.0008954865388894,0.0384516492608,0.0384516492608,1417,ANGPTL7,O43827,False,-20.0,during 20 min,0.03845164926079636,0.04677929914472816
prot-ol,OID21412,BLOOD_PROT_OL_DA,blood,prot-ol,group_timepointADUEndur.during_40_min - group_timepointADUEndur.pre_exercise - group_timepointADUControl.during_40_min + group_timepointADUControl.pre_exercise,exercise_with_controls,EE-CON,during_40_min,0.468004551137487,0.305941292648134,0.63006780962684,5.53459548512309e-08,1.12036025748849e-05,1.12036025748849e-05,1417,ANGPTL7,O43827,False,0.0,during 40 min,1.1203602574884883e-05,5.601801287442442e-05
prot-ol,OID21412,BLOOD_PROT_OL_DA,blood,prot-ol,group_timepointADUResist.post_10_min - group_timepointADUResist.pre_exercise - group_timepointADUControl.post_10_min + group_timepointADUControl.pre_exercise,exercise_with_controls,RE-CON,post_10_min,0.231348329350573,0.0806795877434595,0.382017070957686,0.0028310797099627,0.0729389081639481,0.0729389081639481,1417,ANGPTL7,O43827,False,10.0,post 10 min,0.0729389081639481,0.09620239685892437
prot-ol,OID21413,BLOOD_PROT_OL_DA,blood,prot-ol,group_timepointADUEndur.during_40_min - group_timepointADUEndur.pre_exercise - group_timepointADUControl.during_40_min + group_timepointADUControl.pre_exercise,exercise_with_controls,EE-CON,during_40_min,0.192547716577157,0.0687387615522491,0.316356671602065,0.0025027896394173,0.0325362653124255,0.0325362653124254,1417,AMBP,P02760,False,0.0,during 40 min,0.0325362653124249,0.08912711287770338
prot-ol,OID21415,BLOOD_PROT_OL_DA,blood,prot-ol,group_timepointADUEndur.during_40_min - group_timepointADUEndur.pre_exercise - group_timepointADUControl.during_40_min + group_timepointADUControl.pre_exercise,exercise_with_controls,EE-CON,during_40_min,0.273718390385781,0.0751647334180628,0.472272047353499,0.0071959906490577,0.0645994217746818,0.0645994217746818,1417,RSPO3,Q9BXY4,False,0.0,during 40 min,0.06459942177468142,0.16172970827932778
prot-ol,OID21416,BLOOD_PROT_OL_DA,blood,prot-ol,group_timepointADUEndur.during_40_min - group_timepointADUEndur.pre_exercise - group_timepointADUControl.during_40_min + group_timepointADUControl.pre_exercise,exercise_with_controls,EE-CON,during_40_min,0.286548483126226,0.133576459975964,0.439520506276488,0.0002963721848348,0.0068845800969015,0.0068845800969015,1417,ITGAV,P06756,False,0.0,during 40 min,0.0068845800969001905,0.022103125574258507
prot-ol,OID21418,BLOOD_PROT_OL_DA,blood,prot-ol,group_timepointADUEndur.during_40_min - group_timepointADUEndur.pre_exercise - group_timepointADUControl.during_40_min + group_timepointADUControl.pre_exercise,exercise_with_controls,EE-CON,during_40_min,0.207620167847781,0.0745281607864126,0.340712174909149,0.0024303235274474,0.0325362653124255,0.0325362653124254,1417,CD300E,Q496F6,False,0.0,during 40 min,0.0325362653124249,0.08900123134319445
prot-ol,OID21421,BLOOD_PROT_OL_DA,blood,prot-ol,group_timepointADUEndur.during_40_min - group_timepointADUEndur.pre_exercise - group_timepointADUControl.during_40_min + group_timepointADUControl.pre_exercise,exercise_with_controls,EE-CON,during_40_min,0.235696837247232,0.0589440788362902,0.412449595658173,0.0092791040809681,0.0738679240602916,0.0738679240602916,1417,VWA1,Q6PCB0,False,0.0,during 40 min,0.073867924060291,0.1831266083945933
prot-ol,OID21422,BLOOD_PROT_OL_DA,blood,prot-ol,group_timepointADUEndur.during_40_min - group_timepointADUEndur.pre_exercise - group_timepointADUControl.during_40_min + group_timepointADUControl.pre_exercise,exercise_with_controls,EE-CON,during_40_min,0.2671833992627,0.135200993983179,0.399165804542222,9.72313457434241e-05,0.0031575310771198,0.0031575310771198,1417,HAVCR1,Q96D42,False,0.0,during 40 min,0.003157531077118628,0.010517314268582592
prot-ol,OID21422,BLOOD_PROT_OL_DA,blood,prot-ol,group_timepointADUEndur.during_20_min - group_timepointADUEndur.pre_exercise - group_timepointADUControl.during_20_min + group_timepointADUControl.pre_exercise,exercise_with_controls,EE-CON,during_20_min,0.206868207484323,0.078018976178073,0.335717438790574,0.0018221717868373,0.063117245388004,0.063117245388004,1417,HAVCR1,Q96D42,False,-20.0,during 20 min,0.06311724538800292,0.0750089003161774
prot-ol,OID21425,BLOOD_PROT_OL_DA,blood,prot-ol,group_timepointADUEndur.during_20_min - group_timepointADUEndur.pre_exercise - group_timepointADUControl.during_20_min + group_timepointADUControl.pre_exercise,exercise_with_controls,EE-CON,during_20_min,0.258578137675454,0.0854168839305312,0.431739391420376,0.0036645759105339,0.0979755484005023,0.0979755484005023,1417,SCLY,Q96I15,False,-20.0,during 20 min,0.09797554840050068,0.11048306521758587
prot-ol,OID21425,BLOOD_PROT_OL_DA,blood,prot-ol,group_timepointADUResist.post_10_min - group_timepointADUResist.pre_exercise - group_timepointADUControl.post_10_min + group_timepointADUControl.pre_exercise,exercise_with_controls,RE-CON,post_10_min,0.286997034131503,0.122118493515472,0.451875574747533,0.0007477373021244,0.0311630516797181,0.031163051679718,1417,SCLY,Q96I15,False,10.0,post 10 min,0.031163051679713966,0.041369039716103666
prot-ol,OID21425,BLOOD_PROT_OL_DA,blood,prot-ol,group_timepointADUEndur.during_40_min - group_timepointADUEndur.pre_exercise - group_timepointADUControl.during_40_min + group_timepointADUControl.pre_exercise,exercise_with_controls,EE-CON,during_40_min,0.29187881183847,0.114503165406733,0.469254458270206,0.0014074184681845,0.0224079996563765,0.0224079996563765,1417,SCLY,Q96I15,False,0.0,during 40 min,0.02240799965637569,0.06371603736157944
prot-ol,OID21429,BLOOD_PROT_OL_DA,blood,prot-ol,group_timepointADUEndur.during_40_min - group_timepointADUEndur.pre_exercise - group_timepointADUControl.during_40_min + group_timepointADUControl.pre_exercise,exercise_with_controls,EE-CON,during_40_min,0.269600446221171,0.144648220830174,0.394552671612167,3.45838358360851e-05,0.0014092159653764,0.0014092159653764,1417,LRIG1,Q96JA1,False,0.0,during 40 min,0.0014092159653764258,0.0048355449792328335
prot-ol,OID21431,BLOOD_PROT_OL_DA,blood,prot-ol,group_timepointADUEndur.post_10_min - group_timepointADUEndur.pre_exercise - group_timepointADUControl.post_10_min + group_timepointADUControl.pre_exercise,exercise_with_controls,EE-CON,post_10_min,0.60307353073626,0.368304282153815,0.837842779318705,1.07065276623367e-06,0.0003792787424382,0.0003792787424382,1417,CAPG,P40121,False,10.0,post 10 min,0.0003792787424382776,0.0004893919257268098
prot-ol,OID21431,BLOOD_PROT_OL_DA,blood,prot-ol,group_timepointADUEndur.during_20_min - group_timepointADUEndur.pre_exercise - group_timepointADUControl.during_20_min + group_timepointADUControl.pre_exercise,exercise_with_controls,EE-CON,during_20_min,0.523431864069594,0.2886626154872,0.758201112651987,1.94063667606113e-05,0.0022915684749821,0.0022915684749821,1417,CAPG,P40121,False,-20.0,during 20 min,0.002291568474982184,0.003372026434659207
prot-ol,OID21431,BLOOD_PROT_OL_DA,blood,prot-ol,group_timepointADUEndur.during_40_min - group_timepointADUEndur.pre_exercise - group_timepointADUControl.during_40_min + group_timepointADUControl.pre_exercise,exercise_with_controls,EE-CON,during_40_min,0.747564984216067,0.507157483391515,0.98797248504062,6.186567652820651e-09,1.75327327280937e-06,1.75327327280937e-06,1417,CAPG,P40121,False,0.0,during 40 min,1.7532732728093726e-06,8.85106443924518e-06
prot-ol,OID21431,BLOOD_PROT_OL_DA,blood,prot-ol,group_timepointADUResist.post_10_min - group_timepointADUResist.pre_exercise - group_timepointADUControl.post_10_min + group_timepointADUControl.pre_exercise,exercise_with_controls,RE-CON,post_10_min,0.460609366314228,0.237095478254754,0.684123254373701,7.36518373995273e-05,0.0066768153565244,0.0066768153565244,1417,CAPG,P40121,False,10.0,post 10 min,0.006676815356524455,0.008743242616750567
prot-ol,OID21431,BLOOD_PROT_OL_DA,blood,prot-ol,group_timepointADUEndur.post_15_30_45_min - group_timepointADUEndur.pre_exercise - group_timepointADUControl.post_15_30_45_min + group_timepointADUControl.pre_exercise,exercise_with_controls,EE-CON,post_15_30_45_min,0.518493903536276,0.279117071910106,0.757870735162447,3.23407336584874e-05,0.0091653639188153,0.0091653639188153,1417,CAPG,P40121,False,30.0,post 30 min,0.009165363918815329,0.004720096111930487
prot-ol,OID21434,BLOOD_PROT_OL_DA,blood,prot-ol,group_timepointADUEndur.during_20_min - group_timepointADUEndur.pre_exercise - group_timepointADUControl.during_20_min + group_timepointADUControl.pre_exercise,exercise_with_controls,EE-CON,during_20_min,1.07697932709387,0.41222880268456,1.74172985150317,0.0016577456307605,0.0602314245842989,0.0602314245842989,1417,APEX1,P27695,False,-20.0,during 20 min,0.060231424584298164,0.07096753954041174
prot-ol,OID21434,BLOOD_PROT_OL_DA,blood,prot-ol,group_timepointADUResist.post_10_min - group_timepointADUResist.pre_exercise - group_timepointADUControl.post_10_min + group_timepointADUControl.pre_exercise,exercise_with_controls,RE-CON,post_10_min,0.971818903927615,0.33938047068634,1.60425733716889,0.0028081337609305,0.0729389081639481,0.0729389081639481,1417,APEX1,P27695,False,10.0,post 10 min,0.0729389081639481,0.09620239685892437
prot-ol,OID21434,BLOOD_PROT_OL_DA,blood,prot-ol,group_timepointADUEndur.during_40_min - group_timepointADUEndur.pre_exercise - group_timepointADUControl.during_40_min + group_timepointADUControl.pre_exercise,exercise_with_controls,EE-CON,during_40_min,1.21570369912318,0.53643827513258,1.89496912311377,0.0005326121054382,0.0106438230487395,0.0106438230487395,1417,APEX1,P27695,False,0.0,during 40 min,0.010643823048739327,0.033909524757045645
prot-ol,OID21435,BLOOD_PROT_OL_DA,blood,prot-ol,group_timepointADUEndur.during_40_min - group_timepointADUEndur.pre_exercise - group_timepointADUControl.during_40_min + group_timepointADUControl.pre_exercise,exercise_with_controls,EE-CON,during_40_min,0.292463926507222,0.0609068634627496,0.524020989551695,0.0136310688921595,0.0887427681484142,0.0887427681484144,1417,CPVL,Q9H3G5,False,0.0,during 40 min,0.08874276814841439,0.21751379076790553
prot-ol,OID21438,BLOOD_PROT_OL_DA,blood,prot-ol,group_timepointADUEndur.during_40_min - group_timepointADUEndur.pre_exercise - group_timepointADUControl.during_40_min + group_timepointADUControl.pre_exercise,exercise_with_controls,EE-CON,during_40_min,0.252844417926081,0.111419876302727,0.394268959549435,0.0005408293997948,0.0106438230487395,0.0106438230487395,1417,GPC1,P35052,False,0.0,during 40 min,0.010643823048739327,0.033909524757045645
prot-ol,OID21440,BLOOD_PROT_OL_DA,blood,prot-ol,group_timepointADUEndur.during_40_min - group_timepointADUEndur.pre_exercise - group_timepointADUControl.during_40_min + group_timepointADUControl.pre_exercise,exercise_with_controls,EE-CON,during_40_min,0.222323036779407,0.0832520351686921,0.361394038390122,0.0019036676146905,0.0280989271876726,0.0280989271876726,1417,F3,P13726,False,0.0,during 40 min,0.028098927187671235,0.07729217793743376
prot-ol,OID21441,BLOOD_PROT_OL_DA,blood,prot-ol,group_timepointADUEndur.during_40_min - group_timepointADUEndur.pre_exercise - group_timepointADUControl.during_40_min + group_timepointADUControl.pre_exercise,exercise_with_controls,EE-CON,during_40_min,0.324639133797908,0.0749333208987976,0.574344946697018,0.0111557431162794,0.0827335882889188,0.0827335882889191,1417,HS6ST1,O60243,False,0.0,during 40 min,0.0827335882889191,0.20147479399915513
prot-ol,OID21443,BLOOD_PROT_OL_DA,blood,prot-ol,group_timepointADUEndur.during_20_min - group_timepointADUEndur.pre_exercise - group_timepointADUControl.during_20_min + group_timepointADUControl.pre_exercise,exercise_with_controls,EE-CON,during_20_min,0.267121008343234,0.127053335444956,0.407188681241511,0.0002323446164059,0.0139393178926027,0.0139393178926027,1417,PRTG,Q2VWP7,False,-20.0,during 20 min,0.013939317892598072,0.01892139778431956
prot-ol,OID21443,BLOOD_PROT_OL_DA,blood,prot-ol,group_timepointADUResist.post_10_min - group_timepointADUResist.pre_exercise - group_timepointADUControl.post_10_min + group_timepointADUControl.pre_exercise,exercise_with_controls,RE-CON,post_10_min,0.198893147388263,0.0655439302582066,0.33224236451832,0.0037039992348438,0.0894445018209454,0.0894445018209454,1417,PRTG,Q2VWP7,False,10.0,post 10 min,0.08944450182094348,0.11143454173617122
prot-ol,OID21443,BLOOD_PROT_OL_DA,blood,prot-ol,group_timepointADUEndur.during_40_min - group_timepointADUEndur.pre_exercise - group_timepointADUControl.during_40_min + group_timepointADUControl.pre_exercise,exercise_with_controls,EE-CON,during_40_min,0.310302881390986,0.166881147854567,0.453724614927405,3.29892466888704e-05,0.0014092159653764,0.0014092159653764,1417,PRTG,Q2VWP7,False,0.0,during 40 min,0.0014092159653764258,0.004721794197790844
prot-ol,OID21444,BLOOD_PROT_OL_DA,blood,prot-ol,group_timepointADUEndur.during_40_min - group_timepointADUEndur.pre_exercise - group_timepointADUControl.during_40_min + group_timepointADUControl.pre_exercise,exercise_with_controls,EE-CON,during_40_min,0.367668951087973,0.153553760801616,0.581784141374329,0.0008761239677178,0.0157147805348879,0.0157147805348879,1417,CCN4,O95388,False,0.0,during 40 min,0.01571478053488763,0.04649691618936789
prot-ol,OID21447,BLOOD_PROT_OL_DA,blood,prot-ol,group_timepointADUEndur.during_40_min - group_timepointADUEndur.pre_exercise - group_timepointADUControl.during_40_min + group_timepointADUControl.pre_exercise,exercise_with_controls,EE-CON,during_40_min,0.240729497336694,0.110350017110762,0.371108977562626,0.0003590532217436,0.0080758478604871,0.0080758478604871,1417,TACSTD2,P09758,False,0.0,during 40 min,0.008075847860487003,0.025826315492927982
prot-ol,OID21448,BLOOD_PROT_OL_DA,blood,prot-ol,group_timepointADUEndur.during_40_min - group_timepointADUEndur.pre_exercise - group_timepointADUControl.during_40_min + group_timepointADUControl.pre_exercise,exercise_with_controls,EE-CON,during_40_min,0.446857190806753,0.104378010016077,0.78933637159743,0.0108641361503674,0.0818855368354821,0.081885536835482,1417,NUCB2,P80303,False,0.0,during 40 min,0.08188553683548196,0.19915240524024072
prot-ol,OID21449,BLOOD_PROT_OL_DA,blood,prot-ol,group_timepointADUEndur.during_20_min - group_timepointADUEndur.pre_exercise - group_timepointADUControl.during_20_min + group_timepointADUControl.pre_exercise,exercise_with_controls,EE-CON,during_20_min,0.277815678590668,0.0920314915236996,0.463599865657636,0.0036191303209709,0.0979755484005023,0.0979755484005023,1417,CD5,P06127,False,-20.0,during 20 min,0.09797554840050068,0.10957922360717447
prot-ol,OID21449,BLOOD_PROT_OL_DA,blood,prot-ol,group_timepointADUEndur.during_40_min - group_timepointADUEndur.pre_exercise - group_timepointADUControl.during_40_min + group_timepointADUControl.pre_exercise,exercise_with_controls,EE-CON,during_40_min,0.374771635247762,0.184521277281996,0.565021993213528,0.000146469711822,0.0040695604245451,0.0040695604245451,1417,CD5,P06127,False,0.0,during 40 min,0.0040695604245445886,0.013744872957071125
prot-ol,OID21454,BLOOD_PROT_OL_DA,blood,prot-ol,group_timepointADUEndur.during_40_min - group_timepointADUEndur.pre_exercise - group_timepointADUControl.during_40_min + group_timepointADUControl.pre_exercise,exercise_with_controls,EE-CON,during_40_min,0.546129039710074,0.28102014038982,0.811237939030328,7.4042986168671e-05,0.002761023984237,0.002761023984237,1417,LEFTY2,O00292,False,0.0,during 40 min,0.002761023984237021,0.008743242616750567
prot-ol,OID21456,BLOOD_PROT_OL_DA,blood,prot-ol,group_timepointADUEndur.during_40_min - group_timepointADUEndur.pre_exercise - group_timepointADUControl.during_40_min + group_timepointADUControl.pre_exercise,exercise_with_controls,EE-CON,during_40_min,0.191184021649989,0.0527505509454232,0.329617492354554,0.0070945472627613,0.064442137636749,0.064442137636749,1417,CRISP2,P16562,False,0.0,during 40 min,0.06444213763674848,0.16116895695534372
prot-ol,OID21457,BLOOD_PROT_OL_DA,blood,prot-ol,group_timepointADUEndur.during_40_min - group_timepointADUEndur.pre_exercise - group_timepointADUControl.during_40_min + group_timepointADUControl.pre_exercise,exercise_with_controls,EE-CON,during_40_min,0.230784902516721,0.0981571033490298,0.363412701684412,0.000750510544241,0.0136342748870458,0.0136342748870458,1417,GFRA1,P56159,False,0.0,during 40 min,0.013634274887044833,0.041369039716103666
prot-ol,OID21458,BLOOD_PROT_OL_DA,blood,prot-ol,group_timepointADUResist.post_10_min - group_timepointADUResist.pre_exercise - group_timepointADUControl.post_10_min + group_timepointADUControl.pre_exercise,exercise_with_controls,RE-CON,post_10_min,0.271885439904222,0.103889676187725,0.439881203620718,0.0016778157646842,0.0532103113173386,0.0532103113173386,1417,NCS1,P62166,False,10.0,post 10 min,0.05321031131733584,0.07151235070761507
prot-ol,OID21458,BLOOD_PROT_OL_DA,blood,prot-ol,group_timepointADUEndur.during_40_min - group_timepointADUEndur.pre_exercise - group_timepointADUControl.during_40_min + group_timepointADUControl.pre_exercise,exercise_with_controls,EE-CON,during_40_min,0.268044662360128,0.0873677462818394,0.448721578438417,0.0038862486330289,0.0437048755000156,0.0437048755000156,1417,NCS1,P62166,False,0.0,during 40 min,0.043704875500015485,0.11401271869569256
prot-ol,OID21460,BLOOD_PROT_OL_DA,blood,prot-ol,group_timepointADUEndur.during_40_min - group_timepointADUEndur.pre_exercise - group_timepointADUControl.during_40_min + group_timepointADUControl.pre_exercise,exercise_with_controls,EE-CON,during_40_min,0.198570486230778,0.0399045178881415,0.357236454573415,0.0144974945150238,0.0908980076450826,0.0908980076450829,1417,DSG3,P32926,False,0.0,during 40 min,0.09089800764508285,0.22305048564374294
prot-ol,OID21461,BLOOD_PROT_OL_DA,blood,prot-ol,group_timepointADUEndur.during_40_min - group_timepointADUEndur.pre_exercise - group_timepointADUControl.during_40_min + group_timepointADUControl.pre_exercise,exercise_with_controls,EE-CON,during_40_min,0.247456560615983,0.0845021208886593,0.410411000343307,0.0031409517268526,0.0376286181250078,0.0376286181250077,1417,SMOC1,Q9H4F8,False,0.0,during 40 min,0.037628618125006674,0.10138333933827186
prot-ol,OID21463,BLOOD_PROT_OL_DA,blood,prot-ol,group_timepointADUResist.post_10_min - group_timepointADUResist.pre_exercise - group_timepointADUControl.post_10_min + group_timepointADUControl.pre_exercise,exercise_with_controls,RE-CON,post_10_min,0.218838090776205,0.0680580089503616,0.369618172602048,0.0047115538922042,0.0996458487351264,0.0996458487351263,1417,ANGPT2,O15123,False,10.0,post 10 min,0.09964584873512464,0.12838984356256444
prot-ol,OID21463,BLOOD_PROT_OL_DA,blood,prot-ol,group_timepointADUEndur.during_40_min - group_timepointADUEndur.pre_exercise - group_timepointADUControl.during_40_min + group_timepointADUControl.pre_exercise,exercise_with_controls,EE-CON,during_40_min,0.401347354572734,0.239155658366588,0.56353905077888,2.46673145712557e-06,0.0002056093220439,0.0002056093220439,1417,ANGPT2,O15123,False,0.0,during 40 min,0.00020560932204393722,0.0008322282082730793
prot-ol,OID21463,BLOOD_PROT_OL_DA,blood,prot-ol,group_timepointADUEndur.post_10_min - group_timepointADUEndur.pre_exercise - group_timepointADUControl.post_10_min + group_timepointADUControl.pre_exercise,exercise_with_controls,EE-CON,post_10_min,0.273103765469231,0.114739546999465,0.431467983938998,0.0008342543888187,0.057578037561428,0.057578037561428,1417,ANGPT2,O15123,False,10.0,post 10 min,0.05757803756142508,0.04511978889145412
prot-ol,OID21463,BLOOD_PROT_OL_DA,blood,prot-ol,group_timepointADUEndur.during_20_min - group_timepointADUEndur.pre_exercise - group_timepointADUControl.during_20_min + group_timepointADUControl.pre_exercise,exercise_with_controls,EE-CON,during_20_min,0.242744241659708,0.0843800231899668,0.401108460129449,0.0028778928254415,0.0832239619112377,0.0832239619112377,1417,ANGPT2,O15123,False,-20.0,during 20 min,0.08322396191123685,0.09709462222977631
prot-ol,OID21464,BLOOD_PROT_OL_DA,blood,prot-ol,group_timepointADUEndur.during_40_min - group_timepointADUEndur.pre_exercise - group_timepointADUControl.during_40_min + group_timepointADUControl.pre_exercise,exercise_with_controls,EE-CON,during_40_min,0.421876649168303,0.22123414377137,0.622519154565235,5.32520477395759e-05,0.0020394095039724,0.0020394095039724,1417,WIF1,Q9Y5W5,False,0.0,during 40 min,0.002039409503972407,0.006798031679908023
prot-ol,OID21468,BLOOD_PROT_OL_DA,blood,prot-ol,group_timepointADUEndur.during_20_min - group_timepointADUEndur.pre_exercise - group_timepointADUControl.during_20_min + group_timepointADUControl.pre_exercise,exercise_with_controls,EE-CON,during_20_min,0.404972403547395,0.20604668750892,0.603898119585871,8.91834660610683e-05,0.0084248647605689,0.0084248647605689,1417,IDUA,P35475,False,-20.0,during 20 min,0.008424864760568918,0.009796354372754555
prot-ol,OID21468,BLOOD_PROT_OL_DA,blood,prot-ol,group_timepointADUResist.post_15_30_45_min - group_timepointADUResist.pre_exercise - group_timepointADUControl.post_15_30_45_min + group_timepointADUControl.pre_exercise,exercise_with_controls,RE-CON,post_15_30_45_min,0.288922222222221,0.102521377584937,0.475323066859505,0.0025865526143103,0.0671399177953971,0.0671399177953972,1417,IDUA,P35475,False,30.0,post 30 min,0.06713991779539617,0.0914001260468253
prot-ol,OID21468,BLOOD_PROT_OL_DA,blood,prot-ol,group_timepointADUResist.post_10_min - group_timepointADUResist.pre_exercise - group_timepointADUControl.post_10_min + group_timepointADUControl.pre_exercise,exercise_with_controls,RE-CON,post_10_min,0.529816217498877,0.340421616709151,0.719210818288604,1.30732957613538e-07,3.70497201876768e-05,3.70497201876767e-05,1417,IDUA,P35475,False,10.0,post 10 min,3.704972018767667e-05,0.00010291588941021297
prot-ol,OID21468,BLOOD_PROT_OL_DA,blood,prot-ol,group_timepointADUEndur.during_40_min - group_timepointADUEndur.pre_exercise - group_timepointADUControl.during_40_min + group_timepointADUControl.pre_exercise,exercise_with_controls,EE-CON,during_40_min,0.382013702050508,0.178293321947029,0.585734082153988,0.0002923083178989,0.0068845800969015,0.0068845800969015,1417,IDUA,P35475,False,0.0,during 40 min,0.0068845800969001905,0.02191539081813446
prot-ol,OID21469,BLOOD_PROT_OL_DA,blood,prot-ol,group_timepointADUEndur.during_40_min - group_timepointADUEndur.pre_exercise - group_timepointADUControl.during_40_min + group_timepointADUControl.pre_exercise,exercise_with_controls,EE-CON,during_40_min,0.365249933236989,0.224956284212981,0.505543582260997,7.847063028934e-07,8.55329870153806e-05,8.55329870153806e-05,1417,CD300LF,Q8TDQ1,False,0.0,during 40 min,8.553298701538061e-05,0.00039711743971426706
prot-ol,OID21469,BLOOD_PROT_OL_DA,blood,prot-ol,group_timepointADUEndur.post_10_min - group_timepointADUEndur.pre_exercise - group_timepointADUControl.post_10_min + group_timepointADUControl.pre_exercise,exercise_with_controls,EE-CON,post_10_min,0.271741740620811,0.134789415485338,0.408694065756283,0.0001316143790114,0.0155414645882694,0.0155414645882694,1417,CD300LF,Q8TDQ1,False,10.0,post 10 min,0.015541464588262817,0.012861901728217502
prot-ol,OID21469,BLOOD_PROT_OL_DA,blood,prot-ol,group_timepointADUEndur.during_20_min - group_timepointADUEndur.pre_exercise - group_timepointADUControl.during_20_min + group_timepointADUControl.pre_exercise,exercise_with_controls,EE-CON,during_20_min,0.255008407287477,0.118056082151943,0.391960732423012,0.0003212603534495,0.0175086892629991,0.0175086892629991,1417,CD300LF,Q8TDQ1,False,-20.0,during 20 min,0.01750868926299775,0.023586835276577282
