assay,feature_id,source_object,tissue,platform,contrast,contrast_type,contrast_category,Timepoint,logFC,CI.L_calculated,CI.R_calculated,p_value,adj_p_value,bh_recomputed,n_features_in_assay,gene_symbol,uniprot,ambiguous_gene,minutes_from_bout_end,sample_time,pooled_primary_plasma_bh
prot-ol,OID20656,BLOOD_PROT_OL_DA,blood,prot-ol,group_timepointADUEndur.post_15_30_45_min - group_timepointADUEndur.pre_exercise - group_timepointADUResist.post_15_30_45_min + group_timepointADUResist.pre_exercise,Endur_vs_Resist,EE-RE,post_15_30_45_min,0.121478526842995,-0.111356413321835,0.354313467007825,0.304384999312957,0.9962271718238,0.9962271718238,1417,HGF,P14210,False,30.0,post 30 min,
prot-ol,OID20656,BLOOD_PROT_OL_DA,blood,prot-ol,group_timepointADUEndur.post_3.5_4_hr - group_timepointADUEndur.pre_exercise - group_timepointADUResist.post_3.5_4_hr + group_timepointADUResist.pre_exercise,Endur_vs_Resist,EE-RE,post_3.5_4_hr,0.136712460501387,-0.177923235433971,0.451348156436744,0.392138762671206,0.988378319957115,0.988378319957115,1417,HGF,P14210,False,210.0,post 3.5 h,
prot-ol,OID20656,BLOOD_PROT_OL_DA,blood,prot-ol,group_timepointADUEndur.post_24_hr - group_timepointADUEndur.pre_exercise - group_timepointADUControl.post_24_hr + group_timepointADUControl.pre_exercise,exercise_with_controls,EE-CON,post_24_hr,-0.0435702247069766,-0.350189439284085,0.263048989870132,0.779365887984085,0.988371872997558,0.988371872997558,1417,HGF,P14210,False,1440.0,post 24 h,0.9287505046390322
prot-ol,OID20656,BLOOD_PROT_OL_DA,blood,prot-ol,group_timepointADUEndur.post_3.5_4_hr - group_timepointADUEndur.pre_exercise - group_timepointADUControl.post_3.5_4_hr + group_timepointADUControl.pre_exercise,exercise_with_controls,EE-CON,post_3.5_4_hr,0.263599854560305,-0.0621843178119034,0.589384026932512,0.112034028986375,0.840104135438625,0.840104135438627,1417,HGF,P14210,False,210.0,post 3.5 h,0.5300134091821189
prot-ol,OID20656,BLOOD_PROT_OL_DA,blood,prot-ol,group_timepointADUEndur.post_15_30_45_min - group_timepointADUEndur.pre_exercise - group_timepointADUControl.post_15_30_45_min + group_timepointADUControl.pre_exercise,exercise_with_controls,EE-CON,post_15_30_45_min,-0.0367353620458932,-0.292146349459677,0.218675625367891,0.776739775027276,0.962475682905248,0.962475682905247,1417,HGF,P14210,False,30.0,post 30 min,0.9279489597956749
prot-ol,OID20656,BLOOD_PROT_OL_DA,blood,prot-ol,group_timepointADUResist.post_15_30_45_min - group_timepointADUResist.pre_exercise - group_timepointADUControl.post_15_30_45_min + group_timepointADUControl.pre_exercise,exercise_with_controls,RE-CON,post_15_30_45_min,-0.158213888888888,-0.392976148644627,0.0765483708668498,0.185094680935333,0.510270744913165,0.510270744913165,1417,HGF,P14210,False,30.0,post 30 min,0.6222604778196876
prot-ol,OID20656,BLOOD_PROT_OL_DA,blood,prot-ol,group_timepointADUEndur.post_10_min - group_timepointADUEndur.pre_exercise - group_timepointADUControl.post_10_min + group_timepointADUControl.pre_exercise,exercise_with_controls,EE-CON,post_10_min,0.237891049373747,-0.012620025705906,0.488402124453401,0.0625577637964192,0.667689336558787,0.667689336558785,1417,HGF,P14210,False,10.0,post 10 min,0.4225094269075944
prot-ol,OID20656,BLOOD_PROT_OL_DA,blood,prot-ol,group_timepointADUEndur.during_20_min - group_timepointADUEndur.pre_exercise - group_timepointADUControl.during_20_min + group_timepointADUControl.pre_exercise,exercise_with_controls,EE-CON,during_20_min,0.280266049373747,0.0297549742941196,0.530777124453375,0.0285625424064752,0.256159003734021,0.256159003734021,1417,HGF,P14210,False,-20.0,during 20 min,0.30132879907235177
prot-ol,OID20656,BLOOD_PROT_OL_DA,blood,prot-ol,group_timepointADUEndur.post_10_min - group_timepointADUEndur.pre_exercise - group_timepointADUResist.post_10_min + group_timepointADUResist.pre_exercise,Endur_vs_Resist,EE-RE,post_10_min,0.154980516138281,-0.076294071425389,0.386255103701951,0.187586760286889,0.504384135344444,0.504384135344443,1417,HGF,P14210,False,10.0,post 10 min,
prot-ol,OID20656,BLOOD_PROT_OL_DA,blood,prot-ol,group_timepointADUEndur.during_40_min - group_timepointADUEndur.pre_exercise - group_timepointADUControl.during_40_min + group_timepointADUControl.pre_exercise,exercise_with_controls,EE-CON,during_40_min,0.473942284384082,0.21747210520655,0.730412463561613,0.0003552574501392,0.0080758478604871,0.0080758478604871,1417,HGF,P14210,False,0.0,during 40 min,0.025683663614655426
prot-ol,OID20656,BLOOD_PROT_OL_DA,blood,prot-ol,group_timepointADUResist.post_3.5_4_hr - group_timepointADUResist.pre_exercise - group_timepointADUControl.post_3.5_4_hr + group_timepointADUControl.pre_exercise,exercise_with_controls,RE-CON,post_3.5_4_hr,0.126887394058918,-0.167213138204145,0.420987926321981,0.395480721805518,0.899512331939677,0.899512331939678,1417,HGF,P14210,False,210.0,post 3.5 h,0.7716755341383177
prot-ol,OID20656,BLOOD_PROT_OL_DA,blood,prot-ol,group_timepointADUResist.post_10_min - group_timepointADUResist.pre_exercise - group_timepointADUControl.post_10_min + group_timepointADUControl.pre_exercise,exercise_with_controls,RE-CON,post_10_min,0.0829105332354664,-0.155571398832238,0.321392465303171,0.493329873929645,0.77193689132264,0.771936891322641,1417,HGF,P14210,False,10.0,post 10 min,0.8175513121731751
prot-ol,OID20656,BLOOD_PROT_OL_DA,blood,prot-ol,group_timepointADUEndur.post_24_hr - group_timepointADUEndur.pre_exercise - group_timepointADUResist.post_24_hr + group_timepointADUResist.pre_exercise,Endur_vs_Resist,EE-RE,post_24_hr,0.102355258456663,-0.200136916791353,0.40484743370468,0.504970452154232,0.845642201323304,0.845642201323304,1417,HGF,P14210,False,1440.0,post 24 h,
prot-ol,OID20656,BLOOD_PROT_OL_DA,blood,prot-ol,group_timepointADUResist.post_24_hr - group_timepointADUResist.pre_exercise - group_timepointADUControl.post_24_hr + group_timepointADUControl.pre_exercise,exercise_with_controls,RE-CON,post_24_hr,-0.14592548316364,-0.447850469766938,0.155999503439658,0.341295561215387,0.646089655631834,0.646089655631835,1417,HGF,P14210,False,1440.0,post 24 h,0.7415583313317112
prot-ol,OID20661,BLOOD_PROT_OL_DA,blood,prot-ol,group_timepointADUResist.post_15_30_45_min - group_timepointADUResist.pre_exercise - group_timepointADUControl.post_15_30_45_min + group_timepointADUControl.pre_exercise,exercise_with_controls,RE-CON,post_15_30_45_min,0.358030555555556,0.221362527721901,0.494698583389211,6.78902530951033e-07,0.0002380227681872,0.0002380227681872,1417,FLT3LG,P49771,False,30.0,post 30 min,0.00038480195454304545
prot-ol,OID20661,BLOOD_PROT_OL_DA,blood,prot-ol,group_timepointADUEndur.post_15_30_45_min - group_timepointADUEndur.pre_exercise - group_timepointADUControl.post_15_30_45_min + group_timepointADUControl.pre_exercise,exercise_with_controls,EE-CON,post_15_30_45_min,0.348819594187265,0.200103556278319,0.49753563209621,7.44861648045047e-06,0.0067664322323883,0.0067664322323883,1417,FLT3LG,P49771,False,30.0,post 30 min,0.0018516999215435642
prot-ol,OID20661,BLOOD_PROT_OL_DA,blood,prot-ol,group_timepointADUEndur.post_24_hr - group_timepointADUEndur.pre_exercise - group_timepointADUControl.post_24_hr + group_timepointADUControl.pre_exercise,exercise_with_controls,EE-CON,post_24_hr,0.0948147179795098,-0.0839177387517583,0.273547174710778,0.296390634497217,0.986437074865836,0.986437074865836,1417,FLT3LG,P49771,False,1440.0,post 24 h,0.7173108951025728
prot-ol,OID20661,BLOOD_PROT_OL_DA,blood,prot-ol,group_timepointADUResist.post_24_hr - group_timepointADUResist.pre_exercise - group_timepointADUControl.post_24_hr + group_timepointADUControl.pre_exercise,exercise_with_controls,RE-CON,post_24_hr,-0.0145390607777071,-0.190628333805912,0.161550212250497,0.870682974380824,0.930435727524606,0.930435727524606,1417,FLT3LG,P49771,False,1440.0,post 24 h,0.9617175398380814
prot-ol,OID20661,BLOOD_PROT_OL_DA,blood,prot-ol,group_timepointADUEndur.post_24_hr - group_timepointADUEndur.pre_exercise - group_timepointADUResist.post_24_hr + group_timepointADUResist.pre_exercise,Endur_vs_Resist,EE-RE,post_24_hr,0.109353778757217,-0.067147883859876,0.28585544137431,0.222929365723982,0.679403229215492,0.679403229215494,1417,FLT3LG,P49771,False,1440.0,post 24 h,
prot-ol,OID20661,BLOOD_PROT_OL_DA,blood,prot-ol,group_timepointADUResist.post_10_min - group_timepointADUResist.pre_exercise - group_timepointADUControl.post_10_min + group_timepointADUControl.pre_exercise,exercise_with_controls,RE-CON,post_10_min,0.484320028864043,0.345458418717602,0.623181639010483,1.22215186583534e-10,1.73178919388867e-07,1.73178919388868e-07,1417,FLT3LG,P49771,False,10.0,post 10 min,5.77263064629559e-07
prot-ol,OID20661,BLOOD_PROT_OL_DA,blood,prot-ol,group_timepointADUEndur.during_20_min - group_timepointADUEndur.pre_exercise - group_timepointADUControl.during_20_min + group_timepointADUControl.pre_exercise,exercise_with_controls,EE-CON,during_20_min,0.302526440053247,0.156675957937453,0.448376922169041,6.64787591744292e-05,0.0067286001250118,0.0067286001250118,1417,FLT3LG,P49771,False,-20.0,during 20 min,0.008191339282623146
prot-ol,OID20661,BLOOD_PROT_OL_DA,blood,prot-ol,group_timepointADUEndur.post_3.5_4_hr - group_timepointADUEndur.pre_exercise - group_timepointADUResist.post_3.5_4_hr + group_timepointADUResist.pre_exercise,Endur_vs_Resist,EE-RE,post_3.5_4_hr,-0.0421502255588465,-0.225634168395207,0.141333717277514,0.650690355773942,0.988378319957115,0.988378319957115,1417,FLT3LG,P49771,False,210.0,post 3.5 h,
prot-ol,OID20661,BLOOD_PROT_OL_DA,blood,prot-ol,group_timepointADUEndur.post_15_30_45_min - group_timepointADUEndur.pre_exercise - group_timepointADUResist.post_15_30_45_min + group_timepointADUResist.pre_exercise,Endur_vs_Resist,EE-RE,post_15_30_45_min,-0.0092109613682911,-0.144786881153467,0.126364958416884,0.893434525928457,0.9962271718238,0.9962271718238,1417,FLT3LG,P49771,False,30.0,post 30 min,
prot-ol,OID20661,BLOOD_PROT_OL_DA,blood,prot-ol,group_timepointADUResist.post_3.5_4_hr - group_timepointADUResist.pre_exercise - group_timepointADUControl.post_3.5_4_hr + group_timepointADUControl.pre_exercise,exercise_with_controls,RE-CON,post_3.5_4_hr,0.101574518569685,-0.0699152909945844,0.273064328133954,0.243856010358002,0.779911521107386,0.779911521107385,1417,FLT3LG,P49771,False,210.0,post 3.5 h,0.6781760630002056
prot-ol,OID20661,BLOOD_PROT_OL_DA,blood,prot-ol,group_timepointADUEndur.post_3.5_4_hr - group_timepointADUEndur.pre_exercise - group_timepointADUControl.post_3.5_4_hr + group_timepointADUControl.pre_exercise,exercise_with_controls,EE-CON,post_3.5_4_hr,0.0594242930108383,-0.130447203624413,0.249295789646089,0.537408221635354,0.889385832772165,0.889385832772164,1417,FLT3LG,P49771,False,210.0,post 3.5 h,0.8364537017325314
prot-ol,OID20661,BLOOD_PROT_OL_DA,blood,prot-ol,group_timepointADUEndur.post_10_min - group_timepointADUEndur.pre_exercise - group_timepointADUControl.post_10_min + group_timepointADUControl.pre_exercise,exercise_with_controls,EE-CON,post_10_min,0.465540725767533,0.319690243651849,0.611391207883216,2.7047611152564704e-09,1.91632325015921e-06,1.91632325015921e-06,1417,FLT3LG,P49771,False,10.0,post 10 min,5.475209286169169e-06
prot-ol,OID20661,BLOOD_PROT_OL_DA,blood,prot-ol,group_timepointADUEndur.post_10_min - group_timepointADUEndur.pre_exercise - group_timepointADUResist.post_10_min + group_timepointADUResist.pre_exercise,Endur_vs_Resist,EE-RE,post_10_min,-0.0187793030965102,-0.153464496399821,0.115905890206801,0.78339519488523,0.963928406772684,0.963928406772684,1417,FLT3LG,P49771,False,10.0,post 10 min,
prot-ol,OID20661,BLOOD_PROT_OL_DA,blood,prot-ol,group_timepointADUEndur.during_40_min - group_timepointADUEndur.pre_exercise - group_timepointADUControl.during_40_min + group_timepointADUControl.pre_exercise,exercise_with_controls,EE-CON,during_40_min,0.513698282231691,0.364334600301934,0.663061964161448,2.04747411953011e-10,9.6709027579139e-08,9.67090275791389e-08,1417,FLT3LG,P49771,False,0.0,during 40 min,5.802541654748332e-07
prot-ol,OID20684,BLOOD_PROT_OL_DA,blood,prot-ol,group_timepointADUEndur.post_24_hr - group_timepointADUEndur.pre_exercise - group_timepointADUResist.post_24_hr + group_timepointADUResist.pre_exercise,Endur_vs_Resist,EE-RE,post_24_hr,-0.372060010914479,-1.77809146623317,1.03397144440421,0.602127863133335,0.893139589004709,0.893139589004709,1417,TIMP3,P35625,False,1440.0,post 24 h,
prot-ol,OID20684,BLOOD_PROT_OL_DA,blood,prot-ol,group_timepointADUEndur.post_24_hr - group_timepointADUEndur.pre_exercise - group_timepointADUControl.post_24_hr + group_timepointADUControl.pre_exercise,exercise_with_controls,EE-CON,post_24_hr,-0.461882867547445,-1.89461348033888,0.97084774524399,0.525368046998779,0.986437074865836,0.986437074865836,1417,TIMP3,P35625,False,1440.0,post 24 h,0.8328884499187809
prot-ol,OID20684,BLOOD_PROT_OL_DA,blood,prot-ol,group_timepointADUEndur.post_10_min - group_timepointADUEndur.pre_exercise - group_timepointADUControl.post_10_min + group_timepointADUControl.pre_exercise,exercise_with_controls,EE-CON,post_10_min,0.384254338641578,-0.79471465539688,1.56322333268004,0.520755998413363,0.876379156474745,0.876379156474745,1417,TIMP3,P35625,False,10.0,post 10 min,0.8307940213372386
prot-ol,OID20684,BLOOD_PROT_OL_DA,blood,prot-ol,group_timepointADUResist.post_10_min - group_timepointADUResist.pre_exercise - group_timepointADUControl.post_10_min + group_timepointADUControl.pre_exercise,exercise_with_controls,RE-CON,post_10_min,1.09818080949521,-0.0235886174763369,2.21995023646675,0.0549569422045144,0.360882884323535,0.360882884323535,1417,TIMP3,P35625,False,10.0,post 10 min,0.39925965687177006
prot-ol,OID20684,BLOOD_PROT_OL_DA,blood,prot-ol,group_timepointADUEndur.post_15_30_45_min - group_timepointADUEndur.pre_exercise - group_timepointADUControl.post_15_30_45_min + group_timepointADUControl.pre_exercise,exercise_with_controls,EE-CON,post_15_30_45_min,0.240150041072958,-0.961395907928264,1.44169599007418,0.693611536569813,0.940642198185969,0.940642198185969,1417,TIMP3,P35625,False,30.0,post 30 min,0.8983952031857303
prot-ol,OID20684,BLOOD_PROT_OL_DA,blood,prot-ol,group_timepointADUEndur.during_40_min - group_timepointADUEndur.pre_exercise - group_timepointADUControl.during_40_min + group_timepointADUControl.pre_exercise,exercise_with_controls,EE-CON,during_40_min,1.67908549983389,0.473986260680496,2.88418473898729,0.0066059514147258,0.0628230413064867,0.0628230413064868,1417,TIMP3,P35625,False,0.0,during 40 min,0.15658922451620846
prot-ol,OID20684,BLOOD_PROT_OL_DA,blood,prot-ol,group_timepointADUResist.post_24_hr - group_timepointADUResist.pre_exercise - group_timepointADUControl.post_24_hr + group_timepointADUControl.pre_exercise,exercise_with_controls,RE-CON,post_24_hr,-0.0898228566329662,-1.49717621826901,1.31753050500308,0.899890016621194,0.949041813817246,0.949041813817246,1417,TIMP3,P35625,False,1440.0,post 24 h,0.9695422750132712
prot-ol,OID20684,BLOOD_PROT_OL_DA,blood,prot-ol,group_timepointADUResist.post_15_30_45_min - group_timepointADUResist.pre_exercise - group_timepointADUControl.post_15_30_45_min + group_timepointADUControl.pre_exercise,exercise_with_controls,RE-CON,post_15_30_45_min,0.255155555555554,-0.850307400734344,1.36061851184545,0.649159262633717,0.829931327353429,0.82993132735343,1417,TIMP3,P35625,False,30.0,post 30 min,0.8819466649144536
prot-ol,OID20684,BLOOD_PROT_OL_DA,blood,prot-ol,group_timepointADUEndur.post_3.5_4_hr - group_timepointADUEndur.pre_exercise - group_timepointADUControl.post_3.5_4_hr + group_timepointADUControl.pre_exercise,exercise_with_controls,EE-CON,post_3.5_4_hr,0.0723923527385115,-1.45096308409997,1.59574778957699,0.92536781888783,0.981301283737311,0.98130128373731,1417,TIMP3,P35625,False,210.0,post 3.5 h,0.9770108034900941
prot-ol,OID20684,BLOOD_PROT_OL_DA,blood,prot-ol,group_timepointADUEndur.post_3.5_4_hr - group_timepointADUEndur.pre_exercise - group_timepointADUResist.post_3.5_4_hr + group_timepointADUResist.pre_exercise,Endur_vs_Resist,EE-RE,post_3.5_4_hr,-0.167715634806237,-1.63449087983239,1.29905961021992,0.82169673230692,0.988378319957115,0.988378319957115,1417,TIMP3,P35625,False,210.0,post 3.5 h,
prot-ol,OID20684,BLOOD_PROT_OL_DA,blood,prot-ol,group_timepointADUResist.post_3.5_4_hr - group_timepointADUResist.pre_exercise - group_timepointADUControl.post_3.5_4_hr + group_timepointADUControl.pre_exercise,exercise_with_controls,RE-CON,post_3.5_4_hr,0.240107987544748,-1.1320567998913,1.6122727749808,0.730201276625324,0.966757852023685,0.966757852023685,1417,TIMP3,P35625,False,210.0,post 3.5 h,0.9096000565266203
prot-ol,OID20684,BLOOD_PROT_OL_DA,blood,prot-ol,group_timepointADUEndur.post_10_min - group_timepointADUEndur.pre_exercise - group_timepointADUResist.post_10_min + group_timepointADUResist.pre_exercise,Endur_vs_Resist,EE-RE,post_10_min,-0.71392647085363,-1.80089069802147,0.373037756314214,0.196492155320179,0.513485736376963,0.513485736376962,1417,TIMP3,P35625,False,10.0,post 10 min,
prot-ol,OID20684,BLOOD_PROT_OL_DA,blood,prot-ol,group_timepointADUEndur.during_20_min - group_timepointADUEndur.pre_exercise - group_timepointADUControl.during_20_min + group_timepointADUControl.pre_exercise,exercise_with_controls,EE-CON,during_20_min,1.01079481483205,-0.168174179206384,2.18976380887049,0.0923750828867331,0.401519915492334,0.401519915492334,1417,TIMP3,P35625,False,-20.0,during 20 min,0.4947153122935593
prot-ol,OID20684,BLOOD_PROT_OL_DA,blood,prot-ol,group_timepointADUEndur.post_15_30_45_min - group_timepointADUEndur.pre_exercise - group_timepointADUResist.post_15_30_45_min + group_timepointADUResist.pre_exercise,Endur_vs_Resist,EE-RE,post_15_30_45_min,-0.015005514482596,-1.1101324966232,1.08012146765801,0.978448239005488,0.9962271718238,0.9962271718238,1417,TIMP3,P35625,False,30.0,post 30 min,
prot-ol,OID20976,BLOOD_PROT_OL_DA,blood,prot-ol,group_timepointADUEndur.post_3.5_4_hr - group_timepointADUEndur.pre_exercise - group_timepointADUResist.post_3.5_4_hr + group_timepointADUResist.pre_exercise,Endur_vs_Resist,EE-RE,post_3.5_4_hr,0.149477635416154,-0.130476551595604,0.429431822427912,0.293278728532048,0.988378319957115,0.988378319957115,1417,CX3CL1,P78423,False,210.0,post 3.5 h,
prot-ol,OID20976,BLOOD_PROT_OL_DA,blood,prot-ol,group_timepointADUResist.post_10_min - group_timepointADUResist.pre_exercise - group_timepointADUControl.post_10_min + group_timepointADUControl.pre_exercise,exercise_with_controls,RE-CON,post_10_min,0.156881651890685,-0.055302138499477,0.369065442280847,0.146200131411415,0.548752985009452,0.548752985009451,1417,CX3CL1,P78423,False,10.0,post 10 min,0.581272688580177
prot-ol,OID20976,BLOOD_PROT_OL_DA,blood,prot-ol,group_timepointADUResist.post_15_30_45_min - group_timepointADUResist.pre_exercise - group_timepointADUControl.post_15_30_45_min + group_timepointADUControl.pre_exercise,exercise_with_controls,RE-CON,post_15_30_45_min,0.115630555555556,-0.0932423416707802,0.324503452781892,0.275901861563517,0.595238737377178,0.595238737377177,1417,CX3CL1,P78423,False,30.0,post 30 min,0.7045155641642836
prot-ol,OID20976,BLOOD_PROT_OL_DA,blood,prot-ol,group_timepointADUResist.post_24_hr - group_timepointADUResist.pre_exercise - group_timepointADUControl.post_24_hr + group_timepointADUControl.pre_exercise,exercise_with_controls,RE-CON,post_24_hr,-0.0641008909414583,-0.332746237802072,0.204544455919155,0.638141945501281,0.791810102255092,0.791810102255092,1417,CX3CL1,P78423,False,1440.0,post 24 h,0.8771434055440055
prot-ol,OID20976,BLOOD_PROT_OL_DA,blood,prot-ol,group_timepointADUEndur.post_24_hr - group_timepointADUEndur.pre_exercise - group_timepointADUControl.post_24_hr + group_timepointADUControl.pre_exercise,exercise_with_controls,EE-CON,post_24_hr,0.149723489062961,-0.1230939787245,0.422540956850422,0.280082705158534,0.986437074865836,0.986437074865836,1417,CX3CL1,P78423,False,1440.0,post 24 h,0.7071958282597784
prot-ol,OID20976,BLOOD_PROT_OL_DA,blood,prot-ol,group_timepointADUResist.post_3.5_4_hr - group_timepointADUResist.pre_exercise - group_timepointADUControl.post_3.5_4_hr + group_timepointADUControl.pre_exercise,exercise_with_controls,RE-CON,post_3.5_4_hr,0.08460704296675,-0.17707452124258,0.346288607176081,0.524065482964744,0.962028136058094,0.962028136058093,1417,CX3CL1,P78423,False,210.0,post 3.5 h,0.832657387471229
prot-ol,OID20976,BLOOD_PROT_OL_DA,blood,prot-ol,group_timepointADUEndur.post_10_min - group_timepointADUEndur.pre_exercise - group_timepointADUControl.post_10_min + group_timepointADUControl.pre_exercise,exercise_with_controls,EE-CON,post_10_min,0.301787118543749,0.0789014454323654,0.524672791655132,0.0082736828351148,0.260529079496838,0.260529079496838,1417,CX3CL1,P78423,False,10.0,post 10 min,0.17291753063949367
prot-ol,OID20976,BLOOD_PROT_OL_DA,blood,prot-ol,group_timepointADUEndur.post_3.5_4_hr - group_timepointADUEndur.pre_exercise - group_timepointADUControl.post_3.5_4_hr + group_timepointADUControl.pre_exercise,exercise_with_controls,EE-CON,post_3.5_4_hr,0.234084678382904,-0.0557834043322433,0.523952761098052,0.112724944829928,0.840104135438625,0.840104135438627,1417,CX3CL1,P78423,False,210.0,post 3.5 h,0.5311980273495442
prot-ol,OID20976,BLOOD_PROT_OL_DA,blood,prot-ol,group_timepointADUEndur.post_10_min - group_timepointADUEndur.pre_exercise - group_timepointADUResist.post_10_min + group_timepointADUResist.pre_exercise,Endur_vs_Resist,EE-RE,post_10_min,0.144905466653064,-0.0608667837020738,0.350677717008202,0.16623699997129,0.472225868893699,0.472225868893697,1417,CX3CL1,P78423,False,10.0,post 10 min,
prot-ol,OID20976,BLOOD_PROT_OL_DA,blood,prot-ol,group_timepointADUEndur.post_24_hr - group_timepointADUEndur.pre_exercise - group_timepointADUResist.post_24_hr + group_timepointADUResist.pre_exercise,Endur_vs_Resist,EE-RE,post_24_hr,0.213824380004419,-0.055329842016727,0.482978602025566,0.118653668147892,0.602624543962593,0.602624543962591,1417,CX3CL1,P78423,False,1440.0,post 24 h,
prot-ol,OID20976,BLOOD_PROT_OL_DA,blood,prot-ol,group_timepointADUEndur.during_40_min - group_timepointADUEndur.pre_exercise - group_timepointADUControl.during_40_min + group_timepointADUControl.pre_exercise,exercise_with_controls,EE-CON,during_40_min,0.560544271107797,0.332354424806367,0.788734117409227,2.88885102950083e-06,0.0002274167727112,0.0002274167727112,1417,CX3CL1,P78423,False,0.0,during 40 min,0.0009519771880936456
prot-ol,OID20976,BLOOD_PROT_OL_DA,blood,prot-ol,group_timepointADUEndur.post_15_30_45_min - group_timepointADUEndur.pre_exercise - group_timepointADUResist.post_15_30_45_min + group_timepointADUResist.pre_exercise,Endur_vs_Resist,EE-RE,post_15_30_45_min,0.112482282466348,-0.0946773449209451,0.319641909853641,0.285187253595827,0.9962271718238,0.9962271718238,1417,CX3CL1,P78423,False,30.0,post 30 min,
prot-ol,OID20976,BLOOD_PROT_OL_DA,blood,prot-ol,group_timepointADUEndur.during_20_min - group_timepointADUEndur.pre_exercise - group_timepointADUControl.during_20_min + group_timepointADUControl.pre_exercise,exercise_with_controls,EE-CON,during_20_min,0.56809068997232,0.345205016860948,0.790976363083693,1.28585302244832e-06,0.0003644107465618,0.0003644107465618,1417,CX3CL1,P78423,False,-20.0,during 20 min,0.0005358981567086087
prot-ol,OID20976,BLOOD_PROT_OL_DA,blood,prot-ol,group_timepointADUEndur.post_15_30_45_min - group_timepointADUEndur.pre_exercise - group_timepointADUControl.post_15_30_45_min + group_timepointADUControl.pre_exercise,exercise_with_controls,EE-CON,post_15_30_45_min,0.228112838021904,0.0008669619263706,0.455358714117436,0.0491427086991057,0.486348189620916,0.486348189620916,1417,CX3CL1,P78423,False,30.0,post 30 min,0.38035181296583764
prot-ol,OID21084,BLOOD_PROT_OL_DA,blood,prot-ol,group_timepointADUEndur.post_15_30_45_min - group_timepointADUEndur.pre_exercise - group_timepointADUResist.post_15_30_45_min + group_timepointADUResist.pre_exercise,Endur_vs_Resist,EE-RE,post_15_30_45_min,-0.203662176298214,-0.521064413140436,0.113740060544007,0.206926822240426,0.9962271718238,0.9962271718238,1417,WARS1,P23381,False,30.0,post 30 min,
prot-ol,OID21084,BLOOD_PROT_OL_DA,blood,prot-ol,group_timepointADUEndur.post_10_min - group_timepointADUEndur.pre_exercise - group_timepointADUResist.post_10_min + group_timepointADUResist.pre_exercise,Endur_vs_Resist,EE-RE,post_10_min,-0.32362608672032,-0.63879570073185,-0.0084564727087885,0.044230234622094,0.226946688510735,0.226946688510735,1417,WARS1,P23381,False,10.0,post 10 min,
prot-ol,OID21084,BLOOD_PROT_OL_DA,blood,prot-ol,group_timepointADUEndur.post_24_hr - group_timepointADUEndur.pre_exercise - group_timepointADUResist.post_24_hr + group_timepointADUResist.pre_exercise,Endur_vs_Resist,EE-RE,post_24_hr,-0.0962193725825142,-0.506428642997179,0.313989897832151,0.643893665743249,0.901507773620712,0.901507773620712,1417,WARS1,P23381,False,1440.0,post 24 h,
prot-ol,OID21084,BLOOD_PROT_OL_DA,blood,prot-ol,group_timepointADUEndur.during_40_min - group_timepointADUEndur.pre_exercise - group_timepointADUControl.during_40_min + group_timepointADUControl.pre_exercise,exercise_with_controls,EE-CON,during_40_min,0.387096700245689,0.0376263135766776,0.736567086914701,0.0301535451984885,0.135725480012219,0.135725480012219,1417,WARS1,P23381,False,0.0,during 40 min,0.30629084979396565
prot-ol,OID21084,BLOOD_PROT_OL_DA,blood,prot-ol,group_timepointADUEndur.post_10_min - group_timepointADUEndur.pre_exercise - group_timepointADUControl.post_10_min + group_timepointADUControl.pre_exercise,exercise_with_controls,EE-CON,post_10_min,0.243202272901016,-0.0983936384510454,0.584798184253078,0.161648207509592,0.719087417037254,0.719087417037255,1417,WARS1,P23381,False,10.0,post 10 min,0.5946409198948955
prot-ol,OID21084,BLOOD_PROT_OL_DA,blood,prot-ol,group_timepointADUEndur.post_3.5_4_hr - group_timepointADUEndur.pre_exercise - group_timepointADUResist.post_3.5_4_hr + group_timepointADUResist.pre_exercise,Endur_vs_Resist,EE-RE,post_3.5_4_hr,-0.0322927393867938,-0.459549479573474,0.394964000799886,0.881551393188282,0.988378319957115,0.988378319957115,1417,WARS1,P23381,False,210.0,post 3.5 h,
prot-ol,OID21084,BLOOD_PROT_OL_DA,blood,prot-ol,group_timepointADUEndur.post_3.5_4_hr - group_timepointADUEndur.pre_exercise - group_timepointADUControl.post_3.5_4_hr + group_timepointADUControl.pre_exercise,exercise_with_controls,EE-CON,post_3.5_4_hr,-0.0267437066228673,-0.469768981817283,0.416281568571548,0.90526370739343,0.974000511295741,0.974000511295741,1417,WARS1,P23381,False,210.0,post 3.5 h,0.9713591318822707
prot-ol,OID21084,BLOOD_PROT_OL_DA,blood,prot-ol,group_timepointADUResist.post_10_min - group_timepointADUResist.pre_exercise - group_timepointADUControl.post_10_min + group_timepointADUControl.pre_exercise,exercise_with_controls,RE-CON,post_10_min,0.566828359621336,0.241715712838675,0.891941006403996,0.0007337048817773,0.0311630516797181,0.031163051679718,1417,WARS1,P23381,False,10.0,post 10 min,0.04077097323444839
prot-ol,OID21084,BLOOD_PROT_OL_DA,blood,prot-ol,group_timepointADUEndur.during_20_min - group_timepointADUEndur.pre_exercise - group_timepointADUControl.during_20_min + group_timepointADUControl.pre_exercise,exercise_with_controls,EE-CON,during_20_min,0.247576082424826,-0.0940198289271941,0.589171993776846,0.154283993677989,0.482228231328123,0.482228231328124,1417,WARS1,P23381,False,-20.0,during 20 min,0.5876701190839403
prot-ol,OID21084,BLOOD_PROT_OL_DA,blood,prot-ol,group_timepointADUResist.post_24_hr - group_timepointADUResist.pre_exercise - group_timepointADUControl.post_24_hr + group_timepointADUControl.pre_exercise,exercise_with_controls,RE-CON,post_24_hr,0.0999797509788462,-0.30995625467045,0.509915756628142,0.630760366608418,0.788382588337726,0.788382588337726,1417,WARS1,P23381,False,1440.0,post 24 h,0.873102905174257
prot-ol,OID21084,BLOOD_PROT_OL_DA,blood,prot-ol,group_timepointADUEndur.post_15_30_45_min - group_timepointADUEndur.pre_exercise - group_timepointADUControl.post_15_30_45_min + group_timepointADUControl.pre_exercise,exercise_with_controls,EE-CON,post_15_30_45_min,0.0231044903684528,-0.325104807686782,0.371313788423688,0.895909425100154,0.971494228208209,0.971494228208209,1417,WARS1,P23381,False,30.0,post 30 min,0.968421432120618
prot-ol,OID21084,BLOOD_PROT_OL_DA,blood,prot-ol,group_timepointADUEndur.post_24_hr - group_timepointADUEndur.pre_exercise - group_timepointADUControl.post_24_hr + group_timepointADUControl.pre_exercise,exercise_with_controls,EE-CON,post_24_hr,0.003760378396332,-0.413048282687914,0.420569039480579,0.985808675280149,0.998993098076371,0.998993098076371,1417,WARS1,P23381,False,1440.0,post 24 h,0.99472398552444
prot-ol,OID21084,BLOOD_PROT_OL_DA,blood,prot-ol,group_timepointADUResist.post_3.5_4_hr - group_timepointADUResist.pre_exercise - group_timepointADUControl.post_3.5_4_hr + group_timepointADUControl.pre_exercise,exercise_with_controls,RE-CON,post_3.5_4_hr,0.0055490327639265,-0.393950048344696,0.40504811387255,0.978153288981484,0.995657979933212,0.995657979933212,1417,WARS1,P23381,False,210.0,post 3.5 h,0.9927492005637737
prot-ol,OID21084,BLOOD_PROT_OL_DA,blood,prot-ol,group_timepointADUResist.post_15_30_45_min - group_timepointADUResist.pre_exercise - group_timepointADUControl.post_15_30_45_min + group_timepointADUControl.pre_exercise,exercise_with_controls,RE-CON,post_15_30_45_min,0.226766666666667,-0.0934327999304305,0.546966133263765,0.163855485736271,0.491913608661645,0.491913608661644,1417,WARS1,P23381,False,30.0,post 30 min,0.59746140674541
prot-ol,OID21130,BLOOD_PROT_OL_DA,blood,prot-ol,group_timepointADUEndur.post_24_hr - group_timepointADUEndur.pre_exercise - group_timepointADUResist.post_24_hr + group_timepointADUResist.pre_exercise,Endur_vs_Resist,EE-RE,post_24_hr,0.214423291175953,-0.171514711808919,0.600361294160825,0.274227050625349,0.714605636074847,0.714605636074847,1417,CD300LG,Q6UXG3,False,1440.0,post 24 h,
prot-ol,OID21130,BLOOD_PROT_OL_DA,blood,prot-ol,group_timepointADUResist.post_15_30_45_min - group_timepointADUResist.pre_exercise - group_timepointADUControl.post_15_30_45_min + group_timepointADUControl.pre_exercise,exercise_with_controls,RE-CON,post_15_30_45_min,0.291544444444445,-0.0083324753095767,0.591421364198466,0.0566334118300651,0.326217660826025,0.326217660826025,1417,CD300LG,Q6UXG3,False,30.0,post 30 min,0.40326404303116703
prot-ol,OID21130,BLOOD_PROT_OL_DA,blood,prot-ol,group_timepointADUResist.post_10_min - group_timepointADUResist.pre_exercise - group_timepointADUControl.post_10_min + group_timepointADUControl.pre_exercise,exercise_with_controls,RE-CON,post_10_min,0.429278075110226,0.124681043487355,0.733875106733098,0.0060296397242046,0.117041088893123,0.117041088893124,1417,CD300LG,Q6UXG3,False,10.0,post 10 min,0.14847328191700962
prot-ol,OID21130,BLOOD_PROT_OL_DA,blood,prot-ol,group_timepointADUEndur.post_3.5_4_hr - group_timepointADUEndur.pre_exercise - group_timepointADUResist.post_3.5_4_hr + group_timepointADUResist.pre_exercise,Endur_vs_Resist,EE-RE,post_3.5_4_hr,0.0656240999351652,-0.335921485436654,0.467169685306985,0.747322683110565,0.988378319957115,0.988378319957115,1417,CD300LG,Q6UXG3,False,210.0,post 3.5 h,
prot-ol,OID21130,BLOOD_PROT_OL_DA,blood,prot-ol,group_timepointADUEndur.during_40_min - group_timepointADUEndur.pre_exercise - group_timepointADUControl.during_40_min + group_timepointADUControl.pre_exercise,exercise_with_controls,EE-CON,during_40_min,0.696145524927104,0.368604866365126,1.02368618348908,4.46446931573771e-05,0.0017572647278889,0.0017572647278889,1417,CD300LG,Q6UXG3,False,0.0,during 40 min,0.0058038101104590225
prot-ol,OID21130,BLOOD_PROT_OL_DA,blood,prot-ol,group_timepointADUResist.post_24_hr - group_timepointADUResist.pre_exercise - group_timepointADUControl.post_24_hr + group_timepointADUControl.pre_exercise,exercise_with_controls,RE-CON,post_24_hr,0.119158590823853,-0.266148947277389,0.504466128925094,0.542265902972274,0.738508270734179,0.738508270734178,1417,CD300LG,Q6UXG3,False,1440.0,post 24 h,0.8378415088780851
prot-ol,OID21130,BLOOD_PROT_OL_DA,blood,prot-ol,group_timepointADUEndur.post_10_min - group_timepointADUEndur.pre_exercise - group_timepointADUResist.post_10_min + group_timepointADUResist.pre_exercise,Endur_vs_Resist,EE-RE,post_10_min,-0.0723249937603486,-0.367693896507942,0.223043908987245,0.6293457701236,0.910100194022906,0.910100194022906,1417,CD300LG,Q6UXG3,False,10.0,post 10 min,
prot-ol,OID21130,BLOOD_PROT_OL_DA,blood,prot-ol,group_timepointADUEndur.post_24_hr - group_timepointADUEndur.pre_exercise - group_timepointADUControl.post_24_hr + group_timepointADUControl.pre_exercise,exercise_with_controls,EE-CON,post_24_hr,0.333581881999806,-0.0578180638854247,0.724981827885036,0.0942986477109647,0.986437074865836,0.986437074865836,1417,CD300LG,Q6UXG3,False,1440.0,post 24 h,0.49861479165282996
prot-ol,OID21130,BLOOD_PROT_OL_DA,blood,prot-ol,group_timepointADUEndur.post_10_min - group_timepointADUEndur.pre_exercise - group_timepointADUControl.post_10_min + group_timepointADUControl.pre_exercise,exercise_with_controls,EE-CON,post_10_min,0.356953081349878,0.0369752155181701,0.676930947181585,0.0290165447706916,0.548992747567227,0.548992747567226,1417,CD300LG,Q6UXG3,False,10.0,post 10 min,0.3038706997267908
prot-ol,OID21130,BLOOD_PROT_OL_DA,blood,prot-ol,group_timepointADUEndur.post_3.5_4_hr - group_timepointADUEndur.pre_exercise - group_timepointADUControl.post_3.5_4_hr + group_timepointADUControl.pre_exercise,exercise_with_controls,EE-CON,post_3.5_4_hr,0.447280210979276,0.0313817171919656,0.863178704766586,0.0352126803066411,0.656531157822506,0.656531157822506,1417,CD300LG,Q6UXG3,False,210.0,post 3.5 h,0.327001702536266
prot-ol,OID21130,BLOOD_PROT_OL_DA,blood,prot-ol,group_timepointADUEndur.post_15_30_45_min - group_timepointADUEndur.pre_exercise - group_timepointADUControl.post_15_30_45_min + group_timepointADUControl.pre_exercise,exercise_with_controls,EE-CON,post_15_30_45_min,0.243673040628145,-0.082549686330473,0.569895767586763,0.14213384127986,0.636749517621995,0.636749517621996,1417,CD300LG,Q6UXG3,False,30.0,post 30 min,0.5778286592336814
prot-ol,OID21130,BLOOD_PROT_OL_DA,blood,prot-ol,group_timepointADUEndur.post_15_30_45_min - group_timepointADUEndur.pre_exercise - group_timepointADUResist.post_15_30_45_min + group_timepointADUResist.pre_exercise,Endur_vs_Resist,EE-RE,post_15_30_45_min,-0.0478714038162996,-0.345253373032413,0.249510565399814,0.75096517423031,0.9962271718238,0.9962271718238,1417,CD300LG,Q6UXG3,False,30.0,post 30 min,
prot-ol,OID21130,BLOOD_PROT_OL_DA,blood,prot-ol,group_timepointADUResist.post_3.5_4_hr - group_timepointADUResist.pre_exercise - group_timepointADUControl.post_3.5_4_hr + group_timepointADUControl.pre_exercise,exercise_with_controls,RE-CON,post_3.5_4_hr,0.381656111044111,0.006295414271841,0.757016807816381,0.0463229180515434,0.323172690648602,0.323172690648602,1417,CD300LG,Q6UXG3,False,210.0,post 3.5 h,0.3710546912325438
prot-ol,OID21130,BLOOD_PROT_OL_DA,blood,prot-ol,group_timepointADUEndur.during_20_min - group_timepointADUEndur.pre_exercise - group_timepointADUControl.during_20_min + group_timepointADUControl.pre_exercise,exercise_with_controls,EE-CON,during_20_min,0.38473403373083,0.0647561678991351,0.704711899562525,0.018754807312214,0.2137560256908,0.2137560256908,1417,CD300LG,Q6UXG3,False,-20.0,during 20 min,0.2512493055503957
prot-ol,OID21157,BLOOD_PROT_OL_DA,blood,prot-ol,group_timepointADUResist.post_3.5_4_hr - group_timepointADUResist.pre_exercise - group_timepointADUControl.post_3.5_4_hr + group_timepointADUControl.pre_exercise,exercise_with_controls,RE-CON,post_3.5_4_hr,0.141483211499888,-0.183987027567161,0.466953450566938,0.391987393965267,0.899022950457036,0.899022950457036,1417,STC2,O76061,False,210.0,post 3.5 h,0.7697424296684914
prot-ol,OID21157,BLOOD_PROT_OL_DA,blood,prot-ol,group_timepointADUEndur.during_20_min - group_timepointADUEndur.pre_exercise - group_timepointADUControl.during_20_min + group_timepointADUControl.pre_exercise,exercise_with_controls,EE-CON,during_20_min,0.262322544504727,-0.0158524977552193,0.540497586764673,0.064388976581853,0.37029704230236,0.37029704230236,1417,STC2,O76061,False,-20.0,during 20 min,0.4297653312128389
prot-ol,OID21157,BLOOD_PROT_OL_DA,blood,prot-ol,group_timepointADUResist.post_15_30_45_min - group_timepointADUResist.pre_exercise - group_timepointADUControl.post_15_30_45_min + group_timepointADUControl.pre_exercise,exercise_with_controls,RE-CON,post_15_30_45_min,0.0650249999999998,-0.195718766623107,0.325768766623106,0.623061304070834,0.818639132407668,0.818639132407668,1417,STC2,O76061,False,30.0,post 30 min,0.8712057431449861
prot-ol,OID21157,BLOOD_PROT_OL_DA,blood,prot-ol,group_timepointADUEndur.during_40_min - group_timepointADUEndur.pre_exercise - group_timepointADUControl.during_40_min + group_timepointADUControl.pre_exercise,exercise_with_controls,EE-CON,during_40_min,0.400327236782249,0.115716717572571,0.684937755991927,0.0061209913435968,0.0601545773101343,0.0601545773101343,1417,STC2,O76061,False,0.0,during 40 min,0.14928476306156052
prot-ol,OID21157,BLOOD_PROT_OL_DA,blood,prot-ol,group_timepointADUEndur.post_10_min - group_timepointADUEndur.pre_exercise - group_timepointADUResist.post_10_min + group_timepointADUResist.pre_exercise,Endur_vs_Resist,EE-RE,post_10_min,-0.0771876267004968,-0.333860429676104,0.17948517627511,0.553456546582675,0.873327312369321,0.873327312369321,1417,STC2,O76061,False,10.0,post 10 min,
prot-ol,OID21157,BLOOD_PROT_OL_DA,blood,prot-ol,group_timepointADUResist.post_10_min - group_timepointADUResist.pre_exercise - group_timepointADUControl.post_10_min + group_timepointADUControl.pre_exercise,exercise_with_controls,RE-CON,post_10_min,0.284536361681414,0.0197771598820774,0.549295563480751,0.035338711832994,0.282005939992857,0.282005939992856,1417,STC2,O76061,False,10.0,post 10 min,0.32716046572565133
prot-ol,OID21157,BLOOD_PROT_OL_DA,blood,prot-ol,group_timepointADUEndur.post_24_hr - group_timepointADUEndur.pre_exercise - group_timepointADUControl.post_24_hr + group_timepointADUControl.pre_exercise,exercise_with_controls,EE-CON,post_24_hr,0.185678821500406,-0.153866927118798,0.525224570119611,0.281849824434204,0.986437074865836,0.986437074865836,1417,STC2,O76061,False,1440.0,post 24 h,0.7076336646120741
prot-ol,OID21157,BLOOD_PROT_OL_DA,blood,prot-ol,group_timepointADUEndur.post_15_30_45_min - group_timepointADUEndur.pre_exercise - group_timepointADUResist.post_15_30_45_min + group_timepointADUResist.pre_exercise,Endur_vs_Resist,EE-RE,post_15_30_45_min,-0.0475490896498805,-0.306030235602103,0.210932056302342,0.716889386387073,0.9962271718238,0.9962271718238,1417,STC2,O76061,False,30.0,post 30 min,
prot-ol,OID21157,BLOOD_PROT_OL_DA,blood,prot-ol,group_timepointADUEndur.post_3.5_4_hr - group_timepointADUEndur.pre_exercise - group_timepointADUResist.post_3.5_4_hr + group_timepointADUResist.pre_exercise,Endur_vs_Resist,EE-RE,post_3.5_4_hr,0.0827536744639065,-0.265344442071768,0.430851790999581,0.639429160632787,0.988378319957115,0.988378319957115,1417,STC2,O76061,False,210.0,post 3.5 h,
prot-ol,OID21157,BLOOD_PROT_OL_DA,blood,prot-ol,group_timepointADUEndur.post_15_30_45_min - group_timepointADUEndur.pre_exercise - group_timepointADUControl.post_15_30_45_min + group_timepointADUControl.pre_exercise,exercise_with_controls,EE-CON,post_15_30_45_min,0.0174759103501193,-0.26609059464995,0.301042415350189,0.903289342394835,0.971494228208209,0.971494228208209,1417,STC2,O76061,False,30.0,post 30 min,0.9707051154644796
prot-ol,OID21157,BLOOD_PROT_OL_DA,blood,prot-ol,group_timepointADUEndur.post_10_min - group_timepointADUEndur.pre_exercise - group_timepointADUControl.post_10_min + group_timepointADUControl.pre_exercise,exercise_with_controls,EE-CON,post_10_min,0.207348734980917,-0.0708263072790511,0.485523777240886,0.142980999373118,0.702356889036487,0.70235688903649,1417,STC2,O76061,False,10.0,post 10 min,0.5782407930202219
prot-ol,OID21157,BLOOD_PROT_OL_DA,blood,prot-ol,group_timepointADUEndur.post_3.5_4_hr - group_timepointADUEndur.pre_exercise - group_timepointADUControl.post_3.5_4_hr + group_timepointADUControl.pre_exercise,exercise_with_controls,EE-CON,post_3.5_4_hr,0.224236885963795,-0.136652119635847,0.585125891563437,0.221641243844441,0.860169181055597,0.860169181055596,1417,STC2,O76061,False,210.0,post 3.5 h,0.6579904209063552
prot-ol,OID21157,BLOOD_PROT_OL_DA,blood,prot-ol,group_timepointADUResist.post_24_hr - group_timepointADUResist.pre_exercise - group_timepointADUControl.post_24_hr + group_timepointADUControl.pre_exercise,exercise_with_controls,RE-CON,post_24_hr,0.0977079551977054,-0.2362815243526,0.431697434748011,0.56432747175959,0.747891214022585,0.747891214022585,1417,STC2,O76061,False,1440.0,post 24 h,0.8460928015274256
prot-ol,OID21157,BLOOD_PROT_OL_DA,blood,prot-ol,group_timepointADUEndur.post_24_hr - group_timepointADUEndur.pre_exercise - group_timepointADUResist.post_24_hr + group_timepointADUResist.pre_exercise,Endur_vs_Resist,EE-RE,post_24_hr,0.0879708663027009,-0.246288355831165,0.422230088436567,0.604045078979411,0.893686875425286,0.893686875425287,1417,STC2,O76061,False,1440.0,post 24 h,
prot-ol,OID21368,BLOOD_PROT_OL_DA,blood,prot-ol,group_timepointADUResist.post_10_min - group_timepointADUResist.pre_exercise - group_timepointADUControl.post_10_min + group_timepointADUControl.pre_exercise,exercise_with_controls,RE-CON,post_10_min,1.01722129935446,0.586601597863919,1.44784100084501,6.49298776855861e-06,0.0010222848520052,0.0010222848520052,1417,CCN1,O00622,False,10.0,post 10 min,0.001689802740933451
prot-ol,OID21368,BLOOD_PROT_OL_DA,blood,prot-ol,group_timepointADUResist.post_15_30_45_min - group_timepointADUResist.pre_exercise - group_timepointADUControl.post_15_30_45_min + group_timepointADUControl.pre_exercise,exercise_with_controls,RE-CON,post_15_30_45_min,0.600252777777778,0.17610035467365,1.02440520088191,0.0058304733201762,0.103245722950892,0.103245722950892,1417,CCN1,O00622,False,30.0,post 30 min,0.14556459616366313
prot-ol,OID21368,BLOOD_PROT_OL_DA,blood,prot-ol,group_timepointADUEndur.post_3.5_4_hr - group_timepointADUEndur.pre_exercise - group_timepointADUResist.post_3.5_4_hr + group_timepointADUResist.pre_exercise,Endur_vs_Resist,EE-RE,post_3.5_4_hr,-0.169748677986595,-0.735214219370046,0.395716863396856,0.554172687410339,0.988378319957115,0.988378319957115,1417,CCN1,O00622,False,210.0,post 3.5 h,
prot-ol,OID21368,BLOOD_PROT_OL_DA,blood,prot-ol,group_timepointADUEndur.post_10_min - group_timepointADUEndur.pre_exercise - group_timepointADUControl.post_10_min + group_timepointADUControl.pre_exercise,exercise_with_controls,EE-CON,post_10_min,0.35181436775415,-0.100658749635121,0.804287485143421,0.126615498579861,0.689092699672228,0.689092699672227,1417,CCN1,O00622,False,10.0,post 10 min,0.5518737664954262
prot-ol,OID21368,BLOOD_PROT_OL_DA,blood,prot-ol,group_timepointADUEndur.during_40_min - group_timepointADUEndur.pre_exercise - group_timepointADUControl.during_40_min + group_timepointADUControl.pre_exercise,exercise_with_controls,EE-CON,during_40_min,0.764203420354736,0.301364752549557,1.22704208815991,0.0013578417632332,0.0221994365010937,0.0221994365010937,1417,CCN1,O00622,False,0.0,during 40 min,0.06294935396817825
prot-ol,OID21368,BLOOD_PROT_OL_DA,blood,prot-ol,group_timepointADUResist.post_24_hr - group_timepointADUResist.pre_exercise - group_timepointADUControl.post_24_hr + group_timepointADUControl.pre_exercise,exercise_with_controls,RE-CON,post_24_hr,0.217588585755968,-0.324947204743294,0.76012437625523,0.429563426260951,0.684451702307248,0.684451702307248,1417,CCN1,O00622,False,1440.0,post 24 h,0.7862795760354918
prot-ol,OID21368,BLOOD_PROT_OL_DA,blood,prot-ol,group_timepointADUEndur.during_20_min - group_timepointADUEndur.pre_exercise - group_timepointADUControl.during_20_min + group_timepointADUControl.pre_exercise,exercise_with_controls,EE-CON,during_20_min,0.566846510611295,0.1143733932221,1.01931962800049,0.0144032066784207,0.196458680448434,0.196458680448435,1417,CCN1,O00622,False,-20.0,during 20 min,0.22208208774017554
prot-ol,OID21368,BLOOD_PROT_OL_DA,blood,prot-ol,group_timepointADUEndur.post_24_hr - group_timepointADUEndur.pre_exercise - group_timepointADUControl.post_24_hr + group_timepointADUControl.pre_exercise,exercise_with_controls,EE-CON,post_24_hr,0.109588280787616,-0.442162453490092,0.661339015065325,0.695422553575705,0.986437074865836,0.986437074865836,1417,CCN1,O00622,False,1440.0,post 24 h,0.8987984712538587
prot-ol,OID21368,BLOOD_PROT_OL_DA,blood,prot-ol,group_timepointADUEndur.post_15_30_45_min - group_timepointADUEndur.pre_exercise - group_timepointADUControl.post_15_30_45_min + group_timepointADUControl.pre_exercise,exercise_with_controls,EE-CON,post_15_30_45_min,0.348421101730577,-0.112795611690577,0.809637815151731,0.13768399606164,0.636749517621995,0.636749517621996,1417,CCN1,O00622,False,30.0,post 30 min,0.5700041787530535
prot-ol,OID21368,BLOOD_PROT_OL_DA,blood,prot-ol,group_timepointADUEndur.post_10_min - group_timepointADUEndur.pre_exercise - group_timepointADUResist.post_10_min + group_timepointADUResist.pre_exercise,Endur_vs_Resist,EE-RE,post_10_min,-0.665406931600312,-1.08282622078876,-0.247987642411863,0.0019607064102017,0.0717932428219786,0.0717932428219785,1417,CCN1,O00622,False,10.0,post 10 min,
prot-ol,OID21368,BLOOD_PROT_OL_DA,blood,prot-ol,group_timepointADUResist.post_3.5_4_hr - group_timepointADUResist.pre_exercise - group_timepointADUControl.post_3.5_4_hr + group_timepointADUControl.pre_exercise,exercise_with_controls,RE-CON,post_3.5_4_hr,0.779155859282715,0.250389215149277,1.30792250341615,0.0041226880513923,0.082279562941169,0.0822795629411689,1417,CCN1,O00622,False,210.0,post 3.5 h,0.1180171508853109
prot-ol,OID21368,BLOOD_PROT_OL_DA,blood,prot-ol,group_timepointADUEndur.post_15_30_45_min - group_timepointADUEndur.pre_exercise - group_timepointADUResist.post_15_30_45_min + group_timepointADUResist.pre_exercise,Endur_vs_Resist,EE-RE,post_15_30_45_min,-0.251831676047201,-0.67223601781323,0.168572665718828,0.238550701610513,0.9962271718238,0.9962271718238,1417,CCN1,O00622,False,30.0,post 30 min,
prot-ol,OID21368,BLOOD_PROT_OL_DA,blood,prot-ol,group_timepointADUEndur.post_24_hr - group_timepointADUEndur.pre_exercise - group_timepointADUResist.post_24_hr + group_timepointADUResist.pre_exercise,Endur_vs_Resist,EE-RE,post_24_hr,-0.108000304968352,-0.650763037669692,0.434762427732989,0.694922437122189,0.917200529511886,0.917200529511887,1417,CCN1,O00622,False,1440.0,post 24 h,
prot-ol,OID21368,BLOOD_PROT_OL_DA,blood,prot-ol,group_timepointADUEndur.post_3.5_4_hr - group_timepointADUEndur.pre_exercise - group_timepointADUControl.post_3.5_4_hr + group_timepointADUControl.pre_exercise,exercise_with_controls,EE-CON,post_3.5_4_hr,0.60940718129612,0.0229151776521311,1.19589918494011,0.0417915562816372,0.677015658434544,0.677015658434544,1417,CCN1,O00622,False,210.0,post 3.5 h,0.35586580240015536
prot-ol,OID21412,BLOOD_PROT_OL_DA,blood,prot-ol,group_timepointADUEndur.post_10_min - group_timepointADUEndur.pre_exercise - group_timepointADUControl.post_10_min + group_timepointADUControl.pre_exercise,exercise_with_controls,EE-CON,post_10_min,0.27031308277654,0.112060924837694,0.428565240715385,0.0009315376885373,0.057578037561428,0.057578037561428,1417,ANGPTL7,O43827,False,10.0,post 10 min,0.047808478841616486
prot-ol,OID21412,BLOOD_PROT_OL_DA,blood,prot-ol,group_timepointADUEndur.post_24_hr - group_timepointADUEndur.pre_exercise - group_timepointADUControl.post_24_hr + group_timepointADUControl.pre_exercise,exercise_with_controls,EE-CON,post_24_hr,0.168369972218039,-0.0255561031719798,0.362296047608057,0.0883491317326112,0.986437074865836,0.986437074865836,1417,ANGPTL7,O43827,False,1440.0,post 24 h,0.48951465022699553
prot-ol,OID21412,BLOOD_PROT_OL_DA,blood,prot-ol,group_timepointADUResist.post_24_hr - group_timepointADUResist.pre_exercise - group_timepointADUControl.post_24_hr + group_timepointADUControl.pre_exercise,exercise_with_controls,RE-CON,post_24_hr,-0.132048454624876,-0.323104857322821,0.0590079480730691,0.174194728287532,0.52629835817363,0.526298358173631,1417,ANGPTL7,O43827,False,1440.0,post 24 h,0.6086997027006942
prot-ol,OID21412,BLOOD_PROT_OL_DA,blood,prot-ol,group_timepointADUEndur.post_3.5_4_hr - group_timepointADUEndur.pre_exercise - group_timepointADUResist.post_3.5_4_hr + group_timepointADUResist.pre_exercise,Endur_vs_Resist,EE-RE,post_3.5_4_hr,0.067738696098208,-0.131341292172927,0.266818684369343,0.502583133650538,0.988378319957115,0.988378319957115,1417,ANGPTL7,O43827,False,210.0,post 3.5 h,
prot-ol,OID21412,BLOOD_PROT_OL_DA,blood,prot-ol,group_timepointADUEndur.post_24_hr - group_timepointADUEndur.pre_exercise - group_timepointADUResist.post_24_hr + group_timepointADUResist.pre_exercise,Endur_vs_Resist,EE-RE,post_24_hr,0.300418426842915,0.108916095641201,0.491920758044628,0.002299054407919,0.296160008729212,0.296160008729212,1417,ANGPTL7,O43827,False,1440.0,post 24 h,
prot-ol,OID21412,BLOOD_PROT_OL_DA,blood,prot-ol,group_timepointADUResist.post_15_30_45_min - group_timepointADUResist.pre_exercise - group_timepointADUControl.post_15_30_45_min + group_timepointADUControl.pre_exercise,exercise_with_controls,RE-CON,post_15_30_45_min,-0.0006305555555555,-0.148919724163355,0.147658613052244,0.993310127632465,0.995417574862236,0.995417574862237,1417,ANGPTL7,O43827,False,30.0,post 30 min,0.9979583457566668
prot-ol,OID21412,BLOOD_PROT_OL_DA,blood,prot-ol,group_timepointADUEndur.during_20_min - group_timepointADUEndur.pre_exercise - group_timepointADUControl.during_20_min + group_timepointADUControl.pre_exercise,exercise_with_controls,EE-CON,during_20_min,0.271245225633683,0.112993067694718,0.429497383572647,0.0008954865388894,0.0384516492608,0.0384516492608,1417,ANGPTL7,O43827,False,-20.0,during 20 min,0.04677929914472816
prot-ol,OID21412,BLOOD_PROT_OL_DA,blood,prot-ol,group_timepointADUResist.post_3.5_4_hr - group_timepointADUResist.pre_exercise - group_timepointADUControl.post_3.5_4_hr + group_timepointADUControl.pre_exercise,exercise_with_controls,RE-CON,post_3.5_4_hr,-0.0758267791502099,-0.261893475552788,0.110239917252369,0.422132358743165,0.918018760633394,0.918018760633395,1417,ANGPTL7,O43827,False,210.0,post 3.5 h,0.784679984702958
prot-ol,OID21412,BLOOD_PROT_OL_DA,blood,prot-ol,group_timepointADUEndur.post_3.5_4_hr - group_timepointADUEndur.pre_exercise - group_timepointADUControl.post_3.5_4_hr + group_timepointADUControl.pre_exercise,exercise_with_controls,EE-CON,post_3.5_4_hr,-0.0080880830520018,-0.214100733027336,0.197924566923332,0.93829649217488,0.984134810815548,0.984134810815548,1417,ANGPTL7,O43827,False,210.0,post 3.5 h,0.9812642415039993
prot-ol,OID21412,BLOOD_PROT_OL_DA,blood,prot-ol,group_timepointADUEndur.post_15_30_45_min - group_timepointADUEndur.pre_exercise - group_timepointADUResist.post_15_30_45_min + group_timepointADUResist.pre_exercise,Endur_vs_Resist,EE-RE,post_15_30_45_min,0.140588885814136,-0.006514742697995,0.287692514326267,0.0609121015519354,0.786761787572816,0.786761787572816,1417,ANGPTL7,O43827,False,30.0,post 30 min,
prot-ol,OID21412,BLOOD_PROT_OL_DA,blood,prot-ol,group_timepointADUEndur.during_40_min - group_timepointADUEndur.pre_exercise - group_timepointADUControl.during_40_min + group_timepointADUControl.pre_exercise,exercise_with_controls,EE-CON,during_40_min,0.468004551137487,0.305941292648134,0.63006780962684,5.53459548512309e-08,1.12036025748849e-05,1.12036025748849e-05,1417,ANGPTL7,O43827,False,0.0,during 40 min,5.601801287442442e-05
prot-ol,OID21412,BLOOD_PROT_OL_DA,blood,prot-ol,group_timepointADUEndur.post_15_30_45_min - group_timepointADUEndur.pre_exercise - group_timepointADUControl.post_15_30_45_min + group_timepointADUControl.pre_exercise,exercise_with_controls,EE-CON,post_15_30_45_min,0.13995833025858,-0.0214027956449961,0.301319456162156,0.0886583498656569,0.571385305515468,0.571385305515468,1417,ANGPTL7,O43827,False,30.0,post 30 min,0.49029444011278794
prot-ol,OID21412,BLOOD_PROT_OL_DA,blood,prot-ol,group_timepointADUEndur.post_10_min - group_timepointADUEndur.pre_exercise - group_timepointADUResist.post_10_min + group_timepointADUResist.pre_exercise,Endur_vs_Resist,EE-RE,post_10_min,0.0389647534259672,-0.107172077766406,0.18510158461834,0.59922178313667,0.898803214955625,0.898803214955624,1417,ANGPTL7,O43827,False,10.0,post 10 min,
prot-ol,OID21412,BLOOD_PROT_OL_DA,blood,prot-ol,group_timepointADUResist.post_10_min - group_timepointADUResist.pre_exercise - group_timepointADUControl.post_10_min + group_timepointADUControl.pre_exercise,exercise_with_controls,RE-CON,post_10_min,0.231348329350573,0.0806795877434595,0.382017070957686,0.0028310797099627,0.0729389081639481,0.0729389081639481,1417,ANGPTL7,O43827,False,10.0,post 10 min,0.09620239685892437
prot-ol,OID21463,BLOOD_PROT_OL_DA,blood,prot-ol,group_timepointADUEndur.post_15_30_45_min - group_timepointADUEndur.pre_exercise - group_timepointADUResist.post_15_30_45_min + group_timepointADUResist.pre_exercise,Endur_vs_Resist,EE-RE,post_15_30_45_min,0.0133968993852764,-0.133816217420296,0.160610016190849,0.857598056412912,0.9962271718238,0.9962271718238,1417,ANGPT2,O15123,False,30.0,post 30 min,
prot-ol,OID21463,BLOOD_PROT_OL_DA,blood,prot-ol,group_timepointADUEndur.post_15_30_45_min - group_timepointADUEndur.pre_exercise - group_timepointADUControl.post_15_30_45_min + group_timepointADUControl.pre_exercise,exercise_with_controls,EE-CON,post_15_30_45_min,0.140666343829721,-0.0208131388792022,0.302145826538644,0.0873013109375501,0.571385305515468,0.571385305515468,1417,ANGPT2,O15123,False,30.0,post 30 min,0.48779951734427635
prot-ol,OID21463,BLOOD_PROT_OL_DA,blood,prot-ol,group_timepointADUResist.post_10_min - group_timepointADUResist.pre_exercise - group_timepointADUControl.post_10_min + group_timepointADUControl.pre_exercise,exercise_with_controls,RE-CON,post_10_min,0.218838090776205,0.0680580089503616,0.369618172602048,0.0047115538922042,0.0996458487351264,0.0996458487351263,1417,ANGPT2,O15123,False,10.0,post 10 min,0.12838984356256444
prot-ol,OID21463,BLOOD_PROT_OL_DA,blood,prot-ol,group_timepointADUResist.post_3.5_4_hr - group_timepointADUResist.pre_exercise - group_timepointADUControl.post_3.5_4_hr + group_timepointADUControl.pre_exercise,exercise_with_controls,RE-CON,post_3.5_4_hr,0.0146938359506507,-0.171585582264974,0.200973254166276,0.876405589030002,0.988881177317023,0.988881177317024,1417,ANGPT2,O15123,False,210.0,post 3.5 h,0.9632002759517574
prot-ol,OID21463,BLOOD_PROT_OL_DA,blood,prot-ol,group_timepointADUEndur.during_40_min - group_timepointADUEndur.pre_exercise - group_timepointADUControl.during_40_min + group_timepointADUControl.pre_exercise,exercise_with_controls,EE-CON,during_40_min,0.401347354572734,0.239155658366588,0.56353905077888,2.46673145712557e-06,0.0002056093220439,0.0002056093220439,1417,ANGPT2,O15123,False,0.0,during 40 min,0.0008322282082730793
prot-ol,OID21463,BLOOD_PROT_OL_DA,blood,prot-ol,group_timepointADUResist.post_24_hr - group_timepointADUResist.pre_exercise - group_timepointADUControl.post_24_hr + group_timepointADUControl.pre_exercise,exercise_with_controls,RE-CON,post_24_hr,0.117218766641274,-0.0740680360174552,0.308505569300004,0.227997148806748,0.565675102288205,0.565675102288206,1417,ANGPT2,O15123,False,1440.0,post 24 h,0.6629837058468334
prot-ol,OID21463,BLOOD_PROT_OL_DA,blood,prot-ol,group_timepointADUEndur.post_3.5_4_hr - group_timepointADUEndur.pre_exercise - group_timepointADUResist.post_3.5_4_hr + group_timepointADUResist.pre_exercise,Endur_vs_Resist,EE-RE,post_3.5_4_hr,0.00734122608151,-0.191972241508441,0.206654693671461,0.942105306993464,0.988378319957115,0.988378319957115,1417,ANGPT2,O15123,False,210.0,post 3.5 h,
prot-ol,OID21463,BLOOD_PROT_OL_DA,blood,prot-ol,group_timepointADUResist.post_15_30_45_min - group_timepointADUResist.pre_exercise - group_timepointADUControl.post_15_30_45_min + group_timepointADUControl.pre_exercise,exercise_with_controls,RE-CON,post_15_30_45_min,0.127269444444444,-0.021120609458615,0.275659498347504,0.0922470055379311,0.400050481672285,0.400050481672285,1417,ANGPT2,O15123,False,30.0,post 30 min,0.4947153122935593
prot-ol,OID21463,BLOOD_PROT_OL_DA,blood,prot-ol,group_timepointADUEndur.post_3.5_4_hr - group_timepointADUEndur.pre_exercise - group_timepointADUControl.post_3.5_4_hr + group_timepointADUControl.pre_exercise,exercise_with_controls,EE-CON,post_3.5_4_hr,0.0220350620321608,-0.184183220548567,0.228253344612889,0.833140332359427,0.955857886985646,0.955857886985646,1417,ANGPT2,O15123,False,210.0,post 3.5 h,0.9488505473021283
prot-ol,OID21463,BLOOD_PROT_OL_DA,blood,prot-ol,group_timepointADUEndur.post_24_hr - group_timepointADUEndur.pre_exercise - group_timepointADUResist.post_24_hr + group_timepointADUResist.pre_exercise,Endur_vs_Resist,EE-RE,post_24_hr,-0.0053606448852056,-0.19711883055907,0.186397540788659,0.956042994580862,0.979546582300131,0.979546582300131,1417,ANGPT2,O15123,False,1440.0,post 24 h,
prot-ol,OID21463,BLOOD_PROT_OL_DA,blood,prot-ol,group_timepointADUEndur.post_10_min - group_timepointADUEndur.pre_exercise - group_timepointADUResist.post_10_min + group_timepointADUResist.pre_exercise,Endur_vs_Resist,EE-RE,post_10_min,0.0542656746930265,-0.0919854445582287,0.200516793944282,0.464769357526649,0.789662085869618,0.789662085869618,1417,ANGPT2,O15123,False,10.0,post 10 min,
prot-ol,OID21463,BLOOD_PROT_OL_DA,blood,prot-ol,group_timepointADUEndur.post_24_hr - group_timepointADUEndur.pre_exercise - group_timepointADUControl.post_24_hr + group_timepointADUControl.pre_exercise,exercise_with_controls,EE-CON,post_24_hr,0.111858121756069,-0.0822714331747264,0.305987676686864,0.256852558459553,0.986437074865836,0.986437074865836,1417,ANGPT2,O15123,False,1440.0,post 24 h,0.6909136237759395
prot-ol,OID21463,BLOOD_PROT_OL_DA,blood,prot-ol,group_timepointADUEndur.post_10_min - group_timepointADUEndur.pre_exercise - group_timepointADUControl.post_10_min + group_timepointADUControl.pre_exercise,exercise_with_controls,EE-CON,post_10_min,0.273103765469231,0.114739546999465,0.431467983938998,0.0008342543888187,0.057578037561428,0.057578037561428,1417,ANGPT2,O15123,False,10.0,post 10 min,0.04511978889145412
prot-ol,OID21463,BLOOD_PROT_OL_DA,blood,prot-ol,group_timepointADUEndur.during_20_min - group_timepointADUEndur.pre_exercise - group_timepointADUControl.during_20_min + group_timepointADUControl.pre_exercise,exercise_with_controls,EE-CON,during_20_min,0.242744241659708,0.0843800231899668,0.401108460129449,0.0028778928254415,0.0832239619112377,0.0832239619112377,1417,ANGPT2,O15123,False,-20.0,during 20 min,0.09709462222977631
transcript-rna-seq,ENSG00000019991.18,BLOOD_TRNSCRPT_DA,blood,transcript-rna-seq,group_timepointADUEndur.during_20_min - group_timepointADUEndur.pre_exercise - group_timepointADUControl.during_20_min + group_timepointADUControl.pre_exercise,exercise_with_controls,EE-CON,during_20_min,-0.36963374961869,-0.680414998433074,-0.058852500804306,0.0198273252083384,0.119460422891051,0.119460422891051,20526,HGF,,False,-20.0,during 20 min,
transcript-rna-seq,ENSG00000019991.18,BLOOD_TRNSCRPT_DA,blood,transcript-rna-seq,group_timepointADUEndur.post_3.5_4_hr - group_timepointADUEndur.pre_exercise - group_timepointADUControl.post_3.5_4_hr + group_timepointADUControl.pre_exercise,exercise_with_controls,EE-CON,post_3.5_4_hr,0.154391033530576,-0.22871641613551,0.537498483196663,0.429045416399119,0.715284780458765,0.715284780458765,20526,HGF,,False,210.0,post 3.5 h,
transcript-rna-seq,ENSG00000019991.18,BLOOD_TRNSCRPT_DA,blood,transcript-rna-seq,group_timepointADUEndur.post_24_hr - group_timepointADUEndur.pre_exercise - group_timepointADUControl.post_24_hr + group_timepointADUControl.pre_exercise,exercise_with_controls,EE-CON,post_24_hr,-0.0456173238293298,-0.406780150652972,0.315545502994312,0.804189370216162,0.999767340976767,0.999767340976767,20526,HGF,,False,1440.0,post 24 h,
transcript-rna-seq,ENSG00000019991.18,BLOOD_TRNSCRPT_DA,blood,transcript-rna-seq,group_timepointADUResist.post_3.5_4_hr - group_timepointADUResist.pre_exercise - group_timepointADUControl.post_3.5_4_hr + group_timepointADUControl.pre_exercise,exercise_with_controls,RE-CON,post_3.5_4_hr,0.0206799787691789,-0.352905704517059,0.394265662055417,0.913478682026962,0.961095308006785,0.961095308006786,20526,HGF,,False,210.0,post 3.5 h,
transcript-rna-seq,ENSG00000019991.18,BLOOD_TRNSCRPT_DA,blood,transcript-rna-seq,group_timepointADUEndur.post_10_min - group_timepointADUEndur.pre_exercise - group_timepointADUResist.post_10_min + group_timepointADUResist.pre_exercise,Endur_vs_Resist,EE-RE,post_10_min,-0.026572868124384,-0.288601710206312,0.235455973957544,0.84220524939917,0.999401701053451,0.99940170105345,20526,HGF,,False,10.0,post 10 min,
transcript-rna-seq,ENSG00000019991.18,BLOOD_TRNSCRPT_DA,blood,transcript-rna-seq,group_timepointADUResist.post_24_hr - group_timepointADUResist.pre_exercise - group_timepointADUControl.post_24_hr + group_timepointADUControl.pre_exercise,exercise_with_controls,RE-CON,post_24_hr,-0.0359709246562596,-0.38437710256803,0.312435253255511,0.839404070057575,0.98381277883969,0.983812778839689,20526,HGF,,False,1440.0,post 24 h,
transcript-rna-seq,ENSG00000019991.18,BLOOD_TRNSCRPT_DA,blood,transcript-rna-seq,group_timepointADUEndur.post_15_30_45_min - group_timepointADUEndur.pre_exercise - group_timepointADUControl.post_15_30_45_min + group_timepointADUControl.pre_exercise,exercise_with_controls,EE-CON,post_15_30_45_min,-0.346863097080721,-0.640752470419186,-0.0529737237422567,0.0207875568010521,0.17838018014147,0.17838018014147,20526,HGF,,False,30.0,post 30 min,
transcript-rna-seq,ENSG00000019991.18,BLOOD_TRNSCRPT_DA,blood,transcript-rna-seq,group_timepointADUResist.post_10_min - group_timepointADUResist.pre_exercise - group_timepointADUControl.post_10_min + group_timepointADUControl.pre_exercise,exercise_with_controls,RE-CON,post_10_min,-0.0468614452525191,-0.354796668711569,0.261073778206531,0.765152117180834,0.92748368933009,0.92748368933009,20526,HGF,,False,10.0,post 10 min,
transcript-rna-seq,ENSG00000019991.18,BLOOD_TRNSCRPT_DA,blood,transcript-rna-seq,group_timepointADUEndur.post_10_min - group_timepointADUEndur.pre_exercise - group_timepointADUControl.post_10_min + group_timepointADUControl.pre_exercise,exercise_with_controls,EE-CON,post_10_min,-0.0734343133769031,-0.386050091253711,0.239181464499905,0.64473743382941,0.901879023790028,0.901879023790029,20526,HGF,,False,10.0,post 10 min,
transcript-rna-seq,ENSG00000019991.18,BLOOD_TRNSCRPT_DA,blood,transcript-rna-seq,group_timepointADUResist.post_15_30_45_min - group_timepointADUResist.pre_exercise - group_timepointADUControl.post_15_30_45_min + group_timepointADUControl.pre_exercise,exercise_with_controls,RE-CON,post_15_30_45_min,-0.378962522786638,-0.665710232507362,-0.0922148130659136,0.0096742484584226,0.0685666192023651,0.0685666192023651,20526,HGF,,False,30.0,post 30 min,
transcript-rna-seq,ENSG00000019991.18,BLOOD_TRNSCRPT_DA,blood,transcript-rna-seq,group_timepointADUEndur.post_24_hr - group_timepointADUEndur.pre_exercise - group_timepointADUResist.post_24_hr + group_timepointADUResist.pre_exercise,Endur_vs_Resist,EE-RE,post_24_hr,-0.0096463991730702,-0.320436329959855,0.301143531613715,0.951420331219638,0.998101488225201,0.998101488225201,20526,HGF,,False,1440.0,post 24 h,
transcript-rna-seq,ENSG00000019991.18,BLOOD_TRNSCRPT_DA,blood,transcript-rna-seq,group_timepointADUEndur.post_3.5_4_hr - group_timepointADUEndur.pre_exercise - group_timepointADUResist.post_3.5_4_hr + group_timepointADUResist.pre_exercise,Endur_vs_Resist,EE-RE,post_3.5_4_hr,0.133711054761397,-0.1861671246958,0.453589234218594,0.412065302584714,0.999699063875898,0.999699063875898,20526,HGF,,False,210.0,post 3.5 h,
transcript-rna-seq,ENSG00000019991.18,BLOOD_TRNSCRPT_DA,blood,transcript-rna-seq,group_timepointADUEndur.post_15_30_45_min - group_timepointADUEndur.pre_exercise - group_timepointADUResist.post_15_30_45_min + group_timepointADUResist.pre_exercise,Endur_vs_Resist,EE-RE,post_15_30_45_min,0.0320994257059166,-0.226495099934144,0.290693951345977,0.807488247282793,0.970715115869555,0.970715115869555,20526,HGF,,False,30.0,post 30 min,
transcript-rna-seq,ENSG00000019991.18,BLOOD_TRNSCRPT_DA,blood,transcript-rna-seq,group_timepointADUEndur.during_40_min - group_timepointADUEndur.pre_exercise - group_timepointADUControl.during_40_min + group_timepointADUControl.pre_exercise,exercise_with_controls,EE-CON,during_40_min,-0.108031833220914,-0.425447614937026,0.209383948495198,0.504133544079643,0.771824056521127,0.771824056521127,20526,HGF,,False,0.0,during 40 min,
transcript-rna-seq,ENSG00000090554.13,BLOOD_TRNSCRPT_DA,blood,transcript-rna-seq,group_timepointADUEndur.post_15_30_45_min - group_timepointADUEndur.pre_exercise - group_timepointADUControl.post_15_30_45_min + group_timepointADUControl.pre_exercise,exercise_with_controls,EE-CON,post_15_30_45_min,-0.129677858721998,-0.256810013199786,-0.0025457042442094,0.0455990725343739,0.266202094095722,0.266202094095722,20526,FLT3LG,,False,30.0,post 30 min,
transcript-rna-seq,ENSG00000090554.13,BLOOD_TRNSCRPT_DA,blood,transcript-rna-seq,group_timepointADUEndur.during_20_min - group_timepointADUEndur.pre_exercise - group_timepointADUControl.during_20_min + group_timepointADUControl.pre_exercise,exercise_with_controls,EE-CON,during_20_min,-0.115006573757026,-0.243126854890629,0.0131137073765771,0.0784280691349849,0.282473161443183,0.282473161443183,20526,FLT3LG,,False,-20.0,during 20 min,
transcript-rna-seq,ENSG00000090554.13,BLOOD_TRNSCRPT_DA,blood,transcript-rna-seq,group_timepointADUResist.post_15_30_45_min - group_timepointADUResist.pre_exercise - group_timepointADUControl.post_15_30_45_min + group_timepointADUControl.pre_exercise,exercise_with_controls,RE-CON,post_15_30_45_min,-0.154057790608942,-0.278249667898684,-0.0298659133191992,0.0151283013991682,0.0914649527302874,0.0914649527302876,20526,FLT3LG,,False,30.0,post 30 min,
transcript-rna-seq,ENSG00000090554.13,BLOOD_TRNSCRPT_DA,blood,transcript-rna-seq,group_timepointADUEndur.post_15_30_45_min - group_timepointADUEndur.pre_exercise - group_timepointADUResist.post_15_30_45_min + group_timepointADUResist.pre_exercise,Endur_vs_Resist,EE-RE,post_15_30_45_min,0.0243799318869442,-0.082389866290607,0.131149730064495,0.654013362326647,0.933549853038194,0.933549853038193,20526,FLT3LG,,False,30.0,post 30 min,
transcript-rna-seq,ENSG00000090554.13,BLOOD_TRNSCRPT_DA,blood,transcript-rna-seq,group_timepointADUEndur.post_10_min - group_timepointADUEndur.pre_exercise - group_timepointADUControl.post_10_min + group_timepointADUControl.pre_exercise,exercise_with_controls,EE-CON,post_10_min,-0.211205661529513,-0.339086811268711,-0.0833245117903162,0.001244518056372,0.0543510162236001,0.0543510162236002,20526,FLT3LG,,False,10.0,post 10 min,
transcript-rna-seq,ENSG00000090554.13,BLOOD_TRNSCRPT_DA,blood,transcript-rna-seq,group_timepointADUEndur.post_10_min - group_timepointADUEndur.pre_exercise - group_timepointADUResist.post_10_min + group_timepointADUResist.pre_exercise,Endur_vs_Resist,EE-RE,post_10_min,-0.0666005531264959,-0.174278776433147,0.0410776701801554,0.224968995637005,0.999401701053451,0.99940170105345,20526,FLT3LG,,False,10.0,post 10 min,
transcript-rna-seq,ENSG00000090554.13,BLOOD_TRNSCRPT_DA,blood,transcript-rna-seq,group_timepointADUEndur.during_40_min - group_timepointADUEndur.pre_exercise - group_timepointADUControl.during_40_min + group_timepointADUControl.pre_exercise,exercise_with_controls,EE-CON,during_40_min,-0.184023411223077,-0.311569428017917,-0.0564773944282367,0.0047556473355231,0.051538763045907,0.051538763045907,20526,FLT3LG,,False,0.0,during 40 min,
transcript-rna-seq,ENSG00000090554.13,BLOOD_TRNSCRPT_DA,blood,transcript-rna-seq,group_timepointADUResist.post_3.5_4_hr - group_timepointADUResist.pre_exercise - group_timepointADUControl.post_3.5_4_hr + group_timepointADUControl.pre_exercise,exercise_with_controls,RE-CON,post_3.5_4_hr,-0.420657889460315,-0.581722919707723,-0.259592859212907,3.87758717060644e-07,1.37939955396651e-05,1.37939955396651e-05,20526,FLT3LG,,False,210.0,post 3.5 h,
transcript-rna-seq,ENSG00000090554.13,BLOOD_TRNSCRPT_DA,blood,transcript-rna-seq,group_timepointADUEndur.post_24_hr - group_timepointADUEndur.pre_exercise - group_timepointADUControl.post_24_hr + group_timepointADUControl.pre_exercise,exercise_with_controls,EE-CON,post_24_hr,-0.0103475533169268,-0.165945573215326,0.145250466581472,0.89613888790384,0.999767340976767,0.999767340976767,20526,FLT3LG,,False,1440.0,post 24 h,
transcript-rna-seq,ENSG00000090554.13,BLOOD_TRNSCRPT_DA,blood,transcript-rna-seq,group_timepointADUEndur.post_24_hr - group_timepointADUEndur.pre_exercise - group_timepointADUResist.post_24_hr + group_timepointADUResist.pre_exercise,Endur_vs_Resist,EE-RE,post_24_hr,0.0479172759255988,-0.0861147584521818,0.181949310303379,0.482914459280256,0.985437411518238,0.985437411518237,20526,FLT3LG,,False,1440.0,post 24 h,
transcript-rna-seq,ENSG00000090554.13,BLOOD_TRNSCRPT_DA,blood,transcript-rna-seq,group_timepointADUResist.post_24_hr - group_timepointADUResist.pre_exercise - group_timepointADUControl.post_24_hr + group_timepointADUControl.pre_exercise,exercise_with_controls,RE-CON,post_24_hr,-0.0582648292425256,-0.208669613203856,0.0921399547188045,0.447107173035866,0.914629664383554,0.914629664383555,20526,FLT3LG,,False,1440.0,post 24 h,
transcript-rna-seq,ENSG00000090554.13,BLOOD_TRNSCRPT_DA,blood,transcript-rna-seq,group_timepointADUResist.post_10_min - group_timepointADUResist.pre_exercise - group_timepointADUControl.post_10_min + group_timepointADUControl.pre_exercise,exercise_with_controls,RE-CON,post_10_min,-0.144605108403018,-0.270117657386028,-0.0190925594200069,0.0240097214063668,0.200824589073791,0.200824589073792,20526,FLT3LG,,False,10.0,post 10 min,
transcript-rna-seq,ENSG00000090554.13,BLOOD_TRNSCRPT_DA,blood,transcript-rna-seq,group_timepointADUEndur.post_3.5_4_hr - group_timepointADUEndur.pre_exercise - group_timepointADUResist.post_3.5_4_hr + group_timepointADUResist.pre_exercise,Endur_vs_Resist,EE-RE,post_3.5_4_hr,0.0477192934860602,-0.093082302649688,0.188520889621808,0.505963521516793,0.999699063875898,0.999699063875898,20526,FLT3LG,,False,210.0,post 3.5 h,
transcript-rna-seq,ENSG00000090554.13,BLOOD_TRNSCRPT_DA,blood,transcript-rna-seq,group_timepointADUEndur.post_3.5_4_hr - group_timepointADUEndur.pre_exercise - group_timepointADUControl.post_3.5_4_hr + group_timepointADUControl.pre_exercise,exercise_with_controls,EE-CON,post_3.5_4_hr,-0.372938595974255,-0.538772664127888,-0.207104527820623,1.1807071065417e-05,0.0006247510234764,0.0006247510234764,20526,FLT3LG,,False,210.0,post 3.5 h,
transcript-rna-seq,ENSG00000091879.14,BLOOD_TRNSCRPT_DA,blood,transcript-rna-seq,group_timepointADUEndur.post_15_30_45_min - group_timepointADUEndur.pre_exercise - group_timepointADUResist.post_15_30_45_min + group_timepointADUResist.pre_exercise,Endur_vs_Resist,EE-RE,post_15_30_45_min,0.598287770054759,-0.295270767187542,1.49184630729706,0.189047036748499,0.706297889811458,0.706297889811459,20526,ANGPT2,,False,30.0,post 30 min,
transcript-rna-seq,ENSG00000091879.14,BLOOD_TRNSCRPT_DA,blood,transcript-rna-seq,group_timepointADUEndur.post_15_30_45_min - group_timepointADUEndur.pre_exercise - group_timepointADUControl.post_15_30_45_min + group_timepointADUControl.pre_exercise,exercise_with_controls,EE-CON,post_15_30_45_min,-0.583403475337601,-1.614737237143,0.447930286467793,0.267059373104291,0.614354561006368,0.614354561006369,20526,ANGPT2,,False,30.0,post 30 min,
transcript-rna-seq,ENSG00000091879.14,BLOOD_TRNSCRPT_DA,blood,transcript-rna-seq,group_timepointADUEndur.post_3.5_4_hr - group_timepointADUEndur.pre_exercise - group_timepointADUControl.post_3.5_4_hr + group_timepointADUControl.pre_exercise,exercise_with_controls,EE-CON,post_3.5_4_hr,-0.965810110162903,-2.25386732438948,0.322247104063672,0.141429084927515,0.405386593663201,0.4053865936632,20526,ANGPT2,,False,210.0,post 3.5 h,
transcript-rna-seq,ENSG00000091879.14,BLOOD_TRNSCRPT_DA,blood,transcript-rna-seq,group_timepointADUEndur.post_10_min - group_timepointADUEndur.pre_exercise - group_timepointADUControl.post_10_min + group_timepointADUControl.pre_exercise,exercise_with_controls,EE-CON,post_10_min,-0.208175012609121,-1.28229641798319,0.865946392764944,0.70364002901347,0.92144320806721,0.92144320806721,20526,ANGPT2,,False,10.0,post 10 min,
transcript-rna-seq,ENSG00000091879.14,BLOOD_TRNSCRPT_DA,blood,transcript-rna-seq,group_timepointADUResist.post_24_hr - group_timepointADUResist.pre_exercise - group_timepointADUControl.post_24_hr + group_timepointADUControl.pre_exercise,exercise_with_controls,RE-CON,post_24_hr,-0.0905851553241104,-1.34374173607566,1.16257142542744,0.887175216755462,0.987178456111415,0.987178456111415,20526,ANGPT2,,False,1440.0,post 24 h,
transcript-rna-seq,ENSG00000091879.14,BLOOD_TRNSCRPT_DA,blood,transcript-rna-seq,group_timepointADUEndur.post_10_min - group_timepointADUEndur.pre_exercise - group_timepointADUResist.post_10_min + group_timepointADUResist.pre_exercise,Endur_vs_Resist,EE-RE,post_10_min,0.442766085997384,-0.471582523659066,1.35711469565383,0.34200822137887,0.999401701053451,0.99940170105345,20526,ANGPT2,,False,10.0,post 10 min,
transcript-rna-seq,ENSG00000091879.14,BLOOD_TRNSCRPT_DA,blood,transcript-rna-seq,group_timepointADUResist.post_3.5_4_hr - group_timepointADUResist.pre_exercise - group_timepointADUControl.post_3.5_4_hr + group_timepointADUControl.pre_exercise,exercise_with_controls,RE-CON,post_3.5_4_hr,-1.50326855883294,-2.73283577733856,-0.273701340327307,0.0166355267537005,0.077499051780857,0.0774990517808571,20526,ANGPT2,,False,210.0,post 3.5 h,
transcript-rna-seq,ENSG00000091879.14,BLOOD_TRNSCRPT_DA,blood,transcript-rna-seq,group_timepointADUResist.post_10_min - group_timepointADUResist.pre_exercise - group_timepointADUControl.post_10_min + group_timepointADUControl.pre_exercise,exercise_with_controls,RE-CON,post_10_min,-0.650941098606505,-1.70556117450903,0.403678977296018,0.225945156963509,0.590229641484603,0.590229641484602,20526,ANGPT2,,False,10.0,post 10 min,
transcript-rna-seq,ENSG00000091879.14,BLOOD_TRNSCRPT_DA,blood,transcript-rna-seq,group_timepointADUEndur.post_24_hr - group_timepointADUEndur.pre_exercise - group_timepointADUResist.post_24_hr + group_timepointADUResist.pre_exercise,Endur_vs_Resist,EE-RE,post_24_hr,0.474206156842461,-0.611549070811368,1.55996138449629,0.391456329599653,0.982985048565961,0.982985048565962,20526,ANGPT2,,False,1440.0,post 24 h,
transcript-rna-seq,ENSG00000091879.14,BLOOD_TRNSCRPT_DA,blood,transcript-rna-seq,group_timepointADUResist.post_15_30_45_min - group_timepointADUResist.pre_exercise - group_timepointADUControl.post_15_30_45_min + group_timepointADUControl.pre_exercise,exercise_with_controls,RE-CON,post_15_30_45_min,-1.18169124539236,-2.1883203601128,-0.175062130671922,0.0214757494829583,0.115850521389541,0.115850521389541,20526,ANGPT2,,False,30.0,post 30 min,
transcript-rna-seq,ENSG00000091879.14,BLOOD_TRNSCRPT_DA,blood,transcript-rna-seq,group_timepointADUEndur.during_40_min - group_timepointADUEndur.pre_exercise - group_timepointADUControl.during_40_min + group_timepointADUControl.pre_exercise,exercise_with_controls,EE-CON,during_40_min,0.344650995648211,-0.74920406185108,1.4385060531475,0.536319974508358,0.793748921822666,0.793748921822666,20526,ANGPT2,,False,0.0,during 40 min,
transcript-rna-seq,ENSG00000091879.14,BLOOD_TRNSCRPT_DA,blood,transcript-rna-seq,group_timepointADUEndur.post_24_hr - group_timepointADUEndur.pre_exercise - group_timepointADUControl.post_24_hr + group_timepointADUControl.pre_exercise,exercise_with_controls,EE-CON,post_24_hr,0.383621001518351,-0.910167856276788,1.67740985931349,0.560624072638286,0.999767340976767,0.999767340976767,20526,ANGPT2,,False,1440.0,post 24 h,
transcript-rna-seq,ENSG00000091879.14,BLOOD_TRNSCRPT_DA,blood,transcript-rna-seq,group_timepointADUEndur.during_20_min - group_timepointADUEndur.pre_exercise - group_timepointADUControl.during_20_min + group_timepointADUControl.pre_exercise,exercise_with_controls,EE-CON,during_20_min,-0.613182947025706,-1.6745215770022,0.448155682950783,0.257001134114622,0.536798007242981,0.536798007242982,20526,ANGPT2,,False,-20.0,during 20 min,
transcript-rna-seq,ENSG00000091879.14,BLOOD_TRNSCRPT_DA,blood,transcript-rna-seq,group_timepointADUEndur.post_3.5_4_hr - group_timepointADUEndur.pre_exercise - group_timepointADUResist.post_3.5_4_hr + group_timepointADUResist.pre_exercise,Endur_vs_Resist,EE-RE,post_3.5_4_hr,0.537458448670032,-0.596833732823054,1.67175063016312,0.352533354135989,0.999699063875898,0.999699063875898,20526,ANGPT2,,False,210.0,post 3.5 h,
transcript-rna-seq,ENSG00000140105.18,BLOOD_TRNSCRPT_DA,blood,transcript-rna-seq,group_timepointADUEndur.post_10_min - group_timepointADUEndur.pre_exercise - group_timepointADUResist.post_10_min + group_timepointADUResist.pre_exercise,Endur_vs_Resist,EE-RE,post_10_min,-0.0908805267464521,-0.179036633112072,-0.0027244203808322,0.0433482103742769,0.988628184602676,0.988628184602675,20526,WARS1,,False,10.0,post 10 min,
transcript-rna-seq,ENSG00000140105.18,BLOOD_TRNSCRPT_DA,blood,transcript-rna-seq,group_timepointADUEndur.during_40_min - group_timepointADUEndur.pre_exercise - group_timepointADUControl.during_40_min + group_timepointADUControl.pre_exercise,exercise_with_controls,EE-CON,during_40_min,0.0168679286000311,-0.0877393793036779,0.12147523650374,0.751605592106645,0.903460447953658,0.903460447953658,20526,WARS1,,False,0.0,during 40 min,
transcript-rna-seq,ENSG00000140105.18,BLOOD_TRNSCRPT_DA,blood,transcript-rna-seq,group_timepointADUResist.post_10_min - group_timepointADUResist.pre_exercise - group_timepointADUControl.post_10_min + group_timepointADUControl.pre_exercise,exercise_with_controls,RE-CON,post_10_min,0.0433246596117733,-0.0599292012155195,0.146578520439066,0.410257438198195,0.743685442285377,0.743685442285376,20526,WARS1,,False,10.0,post 10 min,
transcript-rna-seq,ENSG00000140105.18,BLOOD_TRNSCRPT_DA,blood,transcript-rna-seq,group_timepointADUEndur.post_24_hr - group_timepointADUEndur.pre_exercise - group_timepointADUResist.post_24_hr + group_timepointADUResist.pre_exercise,Endur_vs_Resist,EE-RE,post_24_hr,-0.0303936452789664,-0.140194854417522,0.0794075638595891,0.586919021897991,0.989944183206583,0.989944183206582,20526,WARS1,,False,1440.0,post 24 h,
transcript-rna-seq,ENSG00000140105.18,BLOOD_TRNSCRPT_DA,blood,transcript-rna-seq,group_timepointADUEndur.post_15_30_45_min - group_timepointADUEndur.pre_exercise - group_timepointADUControl.post_15_30_45_min + group_timepointADUControl.pre_exercise,exercise_with_controls,EE-CON,post_15_30_45_min,-0.0365617907016045,-0.140145791601503,0.0670222101982939,0.488469520899826,0.788109211286734,0.788109211286734,20526,WARS1,,False,30.0,post 30 min,
transcript-rna-seq,ENSG00000140105.18,BLOOD_TRNSCRPT_DA,blood,transcript-rna-seq,group_timepointADUResist.post_24_hr - group_timepointADUResist.pre_exercise - group_timepointADUControl.post_24_hr + group_timepointADUControl.pre_exercise,exercise_with_controls,RE-CON,post_24_hr,0.162477620865221,0.0389543465321901,0.286000895198251,0.010019500693933,0.608573881321038,0.60857388132104,20526,WARS1,,False,1440.0,post 24 h,
transcript-rna-seq,ENSG00000140105.18,BLOOD_TRNSCRPT_DA,blood,transcript-rna-seq,group_timepointADUEndur.post_3.5_4_hr - group_timepointADUEndur.pre_exercise - group_timepointADUResist.post_3.5_4_hr + group_timepointADUResist.pre_exercise,Endur_vs_Resist,EE-RE,post_3.5_4_hr,-0.0638188178890635,-0.178103223557254,0.0504655877791275,0.273232785899926,0.999699063875898,0.999699063875898,20526,WARS1,,False,210.0,post 3.5 h,
transcript-rna-seq,ENSG00000140105.18,BLOOD_TRNSCRPT_DA,blood,transcript-rna-seq,group_timepointADUResist.post_15_30_45_min - group_timepointADUResist.pre_exercise - group_timepointADUControl.post_15_30_45_min + group_timepointADUControl.pre_exercise,exercise_with_controls,RE-CON,post_15_30_45_min,0.0900059580218517,-0.011342494189409,0.191354410233112,0.0816515205536058,0.277112948228061,0.277112948228061,20526,WARS1,,False,30.0,post 30 min,
transcript-rna-seq,ENSG00000140105.18,BLOOD_TRNSCRPT_DA,blood,transcript-rna-seq,group_timepointADUEndur.post_15_30_45_min - group_timepointADUEndur.pre_exercise - group_timepointADUResist.post_15_30_45_min + group_timepointADUResist.pre_exercise,Endur_vs_Resist,EE-RE,post_15_30_45_min,-0.126567748723456,-0.213501528077761,-0.0396339693691514,0.0043911703044193,0.216885467111469,0.216885467111469,20526,WARS1,,False,30.0,post 30 min,
transcript-rna-seq,ENSG00000140105.18,BLOOD_TRNSCRPT_DA,blood,transcript-rna-seq,group_timepointADUEndur.during_20_min - group_timepointADUEndur.pre_exercise - group_timepointADUControl.during_20_min + group_timepointADUControl.pre_exercise,exercise_with_controls,EE-CON,during_20_min,-0.0612792992809092,-0.167394449448629,0.04483585088681,0.257209665227228,0.536874737594602,0.536874737594602,20526,WARS1,,False,-20.0,during 20 min,
transcript-rna-seq,ENSG00000140105.18,BLOOD_TRNSCRPT_DA,blood,transcript-rna-seq,group_timepointADUEndur.post_10_min - group_timepointADUEndur.pre_exercise - group_timepointADUControl.post_10_min + group_timepointADUControl.pre_exercise,exercise_with_controls,EE-CON,post_10_min,-0.0475558671346787,-0.152376391907818,0.0572646576384603,0.373299240974214,0.768231423725358,0.768231423725358,20526,WARS1,,False,10.0,post 10 min,
transcript-rna-seq,ENSG00000140105.18,BLOOD_TRNSCRPT_DA,blood,transcript-rna-seq,group_timepointADUResist.post_3.5_4_hr - group_timepointADUResist.pre_exercise - group_timepointADUControl.post_3.5_4_hr + group_timepointADUControl.pre_exercise,exercise_with_controls,RE-CON,post_3.5_4_hr,0.0719434306291102,-0.0606501079060875,0.204536969164308,0.287052106312787,0.534376159457307,0.534376159457307,20526,WARS1,,False,210.0,post 3.5 h,
transcript-rna-seq,ENSG00000140105.18,BLOOD_TRNSCRPT_DA,blood,transcript-rna-seq,group_timepointADUEndur.post_3.5_4_hr - group_timepointADUEndur.pre_exercise - group_timepointADUControl.post_3.5_4_hr + group_timepointADUControl.pre_exercise,exercise_with_controls,EE-CON,post_3.5_4_hr,0.0081246127400467,-0.128430631941344,0.144679857421437,0.907025070614856,0.965524150278693,0.965524150278693,20526,WARS1,,False,210.0,post 3.5 h,
transcript-rna-seq,ENSG00000140105.18,BLOOD_TRNSCRPT_DA,blood,transcript-rna-seq,group_timepointADUEndur.post_24_hr - group_timepointADUEndur.pre_exercise - group_timepointADUControl.post_24_hr + group_timepointADUControl.pre_exercise,exercise_with_controls,EE-CON,post_24_hr,0.132083975586254,0.004546082220589,0.259621868951919,0.0423973397700822,0.999767340976767,0.999767340976767,20526,WARS1,,False,1440.0,post 24 h,
transcript-rna-seq,ENSG00000006210.7,MUSCLE_TRNSCRPT_DA,muscle,transcript-rna-seq,group_timepointADUEndur.post_3.5_4_hr - group_timepointADUEndur.pre_exercise - group_timepointADUResist.post_3.5_4_hr + group_timepointADUResist.pre_exercise,Endur_vs_Resist,EE-RE,post_3.5_4_hr,0.253850856230846,-0.0501551545024975,0.557856866964189,0.101352885430549,0.230314492164202,0.230314492164203,16509,CX3CL1,,False,210.0,post 3.5 h,
transcript-rna-seq,ENSG00000006210.7,MUSCLE_TRNSCRPT_DA,muscle,transcript-rna-seq,group_timepointADUEndur.post_24_hr - group_timepointADUEndur.pre_exercise - group_timepointADUResist.post_24_hr + group_timepointADUResist.pre_exercise,Endur_vs_Resist,EE-RE,post_24_hr,0.299362484737596,0.0146530395874099,0.584071929887782,0.0393923386736167,0.139312137796836,0.139312137796836,16509,CX3CL1,,False,1440.0,post 24 h,
transcript-rna-seq,ENSG00000006210.7,MUSCLE_TRNSCRPT_DA,muscle,transcript-rna-seq,group_timepointADUEndur.post_15_30_45_min - group_timepointADUEndur.pre_exercise - group_timepointADUControl.post_15_30_45_min + group_timepointADUControl.pre_exercise,exercise_with_controls,EE-CON,post_15_30_45_min,3.62605042265678,3.27631629983293,3.97578454548064,3.33198728078686e-57,5.50077780185103e-53,5.50077780185103e-53,16509,CX3CL1,,False,15.0,post 15 min,
transcript-rna-seq,ENSG00000006210.7,MUSCLE_TRNSCRPT_DA,muscle,transcript-rna-seq,group_timepointADUResist.post_15_30_45_min - group_timepointADUResist.pre_exercise - group_timepointADUControl.post_15_30_45_min + group_timepointADUControl.pre_exercise,exercise_with_controls,RE-CON,post_15_30_45_min,2.58539303862504,2.24158143033715,2.92920464691294,7.53441974115981e-37,1.55482169383509e-33,1.55482169383509e-33,16509,CX3CL1,,False,15.0,post 15 min,
transcript-rna-seq,ENSG00000006210.7,MUSCLE_TRNSCRPT_DA,muscle,transcript-rna-seq,group_timepointADUResist.post_3.5_4_hr - group_timepointADUResist.pre_exercise - group_timepointADUControl.post_3.5_4_hr + group_timepointADUControl.pre_exercise,exercise_with_controls,RE-CON,post_3.5_4_hr,0.282633232393965,-0.0853989568127586,0.650665421600689,0.131717809617627,0.251287983210983,0.251287983210982,16509,CX3CL1,,False,210.0,post 3.5 h,
transcript-rna-seq,ENSG00000006210.7,MUSCLE_TRNSCRPT_DA,muscle,transcript-rna-seq,group_timepointADUEndur.post_15_30_45_min - group_timepointADUEndur.pre_exercise - group_timepointADUResist.post_15_30_45_min + group_timepointADUResist.pre_exercise,Endur_vs_Resist,EE-RE,post_15_30_45_min,1.04065738403174,0.795613286980713,1.28570148108277,2.3006903721783304e-15,4.22023303936578e-12,4.22023303936578e-12,16509,CX3CL1,,False,15.0,post 15 min,
transcript-rna-seq,ENSG00000006210.7,MUSCLE_TRNSCRPT_DA,muscle,transcript-rna-seq,group_timepointADUResist.post_24_hr - group_timepointADUResist.pre_exercise - group_timepointADUControl.post_24_hr + group_timepointADUControl.pre_exercise,exercise_with_controls,RE-CON,post_24_hr,-0.171985721380723,-0.50421694395622,0.160245501194775,0.309037376977201,0.54989200867823,0.549892008678229,16509,CX3CL1,,False,1440.0,post 24 h,
transcript-rna-seq,ENSG00000006210.7,MUSCLE_TRNSCRPT_DA,muscle,transcript-rna-seq,group_timepointADUEndur.post_24_hr - group_timepointADUEndur.pre_exercise - group_timepointADUControl.post_24_hr + group_timepointADUControl.pre_exercise,exercise_with_controls,EE-CON,post_24_hr,0.127376763356873,-0.208772736035723,0.463526262749469,0.456328571859426,0.759577317074328,0.759577317074328,16509,CX3CL1,,False,1440.0,post 24 h,
transcript-rna-seq,ENSG00000006210.7,MUSCLE_TRNSCRPT_DA,muscle,transcript-rna-seq,group_timepointADUEndur.post_3.5_4_hr - group_timepointADUEndur.pre_exercise - group_timepointADUControl.post_3.5_4_hr + group_timepointADUControl.pre_exercise,exercise_with_controls,EE-CON,post_3.5_4_hr,0.536484088624811,0.159574205283088,0.913393971966534,0.0054386138456871,0.0416447476708948,0.0416447476708948,16509,CX3CL1,,False,210.0,post 3.5 h,
transcript-rna-seq,ENSG00000019991.18,MUSCLE_TRNSCRPT_DA,muscle,transcript-rna-seq,group_timepointADUEndur.post_3.5_4_hr - group_timepointADUEndur.pre_exercise - group_timepointADUControl.post_3.5_4_hr + group_timepointADUControl.pre_exercise,exercise_with_controls,EE-CON,post_3.5_4_hr,0.739435871418958,0.201185681578876,1.27768606125904,0.0072475628669056,0.0513684807695994,0.0513684807695995,16509,HGF,,False,210.0,post 3.5 h,
transcript-rna-seq,ENSG00000019991.18,MUSCLE_TRNSCRPT_DA,muscle,transcript-rna-seq,group_timepointADUEndur.post_15_30_45_min - group_timepointADUEndur.pre_exercise - group_timepointADUControl.post_15_30_45_min + group_timepointADUControl.pre_exercise,exercise_with_controls,EE-CON,post_15_30_45_min,-0.380236341400516,-0.984551138555258,0.224078455754225,0.216589269882352,0.592783862149826,0.592783862149826,16509,HGF,,False,15.0,post 15 min,
transcript-rna-seq,ENSG00000019991.18,MUSCLE_TRNSCRPT_DA,muscle,transcript-rna-seq,group_timepointADUResist.post_3.5_4_hr - group_timepointADUResist.pre_exercise - group_timepointADUControl.post_3.5_4_hr + group_timepointADUControl.pre_exercise,exercise_with_controls,RE-CON,post_3.5_4_hr,0.515995550876202,-0.0123322095078547,1.04432331126026,0.0555571306932607,0.12905482912833,0.12905482912833,16509,HGF,,False,210.0,post 3.5 h,
transcript-rna-seq,ENSG00000019991.18,MUSCLE_TRNSCRPT_DA,muscle,transcript-rna-seq,group_timepointADUResist.post_24_hr - group_timepointADUResist.pre_exercise - group_timepointADUControl.post_24_hr + group_timepointADUControl.pre_exercise,exercise_with_controls,RE-CON,post_24_hr,-0.112356038436238,-0.657251599899037,0.432539523026561,0.685162343902393,0.845392013115441,0.845392013115441,16509,HGF,,False,1440.0,post 24 h,
transcript-rna-seq,ENSG00000019991.18,MUSCLE_TRNSCRPT_DA,muscle,transcript-rna-seq,group_timepointADUResist.post_15_30_45_min - group_timepointADUResist.pre_exercise - group_timepointADUControl.post_15_30_45_min + group_timepointADUControl.pre_exercise,exercise_with_controls,RE-CON,post_15_30_45_min,-0.158393199490646,-0.722030400864617,0.405244001883325,0.58062156034221,0.852329069898569,0.85232906989857,16509,HGF,,False,15.0,post 15 min,
transcript-rna-seq,ENSG00000019991.18,MUSCLE_TRNSCRPT_DA,muscle,transcript-rna-seq,group_timepointADUEndur.post_15_30_45_min - group_timepointADUEndur.pre_exercise - group_timepointADUResist.post_15_30_45_min + group_timepointADUResist.pre_exercise,Endur_vs_Resist,EE-RE,post_15_30_45_min,-0.22184314190987,-0.734830384707392,0.291144100887652,0.395408647153521,0.888982889262901,0.8889828892629,16509,HGF,,False,15.0,post 15 min,
transcript-rna-seq,ENSG00000019991.18,MUSCLE_TRNSCRPT_DA,muscle,transcript-rna-seq,group_timepointADUEndur.post_24_hr - group_timepointADUEndur.pre_exercise - group_timepointADUControl.post_24_hr + group_timepointADUControl.pre_exercise,exercise_with_controls,EE-CON,post_24_hr,-0.233824453154849,-0.792030524233943,0.324381617924246,0.410389997565778,0.727023121559548,0.727023121559548,16509,HGF,,False,1440.0,post 24 h,
transcript-rna-seq,ENSG00000019991.18,MUSCLE_TRNSCRPT_DA,muscle,transcript-rna-seq,group_timepointADUEndur.post_3.5_4_hr - group_timepointADUEndur.pre_exercise - group_timepointADUResist.post_3.5_4_hr + group_timepointADUResist.pre_exercise,Endur_vs_Resist,EE-RE,post_3.5_4_hr,0.223440320542757,-0.191793125089327,0.63867376617484,0.290559087462038,0.478069881257415,0.478069881257415,16509,HGF,,False,210.0,post 3.5 h,
transcript-rna-seq,ENSG00000019991.18,MUSCLE_TRNSCRPT_DA,muscle,transcript-rna-seq,group_timepointADUEndur.post_24_hr - group_timepointADUEndur.pre_exercise - group_timepointADUResist.post_24_hr + group_timepointADUResist.pre_exercise,Endur_vs_Resist,EE-RE,post_24_hr,-0.121468414718611,-0.590939438963814,0.348002609526593,0.610976581039563,0.800733679244393,0.800733679244394,16509,HGF,,False,1440.0,post 24 h,
transcript-rna-seq,ENSG00000090554.13,MUSCLE_TRNSCRPT_DA,muscle,transcript-rna-seq,group_timepointADUEndur.post_24_hr - group_timepointADUEndur.pre_exercise - group_timepointADUResist.post_24_hr + group_timepointADUResist.pre_exercise,Endur_vs_Resist,EE-RE,post_24_hr,0.125638327701473,-0.0552480737242041,0.306524729127149,0.172634508472665,0.384586318291166,0.384586318291165,16509,FLT3LG,,False,1440.0,post 24 h,
transcript-rna-seq,ENSG00000090554.13,MUSCLE_TRNSCRPT_DA,muscle,transcript-rna-seq,group_timepointADUEndur.post_15_30_45_min - group_timepointADUEndur.pre_exercise - group_timepointADUControl.post_15_30_45_min + group_timepointADUControl.pre_exercise,exercise_with_controls,EE-CON,post_15_30_45_min,-0.0453979846669087,-0.263544356701557,0.17274838736774,0.682376997173664,0.905665635036295,0.905665635036295,16509,FLT3LG,,False,15.0,post 15 min,
transcript-rna-seq,ENSG00000090554.13,MUSCLE_TRNSCRPT_DA,muscle,transcript-rna-seq,group_timepointADUEndur.post_24_hr - group_timepointADUEndur.pre_exercise - group_timepointADUControl.post_24_hr + group_timepointADUControl.pre_exercise,exercise_with_controls,EE-CON,post_24_hr,-0.119287464553806,-0.324626670268263,0.0860517411606505,0.253782232428453,0.591726673364863,0.591726673364863,16509,FLT3LG,,False,1440.0,post 24 h,
transcript-rna-seq,ENSG00000090554.13,MUSCLE_TRNSCRPT_DA,muscle,transcript-rna-seq,group_timepointADUEndur.post_3.5_4_hr - group_timepointADUEndur.pre_exercise - group_timepointADUControl.post_3.5_4_hr + group_timepointADUControl.pre_exercise,exercise_with_controls,EE-CON,post_3.5_4_hr,-0.286799014171715,-0.50925740792203,-0.0643406204214006,0.0116955412568695,0.0733314434522062,0.0733314434522061,16509,FLT3LG,,False,210.0,post 3.5 h,
transcript-rna-seq,ENSG00000090554.13,MUSCLE_TRNSCRPT_DA,muscle,transcript-rna-seq,group_timepointADUResist.post_3.5_4_hr - group_timepointADUResist.pre_exercise - group_timepointADUControl.post_3.5_4_hr + group_timepointADUControl.pre_exercise,exercise_with_controls,RE-CON,post_3.5_4_hr,-0.269914370371833,-0.486665808793964,-0.0531629319497028,0.0148460549440855,0.0447741178428769,0.0447741178428768,16509,FLT3LG,,False,210.0,post 3.5 h,
transcript-rna-seq,ENSG00000090554.13,MUSCLE_TRNSCRPT_DA,muscle,transcript-rna-seq,group_timepointADUResist.post_24_hr - group_timepointADUResist.pre_exercise - group_timepointADUControl.post_24_hr + group_timepointADUControl.pre_exercise,exercise_with_controls,RE-CON,post_24_hr,-0.244925792255279,-0.449363887542414,-0.0404876969681438,0.0190499183315961,0.0796593469443566,0.0796593469443567,16509,FLT3LG,,False,1440.0,post 24 h,
transcript-rna-seq,ENSG00000090554.13,MUSCLE_TRNSCRPT_DA,muscle,transcript-rna-seq,group_timepointADUEndur.post_3.5_4_hr - group_timepointADUEndur.pre_exercise - group_timepointADUResist.post_3.5_4_hr + group_timepointADUResist.pre_exercise,Endur_vs_Resist,EE-RE,post_3.5_4_hr,-0.0168846437998823,-0.208681794735469,0.174912507135705,0.862550598634127,0.924562117627004,0.924562117627004,16509,FLT3LG,,False,210.0,post 3.5 h,
transcript-rna-seq,ENSG00000090554.13,MUSCLE_TRNSCRPT_DA,muscle,transcript-rna-seq,group_timepointADUResist.post_15_30_45_min - group_timepointADUResist.pre_exercise - group_timepointADUControl.post_15_30_45_min + group_timepointADUControl.pre_exercise,exercise_with_controls,RE-CON,post_15_30_45_min,0.0370451482986212,-0.174737297151032,0.248827593748275,0.730856303009734,0.915594681012878,0.915594681012877,16509,FLT3LG,,False,15.0,post 15 min,
transcript-rna-seq,ENSG00000090554.13,MUSCLE_TRNSCRPT_DA,muscle,transcript-rna-seq,group_timepointADUEndur.post_15_30_45_min - group_timepointADUEndur.pre_exercise - group_timepointADUResist.post_15_30_45_min + group_timepointADUResist.pre_exercise,Endur_vs_Resist,EE-RE,post_15_30_45_min,-0.0824431329655299,-0.267432475524031,0.102546209592971,0.381121974117651,0.88251802898656,0.882518028986559,16509,FLT3LG,,False,15.0,post 15 min,
transcript-rna-seq,ENSG00000091879.14,MUSCLE_TRNSCRPT_DA,muscle,transcript-rna-seq,group_timepointADUEndur.post_24_hr - group_timepointADUEndur.pre_exercise - group_timepointADUControl.post_24_hr + group_timepointADUControl.pre_exercise,exercise_with_controls,EE-CON,post_24_hr,-0.158242930673539,-0.471247149698985,0.154761288351906,0.320490914921287,0.652914791346327,0.652914791346326,16509,ANGPT2,,False,1440.0,post 24 h,
transcript-rna-seq,ENSG00000091879.14,MUSCLE_TRNSCRPT_DA,muscle,transcript-rna-seq,group_timepointADUEndur.post_24_hr - group_timepointADUEndur.pre_exercise - group_timepointADUResist.post_24_hr + group_timepointADUResist.pre_exercise,Endur_vs_Resist,EE-RE,post_24_hr,-0.033471186037264,-0.307060596346455,0.240118224271927,0.809848118430367,0.91149322246843,0.91149322246843,16509,ANGPT2,,False,1440.0,post 24 h,
transcript-rna-seq,ENSG00000091879.14,MUSCLE_TRNSCRPT_DA,muscle,transcript-rna-seq,group_timepointADUEndur.post_3.5_4_hr - group_timepointADUEndur.pre_exercise - group_timepointADUResist.post_3.5_4_hr + group_timepointADUResist.pre_exercise,Endur_vs_Resist,EE-RE,post_3.5_4_hr,0.262349808529208,-0.0130423953657112,0.537742012424127,0.0618006187901049,0.160545462723185,0.160545462723185,16509,ANGPT2,,False,210.0,post 3.5 h,
transcript-rna-seq,ENSG00000091879.14,MUSCLE_TRNSCRPT_DA,muscle,transcript-rna-seq,group_timepointADUEndur.post_15_30_45_min - group_timepointADUEndur.pre_exercise - group_timepointADUControl.post_15_30_45_min + group_timepointADUControl.pre_exercise,exercise_with_controls,EE-CON,post_15_30_45_min,0.122527885720519,-0.217474992442758,0.462530763883796,0.478643576084743,0.799871120314104,0.799871120314103,16509,ANGPT2,,False,15.0,post 15 min,
transcript-rna-seq,ENSG00000091879.14,MUSCLE_TRNSCRPT_DA,muscle,transcript-rna-seq,group_timepointADUEndur.post_15_30_45_min - group_timepointADUEndur.pre_exercise - group_timepointADUResist.post_15_30_45_min + group_timepointADUResist.pre_exercise,Endur_vs_Resist,EE-RE,post_15_30_45_min,-0.0558808316406401,-0.348736576683915,0.236974913402635,0.707488366123555,0.965215906851195,0.965215906851195,16509,ANGPT2,,False,15.0,post 15 min,
transcript-rna-seq,ENSG00000091879.14,MUSCLE_TRNSCRPT_DA,muscle,transcript-rna-seq,group_timepointADUEndur.post_3.5_4_hr - group_timepointADUEndur.pre_exercise - group_timepointADUControl.post_3.5_4_hr + group_timepointADUControl.pre_exercise,exercise_with_controls,EE-CON,post_3.5_4_hr,0.717249863099963,0.374850180949217,1.05964954525071,4.93625550817771e-05,0.0009854007519287,0.0009854007519287,16509,ANGPT2,,False,210.0,post 3.5 h,
transcript-rna-seq,ENSG00000091879.14,MUSCLE_TRNSCRPT_DA,muscle,transcript-rna-seq,group_timepointADUResist.post_15_30_45_min - group_timepointADUResist.pre_exercise - group_timepointADUControl.post_15_30_45_min + group_timepointADUControl.pre_exercise,exercise_with_controls,RE-CON,post_15_30_45_min,0.178408717361159,-0.148773873892159,0.505591308614477,0.283977623155311,0.662641212815694,0.662641212815693,16509,ANGPT2,,False,15.0,post 15 min,
transcript-rna-seq,ENSG00000091879.14,MUSCLE_TRNSCRPT_DA,muscle,transcript-rna-seq,group_timepointADUResist.post_3.5_4_hr - group_timepointADUResist.pre_exercise - group_timepointADUControl.post_3.5_4_hr + group_timepointADUControl.pre_exercise,exercise_with_controls,RE-CON,post_3.5_4_hr,0.454900054570755,0.117221642998927,0.792578466142582,0.0084682267910174,0.0280896033941946,0.0280896033941946,16509,ANGPT2,,False,210.0,post 3.5 h,
transcript-rna-seq,ENSG00000091879.14,MUSCLE_TRNSCRPT_DA,muscle,transcript-rna-seq,group_timepointADUResist.post_24_hr - group_timepointADUResist.pre_exercise - group_timepointADUControl.post_24_hr + group_timepointADUControl.pre_exercise,exercise_with_controls,RE-CON,post_24_hr,-0.124771744636275,-0.432094926966525,0.182551437693974,0.424818611999359,0.66051332317738,0.66051332317738,16509,ANGPT2,,False,1440.0,post 24 h,
transcript-rna-seq,ENSG00000100234.12,MUSCLE_TRNSCRPT_DA,muscle,transcript-rna-seq,group_timepointADUResist.post_15_30_45_min - group_timepointADUResist.pre_exercise - group_timepointADUControl.post_15_30_45_min + group_timepointADUControl.pre_exercise,exercise_with_controls,RE-CON,post_15_30_45_min,0.423816430182944,0.185380523869752,0.662252336496136,0.0005453973620216,0.0153389523843538,0.0153389523843538,16509,TIMP3,,False,15.0,post 15 min,
transcript-rna-seq,ENSG00000100234.12,MUSCLE_TRNSCRPT_DA,muscle,transcript-rna-seq,group_timepointADUEndur.post_15_30_45_min - group_timepointADUEndur.pre_exercise - group_timepointADUResist.post_15_30_45_min + group_timepointADUResist.pre_exercise,Endur_vs_Resist,EE-RE,post_15_30_45_min,-0.109478079908203,-0.316273218774648,0.0973170589582419,0.298232723587381,0.848064628594652,0.848064628594652,16509,TIMP3,,False,15.0,post 15 min,
transcript-rna-seq,ENSG00000100234.12,MUSCLE_TRNSCRPT_DA,muscle,transcript-rna-seq,group_timepointADUEndur.post_3.5_4_hr - group_timepointADUEndur.pre_exercise - group_timepointADUResist.post_3.5_4_hr + group_timepointADUResist.pre_exercise,Endur_vs_Resist,EE-RE,post_3.5_4_hr,-0.211153211779724,-0.420959678125591,-0.0013467454338571,0.0485573108691607,0.134728175653609,0.134728175653609,16509,TIMP3,,False,210.0,post 3.5 h,
transcript-rna-seq,ENSG00000100234.12,MUSCLE_TRNSCRPT_DA,muscle,transcript-rna-seq,group_timepointADUEndur.post_15_30_45_min - group_timepointADUEndur.pre_exercise - group_timepointADUControl.post_15_30_45_min + group_timepointADUControl.pre_exercise,exercise_with_controls,EE-CON,post_15_30_45_min,0.314338350274741,0.0685394845771488,0.560137215972333,0.0123884409252801,0.132547486218697,0.132547486218697,16509,TIMP3,,False,15.0,post 15 min,
transcript-rna-seq,ENSG00000100234.12,MUSCLE_TRNSCRPT_DA,muscle,transcript-rna-seq,group_timepointADUResist.post_3.5_4_hr - group_timepointADUResist.pre_exercise - group_timepointADUControl.post_3.5_4_hr + group_timepointADUControl.pre_exercise,exercise_with_controls,RE-CON,post_3.5_4_hr,0.612450498712255,0.365473879340856,0.859427118083653,1.78457549455527e-06,1.72795054777789e-05,1.72795054777789e-05,16509,TIMP3,,False,210.0,post 3.5 h,
transcript-rna-seq,ENSG00000100234.12,MUSCLE_TRNSCRPT_DA,muscle,transcript-rna-seq,group_timepointADUEndur.post_24_hr - group_timepointADUEndur.pre_exercise - group_timepointADUControl.post_24_hr + group_timepointADUControl.pre_exercise,exercise_with_controls,EE-CON,post_24_hr,0.149600109581336,-0.0906264648250468,0.38982668398772,0.221249490566017,0.554386069860823,0.554386069860823,16509,TIMP3,,False,1440.0,post 24 h,
transcript-rna-seq,ENSG00000100234.12,MUSCLE_TRNSCRPT_DA,muscle,transcript-rna-seq,group_timepointADUEndur.post_24_hr - group_timepointADUEndur.pre_exercise - group_timepointADUResist.post_24_hr + group_timepointADUResist.pre_exercise,Endur_vs_Resist,EE-RE,post_24_hr,-0.0665917794590305,-0.265443909778227,0.132260350860166,0.510250127362303,0.729073857765645,0.729073857765645,16509,TIMP3,,False,1440.0,post 24 h,
transcript-rna-seq,ENSG00000100234.12,MUSCLE_TRNSCRPT_DA,muscle,transcript-rna-seq,group_timepointADUEndur.post_3.5_4_hr - group_timepointADUEndur.pre_exercise - group_timepointADUControl.post_3.5_4_hr + group_timepointADUControl.pre_exercise,exercise_with_controls,EE-CON,post_3.5_4_hr,0.401297286932531,0.143536034869339,0.659058538995722,0.0023922219200108,0.0226290675176019,0.0226290675176018,16509,TIMP3,,False,210.0,post 3.5 h,
transcript-rna-seq,ENSG00000100234.12,MUSCLE_TRNSCRPT_DA,muscle,transcript-rna-seq,group_timepointADUResist.post_24_hr - group_timepointADUResist.pre_exercise - group_timepointADUControl.post_24_hr + group_timepointADUControl.pre_exercise,exercise_with_controls,RE-CON,post_24_hr,0.216191889040367,-0.0192978627722888,0.451681640853023,0.0718031744572004,0.210214330043256,0.210214330043256,16509,TIMP3,,False,1440.0,post 24 h,
transcript-rna-seq,ENSG00000113739.11,MUSCLE_TRNSCRPT_DA,muscle,transcript-rna-seq,group_timepointADUEndur.post_15_30_45_min - group_timepointADUEndur.pre_exercise - group_timepointADUResist.post_15_30_45_min + group_timepointADUResist.pre_exercise,Endur_vs_Resist,EE-RE,post_15_30_45_min,0.14848834466658,-0.267423675147907,0.564400364481067,0.482851567304431,0.916863295163441,0.916863295163441,16509,STC2,,False,15.0,post 15 min,
transcript-rna-seq,ENSG00000113739.11,MUSCLE_TRNSCRPT_DA,muscle,transcript-rna-seq,group_timepointADUEndur.post_24_hr - group_timepointADUEndur.pre_exercise - group_timepointADUResist.post_24_hr + group_timepointADUResist.pre_exercise,Endur_vs_Resist,EE-RE,post_24_hr,-0.0363063675236479,-0.447586463234914,0.374973728187618,0.862185293703984,0.938451695312713,0.938451695312713,16509,STC2,,False,1440.0,post 24 h,
transcript-rna-seq,ENSG00000113739.11,MUSCLE_TRNSCRPT_DA,muscle,transcript-rna-seq,group_timepointADUResist.post_24_hr - group_timepointADUResist.pre_exercise - group_timepointADUControl.post_24_hr + group_timepointADUControl.pre_exercise,exercise_with_controls,RE-CON,post_24_hr,0.0446827232805139,-0.455259004495143,0.544624451056171,0.860486885697923,0.939115279352266,0.939115279352267,16509,STC2,,False,1440.0,post 24 h,
transcript-rna-seq,ENSG00000113739.11,MUSCLE_TRNSCRPT_DA,muscle,transcript-rna-seq,group_timepointADUEndur.post_24_hr - group_timepointADUEndur.pre_exercise - group_timepointADUControl.post_24_hr + group_timepointADUControl.pre_exercise,exercise_with_controls,EE-CON,post_24_hr,0.008376355756866,-0.499620330305061,0.516373041818793,0.974133177909532,0.994455167959131,0.994455167959132,16509,STC2,,False,1440.0,post 24 h,
transcript-rna-seq,ENSG00000113739.11,MUSCLE_TRNSCRPT_DA,muscle,transcript-rna-seq,group_timepointADUEndur.post_3.5_4_hr - group_timepointADUEndur.pre_exercise - group_timepointADUControl.post_3.5_4_hr + group_timepointADUControl.pre_exercise,exercise_with_controls,EE-CON,post_3.5_4_hr,2.10167282074271,1.61159976870715,2.59174587277827,1.2275971613639101e-15,2.32947144102952e-13,2.32947144102952e-13,16509,STC2,,False,210.0,post 3.5 h,
transcript-rna-seq,ENSG00000113739.11,MUSCLE_TRNSCRPT_DA,muscle,transcript-rna-seq,group_timepointADUResist.post_3.5_4_hr - group_timepointADUResist.pre_exercise - group_timepointADUControl.post_3.5_4_hr + group_timepointADUControl.pre_exercise,exercise_with_controls,RE-CON,post_3.5_4_hr,0.654983742947572,0.155992236352194,1.15397524954295,0.0102641915983149,0.033008567244471,0.0330085672444711,16509,STC2,,False,210.0,post 3.5 h,
transcript-rna-seq,ENSG00000113739.11,MUSCLE_TRNSCRPT_DA,muscle,transcript-rna-seq,group_timepointADUEndur.post_15_30_45_min - group_timepointADUEndur.pre_exercise - group_timepointADUControl.post_15_30_45_min + group_timepointADUControl.pre_exercise,exercise_with_controls,EE-CON,post_15_30_45_min,0.24266697110711,-0.282372305531575,0.767706247745796,0.363763131278192,0.725248258352688,0.725248258352687,16509,STC2,,False,15.0,post 15 min,
transcript-rna-seq,ENSG00000113739.11,MUSCLE_TRNSCRPT_DA,muscle,transcript-rna-seq,group_timepointADUResist.post_15_30_45_min - group_timepointADUResist.pre_exercise - group_timepointADUControl.post_15_30_45_min + group_timepointADUControl.pre_exercise,exercise_with_controls,RE-CON,post_15_30_45_min,0.0941786264405307,-0.426143889548711,0.614501142429772,0.721917917266633,0.912847954668722,0.912847954668723,16509,STC2,,False,15.0,post 15 min,
transcript-rna-seq,ENSG00000113739.11,MUSCLE_TRNSCRPT_DA,muscle,transcript-rna-seq,group_timepointADUEndur.post_3.5_4_hr - group_timepointADUEndur.pre_exercise - group_timepointADUResist.post_3.5_4_hr + group_timepointADUResist.pre_exercise,Endur_vs_Resist,EE-RE,post_3.5_4_hr,1.44668907779514,1.10054673075811,1.79283142483217,4.767263584047171e-15,2.91491683366795e-13,2.91491683366795e-13,16509,STC2,,False,210.0,post 3.5 h,
transcript-rna-seq,ENSG00000140105.18,MUSCLE_TRNSCRPT_DA,muscle,transcript-rna-seq,group_timepointADUEndur.post_15_30_45_min - group_timepointADUEndur.pre_exercise - group_timepointADUResist.post_15_30_45_min + group_timepointADUResist.pre_exercise,Endur_vs_Resist,EE-RE,post_15_30_45_min,-0.0974523771687501,-0.201321431730855,0.0064166773933545,0.0658083239054979,0.546271792705371,0.54627179270537,16509,WARS1,,False,15.0,post 15 min,
transcript-rna-seq,ENSG00000140105.18,MUSCLE_TRNSCRPT_DA,muscle,transcript-rna-seq,group_timepointADUEndur.post_15_30_45_min - group_timepointADUEndur.pre_exercise - group_timepointADUControl.post_15_30_45_min + group_timepointADUControl.pre_exercise,exercise_with_controls,EE-CON,post_15_30_45_min,-0.0081429431039614,-0.131114201501693,0.11482831529377,0.896336979426861,0.974468566912847,0.974468566912847,16509,WARS1,,False,15.0,post 15 min,
transcript-rna-seq,ENSG00000140105.18,MUSCLE_TRNSCRPT_DA,muscle,transcript-rna-seq,group_timepointADUResist.post_15_30_45_min - group_timepointADUResist.pre_exercise - group_timepointADUControl.post_15_30_45_min + group_timepointADUControl.pre_exercise,exercise_with_controls,RE-CON,post_15_30_45_min,0.0893094340647886,-0.0297503203282814,0.208369188457859,0.140826024949997,0.494658903382874,0.494658903382872,16509,WARS1,,False,15.0,post 15 min,
transcript-rna-seq,ENSG00000140105.18,MUSCLE_TRNSCRPT_DA,muscle,transcript-rna-seq,group_timepointADUResist.post_3.5_4_hr - group_timepointADUResist.pre_exercise - group_timepointADUControl.post_3.5_4_hr + group_timepointADUControl.pre_exercise,exercise_with_controls,RE-CON,post_3.5_4_hr,0.329233033544573,0.20589925144943,0.452566815639716,3.14757899843592e-07,3.62872777131136e-06,3.62872777131136e-06,16509,WARS1,,False,210.0,post 3.5 h,
transcript-rna-seq,ENSG00000140105.18,MUSCLE_TRNSCRPT_DA,muscle,transcript-rna-seq,group_timepointADUEndur.post_24_hr - group_timepointADUEndur.pre_exercise - group_timepointADUResist.post_24_hr + group_timepointADUResist.pre_exercise,Endur_vs_Resist,EE-RE,post_24_hr,0.123859050220596,0.0244269296108359,0.223291170830356,0.0148397733337279,0.0687015754252702,0.0687015754252703,16509,WARS1,,False,1440.0,post 24 h,
transcript-rna-seq,ENSG00000140105.18,MUSCLE_TRNSCRPT_DA,muscle,transcript-rna-seq,group_timepointADUResist.post_24_hr - group_timepointADUResist.pre_exercise - group_timepointADUControl.post_24_hr + group_timepointADUControl.pre_exercise,exercise_with_controls,RE-CON,post_24_hr,-0.0326763433624029,-0.149934075690137,0.0845813889653311,0.583576567073405,0.778778235050913,0.778778235050913,16509,WARS1,,False,1440.0,post 24 h,
transcript-rna-seq,ENSG00000140105.18,MUSCLE_TRNSCRPT_DA,muscle,transcript-rna-seq,group_timepointADUEndur.post_24_hr - group_timepointADUEndur.pre_exercise - group_timepointADUControl.post_24_hr + group_timepointADUControl.pre_exercise,exercise_with_controls,EE-CON,post_24_hr,0.0911827068581932,-0.028725184366217,0.211090598082603,0.135470172312328,0.432169483034632,0.432169483034632,16509,WARS1,,False,1440.0,post 24 h,
transcript-rna-seq,ENSG00000140105.18,MUSCLE_TRNSCRPT_DA,muscle,transcript-rna-seq,group_timepointADUEndur.post_3.5_4_hr - group_timepointADUEndur.pre_exercise - group_timepointADUControl.post_3.5_4_hr + group_timepointADUControl.pre_exercise,exercise_with_controls,EE-CON,post_3.5_4_hr,0.374023822324999,0.245245896050639,0.50280174859936,3.03848453771472e-08,1.47971508062337e-06,1.47971508062337e-06,16509,WARS1,,False,210.0,post 3.5 h,
transcript-rna-seq,ENSG00000140105.18,MUSCLE_TRNSCRPT_DA,muscle,transcript-rna-seq,group_timepointADUEndur.post_3.5_4_hr - group_timepointADUEndur.pre_exercise - group_timepointADUResist.post_3.5_4_hr + group_timepointADUResist.pre_exercise,Endur_vs_Resist,EE-RE,post_3.5_4_hr,0.0447907887804266,-0.0602863336305412,0.149867911191394,0.401984233569376,0.59137031830305,0.59137031830305,16509,WARS1,,False,210.0,post 3.5 h,
transcript-rna-seq,ENSG00000142871.18,MUSCLE_TRNSCRPT_DA,muscle,transcript-rna-seq,group_timepointADUResist.post_24_hr - group_timepointADUResist.pre_exercise - group_timepointADUControl.post_24_hr + group_timepointADUControl.pre_exercise,exercise_with_controls,RE-CON,post_24_hr,0.87077864999672,0.313515577763905,1.42804172222953,0.0022992307345878,0.0151528942903439,0.0151528942903438,16509,CCN1,,False,1440.0,post 24 h,
transcript-rna-seq,ENSG00000142871.18,MUSCLE_TRNSCRPT_DA,muscle,transcript-rna-seq,group_timepointADUEndur.post_15_30_45_min - group_timepointADUEndur.pre_exercise - group_timepointADUControl.post_15_30_45_min + group_timepointADUControl.pre_exercise,exercise_with_controls,EE-CON,post_15_30_45_min,4.19396830560816,3.55195970245366,4.83597690876265,2.33890109057614e-30,2.27134812378362e-27,2.27134812378362e-27,16509,CCN1,,False,15.0,post 15 min,
transcript-rna-seq,ENSG00000142871.18,MUSCLE_TRNSCRPT_DA,muscle,transcript-rna-seq,group_timepointADUResist.post_3.5_4_hr - group_timepointADUResist.pre_exercise - group_timepointADUControl.post_3.5_4_hr + group_timepointADUControl.pre_exercise,exercise_with_controls,RE-CON,post_3.5_4_hr,2.58589193434417,1.97929717352718,3.19248669516116,1.99621464046713e-15,9.98651742408237e-14,9.98651742408238e-14,16509,CCN1,,False,210.0,post 3.5 h,
transcript-rna-seq,ENSG00000142871.18,MUSCLE_TRNSCRPT_DA,muscle,transcript-rna-seq,group_timepointADUEndur.post_3.5_4_hr - group_timepointADUEndur.pre_exercise - group_timepointADUControl.post_3.5_4_hr + group_timepointADUControl.pre_exercise,exercise_with_controls,EE-CON,post_3.5_4_hr,0.367654373613103,-0.293025529412551,1.02833427663876,0.274342759766791,0.551677378588252,0.551677378588252,16509,CCN1,,False,210.0,post 3.5 h,
transcript-rna-seq,ENSG00000142871.18,MUSCLE_TRNSCRPT_DA,muscle,transcript-rna-seq,group_timepointADUEndur.post_24_hr - group_timepointADUEndur.pre_exercise - group_timepointADUResist.post_24_hr + group_timepointADUResist.pre_exercise,Endur_vs_Resist,EE-RE,post_24_hr,-0.85810145934523,-1.32896668593171,-0.387236232758749,0.0003926441513091,0.0039816721707385,0.0039816721707385,16509,CCN1,,False,1440.0,post 24 h,
transcript-rna-seq,ENSG00000142871.18,MUSCLE_TRNSCRPT_DA,muscle,transcript-rna-seq,group_timepointADUEndur.post_24_hr - group_timepointADUEndur.pre_exercise - group_timepointADUControl.post_24_hr + group_timepointADUControl.pre_exercise,exercise_with_controls,EE-CON,post_24_hr,0.0126771906514898,-0.582566644937979,0.607921026240959,0.96659674112761,0.992938792701678,0.992938792701677,16509,CCN1,,False,1440.0,post 24 h,
transcript-rna-seq,ENSG00000142871.18,MUSCLE_TRNSCRPT_DA,muscle,transcript-rna-seq,group_timepointADUEndur.post_15_30_45_min - group_timepointADUEndur.pre_exercise - group_timepointADUResist.post_15_30_45_min + group_timepointADUResist.pre_exercise,Endur_vs_Resist,EE-RE,post_15_30_45_min,-0.556976480318736,-0.985707499731072,-0.128245460906399,0.0110515796618869,0.219555389456186,0.219555389456186,16509,CCN1,,False,15.0,post 15 min,
transcript-rna-seq,ENSG00000142871.18,MUSCLE_TRNSCRPT_DA,muscle,transcript-rna-seq,group_timepointADUResist.post_15_30_45_min - group_timepointADUResist.pre_exercise - group_timepointADUControl.post_15_30_45_min + group_timepointADUControl.pre_exercise,exercise_with_controls,RE-CON,post_15_30_45_min,4.75094478592689,4.12311719255315,5.37877237930064,1.24217252166662e-37,2.92957516574203e-34,2.92957516574203e-34,16509,CCN1,,False,15.0,post 15 min,
transcript-rna-seq,ENSG00000142871.18,MUSCLE_TRNSCRPT_DA,muscle,transcript-rna-seq,group_timepointADUEndur.post_3.5_4_hr - group_timepointADUEndur.pre_exercise - group_timepointADUResist.post_3.5_4_hr + group_timepointADUResist.pre_exercise,Endur_vs_Resist,EE-RE,post_3.5_4_hr,-2.21823756073107,-2.70371914894593,-1.7327559725162,2.66107834231076e-17,2.4406523529560203e-15,2.4406523529560203e-15,16509,CCN1,,False,210.0,post 3.5 h,
transcript-rna-seq,ENSG00000161649.13,MUSCLE_TRNSCRPT_DA,muscle,transcript-rna-seq,group_timepointADUEndur.post_15_30_45_min - group_timepointADUEndur.pre_exercise - group_timepointADUControl.post_15_30_45_min + group_timepointADUControl.pre_exercise,exercise_with_controls,EE-CON,post_15_30_45_min,0.0298510856308472,-0.200123752067732,0.259825923329426,0.798412888077837,0.946781019389756,0.946781019389757,16509,CD300LG,,False,15.0,post 15 min,
transcript-rna-seq,ENSG00000161649.13,MUSCLE_TRNSCRPT_DA,muscle,transcript-rna-seq,group_timepointADUEndur.post_24_hr - group_timepointADUEndur.pre_exercise - group_timepointADUControl.post_24_hr + group_timepointADUControl.pre_exercise,exercise_with_controls,EE-CON,post_24_hr,0.234878072115596,0.0036855741814191,0.466070570049773,0.0464859667375592,0.239973991516687,0.239973991516687,16509,CD300LG,,False,1440.0,post 24 h,
transcript-rna-seq,ENSG00000161649.13,MUSCLE_TRNSCRPT_DA,muscle,transcript-rna-seq,group_timepointADUResist.post_24_hr - group_timepointADUResist.pre_exercise - group_timepointADUControl.post_24_hr + group_timepointADUControl.pre_exercise,exercise_with_controls,RE-CON,post_24_hr,0.272993756480743,0.0453540737830703,0.500633439178416,0.0189590047277699,0.0793797131754383,0.0793797131754383,16509,CD300LG,,False,1440.0,post 24 h,
transcript-rna-seq,ENSG00000161649.13,MUSCLE_TRNSCRPT_DA,muscle,transcript-rna-seq,group_timepointADUEndur.post_15_30_45_min - group_timepointADUEndur.pre_exercise - group_timepointADUResist.post_15_30_45_min + group_timepointADUResist.pre_exercise,Endur_vs_Resist,EE-RE,post_15_30_45_min,-0.212503082851846,-0.408256427336003,-0.016749738367689,0.0334863825226359,0.410413280672751,0.410413280672751,16509,CD300LG,,False,15.0,post 15 min,
transcript-rna-seq,ENSG00000161649.13,MUSCLE_TRNSCRPT_DA,muscle,transcript-rna-seq,group_timepointADUResist.post_3.5_4_hr - group_timepointADUResist.pre_exercise - group_timepointADUControl.post_3.5_4_hr + group_timepointADUControl.pre_exercise,exercise_with_controls,RE-CON,post_3.5_4_hr,0.215039553555874,-0.0139879676468488,0.444067074758596,0.0656041252528935,0.147312361045295,0.147312361045295,16509,CD300LG,,False,210.0,post 3.5 h,
transcript-rna-seq,ENSG00000161649.13,MUSCLE_TRNSCRPT_DA,muscle,transcript-rna-seq,group_timepointADUEndur.post_3.5_4_hr - group_timepointADUEndur.pre_exercise - group_timepointADUControl.post_3.5_4_hr + group_timepointADUControl.pre_exercise,exercise_with_controls,EE-CON,post_3.5_4_hr,0.438776734300615,0.205987258214391,0.671566210386838,0.0002541997143687,0.0037978127461663,0.0037978127461663,16509,CD300LG,,False,210.0,post 3.5 h,
transcript-rna-seq,ENSG00000161649.13,MUSCLE_TRNSCRPT_DA,muscle,transcript-rna-seq,group_timepointADUEndur.post_24_hr - group_timepointADUEndur.pre_exercise - group_timepointADUResist.post_24_hr + group_timepointADUResist.pre_exercise,Endur_vs_Resist,EE-RE,post_24_hr,-0.0381156843651467,-0.229333749687332,0.153102380957039,0.694920548401402,0.852906351465225,0.852906351465225,16509,CD300LG,,False,1440.0,post 24 h,
transcript-rna-seq,ENSG00000161649.13,MUSCLE_TRNSCRPT_DA,muscle,transcript-rna-seq,group_timepointADUResist.post_15_30_45_min - group_timepointADUResist.pre_exercise - group_timepointADUControl.post_15_30_45_min + group_timepointADUControl.pre_exercise,exercise_with_controls,RE-CON,post_15_30_45_min,0.242354168482693,0.0198392228894654,0.464869114075921,0.0329133965907991,0.245312534680588,0.245312534680588,16509,CD300LG,,False,15.0,post 15 min,
transcript-rna-seq,ENSG00000161649.13,MUSCLE_TRNSCRPT_DA,muscle,transcript-rna-seq,group_timepointADUEndur.post_3.5_4_hr - group_timepointADUEndur.pre_exercise - group_timepointADUResist.post_3.5_4_hr + group_timepointADUResist.pre_exercise,Endur_vs_Resist,EE-RE,post_3.5_4_hr,0.223737180744741,0.0321643980083499,0.415309963481133,0.0222644423552147,0.0734246262169874,0.0734246262169875,16509,CD300LG,,False,210.0,post 3.5 h,
transcript-rna-seq,ENSG00000171819.5,MUSCLE_TRNSCRPT_DA,muscle,transcript-rna-seq,group_timepointADUResist.post_24_hr - group_timepointADUResist.pre_exercise - group_timepointADUControl.post_24_hr + group_timepointADUControl.pre_exercise,exercise_with_controls,RE-CON,post_24_hr,-0.170055160800274,-1.80090861568344,1.46079829408289,0.837546040830754,0.927605381691045,0.927605381691044,16509,ANGPTL7,,False,1440.0,post 24 h,
transcript-rna-seq,ENSG00000171819.5,MUSCLE_TRNSCRPT_DA,muscle,transcript-rna-seq,group_timepointADUEndur.post_15_30_45_min - group_timepointADUEndur.pre_exercise - group_timepointADUControl.post_15_30_45_min + group_timepointADUControl.pre_exercise,exercise_with_controls,EE-CON,post_15_30_45_min,-0.113869832452504,-1.68654215993284,1.45880249502783,0.886814391104597,0.97216396047468,0.97216396047468,16509,ANGPTL7,,False,15.0,post 15 min,
transcript-rna-seq,ENSG00000171819.5,MUSCLE_TRNSCRPT_DA,muscle,transcript-rna-seq,group_timepointADUEndur.post_15_30_45_min - group_timepointADUEndur.pre_exercise - group_timepointADUResist.post_15_30_45_min + group_timepointADUResist.pre_exercise,Endur_vs_Resist,EE-RE,post_15_30_45_min,1.1869327624378,-0.176365442175732,2.55023096705134,0.0876985237059941,0.611342986176387,0.611342986176387,16509,ANGPTL7,,False,15.0,post 15 min,
transcript-rna-seq,ENSG00000171819.5,MUSCLE_TRNSCRPT_DA,muscle,transcript-rna-seq,group_timepointADUEndur.post_24_hr - group_timepointADUEndur.pre_exercise - group_timepointADUControl.post_24_hr + group_timepointADUControl.pre_exercise,exercise_with_controls,EE-CON,post_24_hr,-0.360942288944323,-1.97398587569353,1.25210129780489,0.660021362488295,0.881505757893315,0.881505757893315,16509,ANGPTL7,,False,1440.0,post 24 h,
transcript-rna-seq,ENSG00000171819.5,MUSCLE_TRNSCRPT_DA,muscle,transcript-rna-seq,group_timepointADUEndur.post_24_hr - group_timepointADUEndur.pre_exercise - group_timepointADUResist.post_24_hr + group_timepointADUResist.pre_exercise,Endur_vs_Resist,EE-RE,post_24_hr,-0.190887128144049,-1.43351228036698,1.05173802407888,0.762669468784891,0.888811962457275,0.888811962457276,16509,ANGPTL7,,False,1440.0,post 24 h,
transcript-rna-seq,ENSG00000171819.5,MUSCLE_TRNSCRPT_DA,muscle,transcript-rna-seq,group_timepointADUResist.post_3.5_4_hr - group_timepointADUResist.pre_exercise - group_timepointADUControl.post_3.5_4_hr + group_timepointADUControl.pre_exercise,exercise_with_controls,RE-CON,post_3.5_4_hr,-1.38688354613429,-2.95441198265946,0.180644890390883,0.0827025873066232,0.176149788910469,0.176149788910469,16509,ANGPTL7,,False,210.0,post 3.5 h,
transcript-rna-seq,ENSG00000171819.5,MUSCLE_TRNSCRPT_DA,muscle,transcript-rna-seq,group_timepointADUEndur.post_3.5_4_hr - group_timepointADUEndur.pre_exercise - group_timepointADUControl.post_3.5_4_hr + group_timepointADUControl.pre_exercise,exercise_with_controls,EE-CON,post_3.5_4_hr,-1.38377486458434,-2.97202684593788,0.204477116769203,0.0874815316690696,0.283016383759488,0.283016383759489,16509,ANGPTL7,,False,210.0,post 3.5 h,
transcript-rna-seq,ENSG00000171819.5,MUSCLE_TRNSCRPT_DA,muscle,transcript-rna-seq,group_timepointADUResist.post_15_30_45_min - group_timepointADUResist.pre_exercise - group_timepointADUControl.post_15_30_45_min + group_timepointADUControl.pre_exercise,exercise_with_controls,RE-CON,post_15_30_45_min,-1.30080259489031,-2.97648494233823,0.374879752557621,0.12766234099061,0.474931945339055,0.474931945339056,16509,ANGPTL7,,False,15.0,post 15 min,
transcript-rna-seq,ENSG00000171819.5,MUSCLE_TRNSCRPT_DA,muscle,transcript-rna-seq,group_timepointADUEndur.post_3.5_4_hr - group_timepointADUEndur.pre_exercise - group_timepointADUResist.post_3.5_4_hr + group_timepointADUResist.pre_exercise,Endur_vs_Resist,EE-RE,post_3.5_4_hr,0.0031086815499543,-1.40274323842906,1.40896060152897,0.996531399892844,0.997820002245763,0.997820002245762,16509,ANGPTL7,,False,210.0,post 3.5 h,
transcript-rna-seq,ENSG00000006210.7,ADIPOSE_TRNSCRPT_DA,adipose,transcript-rna-seq,group_timepointADUEndur.post_24_hr - group_timepointADUEndur.pre_exercise - group_timepointADUControl.post_24_hr + group_timepointADUControl.pre_exercise,exercise_with_controls,EE-CON,post_24_hr,0.0116369962341265,-0.250715211068297,0.27398920353655,0.930404517127667,0.999984488297589,0.999984488297589,20090,CX3CL1,,False,1440.0,post 24 h,
transcript-rna-seq,ENSG00000006210.7,ADIPOSE_TRNSCRPT_DA,adipose,transcript-rna-seq,group_timepointADUEndur.post_3.5_4_hr - group_timepointADUEndur.pre_exercise - group_timepointADUControl.post_3.5_4_hr + group_timepointADUControl.pre_exercise,exercise_with_controls,EE-CON,post_3.5_4_hr,-0.143809043507776,-0.370618567878202,0.0830004808626496,0.212656315824484,0.888364674728322,0.888364674728323,20090,CX3CL1,,False,240.0,post 4 h,
transcript-rna-seq,ENSG00000006210.7,ADIPOSE_TRNSCRPT_DA,adipose,transcript-rna-seq,group_timepointADUResist.post_3.5_4_hr - group_timepointADUResist.pre_exercise - group_timepointADUControl.post_3.5_4_hr + group_timepointADUControl.pre_exercise,exercise_with_controls,RE-CON,post_3.5_4_hr,-0.11047199289556,-0.326832191550985,0.105888205759865,0.315213995846786,0.849831176353012,0.849831176353013,20090,CX3CL1,,False,240.0,post 4 h,
transcript-rna-seq,ENSG00000006210.7,ADIPOSE_TRNSCRPT_DA,adipose,transcript-rna-seq,group_timepointADUResist.post_15_30_45_min - group_timepointADUResist.pre_exercise - group_timepointADUControl.post_15_30_45_min + group_timepointADUControl.pre_exercise,exercise_with_controls,RE-CON,post_15_30_45_min,0.190877406829512,-0.0915962529354457,0.473351066594469,0.184287426820571,0.813732442243683,0.813732442243683,20090,CX3CL1,,False,45.0,post 45 min,
transcript-rna-seq,ENSG00000006210.7,ADIPOSE_TRNSCRPT_DA,adipose,transcript-rna-seq,group_timepointADUEndur.post_3.5_4_hr - group_timepointADUEndur.pre_exercise - group_timepointADUResist.post_3.5_4_hr + group_timepointADUResist.pre_exercise,Endur_vs_Resist,EE-RE,post_3.5_4_hr,-0.0333370506122161,-0.216149938939631,0.149475837715199,0.719516062645205,0.999161799173372,0.999161799173372,20090,CX3CL1,,False,240.0,post 4 h,
transcript-rna-seq,ENSG00000006210.7,ADIPOSE_TRNSCRPT_DA,adipose,transcript-rna-seq,group_timepointADUResist.post_24_hr - group_timepointADUResist.pre_exercise - group_timepointADUControl.post_24_hr + group_timepointADUControl.pre_exercise,exercise_with_controls,RE-CON,post_24_hr,-0.0271805145064974,-0.29090248868024,0.236541459667245,0.83919803918343,0.999660577093274,0.999660577093274,20090,CX3CL1,,False,1440.0,post 24 h,
transcript-rna-seq,ENSG00000006210.7,ADIPOSE_TRNSCRPT_DA,adipose,transcript-rna-seq,group_timepointADUEndur.post_15_30_45_min - group_timepointADUEndur.pre_exercise - group_timepointADUControl.post_15_30_45_min + group_timepointADUControl.pre_exercise,exercise_with_controls,EE-CON,post_15_30_45_min,0.587781011563855,0.30693987842247,0.868622144705241,5.30284925264155e-05,0.0273164721757869,0.0273164721757869,20090,CX3CL1,,False,45.0,post 45 min,
transcript-rna-seq,ENSG00000006210.7,ADIPOSE_TRNSCRPT_DA,adipose,transcript-rna-seq,group_timepointADUEndur.post_24_hr - group_timepointADUEndur.pre_exercise - group_timepointADUResist.post_24_hr + group_timepointADUResist.pre_exercise,Endur_vs_Resist,EE-RE,post_24_hr,0.0388175107406239,-0.187475750633577,0.265110772114824,0.735606662884544,0.999827188422841,0.999827188422841,20090,CX3CL1,,False,1440.0,post 24 h,
transcript-rna-seq,ENSG00000006210.7,ADIPOSE_TRNSCRPT_DA,adipose,transcript-rna-seq,group_timepointADUEndur.post_15_30_45_min - group_timepointADUEndur.pre_exercise - group_timepointADUResist.post_15_30_45_min + group_timepointADUResist.pre_exercise,Endur_vs_Resist,EE-RE,post_15_30_45_min,0.396903604734343,0.157327968622197,0.63647924084649,0.0012708581367588,0.31136024350591,0.311360243505911,20090,CX3CL1,,False,45.0,post 45 min,
transcript-rna-seq,ENSG00000019991.18,ADIPOSE_TRNSCRPT_DA,adipose,transcript-rna-seq,group_timepointADUEndur.post_15_30_45_min - group_timepointADUEndur.pre_exercise - group_timepointADUResist.post_15_30_45_min + group_timepointADUResist.pre_exercise,Endur_vs_Resist,EE-RE,post_15_30_45_min,-0.127598389294359,-0.42503311664984,0.169836338061122,0.398906579933609,0.897256597616743,0.897256597616742,20090,HGF,,False,45.0,post 45 min,
transcript-rna-seq,ENSG00000019991.18,ADIPOSE_TRNSCRPT_DA,adipose,transcript-rna-seq,group_timepointADUEndur.post_3.5_4_hr - group_timepointADUEndur.pre_exercise - group_timepointADUControl.post_3.5_4_hr + group_timepointADUControl.pre_exercise,exercise_with_controls,EE-CON,post_3.5_4_hr,0.0470416754150271,-0.230118438839157,0.324201789669211,0.73830408355387,0.978452671761758,0.978452671761759,20090,HGF,,False,240.0,post 4 h,
transcript-rna-seq,ENSG00000019991.18,ADIPOSE_TRNSCRPT_DA,adipose,transcript-rna-seq,group_timepointADUEndur.post_24_hr - group_timepointADUEndur.pre_exercise - group_timepointADUResist.post_24_hr + group_timepointADUResist.pre_exercise,Endur_vs_Resist,EE-RE,post_24_hr,0.0663210005024029,-0.211870092121327,0.344512093126133,0.639001680515623,0.999827188422841,0.999827188422841,20090,HGF,,False,1440.0,post 24 h,
transcript-rna-seq,ENSG00000019991.18,ADIPOSE_TRNSCRPT_DA,adipose,transcript-rna-seq,group_timepointADUEndur.post_24_hr - group_timepointADUEndur.pre_exercise - group_timepointADUControl.post_24_hr + group_timepointADUControl.pre_exercise,exercise_with_controls,EE-CON,post_24_hr,0.179413888026362,-0.165408027882999,0.524235803935724,0.306338276500679,0.999984488297589,0.999984488297589,20090,HGF,,False,1440.0,post 24 h,
transcript-rna-seq,ENSG00000019991.18,ADIPOSE_TRNSCRPT_DA,adipose,transcript-rna-seq,group_timepointADUResist.post_15_30_45_min - group_timepointADUResist.pre_exercise - group_timepointADUControl.post_15_30_45_min + group_timepointADUControl.pre_exercise,exercise_with_controls,RE-CON,post_15_30_45_min,0.180081127509924,-0.165916055222285,0.526078310242134,0.306242823086919,0.86674013002464,0.86674013002464,20090,HGF,,False,45.0,post 45 min,
transcript-rna-seq,ENSG00000019991.18,ADIPOSE_TRNSCRPT_DA,adipose,transcript-rna-seq,group_timepointADUEndur.post_3.5_4_hr - group_timepointADUEndur.pre_exercise - group_timepointADUResist.post_3.5_4_hr + group_timepointADUResist.pre_exercise,Endur_vs_Resist,EE-RE,post_3.5_4_hr,0.0239075139691156,-0.193889450138828,0.241704478077059,0.828908394178215,0.999161799173372,0.999161799173372,20090,HGF,,False,240.0,post 4 h,
transcript-rna-seq,ENSG00000019991.18,ADIPOSE_TRNSCRPT_DA,adipose,transcript-rna-seq,group_timepointADUResist.post_3.5_4_hr - group_timepointADUResist.pre_exercise - group_timepointADUControl.post_3.5_4_hr + group_timepointADUControl.pre_exercise,exercise_with_controls,RE-CON,post_3.5_4_hr,0.0231341614459115,-0.238289875639876,0.284558198531699,0.861691776101447,0.987877049382102,0.987877049382102,20090,HGF,,False,240.0,post 4 h,
transcript-rna-seq,ENSG00000019991.18,ADIPOSE_TRNSCRPT_DA,adipose,transcript-rna-seq,group_timepointADUEndur.post_15_30_45_min - group_timepointADUEndur.pre_exercise - group_timepointADUControl.post_15_30_45_min + group_timepointADUControl.pre_exercise,exercise_with_controls,EE-CON,post_15_30_45_min,0.052482738215565,-0.302532173261854,0.407497649692984,0.771111773898171,0.965511719390106,0.965511719390106,20090,HGF,,False,45.0,post 45 min,
transcript-rna-seq,ENSG00000019991.18,ADIPOSE_TRNSCRPT_DA,adipose,transcript-rna-seq,group_timepointADUResist.post_24_hr - group_timepointADUResist.pre_exercise - group_timepointADUControl.post_24_hr + group_timepointADUControl.pre_exercise,exercise_with_controls,RE-CON,post_24_hr,0.11309288752396,-0.227670801534618,0.453856576582537,0.513804592450044,0.999660577093274,0.999660577093274,20090,HGF,,False,1440.0,post 24 h,
transcript-rna-seq,ENSG00000090554.13,ADIPOSE_TRNSCRPT_DA,adipose,transcript-rna-seq,group_timepointADUEndur.post_3.5_4_hr - group_timepointADUEndur.pre_exercise - group_timepointADUControl.post_3.5_4_hr + group_timepointADUControl.pre_exercise,exercise_with_controls,EE-CON,post_3.5_4_hr,0.0890099532263853,-0.0703872466406288,0.248407153093399,0.272095172792745,0.900047163519882,0.900047163519881,20090,FLT3LG,,False,240.0,post 4 h,
transcript-rna-seq,ENSG00000090554.13,ADIPOSE_TRNSCRPT_DA,adipose,transcript-rna-seq,group_timepointADUEndur.post_24_hr - group_timepointADUEndur.pre_exercise - group_timepointADUControl.post_24_hr + group_timepointADUControl.pre_exercise,exercise_with_controls,EE-CON,post_24_hr,0.0460555745884141,-0.144805425561513,0.236916574738341,0.634721937873797,0.999984488297589,0.999984488297589,20090,FLT3LG,,False,1440.0,post 24 h,
transcript-rna-seq,ENSG00000090554.13,ADIPOSE_TRNSCRPT_DA,adipose,transcript-rna-seq,group_timepointADUEndur.post_24_hr - group_timepointADUEndur.pre_exercise - group_timepointADUResist.post_24_hr + group_timepointADUResist.pre_exercise,Endur_vs_Resist,EE-RE,post_24_hr,-0.0560070786541189,-0.214374150321735,0.102359993013497,0.486410688934115,0.999827188422841,0.999827188422841,20090,FLT3LG,,False,1440.0,post 24 h,
transcript-rna-seq,ENSG00000090554.13,ADIPOSE_TRNSCRPT_DA,adipose,transcript-rna-seq,group_timepointADUEndur.post_3.5_4_hr - group_timepointADUEndur.pre_exercise - group_timepointADUResist.post_3.5_4_hr + group_timepointADUResist.pre_exercise,Endur_vs_Resist,EE-RE,post_3.5_4_hr,-0.0086558263517169,-0.135107912122197,0.117796259418763,0.892741544018787,0.999161799173372,0.999161799173372,20090,FLT3LG,,False,240.0,post 4 h,
transcript-rna-seq,ENSG00000090554.13,ADIPOSE_TRNSCRPT_DA,adipose,transcript-rna-seq,group_timepointADUResist.post_24_hr - group_timepointADUResist.pre_exercise - group_timepointADUControl.post_24_hr + group_timepointADUControl.pre_exercise,exercise_with_controls,RE-CON,post_24_hr,0.102062653242533,-0.0875507164813192,0.291676022966385,0.289790895675197,0.999660577093274,0.999660577093274,20090,FLT3LG,,False,1440.0,post 24 h,
transcript-rna-seq,ENSG00000090554.13,ADIPOSE_TRNSCRPT_DA,adipose,transcript-rna-seq,group_timepointADUEndur.post_15_30_45_min - group_timepointADUEndur.pre_exercise - group_timepointADUControl.post_15_30_45_min + group_timepointADUControl.pre_exercise,exercise_with_controls,EE-CON,post_15_30_45_min,0.103363544452028,-0.103346509828456,0.310073598732512,0.325326988162266,0.863216909685317,0.863216909685318,20090,FLT3LG,,False,45.0,post 45 min,
transcript-rna-seq,ENSG00000090554.13,ADIPOSE_TRNSCRPT_DA,adipose,transcript-rna-seq,group_timepointADUResist.post_15_30_45_min - group_timepointADUResist.pre_exercise - group_timepointADUControl.post_15_30_45_min + group_timepointADUControl.pre_exercise,exercise_with_controls,RE-CON,post_15_30_45_min,0.28269364777754,0.0768844655802298,0.48850282997485,0.0073391996608853,0.415280540370293,0.415280540370293,20090,FLT3LG,,False,45.0,post 45 min,
transcript-rna-seq,ENSG00000090554.13,ADIPOSE_TRNSCRPT_DA,adipose,transcript-rna-seq,group_timepointADUResist.post_3.5_4_hr - group_timepointADUResist.pre_exercise - group_timepointADUControl.post_3.5_4_hr + group_timepointADUControl.pre_exercise,exercise_with_controls,RE-CON,post_3.5_4_hr,0.0976657795781022,-0.0546992102356809,0.250030769391885,0.20764384806272,0.782846846159898,0.782846846159896,20090,FLT3LG,,False,240.0,post 4 h,
transcript-rna-seq,ENSG00000090554.13,ADIPOSE_TRNSCRPT_DA,adipose,transcript-rna-seq,group_timepointADUEndur.post_15_30_45_min - group_timepointADUEndur.pre_exercise - group_timepointADUResist.post_15_30_45_min + group_timepointADUResist.pre_exercise,Endur_vs_Resist,EE-RE,post_15_30_45_min,-0.179330103325512,-0.350931803746457,-0.0077284029045674,0.0406232157163185,0.627335003213394,0.627335003213394,20090,FLT3LG,,False,45.0,post 45 min,
transcript-rna-seq,ENSG00000091879.14,ADIPOSE_TRNSCRPT_DA,adipose,transcript-rna-seq,group_timepointADUEndur.post_24_hr - group_timepointADUEndur.pre_exercise - group_timepointADUControl.post_24_hr + group_timepointADUControl.pre_exercise,exercise_with_controls,EE-CON,post_24_hr,-0.128260592503969,-0.534321566305956,0.277800381298019,0.534274439316227,0.999984488297589,0.999984488297589,20090,ANGPT2,,False,1440.0,post 24 h,
transcript-rna-seq,ENSG00000091879.14,ADIPOSE_TRNSCRPT_DA,adipose,transcript-rna-seq,group_timepointADUEndur.post_15_30_45_min - group_timepointADUEndur.pre_exercise - group_timepointADUResist.post_15_30_45_min + group_timepointADUResist.pre_exercise,Endur_vs_Resist,EE-RE,post_15_30_45_min,-0.361501083324177,-0.724146534483242,0.001144367834887,0.0507212514863104,0.6593226529846,0.659322652984601,20090,ANGPT2,,False,45.0,post 45 min,
transcript-rna-seq,ENSG00000091879.14,ADIPOSE_TRNSCRPT_DA,adipose,transcript-rna-seq,group_timepointADUResist.post_15_30_45_min - group_timepointADUResist.pre_exercise - group_timepointADUControl.post_15_30_45_min + group_timepointADUControl.pre_exercise,exercise_with_controls,RE-CON,post_15_30_45_min,0.0480038799907394,-0.36718880391125,0.463196563892728,0.819999309038441,0.98255056334965,0.98255056334965,20090,ANGPT2,,False,45.0,post 45 min,
transcript-rna-seq,ENSG00000091879.14,ADIPOSE_TRNSCRPT_DA,adipose,transcript-rna-seq,group_timepointADUEndur.post_3.5_4_hr - group_timepointADUEndur.pre_exercise - group_timepointADUResist.post_3.5_4_hr + group_timepointADUResist.pre_exercise,Endur_vs_Resist,EE-RE,post_3.5_4_hr,0.365028327260032,0.089810389431652,0.640246265088412,0.0095847603273524,0.999161799173372,0.999161799173372,20090,ANGPT2,,False,240.0,post 4 h,
transcript-rna-seq,ENSG00000091879.14,ADIPOSE_TRNSCRPT_DA,adipose,transcript-rna-seq,group_timepointADUEndur.post_24_hr - group_timepointADUEndur.pre_exercise - group_timepointADUResist.post_24_hr + group_timepointADUResist.pre_exercise,Endur_vs_Resist,EE-RE,post_24_hr,-0.215185742487891,-0.543772008980639,0.113400524004858,0.198199260173924,0.999827188422841,0.999827188422841,20090,ANGPT2,,False,1440.0,post 24 h,
transcript-rna-seq,ENSG00000091879.14,ADIPOSE_TRNSCRPT_DA,adipose,transcript-rna-seq,group_timepointADUResist.post_3.5_4_hr - group_timepointADUResist.pre_exercise - group_timepointADUControl.post_3.5_4_hr + group_timepointADUControl.pre_exercise,exercise_with_controls,RE-CON,post_3.5_4_hr,0.0701262432752201,-0.257474448208109,0.397726934758549,0.673405308622047,0.957422836576559,0.957422836576559,20090,ANGPT2,,False,240.0,post 4 h,
transcript-rna-seq,ENSG00000091879.14,ADIPOSE_TRNSCRPT_DA,adipose,transcript-rna-seq,group_timepointADUEndur.post_15_30_45_min - group_timepointADUEndur.pre_exercise - group_timepointADUControl.post_15_30_45_min + group_timepointADUControl.pre_exercise,exercise_with_controls,EE-CON,post_15_30_45_min,-0.313497203333438,-0.738550962416406,0.11155655574953,0.147508430468175,0.749040135619996,0.749040135619996,20090,ANGPT2,,False,45.0,post 45 min,
transcript-rna-seq,ENSG00000091879.14,ADIPOSE_TRNSCRPT_DA,adipose,transcript-rna-seq,group_timepointADUEndur.post_3.5_4_hr - group_timepointADUEndur.pre_exercise - group_timepointADUControl.post_3.5_4_hr + group_timepointADUControl.pre_exercise,exercise_with_controls,EE-CON,post_3.5_4_hr,0.435154570535252,0.0925342360896763,0.777774904980828,0.0130571951346362,0.570699645682469,0.57069964568247,20090,ANGPT2,,False,240.0,post 4 h,
transcript-rna-seq,ENSG00000091879.14,ADIPOSE_TRNSCRPT_DA,adipose,transcript-rna-seq,group_timepointADUResist.post_24_hr - group_timepointADUResist.pre_exercise - group_timepointADUControl.post_24_hr + group_timepointADUControl.pre_exercise,exercise_with_controls,RE-CON,post_24_hr,0.0869251499839221,-0.306722189573591,0.480572489541435,0.663872359465029,0.999660577093274,0.999660577093274,20090,ANGPT2,,False,1440.0,post 24 h,
transcript-rna-seq,ENSG00000100234.12,ADIPOSE_TRNSCRPT_DA,adipose,transcript-rna-seq,group_timepointADUEndur.post_3.5_4_hr - group_timepointADUEndur.pre_exercise - group_timepointADUControl.post_3.5_4_hr + group_timepointADUControl.pre_exercise,exercise_with_controls,EE-CON,post_3.5_4_hr,0.145021038446384,0.0315129472771695,0.258529129615598,0.0125531707087221,0.56409708727181,0.56409708727181,20090,TIMP3,,False,240.0,post 4 h,
transcript-rna-seq,ENSG00000100234.12,ADIPOSE_TRNSCRPT_DA,adipose,transcript-rna-seq,group_timepointADUEndur.post_3.5_4_hr - group_timepointADUEndur.pre_exercise - group_timepointADUResist.post_3.5_4_hr + group_timepointADUResist.pre_exercise,Endur_vs_Resist,EE-RE,post_3.5_4_hr,-0.0350093065416726,-0.125510842814507,0.0554922297311616,0.44636195339385,0.999161799173372,0.999161799173372,20090,TIMP3,,False,240.0,post 4 h,
transcript-rna-seq,ENSG00000100234.12,ADIPOSE_TRNSCRPT_DA,adipose,transcript-rna-seq,group_timepointADUEndur.post_15_30_45_min - group_timepointADUEndur.pre_exercise - group_timepointADUControl.post_15_30_45_min + group_timepointADUControl.pre_exercise,exercise_with_controls,EE-CON,post_15_30_45_min,0.0734428121400708,-0.0667628125576442,0.213648436837786,0.302884344818836,0.853697594993065,0.853697594993064,20090,TIMP3,,False,45.0,post 45 min,
transcript-rna-seq,ENSG00000100234.12,ADIPOSE_TRNSCRPT_DA,adipose,transcript-rna-seq,group_timepointADUEndur.post_15_30_45_min - group_timepointADUEndur.pre_exercise - group_timepointADUResist.post_15_30_45_min + group_timepointADUResist.pre_exercise,Endur_vs_Resist,EE-RE,post_15_30_45_min,-0.0590378420577888,-0.181382394595111,0.0633067104795334,0.342491332324017,0.87729833818558,0.87729833818558,20090,TIMP3,,False,45.0,post 45 min,
transcript-rna-seq,ENSG00000100234.12,ADIPOSE_TRNSCRPT_DA,adipose,transcript-rna-seq,group_timepointADUResist.post_15_30_45_min - group_timepointADUResist.pre_exercise - group_timepointADUControl.post_15_30_45_min + group_timepointADUControl.pre_exercise,exercise_with_controls,RE-CON,post_15_30_45_min,0.13248065419786,-0.0076109869144659,0.272572295310185,0.0636788791714347,0.698786107084526,0.698786107084525,20090,TIMP3,,False,45.0,post 45 min,
transcript-rna-seq,ENSG00000100234.12,ADIPOSE_TRNSCRPT_DA,adipose,transcript-rna-seq,group_timepointADUEndur.post_24_hr - group_timepointADUEndur.pre_exercise - group_timepointADUResist.post_24_hr + group_timepointADUResist.pre_exercise,Endur_vs_Resist,EE-RE,post_24_hr,-0.0383000962032156,-0.153270024193205,0.0766698317867737,0.512014182438357,0.999827188422841,0.999827188422841,20090,TIMP3,,False,1440.0,post 24 h,
transcript-rna-seq,ENSG00000100234.12,ADIPOSE_TRNSCRPT_DA,adipose,transcript-rna-seq,group_timepointADUEndur.post_24_hr - group_timepointADUEndur.pre_exercise - group_timepointADUControl.post_24_hr + group_timepointADUControl.pre_exercise,exercise_with_controls,EE-CON,post_24_hr,0.0283207968128316,-0.103901423948356,0.160543017574019,0.673199163236325,0.999984488297589,0.999984488297589,20090,TIMP3,,False,1440.0,post 24 h,
transcript-rna-seq,ENSG00000100234.12,ADIPOSE_TRNSCRPT_DA,adipose,transcript-rna-seq,group_timepointADUResist.post_3.5_4_hr - group_timepointADUResist.pre_exercise - group_timepointADUControl.post_3.5_4_hr + group_timepointADUControl.pre_exercise,exercise_with_controls,RE-CON,post_3.5_4_hr,0.180030344988056,0.0710650744389359,0.288995615537177,0.0013255250345454,0.162328975322691,0.162328975322691,20090,TIMP3,,False,240.0,post 4 h,
transcript-rna-seq,ENSG00000100234.12,ADIPOSE_TRNSCRPT_DA,adipose,transcript-rna-seq,group_timepointADUResist.post_24_hr - group_timepointADUResist.pre_exercise - group_timepointADUControl.post_24_hr + group_timepointADUControl.pre_exercise,exercise_with_controls,RE-CON,post_24_hr,0.0666208930160472,-0.0666106183963093,0.199852404428404,0.325302991359466,0.999660577093274,0.999660577093274,20090,TIMP3,,False,1440.0,post 24 h,
transcript-rna-seq,ENSG00000113739.11,ADIPOSE_TRNSCRPT_DA,adipose,transcript-rna-seq,group_timepointADUEndur.post_15_30_45_min - group_timepointADUEndur.pre_exercise - group_timepointADUControl.post_15_30_45_min + group_timepointADUControl.pre_exercise,exercise_with_controls,EE-CON,post_15_30_45_min,-0.203172860965676,-0.561127679796587,0.154781957865236,0.264460301318382,0.832342350200272,0.832342350200272,20090,STC2,,False,45.0,post 45 min,
transcript-rna-seq,ENSG00000113739.11,ADIPOSE_TRNSCRPT_DA,adipose,transcript-rna-seq,group_timepointADUEndur.post_3.5_4_hr - group_timepointADUEndur.pre_exercise - group_timepointADUResist.post_3.5_4_hr + group_timepointADUResist.pre_exercise,Endur_vs_Resist,EE-RE,post_3.5_4_hr,0.0396198159704784,-0.199909926756717,0.279149558697673,0.744570257377792,0.999161799173372,0.999161799173372,20090,STC2,,False,240.0,post 4 h,
transcript-rna-seq,ENSG00000113739.11,ADIPOSE_TRNSCRPT_DA,adipose,transcript-rna-seq,group_timepointADUEndur.post_24_hr - group_timepointADUEndur.pre_exercise - group_timepointADUControl.post_24_hr + group_timepointADUControl.pre_exercise,exercise_with_controls,EE-CON,post_24_hr,-0.023590951408059,-0.354770702791635,0.307588799975517,0.888458835190346,0.999984488297589,0.999984488297589,20090,STC2,,False,1440.0,post 24 h,
transcript-rna-seq,ENSG00000113739.11,ADIPOSE_TRNSCRPT_DA,adipose,transcript-rna-seq,group_timepointADUEndur.post_24_hr - group_timepointADUEndur.pre_exercise - group_timepointADUResist.post_24_hr + group_timepointADUResist.pre_exercise,Endur_vs_Resist,EE-RE,post_24_hr,0.0812363685971982,-0.192759792812029,0.355232530006425,0.559530350027768,0.999827188422841,0.999827188422841,20090,STC2,,False,1440.0,post 24 h,
transcript-rna-seq,ENSG00000113739.11,ADIPOSE_TRNSCRPT_DA,adipose,transcript-rna-seq,group_timepointADUResist.post_15_30_45_min - group_timepointADUResist.pre_exercise - group_timepointADUControl.post_15_30_45_min + group_timepointADUControl.pre_exercise,exercise_with_controls,RE-CON,post_15_30_45_min,-0.266071656480842,-0.627786675028384,0.0956433620666995,0.148536670131883,0.786234933931764,0.786234933931766,20090,STC2,,False,45.0,post 45 min,
transcript-rna-seq,ENSG00000113739.11,ADIPOSE_TRNSCRPT_DA,adipose,transcript-rna-seq,group_timepointADUResist.post_3.5_4_hr - group_timepointADUResist.pre_exercise - group_timepointADUControl.post_3.5_4_hr + group_timepointADUControl.pre_exercise,exercise_with_controls,RE-CON,post_3.5_4_hr,-0.239473112424776,-0.519164124159612,0.0402178993100599,0.0928793435334106,0.639821276413308,0.639821276413308,20090,STC2,,False,240.0,post 4 h,
transcript-rna-seq,ENSG00000113739.11,ADIPOSE_TRNSCRPT_DA,adipose,transcript-rna-seq,group_timepointADUEndur.post_3.5_4_hr - group_timepointADUEndur.pre_exercise - group_timepointADUControl.post_3.5_4_hr + group_timepointADUControl.pre_exercise,exercise_with_controls,EE-CON,post_3.5_4_hr,-0.199853296454298,-0.498098855905597,0.098392262997002,0.187840520263555,0.869219893061071,0.869219893061073,20090,STC2,,False,240.0,post 4 h,
transcript-rna-seq,ENSG00000113739.11,ADIPOSE_TRNSCRPT_DA,adipose,transcript-rna-seq,group_timepointADUEndur.post_15_30_45_min - group_timepointADUEndur.pre_exercise - group_timepointADUResist.post_15_30_45_min + group_timepointADUResist.pre_exercise,Endur_vs_Resist,EE-RE,post_15_30_45_min,0.0628987955151667,-0.250610026286669,0.376407617317002,0.692872695297936,0.958457324780669,0.95845732478067,20090,STC2,,False,45.0,post 45 min,
transcript-rna-seq,ENSG00000113739.11,ADIPOSE_TRNSCRPT_DA,adipose,transcript-rna-seq,group_timepointADUResist.post_24_hr - group_timepointADUResist.pre_exercise - group_timepointADUControl.post_24_hr + group_timepointADUControl.pre_exercise,exercise_with_controls,RE-CON,post_24_hr,-0.104827320005257,-0.436155441124838,0.226500801114324,0.533502446754445,0.999660577093274,0.999660577093274,20090,STC2,,False,1440.0,post 24 h,
transcript-rna-seq,ENSG00000140105.18,ADIPOSE_TRNSCRPT_DA,adipose,transcript-rna-seq,group_timepointADUEndur.post_24_hr - group_timepointADUEndur.pre_exercise - group_timepointADUControl.post_24_hr + group_timepointADUControl.pre_exercise,exercise_with_controls,EE-CON,post_24_hr,-0.039405719879932,-0.2072902817886,0.128478842028736,0.643777128666733,0.999984488297589,0.999984488297589,20090,WARS1,,False,1440.0,post 24 h,
transcript-rna-seq,ENSG00000140105.18,ADIPOSE_TRNSCRPT_DA,adipose,transcript-rna-seq,group_timepointADUResist.post_15_30_45_min - group_timepointADUResist.pre_exercise - group_timepointADUControl.post_15_30_45_min + group_timepointADUControl.pre_exercise,exercise_with_controls,RE-CON,post_15_30_45_min,-0.105153621877206,-0.282994343737514,0.0726870999831015,0.244835071601608,0.8436940975088,0.8436940975088,20090,WARS1,,False,45.0,post 45 min,
transcript-rna-seq,ENSG00000140105.18,ADIPOSE_TRNSCRPT_DA,adipose,transcript-rna-seq,group_timepointADUEndur.post_3.5_4_hr - group_timepointADUEndur.pre_exercise - group_timepointADUResist.post_3.5_4_hr + group_timepointADUResist.pre_exercise,Endur_vs_Resist,EE-RE,post_3.5_4_hr,0.023017645841489,-0.0910580638550745,0.137093355538053,0.690923645263665,0.999161799173372,0.999161799173372,20090,WARS1,,False,240.0,post 4 h,
transcript-rna-seq,ENSG00000140105.18,ADIPOSE_TRNSCRPT_DA,adipose,transcript-rna-seq,group_timepointADUEndur.post_3.5_4_hr - group_timepointADUEndur.pre_exercise - group_timepointADUControl.post_3.5_4_hr + group_timepointADUControl.pre_exercise,exercise_with_controls,EE-CON,post_3.5_4_hr,-0.034363049085786,-0.177356036931262,0.10862993875969,0.635868998367337,0.973540242281016,0.973540242281017,20090,WARS1,,False,240.0,post 4 h,
transcript-rna-seq,ENSG00000140105.18,ADIPOSE_TRNSCRPT_DA,adipose,transcript-rna-seq,group_timepointADUResist.post_3.5_4_hr - group_timepointADUResist.pre_exercise - group_timepointADUControl.post_3.5_4_hr + group_timepointADUControl.pre_exercise,exercise_with_controls,RE-CON,post_3.5_4_hr,-0.057380694927275,-0.194312443231701,0.079551053377151,0.409311866064775,0.891485493915842,0.891485493915843,20090,WARS1,,False,240.0,post 4 h,
transcript-rna-seq,ENSG00000140105.18,ADIPOSE_TRNSCRPT_DA,adipose,transcript-rna-seq,group_timepointADUEndur.post_24_hr - group_timepointADUEndur.pre_exercise - group_timepointADUResist.post_24_hr + group_timepointADUResist.pre_exercise,Endur_vs_Resist,EE-RE,post_24_hr,0.0891127306729071,-0.0565618959114903,0.234787357257305,0.228969626276745,0.999827188422841,0.999827188422841,20090,WARS1,,False,1440.0,post 24 h,
transcript-rna-seq,ENSG00000140105.18,ADIPOSE_TRNSCRPT_DA,adipose,transcript-rna-seq,group_timepointADUEndur.post_15_30_45_min - group_timepointADUEndur.pre_exercise - group_timepointADUControl.post_15_30_45_min + group_timepointADUControl.pre_exercise,exercise_with_controls,EE-CON,post_15_30_45_min,-0.169030530121263,-0.347481012085022,0.0094199518424961,0.063235491241362,0.660978677959918,0.660978677959918,20090,WARS1,,False,45.0,post 45 min,
transcript-rna-seq,ENSG00000140105.18,ADIPOSE_TRNSCRPT_DA,adipose,transcript-rna-seq,group_timepointADUResist.post_24_hr - group_timepointADUResist.pre_exercise - group_timepointADUControl.post_24_hr + group_timepointADUControl.pre_exercise,exercise_with_controls,RE-CON,post_24_hr,-0.128518450552839,-0.297282868649831,0.040245967544153,0.134660998604134,0.999660577093274,0.999660577093274,20090,WARS1,,False,1440.0,post 24 h,
transcript-rna-seq,ENSG00000140105.18,ADIPOSE_TRNSCRPT_DA,adipose,transcript-rna-seq,group_timepointADUEndur.post_15_30_45_min - group_timepointADUEndur.pre_exercise - group_timepointADUResist.post_15_30_45_min + group_timepointADUResist.pre_exercise,Endur_vs_Resist,EE-RE,post_15_30_45_min,-0.0638769082440565,-0.21968429090262,0.0919304744145073,0.419574143954649,0.903138092408413,0.903138092408413,20090,WARS1,,False,45.0,post 45 min,
transcript-rna-seq,ENSG00000142871.18,ADIPOSE_TRNSCRPT_DA,adipose,transcript-rna-seq,group_timepointADUEndur.post_3.5_4_hr - group_timepointADUEndur.pre_exercise - group_timepointADUResist.post_3.5_4_hr + group_timepointADUResist.pre_exercise,Endur_vs_Resist,EE-RE,post_3.5_4_hr,-0.0590979380617043,-0.371215362605429,0.253019486482021,0.709314983446092,0.999161799173372,0.999161799173372,20090,CCN1,,False,240.0,post 4 h,
transcript-rna-seq,ENSG00000142871.18,ADIPOSE_TRNSCRPT_DA,adipose,transcript-rna-seq,group_timepointADUEndur.post_24_hr - group_timepointADUEndur.pre_exercise - group_timepointADUResist.post_24_hr + group_timepointADUResist.pre_exercise,Endur_vs_Resist,EE-RE,post_24_hr,0.0894451103139104,-0.288502810910037,0.467393031537858,0.641424935976451,0.999827188422841,0.999827188422841,20090,CCN1,,False,1440.0,post 24 h,
transcript-rna-seq,ENSG00000142871.18,ADIPOSE_TRNSCRPT_DA,adipose,transcript-rna-seq,group_timepointADUResist.post_3.5_4_hr - group_timepointADUResist.pre_exercise - group_timepointADUControl.post_3.5_4_hr + group_timepointADUControl.pre_exercise,exercise_with_controls,RE-CON,post_3.5_4_hr,0.140749359080897,-0.238887219319501,0.520385937481296,0.465653285635038,0.90715380084499,0.907153800844991,20090,CCN1,,False,240.0,post 4 h,
transcript-rna-seq,ENSG00000142871.18,ADIPOSE_TRNSCRPT_DA,adipose,transcript-rna-seq,group_timepointADUEndur.post_3.5_4_hr - group_timepointADUEndur.pre_exercise - group_timepointADUControl.post_3.5_4_hr + group_timepointADUControl.pre_exercise,exercise_with_controls,EE-CON,post_3.5_4_hr,0.0816514210191928,-0.317444721209891,0.480747563248276,0.687123838479621,0.978038953840012,0.978038953840012,20090,CCN1,,False,240.0,post 4 h,
transcript-rna-seq,ENSG00000142871.18,ADIPOSE_TRNSCRPT_DA,adipose,transcript-rna-seq,group_timepointADUEndur.post_15_30_45_min - group_timepointADUEndur.pre_exercise - group_timepointADUResist.post_15_30_45_min + group_timepointADUResist.pre_exercise,Endur_vs_Resist,EE-RE,post_15_30_45_min,0.675841871927922,0.302090576668943,1.0495931671869,0.000442760311428,0.234080385699735,0.234080385699735,20090,CCN1,,False,45.0,post 45 min,
transcript-rna-seq,ENSG00000142871.18,ADIPOSE_TRNSCRPT_DA,adipose,transcript-rna-seq,group_timepointADUResist.post_15_30_45_min - group_timepointADUResist.pre_exercise - group_timepointADUControl.post_15_30_45_min + group_timepointADUControl.pre_exercise,exercise_with_controls,RE-CON,post_15_30_45_min,1.01470498396633,0.54857177100094,1.48083819693171,2.6440449114147e-05,0.0230951575088353,0.0230951575088354,20090,CCN1,,False,45.0,post 45 min,
transcript-rna-seq,ENSG00000142871.18,ADIPOSE_TRNSCRPT_DA,adipose,transcript-rna-seq,group_timepointADUEndur.post_24_hr - group_timepointADUEndur.pre_exercise - group_timepointADUControl.post_24_hr + group_timepointADUControl.pre_exercise,exercise_with_controls,EE-CON,post_24_hr,0.0249430611119008,-0.427509693796758,0.47739581602056,0.913586644506859,0.999984488297589,0.999984488297589,20090,CCN1,,False,1440.0,post 24 h,
transcript-rna-seq,ENSG00000142871.18,ADIPOSE_TRNSCRPT_DA,adipose,transcript-rna-seq,group_timepointADUResist.post_24_hr - group_timepointADUResist.pre_exercise - group_timepointADUControl.post_24_hr + group_timepointADUControl.pre_exercise,exercise_with_controls,RE-CON,post_24_hr,-0.0645020492020096,-0.517018066843389,0.38801396843937,0.77905081146833,0.999660577093274,0.999660577093274,20090,CCN1,,False,1440.0,post 24 h,
transcript-rna-seq,ENSG00000142871.18,ADIPOSE_TRNSCRPT_DA,adipose,transcript-rna-seq,group_timepointADUEndur.post_15_30_45_min - group_timepointADUEndur.pre_exercise - group_timepointADUControl.post_15_30_45_min + group_timepointADUControl.pre_exercise,exercise_with_controls,EE-CON,post_15_30_45_min,1.69054685589425,1.22863470734412,2.15245900444438,7.98555851530555e-12,1.24038175363968e-07,1.24038175363968e-07,20090,CCN1,,False,45.0,post 45 min,
transcript-rna-seq,ENSG00000161649.13,ADIPOSE_TRNSCRPT_DA,adipose,transcript-rna-seq,group_timepointADUResist.post_24_hr - group_timepointADUResist.pre_exercise - group_timepointADUControl.post_24_hr + group_timepointADUControl.pre_exercise,exercise_with_controls,RE-CON,post_24_hr,-0.0547549793176874,-0.209653989293364,0.100144030657989,0.486518467468396,0.999660577093274,0.999660577093274,20090,CD300LG,,False,1440.0,post 24 h,
transcript-rna-seq,ENSG00000161649.13,ADIPOSE_TRNSCRPT_DA,adipose,transcript-rna-seq,group_timepointADUEndur.post_3.5_4_hr - group_timepointADUEndur.pre_exercise - group_timepointADUResist.post_3.5_4_hr + group_timepointADUResist.pre_exercise,Endur_vs_Resist,EE-RE,post_3.5_4_hr,-0.0634095367014602,-0.168286799927017,0.0414677265240968,0.234464053584758,0.999161799173372,0.999161799173372,20090,CD300LG,,False,240.0,post 4 h,
transcript-rna-seq,ENSG00000161649.13,ADIPOSE_TRNSCRPT_DA,adipose,transcript-rna-seq,group_timepointADUEndur.post_3.5_4_hr - group_timepointADUEndur.pre_exercise - group_timepointADUControl.post_3.5_4_hr + group_timepointADUControl.pre_exercise,exercise_with_controls,EE-CON,post_3.5_4_hr,-0.0764235474064296,-0.207847388007103,0.0550002931942432,0.252775057650686,0.89471489041411,0.89471489041411,20090,CD300LG,,False,240.0,post 4 h,
transcript-rna-seq,ENSG00000161649.13,ADIPOSE_TRNSCRPT_DA,adipose,transcript-rna-seq,group_timepointADUEndur.post_15_30_45_min - group_timepointADUEndur.pre_exercise - group_timepointADUResist.post_15_30_45_min + group_timepointADUResist.pre_exercise,Endur_vs_Resist,EE-RE,post_15_30_45_min,0.0105246147159841,-0.131762796283225,0.152812025715194,0.884168234545954,0.986924450028202,0.986924450028202,20090,CD300LG,,False,45.0,post 45 min,
transcript-rna-seq,ENSG00000161649.13,ADIPOSE_TRNSCRPT_DA,adipose,transcript-rna-seq,group_timepointADUEndur.post_24_hr - group_timepointADUEndur.pre_exercise - group_timepointADUControl.post_24_hr + group_timepointADUControl.pre_exercise,exercise_with_controls,EE-CON,post_24_hr,-0.0576896770550492,-0.211512573333848,0.0961332192237496,0.460371264158718,0.999984488297589,0.999984488297589,20090,CD300LG,,False,1440.0,post 24 h,
transcript-rna-seq,ENSG00000161649.13,ADIPOSE_TRNSCRPT_DA,adipose,transcript-rna-seq,group_timepointADUResist.post_15_30_45_min - group_timepointADUResist.pre_exercise - group_timepointADUControl.post_15_30_45_min + group_timepointADUControl.pre_exercise,exercise_with_controls,RE-CON,post_15_30_45_min,-0.113021748861148,-0.275742966707942,0.0496994689856463,0.17230354560103,0.804329810169675,0.804329810169673,20090,CD300LG,,False,45.0,post 45 min,
transcript-rna-seq,ENSG00000161649.13,ADIPOSE_TRNSCRPT_DA,adipose,transcript-rna-seq,group_timepointADUEndur.post_24_hr - group_timepointADUEndur.pre_exercise - group_timepointADUResist.post_24_hr + group_timepointADUResist.pre_exercise,Endur_vs_Resist,EE-RE,post_24_hr,-0.0029346977373618,-0.136517739260267,0.130648343785544,0.965484893897712,0.999827188422841,0.999827188422841,20090,CD300LG,,False,1440.0,post 24 h,
transcript-rna-seq,ENSG00000161649.13,ADIPOSE_TRNSCRPT_DA,adipose,transcript-rna-seq,group_timepointADUResist.post_3.5_4_hr - group_timepointADUResist.pre_exercise - group_timepointADUControl.post_3.5_4_hr + group_timepointADUControl.pre_exercise,exercise_with_controls,RE-CON,post_3.5_4_hr,-0.0130140107049685,-0.13899638496037,0.112968363550433,0.838734468350069,0.985125992918019,0.985125992918019,20090,CD300LG,,False,240.0,post 4 h,
transcript-rna-seq,ENSG00000161649.13,ADIPOSE_TRNSCRPT_DA,adipose,transcript-rna-seq,group_timepointADUEndur.post_15_30_45_min - group_timepointADUEndur.pre_exercise - group_timepointADUControl.post_15_30_45_min + group_timepointADUControl.pre_exercise,exercise_with_controls,EE-CON,post_15_30_45_min,-0.102497134145163,-0.265410734205244,0.0604164659149177,0.216155766474628,0.801507816256049,0.80150781625605,20090,CD300LG,,False,45.0,post 45 min,
transcript-rna-seq,ENSG00000171819.5,ADIPOSE_TRNSCRPT_DA,adipose,transcript-rna-seq,group_timepointADUResist.post_15_30_45_min - group_timepointADUResist.pre_exercise - group_timepointADUControl.post_15_30_45_min + group_timepointADUControl.pre_exercise,exercise_with_controls,RE-CON,post_15_30_45_min,-0.3114398818994,-1.4052508721395,0.782371108340696,0.575369388915257,0.943546665674065,0.943546665674065,20090,ANGPTL7,,False,45.0,post 45 min,
transcript-rna-seq,ENSG00000171819.5,ADIPOSE_TRNSCRPT_DA,adipose,transcript-rna-seq,group_timepointADUEndur.post_24_hr - group_timepointADUEndur.pre_exercise - group_timepointADUControl.post_24_hr + group_timepointADUControl.pre_exercise,exercise_with_controls,EE-CON,post_24_hr,0.0096779330801022,-0.961369038268673,0.980724904428878,0.984349146563642,0.999984488297589,0.999984488297589,20090,ANGPTL7,,False,1440.0,post 24 h,
transcript-rna-seq,ENSG00000171819.5,ADIPOSE_TRNSCRPT_DA,adipose,transcript-rna-seq,group_timepointADUEndur.post_15_30_45_min - group_timepointADUEndur.pre_exercise - group_timepointADUResist.post_15_30_45_min + group_timepointADUResist.pre_exercise,Endur_vs_Resist,EE-RE,post_15_30_45_min,-0.0867640858217706,-1.03738677667703,0.863858605033491,0.857443597909395,0.986924450028202,0.986924450028202,20090,ANGPTL7,,False,45.0,post 45 min,
transcript-rna-seq,ENSG00000171819.5,ADIPOSE_TRNSCRPT_DA,adipose,transcript-rna-seq,group_timepointADUEndur.post_15_30_45_min - group_timepointADUEndur.pre_exercise - group_timepointADUControl.post_15_30_45_min + group_timepointADUControl.pre_exercise,exercise_with_controls,EE-CON,post_15_30_45_min,-0.398203967721171,-1.49690718437429,0.700499248931946,0.475881035408037,0.904383204303226,0.904383204303226,20090,ANGPTL7,,False,45.0,post 45 min,
transcript-rna-seq,ENSG00000171819.5,ADIPOSE_TRNSCRPT_DA,adipose,transcript-rna-seq,group_timepointADUEndur.post_3.5_4_hr - group_timepointADUEndur.pre_exercise - group_timepointADUResist.post_3.5_4_hr + group_timepointADUResist.pre_exercise,Endur_vs_Resist,EE-RE,post_3.5_4_hr,-0.0804361751103162,-0.793937092195067,0.633064741974435,0.824319375608256,0.999161799173372,0.999161799173372,20090,ANGPTL7,,False,240.0,post 4 h,
transcript-rna-seq,ENSG00000171819.5,ADIPOSE_TRNSCRPT_DA,adipose,transcript-rna-seq,group_timepointADUResist.post_24_hr - group_timepointADUResist.pre_exercise - group_timepointADUControl.post_24_hr + group_timepointADUControl.pre_exercise,exercise_with_controls,RE-CON,post_24_hr,-0.174780114525741,-1.16894718208288,0.819386953031401,0.729354740015588,0.999660577093274,0.999660577093274,20090,ANGPTL7,,False,1440.0,post 24 h,
transcript-rna-seq,ENSG00000171819.5,ADIPOSE_TRNSCRPT_DA,adipose,transcript-rna-seq,group_timepointADUEndur.post_3.5_4_hr - group_timepointADUEndur.pre_exercise - group_timepointADUControl.post_3.5_4_hr + group_timepointADUControl.pre_exercise,exercise_with_controls,EE-CON,post_3.5_4_hr,-0.487845793207209,-1.34345006693424,0.367758480519818,0.262345638140823,0.895485236848199,0.895485236848198,20090,ANGPTL7,,False,240.0,post 4 h,
transcript-rna-seq,ENSG00000171819.5,ADIPOSE_TRNSCRPT_DA,adipose,transcript-rna-seq,group_timepointADUResist.post_3.5_4_hr - group_timepointADUResist.pre_exercise - group_timepointADUControl.post_3.5_4_hr + group_timepointADUControl.pre_exercise,exercise_with_controls,RE-CON,post_3.5_4_hr,-0.407409618096892,-1.23049391658606,0.415674680392276,0.330330951288805,0.858407555476923,0.858407555476923,20090,ANGPTL7,,False,240.0,post 4 h,
transcript-rna-seq,ENSG00000171819.5,ADIPOSE_TRNSCRPT_DA,adipose,transcript-rna-seq,group_timepointADUEndur.post_24_hr - group_timepointADUEndur.pre_exercise - group_timepointADUResist.post_24_hr + group_timepointADUResist.pre_exercise,Endur_vs_Resist,EE-RE,post_24_hr,0.184458047605843,-0.663510811275496,1.03242690648718,0.668597792821894,0.999827188422841,0.999827188422841,20090,ANGPTL7,,False,1440.0,post 24 h,
prot-pr,O00622,MUSCLE_PROT_PR_DA,muscle,prot-pr,group_timepointADUEndur.post_24_hr - group_timepointADUEndur.pre_exercise - group_timepointADUControl.post_24_hr + group_timepointADUControl.pre_exercise,exercise_with_controls,EE-CON,post_24_hr,-0.125371308066833,-0.345228079246659,0.0944854631129932,0.262446909388034,0.801799190461918,0.801799190461918,6211,CCN1,O00622,False,1440.0,post 24 h,
prot-pr,O00622,MUSCLE_PROT_PR_DA,muscle,prot-pr,group_timepointADUResist.post_24_hr - group_timepointADUResist.pre_exercise - group_timepointADUControl.post_24_hr + group_timepointADUControl.pre_exercise,exercise_with_controls,RE-CON,post_24_hr,0.220259405739691,0.0057977643795698,0.434721047099812,0.0441654636478061,0.557374438228422,0.557374438228422,6211,CCN1,O00622,False,1440.0,post 24 h,
prot-pr,O00622,MUSCLE_PROT_PR_DA,muscle,prot-pr,group_timepointADUResist.post_15_30_45_min - group_timepointADUResist.pre_exercise - group_timepointADUControl.post_15_30_45_min + group_timepointADUControl.pre_exercise,exercise_with_controls,RE-CON,post_15_30_45_min,0.17250836238853,-0.0532990896208918,0.398315814397951,0.13368957006178,0.806777902627204,0.806777902627205,6211,CCN1,O00622,False,15.0,post 15 min,
prot-pr,O00622,MUSCLE_PROT_PR_DA,muscle,prot-pr,group_timepointADUEndur.post_24_hr - group_timepointADUEndur.pre_exercise - group_timepointADUResist.post_24_hr + group_timepointADUResist.pre_exercise,Endur_vs_Resist,EE-RE,post_24_hr,-0.345630713806524,-0.5310541682751,-0.160207259337947,0.000296568271271,0.066751245244976,0.0667512452449761,6211,CCN1,O00622,False,1440.0,post 24 h,
prot-pr,O00622,MUSCLE_PROT_PR_DA,muscle,prot-pr,group_timepointADUResist.post_3.5_4_hr - group_timepointADUResist.pre_exercise - group_timepointADUControl.post_3.5_4_hr + group_timepointADUControl.pre_exercise,exercise_with_controls,RE-CON,post_3.5_4_hr,0.922364234557194,0.677968900598522,1.16675956851587,1.50472684866751e-12,4.672929228536951e-09,4.672929228536951e-09,6211,CCN1,O00622,False,210.0,post 3.5 h,
prot-pr,O00622,MUSCLE_PROT_PR_DA,muscle,prot-pr,group_timepointADUEndur.post_3.5_4_hr - group_timepointADUEndur.pre_exercise - group_timepointADUResist.post_3.5_4_hr + group_timepointADUResist.pre_exercise,Endur_vs_Resist,EE-RE,post_3.5_4_hr,-0.808667872551926,-1.01491303837712,-0.602422706726731,2.48791435254844e-13,7.72621802183917e-10,7.72621802183918e-10,6211,CCN1,O00622,False,210.0,post 3.5 h,
prot-pr,O00622,MUSCLE_PROT_PR_DA,muscle,prot-pr,group_timepointADUEndur.post_15_30_45_min - group_timepointADUEndur.pre_exercise - group_timepointADUResist.post_15_30_45_min + group_timepointADUResist.pre_exercise,Endur_vs_Resist,EE-RE,post_15_30_45_min,0.0359135514834024,-0.163758972507184,0.235586075473989,0.723475320950862,0.999972761661199,0.999972761661199,6211,CCN1,O00622,False,15.0,post 15 min,
prot-pr,O00622,MUSCLE_PROT_PR_DA,muscle,prot-pr,group_timepointADUEndur.post_15_30_45_min - group_timepointADUEndur.pre_exercise - group_timepointADUControl.post_15_30_45_min + group_timepointADUControl.pre_exercise,exercise_with_controls,EE-CON,post_15_30_45_min,0.208421913871932,-0.0180550520938814,0.434898879837745,0.0711114896040065,0.997666211618705,0.997666211618705,6211,CCN1,O00622,False,15.0,post 15 min,
prot-pr,O00622,MUSCLE_PROT_PR_DA,muscle,prot-pr,group_timepointADUEndur.post_3.5_4_hr - group_timepointADUEndur.pre_exercise - group_timepointADUControl.post_3.5_4_hr + group_timepointADUControl.pre_exercise,exercise_with_controls,EE-CON,post_3.5_4_hr,0.113696362005268,-0.139504398035056,0.366897122045592,0.377410798956453,0.999239529582803,0.999239529582802,6211,CCN1,O00622,False,210.0,post 3.5 h,
prot-pr,P23381,MUSCLE_PROT_PR_DA,muscle,prot-pr,group_timepointADUEndur.post_15_30_45_min - group_timepointADUEndur.pre_exercise - group_timepointADUResist.post_15_30_45_min + group_timepointADUResist.pre_exercise,Endur_vs_Resist,EE-RE,post_15_30_45_min,-2.16397017818518e-05,-0.0562090061393693,0.0561657267358056,0.999395118702088,0.999972761661199,0.999972761661199,6211,WARS1,P23381,False,15.0,post 15 min,
prot-pr,P23381,MUSCLE_PROT_PR_DA,muscle,prot-pr,group_timepointADUEndur.post_3.5_4_hr - group_timepointADUEndur.pre_exercise - group_timepointADUControl.post_3.5_4_hr + group_timepointADUControl.pre_exercise,exercise_with_controls,EE-CON,post_3.5_4_hr,-0.0205813883166128,-0.0924910449544236,0.051328268321198,0.57330971283075,0.999239529582803,0.999239529582802,6211,WARS1,P23381,False,210.0,post 3.5 h,
prot-pr,P23381,MUSCLE_PROT_PR_DA,muscle,prot-pr,group_timepointADUEndur.post_3.5_4_hr - group_timepointADUEndur.pre_exercise - group_timepointADUResist.post_3.5_4_hr + group_timepointADUResist.pre_exercise,Endur_vs_Resist,EE-RE,post_3.5_4_hr,-0.0082522219226798,-0.0654680685886188,0.048963624743259,0.776505591462384,0.978017100466442,0.978017100466442,6211,WARS1,P23381,False,210.0,post 3.5 h,
prot-pr,P23381,MUSCLE_PROT_PR_DA,muscle,prot-pr,group_timepointADUResist.post_3.5_4_hr - group_timepointADUResist.pre_exercise - group_timepointADUControl.post_3.5_4_hr + group_timepointADUControl.pre_exercise,exercise_with_controls,RE-CON,post_3.5_4_hr,-0.0123291663939329,-0.0822161761945473,0.0575578434066814,0.728438098965523,0.999907031889275,0.999907031889275,6211,WARS1,P23381,False,210.0,post 3.5 h,
prot-pr,P23381,MUSCLE_PROT_PR_DA,muscle,prot-pr,group_timepointADUResist.post_24_hr - group_timepointADUResist.pre_exercise - group_timepointADUControl.post_24_hr + group_timepointADUControl.pre_exercise,exercise_with_controls,RE-CON,post_24_hr,-0.0156330009332123,-0.0758837939596783,0.0446177920932536,0.609617504255359,0.934372773954408,0.934372773954407,6211,WARS1,P23381,False,1440.0,post 24 h,
prot-pr,P23381,MUSCLE_PROT_PR_DA,muscle,prot-pr,group_timepointADUEndur.post_24_hr - group_timepointADUEndur.pre_exercise - group_timepointADUResist.post_24_hr + group_timepointADUResist.pre_exercise,Endur_vs_Resist,EE-RE,post_24_hr,0.0288794813871265,-0.0229094760845814,0.0806684388588345,0.272975677183758,0.751993474737693,0.751993474737691,6211,WARS1,P23381,False,1440.0,post 24 h,
prot-pr,P23381,MUSCLE_PROT_PR_DA,muscle,prot-pr,group_timepointADUEndur.post_15_30_45_min - group_timepointADUEndur.pre_exercise - group_timepointADUControl.post_15_30_45_min + group_timepointADUControl.pre_exercise,exercise_with_controls,EE-CON,post_15_30_45_min,-0.009011933413453,-0.073738478219196,0.0557146113922899,0.784050211302646,0.997666211618705,0.997666211618705,6211,WARS1,P23381,False,15.0,post 15 min,
prot-pr,P23381,MUSCLE_PROT_PR_DA,muscle,prot-pr,group_timepointADUResist.post_15_30_45_min - group_timepointADUResist.pre_exercise - group_timepointADUControl.post_15_30_45_min + group_timepointADUControl.pre_exercise,exercise_with_controls,RE-CON,post_15_30_45_min,-0.0089902937116712,-0.0726655606428739,0.0546849732195315,0.781085243872548,0.949749500722865,0.949749500722865,6211,WARS1,P23381,False,15.0,post 15 min,
prot-pr,P23381,MUSCLE_PROT_PR_DA,muscle,prot-pr,group_timepointADUEndur.post_24_hr - group_timepointADUEndur.pre_exercise - group_timepointADUControl.post_24_hr + group_timepointADUControl.pre_exercise,exercise_with_controls,EE-CON,post_24_hr,0.0132464804539142,-0.0490558001729846,0.0755487610808131,0.675610328777066,0.943393829144415,0.943393829144415,6211,WARS1,P23381,False,1440.0,post 24 h,
prot-pr,P35625,MUSCLE_PROT_PR_DA,muscle,prot-pr,group_timepointADUResist.post_3.5_4_hr - group_timepointADUResist.pre_exercise - group_timepointADUControl.post_3.5_4_hr + group_timepointADUControl.pre_exercise,exercise_with_controls,RE-CON,post_3.5_4_hr,0.0525539279819784,-0.306460749150519,0.411568605114475,0.773241034481218,0.999907031889275,0.999907031889275,6211,TIMP3,P35625,False,210.0,post 3.5 h,
prot-pr,P35625,MUSCLE_PROT_PR_DA,muscle,prot-pr,group_timepointADUEndur.post_3.5_4_hr - group_timepointADUEndur.pre_exercise - group_timepointADUResist.post_3.5_4_hr + group_timepointADUResist.pre_exercise,Endur_vs_Resist,EE-RE,post_3.5_4_hr,-0.117915825259325,-0.433448870626241,0.197617220107591,0.462230890754262,0.925007637021453,0.925007637021453,6211,TIMP3,P35625,False,210.0,post 3.5 h,
prot-pr,P35625,MUSCLE_PROT_PR_DA,muscle,prot-pr,group_timepointADUEndur.post_3.5_4_hr - group_timepointADUEndur.pre_exercise - group_timepointADUControl.post_3.5_4_hr + group_timepointADUControl.pre_exercise,exercise_with_controls,EE-CON,post_3.5_4_hr,-0.0653618972773467,-0.432326459158889,0.301602664604196,0.725878205418531,0.999239529582803,0.999239529582802,6211,TIMP3,P35625,False,210.0,post 3.5 h,
prot-pr,P35625,MUSCLE_PROT_PR_DA,muscle,prot-pr,group_timepointADUEndur.post_24_hr - group_timepointADUEndur.pre_exercise - group_timepointADUControl.post_24_hr + group_timepointADUControl.pre_exercise,exercise_with_controls,EE-CON,post_24_hr,-0.320177899448696,-0.661809064390928,0.0214532654935356,0.0660748259729657,0.652709556813078,0.652709556813079,6211,TIMP3,P35625,False,1440.0,post 24 h,
prot-pr,P35625,MUSCLE_PROT_PR_DA,muscle,prot-pr,group_timepointADUEndur.post_15_30_45_min - group_timepointADUEndur.pre_exercise - group_timepointADUControl.post_15_30_45_min + group_timepointADUControl.pre_exercise,exercise_with_controls,EE-CON,post_15_30_45_min,0.128152432892467,-0.201650875888499,0.457955741673432,0.444466951951862,0.997666211618705,0.997666211618705,6211,TIMP3,P35625,False,15.0,post 15 min,
prot-pr,P35625,MUSCLE_PROT_PR_DA,muscle,prot-pr,group_timepointADUResist.post_15_30_45_min - group_timepointADUResist.pre_exercise - group_timepointADUControl.post_15_30_45_min + group_timepointADUControl.pre_exercise,exercise_with_controls,RE-CON,post_15_30_45_min,0.233015402869917,-0.100335769919107,0.566366575658941,0.169665651781456,0.806777902627204,0.806777902627205,6211,TIMP3,P35625,False,15.0,post 15 min,
prot-pr,P35625,MUSCLE_PROT_PR_DA,muscle,prot-pr,group_timepointADUEndur.post_24_hr - group_timepointADUEndur.pre_exercise - group_timepointADUResist.post_24_hr + group_timepointADUResist.pre_exercise,Endur_vs_Resist,EE-RE,post_24_hr,-0.228376835321278,-0.512147482715938,0.0553938120733812,0.114107350947347,0.60763563408461,0.607635634084609,6211,TIMP3,P35625,False,1440.0,post 24 h,
prot-pr,P35625,MUSCLE_PROT_PR_DA,muscle,prot-pr,group_timepointADUEndur.post_15_30_45_min - group_timepointADUEndur.pre_exercise - group_timepointADUResist.post_15_30_45_min + group_timepointADUResist.pre_exercise,Endur_vs_Resist,EE-RE,post_15_30_45_min,-0.10486296997745,-0.410866632428947,0.201140692474046,0.500096112615018,0.999972761661199,0.999972761661199,6211,TIMP3,P35625,False,15.0,post 15 min,
prot-pr,P35625,MUSCLE_PROT_PR_DA,muscle,prot-pr,group_timepointADUResist.post_24_hr - group_timepointADUResist.pre_exercise - group_timepointADUControl.post_24_hr + group_timepointADUControl.pre_exercise,exercise_with_controls,RE-CON,post_24_hr,-0.0918010641274176,-0.422638315765502,0.239036187510667,0.58495537143119,0.925673868416411,0.925673868416411,6211,TIMP3,P35625,False,1440.0,post 24 h,
prot-pr,O00622,ADIPOSE_PROT_PR_DA,adipose,prot-pr,group_timepointADUEndur.post_3.5_4_hr - group_timepointADUEndur.pre_exercise - group_timepointADUControl.post_3.5_4_hr + group_timepointADUControl.pre_exercise,exercise_with_controls,EE-CON,post_3.5_4_hr,-0.221029419197309,-0.596795914440173,0.154737076045554,0.240910042184739,0.505760564610389,0.505760564610389,7056,CCN1,O00622,False,240.0,post 4 h,
prot-pr,O00622,ADIPOSE_PROT_PR_DA,adipose,prot-pr,group_timepointADUResist.post_3.5_4_hr - group_timepointADUResist.pre_exercise - group_timepointADUControl.post_3.5_4_hr + group_timepointADUControl.pre_exercise,exercise_with_controls,RE-CON,post_3.5_4_hr,-0.060742878669372,-0.43665213753235,0.315166380193606,0.74519593748369,0.943044513171095,0.943044513171095,7056,CCN1,O00622,False,240.0,post 4 h,
prot-pr,O00622,ADIPOSE_PROT_PR_DA,adipose,prot-pr,group_timepointADUEndur.post_3.5_4_hr - group_timepointADUEndur.pre_exercise - group_timepointADUResist.post_3.5_4_hr + group_timepointADUResist.pre_exercise,Endur_vs_Resist,EE-RE,post_3.5_4_hr,-0.160286540527937,-0.514704182868587,0.194131101812712,0.365406203339055,0.717513335265541,0.717513335265542,7056,CCN1,O00622,False,240.0,post 4 h,
prot-pr,P14210,ADIPOSE_PROT_PR_DA,adipose,prot-pr,group_timepointADUResist.post_3.5_4_hr - group_timepointADUResist.pre_exercise - group_timepointADUControl.post_3.5_4_hr + group_timepointADUControl.pre_exercise,exercise_with_controls,RE-CON,post_3.5_4_hr,-0.178848559474141,-0.468433520472044,0.110736401523762,0.218641722064335,0.708728557556344,0.708728557556344,7056,HGF,P14210,False,240.0,post 4 h,
prot-pr,P14210,ADIPOSE_PROT_PR_DA,adipose,prot-pr,group_timepointADUEndur.post_3.5_4_hr - group_timepointADUEndur.pre_exercise - group_timepointADUControl.post_3.5_4_hr + group_timepointADUControl.pre_exercise,exercise_with_controls,EE-CON,post_3.5_4_hr,-0.0274308385748018,-0.316905820378531,0.262044143228927,0.848785433112853,0.93156478706553,0.93156478706553,7056,HGF,P14210,False,240.0,post 4 h,
prot-pr,P14210,ADIPOSE_PROT_PR_DA,adipose,prot-pr,group_timepointADUEndur.post_3.5_4_hr - group_timepointADUEndur.pre_exercise - group_timepointADUResist.post_3.5_4_hr + group_timepointADUResist.pre_exercise,Endur_vs_Resist,EE-RE,post_3.5_4_hr,0.15141772089934,-0.121610986732393,0.424446428531072,0.26837094738153,0.647158884320824,0.647158884320823,7056,HGF,P14210,False,240.0,post 4 h,
prot-pr,P23381,ADIPOSE_PROT_PR_DA,adipose,prot-pr,group_timepointADUEndur.post_3.5_4_hr - group_timepointADUEndur.pre_exercise - group_timepointADUControl.post_3.5_4_hr + group_timepointADUControl.pre_exercise,exercise_with_controls,EE-CON,post_3.5_4_hr,-0.265728976397905,-0.4327957903945,-0.0986621624013093,0.0032745441306832,0.0608031141739495,0.0608031141739495,7056,WARS1,P23381,False,240.0,post 4 h,
prot-pr,P23381,ADIPOSE_PROT_PR_DA,adipose,prot-pr,group_timepointADUResist.post_3.5_4_hr - group_timepointADUResist.pre_exercise - group_timepointADUControl.post_3.5_4_hr + group_timepointADUControl.pre_exercise,exercise_with_controls,RE-CON,post_3.5_4_hr,-0.0507581573291856,-0.217869360469299,0.116353045810927,0.535211773071715,0.881878740190477,0.881878740190477,7056,WARS1,P23381,False,240.0,post 4 h,
prot-pr,P23381,ADIPOSE_PROT_PR_DA,adipose,prot-pr,group_timepointADUEndur.post_3.5_4_hr - group_timepointADUEndur.pre_exercise - group_timepointADUResist.post_3.5_4_hr + group_timepointADUResist.pre_exercise,Endur_vs_Resist,EE-RE,post_3.5_4_hr,-0.214970819068719,-0.373978675083371,-0.0559629630540676,0.010302019469367,0.184027973103427,0.184027973103427,7056,WARS1,P23381,False,240.0,post 4 h,
prot-pr,P35625,ADIPOSE_PROT_PR_DA,adipose,prot-pr,group_timepointADUEndur.post_3.5_4_hr - group_timepointADUEndur.pre_exercise - group_timepointADUControl.post_3.5_4_hr + group_timepointADUControl.pre_exercise,exercise_with_controls,EE-CON,post_3.5_4_hr,0.214554705896497,-0.112597572081531,0.541706983874525,0.18719713122861,0.443304419202484,0.443304419202484,7056,TIMP3,P35625,False,240.0,post 4 h,
prot-pr,P35625,ADIPOSE_PROT_PR_DA,adipose,prot-pr,group_timepointADUResist.post_3.5_4_hr - group_timepointADUResist.pre_exercise - group_timepointADUControl.post_3.5_4_hr + group_timepointADUControl.pre_exercise,exercise_with_controls,RE-CON,post_3.5_4_hr,0.0306076843677463,-0.296653816010213,0.357869184745706,0.847742892223363,0.971997700280801,0.971997700280801,7056,TIMP3,P35625,False,240.0,post 4 h,
prot-pr,P35625,ADIPOSE_PROT_PR_DA,adipose,prot-pr,group_timepointADUEndur.post_3.5_4_hr - group_timepointADUEndur.pre_exercise - group_timepointADUResist.post_3.5_4_hr + group_timepointADUResist.pre_exercise,Endur_vs_Resist,EE-RE,post_3.5_4_hr,0.183947021528751,-0.126243718982141,0.494137762039642,0.231661948623214,0.612585224198554,0.612585224198553,7056,TIMP3,P35625,False,240.0,post 4 h,
prot-pr,Q6UXG3,ADIPOSE_PROT_PR_DA,adipose,prot-pr,group_timepointADUEndur.post_3.5_4_hr - group_timepointADUEndur.pre_exercise - group_timepointADUResist.post_3.5_4_hr + group_timepointADUResist.pre_exercise,Endur_vs_Resist,EE-RE,post_3.5_4_hr,-0.140764997834491,-0.365547840041774,0.0840178443727926,0.207879078580336,0.583218599786421,0.583218599786422,7056,CD300LG,Q6UXG3,False,240.0,post 4 h,
prot-pr,Q6UXG3,ADIPOSE_PROT_PR_DA,adipose,prot-pr,group_timepointADUEndur.post_3.5_4_hr - group_timepointADUEndur.pre_exercise - group_timepointADUControl.post_3.5_4_hr + group_timepointADUControl.pre_exercise,exercise_with_controls,EE-CON,post_3.5_4_hr,-0.201612490482865,-0.439771341436629,0.0365463604708988,0.0930758265204169,0.306316712653014,0.306316712653014,7056,CD300LG,Q6UXG3,False,240.0,post 4 h,
prot-pr,Q6UXG3,ADIPOSE_PROT_PR_DA,adipose,prot-pr,group_timepointADUResist.post_3.5_4_hr - group_timepointADUResist.pre_exercise - group_timepointADUControl.post_3.5_4_hr + group_timepointADUControl.pre_exercise,exercise_with_controls,RE-CON,post_3.5_4_hr,-0.0608474926483746,-0.299096820086517,0.177401834789768,0.601685662730726,0.904275663301795,0.904275663301795,7056,CD300LG,Q6UXG3,False,240.0,post 4 h,
