"candidate_id","candidate_name","mapping_status","identity_resolved","source_object","tissue","assay","platform","evidence_layer","interpretation_scope","feature_id","matched_gene","contrast_type","contrast_category","Timepoint","logFC","CI.L_calculated","CI.R_calculated","p_value","adj_p_value","direction","review_direction","direction_comparison"
"T3_03","Angiopoietin 1","gene",TRUE,"BLOOD_TRNSCRPT_DA","blood","transcript-rna-seq","transcript-rna-seq","RNA","tissue_or_blood_cell_context","ENSG00000154188.10","ANGPT1","Endur_vs_Resist","EE-RE","post_15_30_45_min",-0.618796013831824,-0.973975611791933,-0.263616415871715,0.000663910335727089,0.0839730315953985,"down","up;unchanged","not_applicable"
"T3_03","Angiopoietin 1","gene",TRUE,"BLOOD_TRNSCRPT_DA","blood","transcript-rna-seq","transcript-rna-seq","RNA","tissue_or_blood_cell_context","ENSG00000154188.10","ANGPT1","exercise_with_controls","EE-CON","post_10_min",0.262180797750694,-0.127769162564232,0.652130758065619,0.187207464908489,0.611483800291635,"up","up;unchanged","not_applicable"
"T3_03","Angiopoietin 1","gene",TRUE,"BLOOD_TRNSCRPT_DA","blood","transcript-rna-seq","transcript-rna-seq","RNA","tissue_or_blood_cell_context","ENSG00000154188.10","ANGPT1","exercise_with_controls","RE-CON","post_24_hr",0.632982294813096,0.141474541202844,1.12449004842335,0.0116821174661428,0.628096604685064,"up","up;unchanged","not_applicable"
"T3_03","Angiopoietin 1","gene",TRUE,"BLOOD_TRNSCRPT_DA","blood","transcript-rna-seq","transcript-rna-seq","RNA","tissue_or_blood_cell_context","ENSG00000154188.10","ANGPT1","exercise_with_controls","EE-CON","during_40_min",-0.0351904469143205,-0.438094802295086,0.367713908466445,0.863870396261819,0.951992040892843,"down","up;unchanged","not_applicable"
"T3_03","Angiopoietin 1","gene",TRUE,"BLOOD_TRNSCRPT_DA","blood","transcript-rna-seq","transcript-rna-seq","RNA","tissue_or_blood_cell_context","ENSG00000154188.10","ANGPT1","exercise_with_controls","RE-CON","post_3.5_4_hr",0.91838848136547,0.39856148562781,1.43821547710313,0.000556930695374605,0.0053208960085753,"up","up;unchanged","not_applicable"
"T3_03","Angiopoietin 1","gene",TRUE,"BLOOD_TRNSCRPT_DA","blood","transcript-rna-seq","transcript-rna-seq","RNA","tissue_or_blood_cell_context","ENSG00000154188.10","ANGPT1","exercise_with_controls","EE-CON","post_3.5_4_hr",0.727986277360013,0.21696822473728,1.23900432998275,0.0053065752331335,0.0462941151152887,"up","up;unchanged","not_applicable"
"T3_03","Angiopoietin 1","gene",TRUE,"BLOOD_TRNSCRPT_DA","blood","transcript-rna-seq","transcript-rna-seq","RNA","tissue_or_blood_cell_context","ENSG00000154188.10","ANGPT1","Endur_vs_Resist","EE-RE","post_24_hr",-0.678612449036364,-1.14969594354993,-0.207528954522797,0.00481971396752748,0.944805064407319,"down","up;unchanged","not_applicable"
"T3_03","Angiopoietin 1","gene",TRUE,"BLOOD_TRNSCRPT_DA","blood","transcript-rna-seq","transcript-rna-seq","RNA","tissue_or_blood_cell_context","ENSG00000154188.10","ANGPT1","exercise_with_controls","RE-CON","post_10_min",0.548568428387417,0.148645519323048,0.948491337451785,0.00725671388491067,0.0997656939676243,"up","up;unchanged","not_applicable"
"T3_03","Angiopoietin 1","gene",TRUE,"BLOOD_TRNSCRPT_DA","blood","transcript-rna-seq","transcript-rna-seq","RNA","tissue_or_blood_cell_context","ENSG00000154188.10","ANGPT1","exercise_with_controls","EE-CON","post_15_30_45_min",0.115357766735347,-0.271492940814151,0.502208474284846,0.558359280755826,0.82744567442833,"up","up;unchanged","not_applicable"
"T3_03","Angiopoietin 1","gene",TRUE,"BLOOD_TRNSCRPT_DA","blood","transcript-rna-seq","transcript-rna-seq","RNA","tissue_or_blood_cell_context","ENSG00000154188.10","ANGPT1","exercise_with_controls","EE-CON","post_24_hr",-0.0456301542232682,-0.552535567802025,0.461275259355489,0.859744660942119,0.999767340976767,"down","up;unchanged","not_applicable"
"T3_03","Angiopoietin 1","gene",TRUE,"BLOOD_TRNSCRPT_DA","blood","transcript-rna-seq","transcript-rna-seq","RNA","tissue_or_blood_cell_context","ENSG00000154188.10","ANGPT1","exercise_with_controls","RE-CON","post_15_30_45_min",0.734153780567171,0.350083931136869,1.11822362999747,0.000190437408992103,0.00365319463268402,"up","up;unchanged","not_applicable"
"T3_03","Angiopoietin 1","gene",TRUE,"BLOOD_TRNSCRPT_DA","blood","transcript-rna-seq","transcript-rna-seq","RNA","tissue_or_blood_cell_context","ENSG00000154188.10","ANGPT1","Endur_vs_Resist","EE-RE","post_3.5_4_hr",-0.190402204005457,-0.63106313278903,0.250258724778115,0.396493583730248,0.999699063875898,"down","up;unchanged","not_applicable"
"T3_03","Angiopoietin 1","gene",TRUE,"BLOOD_TRNSCRPT_DA","blood","transcript-rna-seq","transcript-rna-seq","RNA","tissue_or_blood_cell_context","ENSG00000154188.10","ANGPT1","Endur_vs_Resist","EE-RE","post_10_min",-0.286387630636723,-0.646072646742457,0.073297385469011,0.118420734924369,0.999401701053451,"down","up;unchanged","not_applicable"
"T3_03","Angiopoietin 1","gene",TRUE,"BLOOD_TRNSCRPT_DA","blood","transcript-rna-seq","transcript-rna-seq","RNA","tissue_or_blood_cell_context","ENSG00000154188.10","ANGPT1","exercise_with_controls","EE-CON","during_20_min",-0.188401788346878,-0.596331129224997,0.21952755253124,0.364771518070854,0.641435105208646,"down","up;unchanged","not_applicable"
"T3_12","GDF15","gene",TRUE,"BLOOD_TRNSCRPT_DA","blood","transcript-rna-seq","transcript-rna-seq","RNA","tissue_or_blood_cell_context","ENSG00000130513.7","GDF15","exercise_with_controls","RE-CON","post_15_30_45_min",-0.15038046971799,-0.828772234173217,0.528011294737236,0.663477976322934,0.848219218142151,"down","up","not_applicable"
"T3_12","GDF15","gene",TRUE,"BLOOD_TRNSCRPT_DA","blood","transcript-rna-seq","transcript-rna-seq","RNA","tissue_or_blood_cell_context","ENSG00000130513.7","GDF15","exercise_with_controls","EE-CON","post_10_min",0.429038847907226,-0.273707244263351,1.1317849400778,0.231007265540093,0.655869127401547,"up","up","not_applicable"
"T3_12","GDF15","gene",TRUE,"BLOOD_TRNSCRPT_DA","blood","transcript-rna-seq","transcript-rna-seq","RNA","tissue_or_blood_cell_context","ENSG00000130513.7","GDF15","Endur_vs_Resist","EE-RE","post_3.5_4_hr",-0.559798142049176,-1.21451078067283,0.0949144965744815,0.093638037913632,0.999699063875898,"down","up","not_applicable"
"T3_12","GDF15","gene",TRUE,"BLOOD_TRNSCRPT_DA","blood","transcript-rna-seq","transcript-rna-seq","RNA","tissue_or_blood_cell_context","ENSG00000130513.7","GDF15","exercise_with_controls","RE-CON","post_3.5_4_hr",-0.0685407910324978,-0.897129954885256,0.76004837282026,0.871011217478391,0.942107617113425,"down","up","not_applicable"
"T3_12","GDF15","gene",TRUE,"BLOOD_TRNSCRPT_DA","blood","transcript-rna-seq","transcript-rna-seq","RNA","tissue_or_blood_cell_context","ENSG00000130513.7","GDF15","Endur_vs_Resist","EE-RE","post_15_30_45_min",0.0977157846135492,-0.432699074563529,0.628130643790627,0.71763464236879,0.949938734003017,"up","up","not_applicable"
"T3_12","GDF15","gene",TRUE,"BLOOD_TRNSCRPT_DA","blood","transcript-rna-seq","transcript-rna-seq","RNA","tissue_or_blood_cell_context","ENSG00000130513.7","GDF15","exercise_with_controls","RE-CON","post_10_min",-0.287009588756515,-1.00657096032578,0.43255178281275,0.433747294295372,0.7598237570358,"down","up","not_applicable"
"T3_12","GDF15","gene",TRUE,"BLOOD_TRNSCRPT_DA","blood","transcript-rna-seq","transcript-rna-seq","RNA","tissue_or_blood_cell_context","ENSG00000130513.7","GDF15","exercise_with_controls","EE-CON","post_24_hr",-0.110017937063169,-0.999213084556848,0.779177210430509,0.808101975364929,0.999767340976767,"down","up","not_applicable"
"T3_12","GDF15","gene",TRUE,"BLOOD_TRNSCRPT_DA","blood","transcript-rna-seq","transcript-rna-seq","RNA","tissue_or_blood_cell_context","ENSG00000130513.7","GDF15","exercise_with_controls","EE-CON","during_20_min",-0.0896263887829547,-0.825352123825099,0.64609934625919,0.811001092533731,0.921076103875802,"down","up","not_applicable"
"T3_12","GDF15","gene",TRUE,"BLOOD_TRNSCRPT_DA","blood","transcript-rna-seq","transcript-rna-seq","RNA","tissue_or_blood_cell_context","ENSG00000130513.7","GDF15","exercise_with_controls","EE-CON","post_15_30_45_min",-0.052664685104441,-0.747513903042797,0.642184532833915,0.881724119573294,0.961149132516345,"down","up","not_applicable"
"T3_12","GDF15","gene",TRUE,"BLOOD_TRNSCRPT_DA","blood","transcript-rna-seq","transcript-rna-seq","RNA","tissue_or_blood_cell_context","ENSG00000130513.7","GDF15","exercise_with_controls","EE-CON","during_40_min",-0.337854872428638,-1.06417002477232,0.388460279915039,0.361333693767716,0.669962037235828,"down","up","not_applicable"
"T3_12","GDF15","gene",TRUE,"BLOOD_TRNSCRPT_DA","blood","transcript-rna-seq","transcript-rna-seq","RNA","tissue_or_blood_cell_context","ENSG00000130513.7","GDF15","Endur_vs_Resist","EE-RE","post_24_hr",0.265176142895421,-0.427938020893262,0.958290306684105,0.45274725275457,0.985437411518238,"up","up","not_applicable"
"T3_12","GDF15","gene",TRUE,"BLOOD_TRNSCRPT_DA","blood","transcript-rna-seq","transcript-rna-seq","RNA","tissue_or_blood_cell_context","ENSG00000130513.7","GDF15","exercise_with_controls","RE-CON","post_24_hr",-0.375194079958591,-1.25478795844081,0.504399798523628,0.402540899748368,0.899986541382097,"down","up","not_applicable"
"T3_12","GDF15","gene",TRUE,"BLOOD_TRNSCRPT_DA","blood","transcript-rna-seq","transcript-rna-seq","RNA","tissue_or_blood_cell_context","ENSG00000130513.7","GDF15","Endur_vs_Resist","EE-RE","post_10_min",0.716048436663741,0.164941059976627,1.26715581335085,0.0109646566763489,0.905811690413729,"up","up","not_applicable"
"T3_12","GDF15","gene",TRUE,"BLOOD_TRNSCRPT_DA","blood","transcript-rna-seq","transcript-rna-seq","RNA","tissue_or_blood_cell_context","ENSG00000130513.7","GDF15","exercise_with_controls","EE-CON","post_3.5_4_hr",-0.628338933081674,-1.50634558127995,0.249667715116601,0.160413076003179,0.434917912598946,"down","up","not_applicable"
"T3_13","HSP72","gene",TRUE,"BLOOD_TRNSCRPT_DA","blood","transcript-rna-seq","transcript-rna-seq","RNA","tissue_or_blood_cell_context","ENSG00000204388.7","HSPA1B","exercise_with_controls","RE-CON","post_10_min",0.34881543918673,0.168591350845024,0.529039527528435,0.000158352890663172,0.00761206424766339,"up","up","not_applicable"
"T3_13","HSP72","gene",TRUE,"BLOOD_TRNSCRPT_DA","blood","transcript-rna-seq","transcript-rna-seq","RNA","tissue_or_blood_cell_context","ENSG00000204388.7","HSPA1B","exercise_with_controls","RE-CON","post_3.5_4_hr",0.310250935029841,0.0814705810316571,0.539031289028025,0.00794111263166118,0.0447800213949114,"up","up","not_applicable"
"T3_13","HSP72","gene",TRUE,"BLOOD_TRNSCRPT_DA","blood","transcript-rna-seq","transcript-rna-seq","RNA","tissue_or_blood_cell_context","ENSG00000204388.7","HSPA1B","exercise_with_controls","EE-CON","during_40_min",0.625882529906544,0.443347791938747,0.808417267874342,3.76862698726443e-11,5.40942919864264e-09,"up","up","not_applicable"
"T3_13","HSP72","gene",TRUE,"BLOOD_TRNSCRPT_DA","blood","transcript-rna-seq","transcript-rna-seq","RNA","tissue_or_blood_cell_context","ENSG00000204388.7","HSPA1B","Endur_vs_Resist","EE-RE","post_10_min",0.345187866566104,0.194904299318619,0.49547143381359,7.72435275517683e-06,0.0498623493296921,"up","up","not_applicable"
"T3_13","HSP72","gene",TRUE,"BLOOD_TRNSCRPT_DA","blood","transcript-rna-seq","transcript-rna-seq","RNA","tissue_or_blood_cell_context","ENSG00000204388.7","HSPA1B","exercise_with_controls","EE-CON","post_10_min",0.694003305752834,0.513100509948344,0.874906101557325,1.74008877334221e-13,3.57170621616222e-10,"up","up","not_applicable"
"T3_13","HSP72","gene",TRUE,"BLOOD_TRNSCRPT_DA","blood","transcript-rna-seq","transcript-rna-seq","RNA","tissue_or_blood_cell_context","ENSG00000204388.7","HSPA1B","exercise_with_controls","EE-CON","post_3.5_4_hr",0.24403109355161,0.00920014905570912,0.47886203804751,0.0416997340437931,0.190925734969284,"up","up","not_applicable"
"T3_13","HSP72","gene",TRUE,"BLOOD_TRNSCRPT_DA","blood","transcript-rna-seq","transcript-rna-seq","RNA","tissue_or_blood_cell_context","ENSG00000204388.7","HSPA1B","Endur_vs_Resist","EE-RE","post_24_hr",0.00586048532649386,-0.188515460113583,0.200236430766571,0.952806072782159,0.998212104547848,"up","up","not_applicable"
"T3_13","HSP72","gene",TRUE,"BLOOD_TRNSCRPT_DA","blood","transcript-rna-seq","transcript-rna-seq","RNA","tissue_or_blood_cell_context","ENSG00000204388.7","HSPA1B","exercise_with_controls","EE-CON","during_20_min",0.186242725306,-0.00236037740791467,0.374845828019915,0.0529278452857871,0.22225796897219,"up","up","not_applicable"
"T3_13","HSP72","gene",TRUE,"BLOOD_TRNSCRPT_DA","blood","transcript-rna-seq","transcript-rna-seq","RNA","tissue_or_blood_cell_context","ENSG00000204388.7","HSPA1B","exercise_with_controls","RE-CON","post_24_hr",-0.021077352302572,-0.240494472739143,0.198339768133999,0.850437430543787,0.984845742760739,"down","up","not_applicable"
"T3_13","HSP72","gene",TRUE,"BLOOD_TRNSCRPT_DA","blood","transcript-rna-seq","transcript-rna-seq","RNA","tissue_or_blood_cell_context","ENSG00000204388.7","HSPA1B","Endur_vs_Resist","EE-RE","post_3.5_4_hr",-0.0662198414782313,-0.262344759183359,0.129905076226897,0.507554684351305,0.999699063875898,"down","up","not_applicable"
"T3_13","HSP72","gene",TRUE,"BLOOD_TRNSCRPT_DA","blood","transcript-rna-seq","transcript-rna-seq","RNA","tissue_or_blood_cell_context","ENSG00000204388.7","HSPA1B","exercise_with_controls","EE-CON","post_15_30_45_min",0.553152801523773,0.372260008266551,0.734045594780995,3.2502539190199e-09,2.15208748199363e-06,"up","up","not_applicable"
"T3_13","HSP72","gene",TRUE,"BLOOD_TRNSCRPT_DA","blood","transcript-rna-seq","transcript-rna-seq","RNA","tissue_or_blood_cell_context","ENSG00000204388.7","HSPA1B","exercise_with_controls","EE-CON","post_24_hr",-0.0152168669760782,-0.241394254606071,0.210960520653914,0.894932771373008,0.999767340976767,"down","up","not_applicable"
"T3_13","HSP72","gene",TRUE,"BLOOD_TRNSCRPT_DA","blood","transcript-rna-seq","transcript-rna-seq","RNA","tissue_or_blood_cell_context","ENSG00000204388.7","HSPA1B","Endur_vs_Resist","EE-RE","post_15_30_45_min",0.0138344525430067,-0.135450148406809,0.163119053492822,0.855653160509313,0.977321928483749,"up","up","not_applicable"
"T3_13","HSP72","gene",TRUE,"BLOOD_TRNSCRPT_DA","blood","transcript-rna-seq","transcript-rna-seq","RNA","tissue_or_blood_cell_context","ENSG00000204388.7","HSPA1B","exercise_with_controls","RE-CON","post_15_30_45_min",0.539318348980767,0.361732112829825,0.716904585131708,4.1217890290358e-09,9.40042684555433e-07,"up","up","not_applicable"
"T3_13","HSP72","gene",TRUE,"BLOOD_TRNSCRPT_DA","blood","transcript-rna-seq","transcript-rna-seq","RNA","tissue_or_blood_cell_context","ENSG00000204389.10","HSPA1A","exercise_with_controls","RE-CON","post_3.5_4_hr",0.408717648089073,0.242686216806379,0.574749079371768,1.68380656965176e-06,4.52379759799373e-05,"up","up","not_applicable"
"T3_13","HSP72","gene",TRUE,"BLOOD_TRNSCRPT_DA","blood","transcript-rna-seq","transcript-rna-seq","RNA","tissue_or_blood_cell_context","ENSG00000204389.10","HSPA1A","exercise_with_controls","EE-CON","post_15_30_45_min",0.274708529852365,0.144324348258095,0.405092711446635,3.9962919891671e-05,0.00460830839155302,"up","up","not_applicable"
"T3_13","HSP72","gene",TRUE,"BLOOD_TRNSCRPT_DA","blood","transcript-rna-seq","transcript-rna-seq","RNA","tissue_or_blood_cell_context","ENSG00000204389.10","HSPA1A","Endur_vs_Resist","EE-RE","post_3.5_4_hr",-0.0746057781445568,-0.214750418978035,0.0655388626889211,0.296242739139202,0.999699063875898,"down","up","not_applicable"
"T3_13","HSP72","gene",TRUE,"BLOOD_TRNSCRPT_DA","blood","transcript-rna-seq","transcript-rna-seq","RNA","tissue_or_blood_cell_context","ENSG00000204389.10","HSPA1A","exercise_with_controls","RE-CON","post_10_min",0.152493588872208,0.022369963542286,0.282617214202129,0.0216997968626046,0.190264857070406,"up","up","not_applicable"
"T3_13","HSP72","gene",TRUE,"BLOOD_TRNSCRPT_DA","blood","transcript-rna-seq","transcript-rna-seq","RNA","tissue_or_blood_cell_context","ENSG00000204389.10","HSPA1A","exercise_with_controls","EE-CON","post_24_hr",-0.0363625497133686,-0.197949109927658,0.125224010500921,0.658699864814172,0.999767340976767,"down","up","not_applicable"
"T3_13","HSP72","gene",TRUE,"BLOOD_TRNSCRPT_DA","blood","transcript-rna-seq","transcript-rna-seq","RNA","tissue_or_blood_cell_context","ENSG00000204389.10","HSPA1A","exercise_with_controls","RE-CON","post_24_hr",-0.00689189212742214,-0.162933280334821,0.149149496079977,0.930910588193353,0.992307370858785,"down","up","not_applicable"
"T3_13","HSP72","gene",TRUE,"BLOOD_TRNSCRPT_DA","blood","transcript-rna-seq","transcript-rna-seq","RNA","tissue_or_blood_cell_context","ENSG00000204389.10","HSPA1A","exercise_with_controls","EE-CON","post_3.5_4_hr",0.334111869944516,0.163449280797796,0.504774459091237,0.000133133435381372,0.00326097481460386,"up","up","not_applicable"
"T3_13","HSP72","gene",TRUE,"BLOOD_TRNSCRPT_DA","blood","transcript-rna-seq","transcript-rna-seq","RNA","tissue_or_blood_cell_context","ENSG00000204389.10","HSPA1A","Endur_vs_Resist","EE-RE","post_24_hr",-0.0294706575859465,-0.167335510199184,0.108394195027291,0.674787630611333,0.989944183206583,"down","up","not_applicable"
"T3_13","HSP72","gene",TRUE,"BLOOD_TRNSCRPT_DA","blood","transcript-rna-seq","transcript-rna-seq","RNA","tissue_or_blood_cell_context","ENSG00000204389.10","HSPA1A","exercise_with_controls","EE-CON","during_40_min",0.12520074232618,-0.00685124668483572,0.257252731337197,0.0630885400136848,0.268520951244483,"up","up","not_applicable"
"T3_13","HSP72","gene",TRUE,"BLOOD_TRNSCRPT_DA","blood","transcript-rna-seq","transcript-rna-seq","RNA","tissue_or_blood_cell_context","ENSG00000204389.10","HSPA1A","exercise_with_controls","EE-CON","post_10_min",0.189051445692387,0.0571336843940786,0.320969206990696,0.00504332631733982,0.122685604634068,"up","up","not_applicable"
"T3_13","HSP72","gene",TRUE,"BLOOD_TRNSCRPT_DA","blood","transcript-rna-seq","transcript-rna-seq","RNA","tissue_or_blood_cell_context","ENSG00000204389.10","HSPA1A","exercise_with_controls","EE-CON","during_20_min",0.019058315685136,-0.115177745832872,0.153294377203144,0.780480342255914,0.906274841100605,"up","up","not_applicable"
"T3_13","HSP72","gene",TRUE,"BLOOD_TRNSCRPT_DA","blood","transcript-rna-seq","transcript-rna-seq","RNA","tissue_or_blood_cell_context","ENSG00000204389.10","HSPA1A","exercise_with_controls","RE-CON","post_15_30_45_min",0.299163009984628,0.17145685497637,0.426869164992886,5.11572820336448e-06,0.000267923029684157,"up","up","not_applicable"
"T3_13","HSP72","gene",TRUE,"BLOOD_TRNSCRPT_DA","blood","transcript-rna-seq","transcript-rna-seq","RNA","tissue_or_blood_cell_context","ENSG00000204389.10","HSPA1A","Endur_vs_Resist","EE-RE","post_15_30_45_min",-0.0244544801322633,-0.132771771239175,0.0838628109746486,0.657659191920389,0.935179581223182,"down","up","not_applicable"
"T3_13","HSP72","gene",TRUE,"BLOOD_TRNSCRPT_DA","blood","transcript-rna-seq","transcript-rna-seq","RNA","tissue_or_blood_cell_context","ENSG00000204389.10","HSPA1A","Endur_vs_Resist","EE-RE","post_10_min",0.0365578568201794,-0.0733708103908122,0.146486524031171,0.513945432350365,0.999401701053451,"up","up","not_applicable"
"T3_15","IL-7","gene",TRUE,"BLOOD_TRNSCRPT_DA","blood","transcript-rna-seq","transcript-rna-seq","RNA","tissue_or_blood_cell_context","ENSG00000104432.14","IL7","exercise_with_controls","EE-CON","post_15_30_45_min",-0.2927308890264,-1.2283188492875,0.642857071234705,0.539139578639344,0.817793304105171,"down","up","not_applicable"
"T3_15","IL-7","gene",TRUE,"BLOOD_TRNSCRPT_DA","blood","transcript-rna-seq","transcript-rna-seq","RNA","tissue_or_blood_cell_context","ENSG00000104432.14","IL7","exercise_with_controls","EE-CON","post_3.5_4_hr",0.16664105370586,-1.12776654698935,1.46104865440107,0.800517808108046,0.927294118139808,"up","up","not_applicable"
"T3_15","IL-7","gene",TRUE,"BLOOD_TRNSCRPT_DA","blood","transcript-rna-seq","transcript-rna-seq","RNA","tissue_or_blood_cell_context","ENSG00000104432.14","IL7","Endur_vs_Resist","EE-RE","post_3.5_4_hr",0.810242983266004,-0.265827715757444,1.88631368228945,0.139756725317327,0.999699063875898,"up","up","not_applicable"
"T3_15","IL-7","gene",TRUE,"BLOOD_TRNSCRPT_DA","blood","transcript-rna-seq","transcript-rna-seq","RNA","tissue_or_blood_cell_context","ENSG00000104432.14","IL7","Endur_vs_Resist","EE-RE","post_10_min",0.097320182486536,-0.721475279884124,0.916115644857196,0.815515200898775,0.999401701053451,"up","up","not_applicable"
"T3_15","IL-7","gene",TRUE,"BLOOD_TRNSCRPT_DA","blood","transcript-rna-seq","transcript-rna-seq","RNA","tissue_or_blood_cell_context","ENSG00000104432.14","IL7","exercise_with_controls","EE-CON","during_40_min",-0.739599045360725,-1.71365134770496,0.234453256983507,0.136438413706781,0.413695939044861,"down","up","not_applicable"
"T3_15","IL-7","gene",TRUE,"BLOOD_TRNSCRPT_DA","blood","transcript-rna-seq","transcript-rna-seq","RNA","tissue_or_blood_cell_context","ENSG00000104432.14","IL7","exercise_with_controls","RE-CON","post_3.5_4_hr",-0.643601929560144,-1.92328436657543,0.636080507455143,0.323746893371333,0.573029214385428,"down","up","not_applicable"
"T3_15","IL-7","gene",TRUE,"BLOOD_TRNSCRPT_DA","blood","transcript-rna-seq","transcript-rna-seq","RNA","tissue_or_blood_cell_context","ENSG00000104432.14","IL7","exercise_with_controls","EE-CON","post_10_min",-0.500997274992182,-1.44613171245024,0.444137162465871,0.29829127893544,0.71443719853312,"down","up","not_applicable"
"T3_15","IL-7","gene",TRUE,"BLOOD_TRNSCRPT_DA","blood","transcript-rna-seq","transcript-rna-seq","RNA","tissue_or_blood_cell_context","ENSG00000104432.14","IL7","exercise_with_controls","RE-CON","post_15_30_45_min",-0.696011200302584,-1.61603631704611,0.224013916440938,0.137881202090576,0.379642811386458,"down","up","not_applicable"
"T3_15","IL-7","gene",TRUE,"BLOOD_TRNSCRPT_DA","blood","transcript-rna-seq","transcript-rna-seq","RNA","tissue_or_blood_cell_context","ENSG00000104432.14","IL7","Endur_vs_Resist","EE-RE","post_24_hr",0.3898213659037,-0.552818982987931,1.33246171479533,0.417090101755498,0.983684054690177,"up","up","not_applicable"
"T3_15","IL-7","gene",TRUE,"BLOOD_TRNSCRPT_DA","blood","transcript-rna-seq","transcript-rna-seq","RNA","tissue_or_blood_cell_context","ENSG00000104432.14","IL7","exercise_with_controls","RE-CON","post_24_hr",-0.865067113710157,-1.9024741889203,0.17233996149999,0.102031292372852,0.770764661780442,"down","up","not_applicable"
"T3_15","IL-7","gene",TRUE,"BLOOD_TRNSCRPT_DA","blood","transcript-rna-seq","transcript-rna-seq","RNA","tissue_or_blood_cell_context","ENSG00000104432.14","IL7","exercise_with_controls","EE-CON","post_24_hr",-0.475245747806457,-1.5304403481385,0.579948852525583,0.376820389771214,0.999767340976767,"down","up","not_applicable"
"T3_15","IL-7","gene",TRUE,"BLOOD_TRNSCRPT_DA","blood","transcript-rna-seq","transcript-rna-seq","RNA","tissue_or_blood_cell_context","ENSG00000104432.14","IL7","exercise_with_controls","EE-CON","during_20_min",-0.160161225378082,-1.13466906338654,0.81434661263038,0.746987111052207,0.890233525455791,"down","up","not_applicable"
"T3_15","IL-7","gene",TRUE,"BLOOD_TRNSCRPT_DA","blood","transcript-rna-seq","transcript-rna-seq","RNA","tissue_or_blood_cell_context","ENSG00000104432.14","IL7","Endur_vs_Resist","EE-RE","post_15_30_45_min",0.403280311276184,-0.399908296445091,1.20646891899746,0.324500997277281,0.815809903003915,"up","up","not_applicable"
"T3_15","IL-7","gene",TRUE,"BLOOD_TRNSCRPT_DA","blood","transcript-rna-seq","transcript-rna-seq","RNA","tissue_or_blood_cell_context","ENSG00000104432.14","IL7","exercise_with_controls","RE-CON","post_10_min",-0.598317457478718,-1.53207198598556,0.335437071028121,0.20874522699193,0.572821461127856,"down","up","not_applicable"
"T3_16","IL-8","gene",TRUE,"BLOOD_TRNSCRPT_DA","blood","transcript-rna-seq","transcript-rna-seq","RNA","tissue_or_blood_cell_context","ENSG00000169429.11","CXCL8","Endur_vs_Resist","EE-RE","post_24_hr",-0.0118723897592643,-0.306601047985661,0.282856268467133,0.936972286864521,0.997424747578835,"down","up;unchanged","not_applicable"
"T3_16","IL-8","gene",TRUE,"BLOOD_TRNSCRPT_DA","blood","transcript-rna-seq","transcript-rna-seq","RNA","tissue_or_blood_cell_context","ENSG00000169429.11","CXCL8","Endur_vs_Resist","EE-RE","post_3.5_4_hr",0.378201268525971,0.10415982146495,0.652242715586991,0.00691053208134771,0.999699063875898,"up","up;unchanged","not_applicable"
"T3_16","IL-8","gene",TRUE,"BLOOD_TRNSCRPT_DA","blood","transcript-rna-seq","transcript-rna-seq","RNA","tissue_or_blood_cell_context","ENSG00000169429.11","CXCL8","Endur_vs_Resist","EE-RE","post_15_30_45_min",-0.0272046674235371,-0.232037884165995,0.177628549318921,0.79431396582772,0.967773993148915,"down","up;unchanged","not_applicable"
"T3_16","IL-8","gene",TRUE,"BLOOD_TRNSCRPT_DA","blood","transcript-rna-seq","transcript-rna-seq","RNA","tissue_or_blood_cell_context","ENSG00000169429.11","CXCL8","exercise_with_controls","EE-CON","during_20_min",-0.000604643406966865,-0.250118964541401,0.248909677727467,0.996204432985153,0.998165575293936,"down","up;unchanged","not_applicable"
"T3_16","IL-8","gene",TRUE,"BLOOD_TRNSCRPT_DA","blood","transcript-rna-seq","transcript-rna-seq","RNA","tissue_or_blood_cell_context","ENSG00000169429.11","CXCL8","exercise_with_controls","RE-CON","post_3.5_4_hr",0.197036185891835,-0.13897703491802,0.533049406701691,0.249941935608526,0.492024543593271,"up","up;unchanged","not_applicable"
"T3_16","IL-8","gene",TRUE,"BLOOD_TRNSCRPT_DA","blood","transcript-rna-seq","transcript-rna-seq","RNA","tissue_or_blood_cell_context","ENSG00000169429.11","CXCL8","exercise_with_controls","RE-CON","post_10_min",0.449607184436185,0.208722049763975,0.690492319108396,0.000268356713278279,0.011195711172256,"up","up;unchanged","not_applicable"
"T3_16","IL-8","gene",TRUE,"BLOOD_TRNSCRPT_DA","blood","transcript-rna-seq","transcript-rna-seq","RNA","tissue_or_blood_cell_context","ENSG00000169429.11","CXCL8","Endur_vs_Resist","EE-RE","post_10_min",-0.121607429143117,-0.328425969805499,0.0852111115192662,0.248652049032491,0.999401701053451,"down","up;unchanged","not_applicable"
"T3_16","IL-8","gene",TRUE,"BLOOD_TRNSCRPT_DA","blood","transcript-rna-seq","transcript-rna-seq","RNA","tissue_or_blood_cell_context","ENSG00000169429.11","CXCL8","exercise_with_controls","RE-CON","post_24_hr",-0.0921029285595516,-0.403492053041694,0.21928619592259,0.561543117273206,0.935938270989466,"down","up;unchanged","not_applicable"
"T3_16","IL-8","gene",TRUE,"BLOOD_TRNSCRPT_DA","blood","transcript-rna-seq","transcript-rna-seq","RNA","tissue_or_blood_cell_context","ENSG00000169429.11","CXCL8","exercise_with_controls","EE-CON","during_40_min",0.0206428119511055,-0.226929479786422,0.268215103688633,0.869983082396158,0.954463521821549,"up","up;unchanged","not_applicable"
"T3_16","IL-8","gene",TRUE,"BLOOD_TRNSCRPT_DA","blood","transcript-rna-seq","transcript-rna-seq","RNA","tissue_or_blood_cell_context","ENSG00000169429.11","CXCL8","exercise_with_controls","EE-CON","post_24_hr",-0.103975318318816,-0.426224055593949,0.218273418956317,0.52654658666261,0.999767340976767,"down","up;unchanged","not_applicable"
"T3_16","IL-8","gene",TRUE,"BLOOD_TRNSCRPT_DA","blood","transcript-rna-seq","transcript-rna-seq","RNA","tissue_or_blood_cell_context","ENSG00000169429.11","CXCL8","exercise_with_controls","EE-CON","post_10_min",0.327999755293069,0.0833950220470472,0.57260448853909,0.00866749664241869,0.160158973013699,"up","up;unchanged","not_applicable"
"T3_16","IL-8","gene",TRUE,"BLOOD_TRNSCRPT_DA","blood","transcript-rna-seq","transcript-rna-seq","RNA","tissue_or_blood_cell_context","ENSG00000169429.11","CXCL8","exercise_with_controls","RE-CON","post_15_30_45_min",0.4465856725418,0.206909824942196,0.686261520141405,0.000274841144925055,0.00486326667304455,"up","up;unchanged","not_applicable"
"T3_16","IL-8","gene",TRUE,"BLOOD_TRNSCRPT_DA","blood","transcript-rna-seq","transcript-rna-seq","RNA","tissue_or_blood_cell_context","ENSG00000169429.11","CXCL8","exercise_with_controls","EE-CON","post_3.5_4_hr",0.575237454417806,0.240972812679374,0.909502096156238,0.000771953504595759,0.0114240213664979,"up","up;unchanged","not_applicable"
"T3_16","IL-8","gene",TRUE,"BLOOD_TRNSCRPT_DA","blood","transcript-rna-seq","transcript-rna-seq","RNA","tissue_or_blood_cell_context","ENSG00000169429.11","CXCL8","exercise_with_controls","EE-CON","post_15_30_45_min",0.419381005118263,0.17677466782102,0.661987342415506,0.000731329817656589,0.0283231619570173,"up","up;unchanged","not_applicable"
"T3_17","IL-15","gene",TRUE,"BLOOD_TRNSCRPT_DA","blood","transcript-rna-seq","transcript-rna-seq","RNA","tissue_or_blood_cell_context","ENSG00000164136.17","IL15","exercise_with_controls","EE-CON","post_15_30_45_min",-0.146518224109937,-0.393479031946106,0.100442583726232,0.244430391448551,0.592053383180023,"down","up;unchanged","not_applicable"
"T3_17","IL-15","gene",TRUE,"BLOOD_TRNSCRPT_DA","blood","transcript-rna-seq","transcript-rna-seq","RNA","tissue_or_blood_cell_context","ENSG00000164136.17","IL15","exercise_with_controls","EE-CON","post_24_hr",0.180315981319281,-0.121367043004503,0.481999005643066,0.240946990946178,0.999767340976767,"up","up;unchanged","not_applicable"
"T3_17","IL-15","gene",TRUE,"BLOOD_TRNSCRPT_DA","blood","transcript-rna-seq","transcript-rna-seq","RNA","tissue_or_blood_cell_context","ENSG00000164136.17","IL15","Endur_vs_Resist","EE-RE","post_10_min",0.139684139969407,-0.0714250225187983,0.350793302457612,0.194298060804382,0.999401701053451,"up","up;unchanged","not_applicable"
"T3_17","IL-15","gene",TRUE,"BLOOD_TRNSCRPT_DA","blood","transcript-rna-seq","transcript-rna-seq","RNA","tissue_or_blood_cell_context","ENSG00000164136.17","IL15","exercise_with_controls","RE-CON","post_24_hr",-0.0841975008889122,-0.37710117143746,0.208706169659636,0.57262380848655,0.938394203864696,"down","up;unchanged","not_applicable"
"T3_17","IL-15","gene",TRUE,"BLOOD_TRNSCRPT_DA","blood","transcript-rna-seq","transcript-rna-seq","RNA","tissue_or_blood_cell_context","ENSG00000164136.17","IL15","Endur_vs_Resist","EE-RE","post_15_30_45_min",0.164930307421825,-0.0430519083919375,0.372912523235587,0.119912590219891,0.629173268623077,"up","up;unchanged","not_applicable"
"T3_17","IL-15","gene",TRUE,"BLOOD_TRNSCRPT_DA","blood","transcript-rna-seq","transcript-rna-seq","RNA","tissue_or_blood_cell_context","ENSG00000164136.17","IL15","exercise_with_controls","EE-CON","post_10_min",-0.241795293564615,-0.48921770910671,0.00562712197747875,0.0554260328402611,0.383256951491251,"down","up;unchanged","not_applicable"
"T3_17","IL-15","gene",TRUE,"BLOOD_TRNSCRPT_DA","blood","transcript-rna-seq","transcript-rna-seq","RNA","tissue_or_blood_cell_context","ENSG00000164136.17","IL15","exercise_with_controls","EE-CON","during_20_min",-0.352598419154935,-0.604970686061462,-0.100226152248408,0.00625093478163374,0.0558583749794576,"down","up;unchanged","not_applicable"
"T3_17","IL-15","gene",TRUE,"BLOOD_TRNSCRPT_DA","blood","transcript-rna-seq","transcript-rna-seq","RNA","tissue_or_blood_cell_context","ENSG00000164136.17","IL15","exercise_with_controls","RE-CON","post_15_30_45_min",-0.311448531531762,-0.549796316358733,-0.073100746704791,0.010518357482081,0.0717494762802405,"down","up;unchanged","not_applicable"
"T3_17","IL-15","gene",TRUE,"BLOOD_TRNSCRPT_DA","blood","transcript-rna-seq","transcript-rna-seq","RNA","tissue_or_blood_cell_context","ENSG00000164136.17","IL15","exercise_with_controls","EE-CON","post_3.5_4_hr",-0.243460814995566,-0.562698220012063,0.0757765900209315,0.134739684170085,0.395377663656207,"down","up;unchanged","not_applicable"
"T3_17","IL-15","gene",TRUE,"BLOOD_TRNSCRPT_DA","blood","transcript-rna-seq","transcript-rna-seq","RNA","tissue_or_blood_cell_context","ENSG00000164136.17","IL15","Endur_vs_Resist","EE-RE","post_3.5_4_hr",0.0476381971919928,-0.22801963136689,0.323296025750876,0.734457741977838,0.999699063875898,"up","up;unchanged","not_applicable"
"T3_17","IL-15","gene",TRUE,"BLOOD_TRNSCRPT_DA","blood","transcript-rna-seq","transcript-rna-seq","RNA","tissue_or_blood_cell_context","ENSG00000164136.17","IL15","Endur_vs_Resist","EE-RE","post_24_hr",0.264513482208194,0.00876524490307878,0.520261719513308,0.0426698915475302,0.969509016110582,"up","up;unchanged","not_applicable"
"T3_17","IL-15","gene",TRUE,"BLOOD_TRNSCRPT_DA","blood","transcript-rna-seq","transcript-rna-seq","RNA","tissue_or_blood_cell_context","ENSG00000164136.17","IL15","exercise_with_controls","EE-CON","during_40_min",-0.154633344095006,-0.403753368787167,0.0944866805971545,0.223321889730113,0.532400116250248,"down","up;unchanged","not_applicable"
"T3_17","IL-15","gene",TRUE,"BLOOD_TRNSCRPT_DA","blood","transcript-rna-seq","transcript-rna-seq","RNA","tissue_or_blood_cell_context","ENSG00000164136.17","IL15","exercise_with_controls","RE-CON","post_3.5_4_hr",-0.291099012187559,-0.599155206377735,0.0169571820026173,0.0639722796329939,0.205363623982926,"down","up;unchanged","not_applicable"
"T3_17","IL-15","gene",TRUE,"BLOOD_TRNSCRPT_DA","blood","transcript-rna-seq","transcript-rna-seq","RNA","tissue_or_blood_cell_context","ENSG00000164136.17","IL15","exercise_with_controls","RE-CON","post_10_min",-0.381479433534023,-0.622476928005665,-0.14048193906238,0.00196597602203941,0.044007117284907,"down","up;unchanged","not_applicable"
"T3_18","Irisin","gene",TRUE,"BLOOD_TRNSCRPT_DA","blood","transcript-rna-seq","transcript-rna-seq","RNA","tissue_or_blood_cell_context","ENSG00000160097.20","FNDC5","exercise_with_controls","EE-CON","post_24_hr",0.449545707866299,-0.815698492923478,1.71478990865608,0.485646081976843,0.999767340976767,"up","up","not_applicable"
"T3_18","Irisin","gene",TRUE,"BLOOD_TRNSCRPT_DA","blood","transcript-rna-seq","transcript-rna-seq","RNA","tissue_or_blood_cell_context","ENSG00000160097.20","FNDC5","exercise_with_controls","RE-CON","post_24_hr",0.502758683986118,-0.713468312327734,1.71898568029997,0.417276936329254,0.905736165573442,"up","up","not_applicable"
"T3_18","Irisin","gene",TRUE,"BLOOD_TRNSCRPT_DA","blood","transcript-rna-seq","transcript-rna-seq","RNA","tissue_or_blood_cell_context","ENSG00000160097.20","FNDC5","exercise_with_controls","EE-CON","post_15_30_45_min",0.252382920420629,-0.775545719555018,1.28031156039628,0.629870903306286,0.86449249254467,"up","up","not_applicable"
"T3_18","Irisin","gene",TRUE,"BLOOD_TRNSCRPT_DA","blood","transcript-rna-seq","transcript-rna-seq","RNA","tissue_or_blood_cell_context","ENSG00000160097.20","FNDC5","Endur_vs_Resist","EE-RE","post_24_hr",-0.0532129761198186,-1.12457114861584,1.0181451963762,0.92234283608737,0.997424747578835,"down","up","not_applicable"
"T3_18","Irisin","gene",TRUE,"BLOOD_TRNSCRPT_DA","blood","transcript-rna-seq","transcript-rna-seq","RNA","tissue_or_blood_cell_context","ENSG00000160097.20","FNDC5","exercise_with_controls","RE-CON","post_15_30_45_min",0.355866999459197,-0.63446164510482,1.34619564402322,0.480672889226313,0.731107204465306,"up","up","not_applicable"
"T3_18","Irisin","gene",TRUE,"BLOOD_TRNSCRPT_DA","blood","transcript-rna-seq","transcript-rna-seq","RNA","tissue_or_blood_cell_context","ENSG00000160097.20","FNDC5","Endur_vs_Resist","EE-RE","post_3.5_4_hr",0.514874960794189,-0.566674509129003,1.59642443071738,0.350285324603559,0.999699063875898,"up","up","not_applicable"
"T3_18","Irisin","gene",TRUE,"BLOOD_TRNSCRPT_DA","blood","transcript-rna-seq","transcript-rna-seq","RNA","tissue_or_blood_cell_context","ENSG00000160097.20","FNDC5","exercise_with_controls","RE-CON","post_3.5_4_hr",-0.014687457407816,-1.28530787201694,1.25593295720131,0.981900707666976,0.991687617775203,"down","up","not_applicable"
"T3_18","Irisin","gene",TRUE,"BLOOD_TRNSCRPT_DA","blood","transcript-rna-seq","transcript-rna-seq","RNA","tissue_or_blood_cell_context","ENSG00000160097.20","FNDC5","exercise_with_controls","RE-CON","post_10_min",-0.11675674999699,-1.12499993001872,0.89148643002474,0.820189409948617,0.946489448957402,"down","up","not_applicable"
"T3_18","Irisin","gene",TRUE,"BLOOD_TRNSCRPT_DA","blood","transcript-rna-seq","transcript-rna-seq","RNA","tissue_or_blood_cell_context","ENSG00000160097.20","FNDC5","Endur_vs_Resist","EE-RE","post_15_30_45_min",-0.103484079038568,-0.982972506770981,0.776004348693845,0.817344390324334,0.971345899716964,"down","up","not_applicable"
"T3_18","Irisin","gene",TRUE,"BLOOD_TRNSCRPT_DA","blood","transcript-rna-seq","transcript-rna-seq","RNA","tissue_or_blood_cell_context","ENSG00000160097.20","FNDC5","exercise_with_controls","EE-CON","post_10_min",0.00428033696848296,-1.02038207907013,1.02894275300709,0.993457716177138,0.998063063871533,"up","up","not_applicable"
"T3_18","Irisin","gene",TRUE,"BLOOD_TRNSCRPT_DA","blood","transcript-rna-seq","transcript-rna-seq","RNA","tissue_or_blood_cell_context","ENSG00000160097.20","FNDC5","exercise_with_controls","EE-CON","during_20_min",0.0275063710966252,-1.04120874765002,1.09622148984327,0.959707018380334,0.98366076449886,"up","up","not_applicable"
"T3_18","Irisin","gene",TRUE,"BLOOD_TRNSCRPT_DA","blood","transcript-rna-seq","transcript-rna-seq","RNA","tissue_or_blood_cell_context","ENSG00000160097.20","FNDC5","Endur_vs_Resist","EE-RE","post_10_min",0.121037086965473,-0.78118080817013,1.02325498210108,0.792295846802281,0.999401701053451,"up","up","not_applicable"
"T3_18","Irisin","gene",TRUE,"BLOOD_TRNSCRPT_DA","blood","transcript-rna-seq","transcript-rna-seq","RNA","tissue_or_blood_cell_context","ENSG00000160097.20","FNDC5","exercise_with_controls","EE-CON","during_40_min",0.222879243604907,-0.84579610849136,1.29155459570117,0.682282528736199,0.871731324292964,"up","up","not_applicable"
"T3_18","Irisin","gene",TRUE,"BLOOD_TRNSCRPT_DA","blood","transcript-rna-seq","transcript-rna-seq","RNA","tissue_or_blood_cell_context","ENSG00000160097.20","FNDC5","exercise_with_controls","EE-CON","post_3.5_4_hr",0.500187503386373,-0.801744593296086,1.80211960006883,0.450935704023827,0.731345311377455,"up","up","not_applicable"
"T3_20","METRNL","gene",TRUE,"BLOOD_TRNSCRPT_DA","blood","transcript-rna-seq","transcript-rna-seq","RNA","tissue_or_blood_cell_context","ENSG00000176845.13","METRNL","Endur_vs_Resist","EE-RE","post_24_hr",0.0587545609504909,-0.0698245425345626,0.187333664435544,0.369883274003954,0.982985048565961,"up","up","not_applicable"
"T3_20","METRNL","gene",TRUE,"BLOOD_TRNSCRPT_DA","blood","transcript-rna-seq","transcript-rna-seq","RNA","tissue_or_blood_cell_context","ENSG00000176845.13","METRNL","exercise_with_controls","RE-CON","post_15_30_45_min",0.399576618188073,0.280558092351438,0.518595144024708,9.19213228814559e-11,3.55995674238635e-08,"up","up","not_applicable"
"T3_20","METRNL","gene",TRUE,"BLOOD_TRNSCRPT_DA","blood","transcript-rna-seq","transcript-rna-seq","RNA","tissue_or_blood_cell_context","ENSG00000176845.13","METRNL","exercise_with_controls","RE-CON","post_24_hr",-0.165700952061523,-0.310945927786342,-0.0204559763367046,0.0254191468696799,0.675783570503838,"down","up","not_applicable"
"T3_20","METRNL","gene",TRUE,"BLOOD_TRNSCRPT_DA","blood","transcript-rna-seq","transcript-rna-seq","RNA","tissue_or_blood_cell_context","ENSG00000176845.13","METRNL","Endur_vs_Resist","EE-RE","post_15_30_45_min",-0.0149039921331671,-0.114912796528042,0.0851048122617078,0.769883281993906,0.962247980126231,"down","up","not_applicable"
"T3_20","METRNL","gene",TRUE,"BLOOD_TRNSCRPT_DA","blood","transcript-rna-seq","transcript-rna-seq","RNA","tissue_or_blood_cell_context","ENSG00000176845.13","METRNL","exercise_with_controls","EE-CON","post_15_30_45_min",0.384672626054906,0.263101776018232,0.50624347609158,9.47467171597338e-10,8.45552659313346e-07,"up","up","not_applicable"
"T3_20","METRNL","gene",TRUE,"BLOOD_TRNSCRPT_DA","blood","transcript-rna-seq","transcript-rna-seq","RNA","tissue_or_blood_cell_context","ENSG00000176845.13","METRNL","exercise_with_controls","EE-CON","during_40_min",0.410768789772747,0.28922556145755,0.532312018087944,6.9859717884006e-11,9.4338195347836e-09,"up","up","not_applicable"
"T3_20","METRNL","gene",TRUE,"BLOOD_TRNSCRPT_DA","blood","transcript-rna-seq","transcript-rna-seq","RNA","tissue_or_blood_cell_context","ENSG00000176845.13","METRNL","Endur_vs_Resist","EE-RE","post_3.5_4_hr",-0.00911843493087972,-0.139018551421718,0.120781681559959,0.890407533395116,0.999699063875898,"down","up","not_applicable"
"T3_20","METRNL","gene",TRUE,"BLOOD_TRNSCRPT_DA","blood","transcript-rna-seq","transcript-rna-seq","RNA","tissue_or_blood_cell_context","ENSG00000176845.13","METRNL","exercise_with_controls","EE-CON","post_3.5_4_hr",0.18563818549837,0.0264829483049044,0.344793422691835,0.0223218774074059,0.126596560665172,"up","up","not_applicable"
"T3_20","METRNL","gene",TRUE,"BLOOD_TRNSCRPT_DA","blood","transcript-rna-seq","transcript-rna-seq","RNA","tissue_or_blood_cell_context","ENSG00000176845.13","METRNL","exercise_with_controls","EE-CON","during_20_min",0.325135347546755,0.201537570475694,0.448733124617816,3.22751498485123e-07,2.72625401559902e-05,"up","up","not_applicable"
"T3_20","METRNL","gene",TRUE,"BLOOD_TRNSCRPT_DA","blood","transcript-rna-seq","transcript-rna-seq","RNA","tissue_or_blood_cell_context","ENSG00000176845.13","METRNL","exercise_with_controls","EE-CON","post_10_min",0.385285584456517,0.263268781212706,0.507302387700327,1.02269970774372e-09,7.77479044486949e-07,"up","up","not_applicable"
"T3_20","METRNL","gene",TRUE,"BLOOD_TRNSCRPT_DA","blood","transcript-rna-seq","transcript-rna-seq","RNA","tissue_or_blood_cell_context","ENSG00000176845.13","METRNL","exercise_with_controls","RE-CON","post_3.5_4_hr",0.194756620429249,0.0399201299039152,0.349593110954583,0.0137737221974811,0.0673923208570332,"up","up","not_applicable"
"T3_20","METRNL","gene",TRUE,"BLOOD_TRNSCRPT_DA","blood","transcript-rna-seq","transcript-rna-seq","RNA","tissue_or_blood_cell_context","ENSG00000176845.13","METRNL","exercise_with_controls","RE-CON","post_10_min",0.417896175154821,0.297794791534192,0.53799755877545,1.98071634625167e-11,1.93824226571115e-08,"up","up","not_applicable"
"T3_20","METRNL","gene",TRUE,"BLOOD_TRNSCRPT_DA","blood","transcript-rna-seq","transcript-rna-seq","RNA","tissue_or_blood_cell_context","ENSG00000176845.13","METRNL","Endur_vs_Resist","EE-RE","post_10_min",-0.0326105906983045,-0.133115000895905,0.0678938194992956,0.524237496567927,0.999401701053451,"down","up","not_applicable"
"T3_20","METRNL","gene",TRUE,"BLOOD_TRNSCRPT_DA","blood","transcript-rna-seq","transcript-rna-seq","RNA","tissue_or_blood_cell_context","ENSG00000176845.13","METRNL","exercise_with_controls","EE-CON","post_24_hr",-0.106946391111032,-0.257019744733273,0.0431269625112086,0.162178771580321,0.999767340976767,"down","up","not_applicable"
"T3_21","Myonectin (CTRP15)","gene",TRUE,"BLOOD_TRNSCRPT_DA","blood","transcript-rna-seq","transcript-rna-seq","RNA","tissue_or_blood_cell_context","ENSG00000178752.16","ERFE","Endur_vs_Resist","EE-RE","post_3.5_4_hr",-0.461189966113049,-1.32031776136973,0.397937829143635,0.292238141128939,0.999699063875898,"down","up;unchanged","not_applicable"
"T3_21","Myonectin (CTRP15)","gene",TRUE,"BLOOD_TRNSCRPT_DA","blood","transcript-rna-seq","transcript-rna-seq","RNA","tissue_or_blood_cell_context","ENSG00000178752.16","ERFE","exercise_with_controls","RE-CON","post_3.5_4_hr",-0.516132647784504,-1.64240053092325,0.610135235354241,0.368536126653717,0.61355929399742,"down","up;unchanged","not_applicable"
"T3_21","Myonectin (CTRP15)","gene",TRUE,"BLOOD_TRNSCRPT_DA","blood","transcript-rna-seq","transcript-rna-seq","RNA","tissue_or_blood_cell_context","ENSG00000178752.16","ERFE","exercise_with_controls","EE-CON","post_3.5_4_hr",-0.977322613897553,-2.22944507370665,0.274799845911547,0.125847685786614,0.379150095179222,"down","up;unchanged","not_applicable"
"T3_21","Myonectin (CTRP15)","gene",TRUE,"BLOOD_TRNSCRPT_DA","blood","transcript-rna-seq","transcript-rna-seq","RNA","tissue_or_blood_cell_context","ENSG00000178752.16","ERFE","exercise_with_controls","EE-CON","post_10_min",0.245360575894951,-0.673210746371309,1.16393189816121,0.600101664620304,0.883473078282295,"up","up;unchanged","not_applicable"
"T3_21","Myonectin (CTRP15)","gene",TRUE,"BLOOD_TRNSCRPT_DA","blood","transcript-rna-seq","transcript-rna-seq","RNA","tissue_or_blood_cell_context","ENSG00000178752.16","ERFE","exercise_with_controls","EE-CON","during_40_min",0.843433467563826,-0.0678635108414581,1.75473044596911,0.0696167555067805,0.285676434132782,"up","up;unchanged","not_applicable"
"T3_21","Myonectin (CTRP15)","gene",TRUE,"BLOOD_TRNSCRPT_DA","blood","transcript-rna-seq","transcript-rna-seq","RNA","tissue_or_blood_cell_context","ENSG00000178752.16","ERFE","exercise_with_controls","EE-CON","post_15_30_45_min",-1.5445888347644,-2.45642923247561,-0.632748437053196,0.000930246450415661,0.0325840249850373,"down","up;unchanged","not_applicable"
"T3_21","Myonectin (CTRP15)","gene",TRUE,"BLOOD_TRNSCRPT_DA","blood","transcript-rna-seq","transcript-rna-seq","RNA","tissue_or_blood_cell_context","ENSG00000178752.16","ERFE","exercise_with_controls","RE-CON","post_24_hr",-0.581799769198336,-1.5772030501132,0.413603511716524,0.251514346847777,0.864551977053231,"down","up;unchanged","not_applicable"
"T3_21","Myonectin (CTRP15)","gene",TRUE,"BLOOD_TRNSCRPT_DA","blood","transcript-rna-seq","transcript-rna-seq","RNA","tissue_or_blood_cell_context","ENSG00000178752.16","ERFE","exercise_with_controls","EE-CON","during_20_min",0.658807493200767,-0.254650731295173,1.57226571769671,0.157189169889237,0.41417456602244,"up","up;unchanged","not_applicable"
"T3_21","Myonectin (CTRP15)","gene",TRUE,"BLOOD_TRNSCRPT_DA","blood","transcript-rna-seq","transcript-rna-seq","RNA","tissue_or_blood_cell_context","ENSG00000178752.16","ERFE","Endur_vs_Resist","EE-RE","post_10_min",0.100103743332156,-0.532024911315847,0.732232397980159,0.755928580374043,0.999401701053451,"up","up;unchanged","not_applicable"
"T3_21","Myonectin (CTRP15)","gene",TRUE,"BLOOD_TRNSCRPT_DA","blood","transcript-rna-seq","transcript-rna-seq","RNA","tissue_or_blood_cell_context","ENSG00000178752.16","ERFE","exercise_with_controls","RE-CON","post_15_30_45_min",-0.963667073899702,-1.82974908210801,-0.0975850656913895,0.029255270125105,0.143693150176574,"down","up;unchanged","not_applicable"
"T3_21","Myonectin (CTRP15)","gene",TRUE,"BLOOD_TRNSCRPT_DA","blood","transcript-rna-seq","transcript-rna-seq","RNA","tissue_or_blood_cell_context","ENSG00000178752.16","ERFE","exercise_with_controls","EE-CON","post_24_hr",-0.814035245446321,-1.84508761461845,0.217017123725809,0.121552475461042,0.999767340976767,"down","up;unchanged","not_applicable"
"T3_21","Myonectin (CTRP15)","gene",TRUE,"BLOOD_TRNSCRPT_DA","blood","transcript-rna-seq","transcript-rna-seq","RNA","tissue_or_blood_cell_context","ENSG00000178752.16","ERFE","exercise_with_controls","RE-CON","post_10_min",0.145256832562795,-0.758269076947841,1.04878274207343,0.752340507609136,0.923729294294267,"up","up;unchanged","not_applicable"
"T3_21","Myonectin (CTRP15)","gene",TRUE,"BLOOD_TRNSCRPT_DA","blood","transcript-rna-seq","transcript-rna-seq","RNA","tissue_or_blood_cell_context","ENSG00000178752.16","ERFE","Endur_vs_Resist","EE-RE","post_15_30_45_min",-0.580921760864702,-1.28955442982608,0.127710908096675,0.107939972940792,0.610966876859582,"down","up;unchanged","not_applicable"
"T3_21","Myonectin (CTRP15)","gene",TRUE,"BLOOD_TRNSCRPT_DA","blood","transcript-rna-seq","transcript-rna-seq","RNA","tissue_or_blood_cell_context","ENSG00000178752.16","ERFE","Endur_vs_Resist","EE-RE","post_24_hr",-0.232235476247985,-1.02366287361973,0.559191921123756,0.564683415200835,0.989429493140018,"down","up;unchanged","not_applicable"
"T3_24","SPARC","gene",TRUE,"BLOOD_TRNSCRPT_DA","blood","transcript-rna-seq","transcript-rna-seq","RNA","tissue_or_blood_cell_context","ENSG00000113140.11","SPARC","exercise_with_controls","RE-CON","post_3.5_4_hr",-0.0231886677986202,-0.177905893373584,0.131528557776344,0.768604886929431,0.891047116404194,"down","up;unchanged","not_applicable"
"T3_24","SPARC","gene",TRUE,"BLOOD_TRNSCRPT_DA","blood","transcript-rna-seq","transcript-rna-seq","RNA","tissue_or_blood_cell_context","ENSG00000113140.11","SPARC","exercise_with_controls","EE-CON","during_20_min",-0.101217094375462,-0.223251895972999,0.0208177072220749,0.103863237086009,0.329765187046769,"down","up;unchanged","not_applicable"
"T3_24","SPARC","gene",TRUE,"BLOOD_TRNSCRPT_DA","blood","transcript-rna-seq","transcript-rna-seq","RNA","tissue_or_blood_cell_context","ENSG00000113140.11","SPARC","exercise_with_controls","EE-CON","post_24_hr",0.0552746436874321,-0.0911482869943618,0.201697574369226,0.458770199035326,0.999767340976767,"up","up;unchanged","not_applicable"
"T3_24","SPARC","gene",TRUE,"BLOOD_TRNSCRPT_DA","blood","transcript-rna-seq","transcript-rna-seq","RNA","tissue_or_blood_cell_context","ENSG00000113140.11","SPARC","exercise_with_controls","EE-CON","post_10_min",0.141746765353254,0.021238352668338,0.26225517803817,0.0212217457371045,0.248486909868687,"up","up;unchanged","not_applicable"
"T3_24","SPARC","gene",TRUE,"BLOOD_TRNSCRPT_DA","blood","transcript-rna-seq","transcript-rna-seq","RNA","tissue_or_blood_cell_context","ENSG00000113140.11","SPARC","exercise_with_controls","EE-CON","post_15_30_45_min",0.175554487839054,0.0564437636144095,0.294665212063699,0.00393276195957837,0.071519491627874,"up","up;unchanged","not_applicable"
"T3_24","SPARC","gene",TRUE,"BLOOD_TRNSCRPT_DA","blood","transcript-rna-seq","transcript-rna-seq","RNA","tissue_or_blood_cell_context","ENSG00000113140.11","SPARC","Endur_vs_Resist","EE-RE","post_10_min",-0.000618351177875454,-0.100895776586884,0.0996590742311327,0.990342036740914,0.999810469907942,"down","up;unchanged","not_applicable"
"T3_24","SPARC","gene",TRUE,"BLOOD_TRNSCRPT_DA","blood","transcript-rna-seq","transcript-rna-seq","RNA","tissue_or_blood_cell_context","ENSG00000113140.11","SPARC","Endur_vs_Resist","EE-RE","post_24_hr",-0.107349640415517,-0.232376171510623,0.0176768906795884,0.0922708606981675,0.971882083278628,"down","up;unchanged","not_applicable"
"T3_24","SPARC","gene",TRUE,"BLOOD_TRNSCRPT_DA","blood","transcript-rna-seq","transcript-rna-seq","RNA","tissue_or_blood_cell_context","ENSG00000113140.11","SPARC","Endur_vs_Resist","EE-RE","post_15_30_45_min",-0.142343407611211,-0.241246522766186,-0.0434402924562355,0.0048603081854459,0.223968808133942,"down","up;unchanged","not_applicable"
"T3_24","SPARC","gene",TRUE,"BLOOD_TRNSCRPT_DA","blood","transcript-rna-seq","transcript-rna-seq","RNA","tissue_or_blood_cell_context","ENSG00000113140.11","SPARC","exercise_with_controls","RE-CON","post_15_30_45_min",0.317897895450265,0.201257797348608,0.434537993551922,1.22547520203915e-07,1.51928722742383e-05,"up","up;unchanged","not_applicable"
"T3_24","SPARC","gene",TRUE,"BLOOD_TRNSCRPT_DA","blood","transcript-rna-seq","transcript-rna-seq","RNA","tissue_or_blood_cell_context","ENSG00000113140.11","SPARC","exercise_with_controls","RE-CON","post_10_min",0.14236511653113,0.0234150217985624,0.261315211263697,0.0190676312867204,0.177386048684343,"up","up;unchanged","not_applicable"
"T3_24","SPARC","gene",TRUE,"BLOOD_TRNSCRPT_DA","blood","transcript-rna-seq","transcript-rna-seq","RNA","tissue_or_blood_cell_context","ENSG00000113140.11","SPARC","exercise_with_controls","EE-CON","post_3.5_4_hr",-0.0374418422568663,-0.196283276887454,0.121399592373721,0.643596693895924,0.851244651002496,"down","up;unchanged","not_applicable"
"T3_24","SPARC","gene",TRUE,"BLOOD_TRNSCRPT_DA","blood","transcript-rna-seq","transcript-rna-seq","RNA","tissue_or_blood_cell_context","ENSG00000113140.11","SPARC","Endur_vs_Resist","EE-RE","post_3.5_4_hr",-0.0142531744582461,-0.146046136984592,0.1175397880681,0.831880337391463,0.999699063875898,"down","up;unchanged","not_applicable"
"T3_24","SPARC","gene",TRUE,"BLOOD_TRNSCRPT_DA","blood","transcript-rna-seq","transcript-rna-seq","RNA","tissue_or_blood_cell_context","ENSG00000113140.11","SPARC","exercise_with_controls","EE-CON","during_40_min",-0.0523002446915681,-0.172689625411499,0.0680891360283631,0.39391727043611,0.69547100404022,"down","up;unchanged","not_applicable"
"T3_24","SPARC","gene",TRUE,"BLOOD_TRNSCRPT_DA","blood","transcript-rna-seq","transcript-rna-seq","RNA","tissue_or_blood_cell_context","ENSG00000113140.11","SPARC","exercise_with_controls","RE-CON","post_24_hr",0.162624284102949,0.0209796337124414,0.304268934493457,0.0245025860658276,0.671482084896097,"up","up;unchanged","not_applicable"
"T3_25","SDC4","gene",TRUE,"BLOOD_TRNSCRPT_DA","blood","transcript-rna-seq","transcript-rna-seq","RNA","tissue_or_blood_cell_context","ENSG00000124145.6","SDC4","exercise_with_controls","RE-CON","post_3.5_4_hr",-0.471034144533443,-0.992084795361598,0.0500165062947113,0.0763457504616599,0.231433865599144,"down","up","not_applicable"
"T3_25","SDC4","gene",TRUE,"BLOOD_TRNSCRPT_DA","blood","transcript-rna-seq","transcript-rna-seq","RNA","tissue_or_blood_cell_context","ENSG00000124145.6","SDC4","exercise_with_controls","EE-CON","during_40_min",0.0379540965483987,-0.387510951434465,0.463419144531263,0.860993895919654,0.951112414173849,"up","up","not_applicable"
"T3_25","SDC4","gene",TRUE,"BLOOD_TRNSCRPT_DA","blood","transcript-rna-seq","transcript-rna-seq","RNA","tissue_or_blood_cell_context","ENSG00000124145.6","SDC4","exercise_with_controls","RE-CON","post_24_hr",0.127027588921633,-0.354374569190679,0.608429747033944,0.604531919303724,0.9444114602046,"up","up","not_applicable"
"T3_25","SDC4","gene",TRUE,"BLOOD_TRNSCRPT_DA","blood","transcript-rna-seq","transcript-rna-seq","RNA","tissue_or_blood_cell_context","ENSG00000124145.6","SDC4","exercise_with_controls","RE-CON","post_10_min",0.032363897197457,-0.371776128712776,0.43650392310769,0.875091030582391,0.96342622257746,"up","up","not_applicable"
"T3_25","SDC4","gene",TRUE,"BLOOD_TRNSCRPT_DA","blood","transcript-rna-seq","transcript-rna-seq","RNA","tissue_or_blood_cell_context","ENSG00000124145.6","SDC4","exercise_with_controls","EE-CON","post_24_hr",-0.0225377455975374,-0.526003507854444,0.48092801665937,0.929979685127924,0.999767340976767,"down","up","not_applicable"
"T3_25","SDC4","gene",TRUE,"BLOOD_TRNSCRPT_DA","blood","transcript-rna-seq","transcript-rna-seq","RNA","tissue_or_blood_cell_context","ENSG00000124145.6","SDC4","exercise_with_controls","EE-CON","post_3.5_4_hr",-0.270018558320239,-0.805098711963289,0.26506159532281,0.32210637899312,0.623261268402412,"down","up","not_applicable"
"T3_25","SDC4","gene",TRUE,"BLOOD_TRNSCRPT_DA","blood","transcript-rna-seq","transcript-rna-seq","RNA","tissue_or_blood_cell_context","ENSG00000124145.6","SDC4","exercise_with_controls","EE-CON","post_15_30_45_min",-0.0448081184774681,-0.470319076666616,0.38070283971168,0.836237235491766,0.944783514288245,"down","up","not_applicable"
"T3_25","SDC4","gene",TRUE,"BLOOD_TRNSCRPT_DA","blood","transcript-rna-seq","transcript-rna-seq","RNA","tissue_or_blood_cell_context","ENSG00000124145.6","SDC4","exercise_with_controls","RE-CON","post_15_30_45_min",0.195679079065109,-0.21165831724401,0.603016475374227,0.345858888579462,0.625524077774519,"up","up","not_applicable"
"T3_25","SDC4","gene",TRUE,"BLOOD_TRNSCRPT_DA","blood","transcript-rna-seq","transcript-rna-seq","RNA","tissue_or_blood_cell_context","ENSG00000124145.6","SDC4","Endur_vs_Resist","EE-RE","post_3.5_4_hr",0.201015586213204,-0.258658903783106,0.660690076209513,0.390832193170244,0.999699063875898,"up","up","not_applicable"
"T3_25","SDC4","gene",TRUE,"BLOOD_TRNSCRPT_DA","blood","transcript-rna-seq","transcript-rna-seq","RNA","tissue_or_blood_cell_context","ENSG00000124145.6","SDC4","exercise_with_controls","EE-CON","post_10_min",0.00687544958926267,-0.406015485736729,0.419766384915254,0.97392368298091,0.993675192209273,"up","up","not_applicable"
"T3_25","SDC4","gene",TRUE,"BLOOD_TRNSCRPT_DA","blood","transcript-rna-seq","transcript-rna-seq","RNA","tissue_or_blood_cell_context","ENSG00000124145.6","SDC4","Endur_vs_Resist","EE-RE","post_24_hr",-0.14956533451917,-0.566640693421222,0.267510024382882,0.481587022366362,0.985437411518238,"down","up","not_applicable"
"T3_25","SDC4","gene",TRUE,"BLOOD_TRNSCRPT_DA","blood","transcript-rna-seq","transcript-rna-seq","RNA","tissue_or_blood_cell_context","ENSG00000124145.6","SDC4","Endur_vs_Resist","EE-RE","post_15_30_45_min",-0.240487197542577,-0.581132157638635,0.100157762553482,0.166126503417584,0.684583940804926,"down","up","not_applicable"
"T3_25","SDC4","gene",TRUE,"BLOOD_TRNSCRPT_DA","blood","transcript-rna-seq","transcript-rna-seq","RNA","tissue_or_blood_cell_context","ENSG00000124145.6","SDC4","Endur_vs_Resist","EE-RE","post_10_min",-0.0254884476081944,-0.365865528489577,0.314888633273188,0.883136935445228,0.999401701053451,"down","up","not_applicable"
"T3_25","SDC4","gene",TRUE,"BLOOD_TRNSCRPT_DA","blood","transcript-rna-seq","transcript-rna-seq","RNA","tissue_or_blood_cell_context","ENSG00000124145.6","SDC4","exercise_with_controls","EE-CON","during_20_min",0.0082626582832328,-0.406576573268875,0.42310188983534,0.968811765862257,0.987625046242299,"up","up","not_applicable"
"T3_26","TGF-beta1","gene",TRUE,"BLOOD_TRNSCRPT_DA","blood","transcript-rna-seq","transcript-rna-seq","RNA","tissue_or_blood_cell_context","ENSG00000105329.11","TGFB1","exercise_with_controls","EE-CON","post_3.5_4_hr",0.0396753123153921,-0.0579404195407424,0.137291044171527,0.425087221757551,0.71163366069615,"up","up","not_applicable"
"T3_26","TGF-beta1","gene",TRUE,"BLOOD_TRNSCRPT_DA","blood","transcript-rna-seq","transcript-rna-seq","RNA","tissue_or_blood_cell_context","ENSG00000105329.11","TGFB1","Endur_vs_Resist","EE-RE","post_24_hr",-0.0413236775663108,-0.119560432685368,0.0369130775527461,0.300032266213977,0.977892715374381,"down","up","not_applicable"
"T3_26","TGF-beta1","gene",TRUE,"BLOOD_TRNSCRPT_DA","blood","transcript-rna-seq","transcript-rna-seq","RNA","tissue_or_blood_cell_context","ENSG00000105329.11","TGFB1","Endur_vs_Resist","EE-RE","post_15_30_45_min",-0.090505943570486,-0.152370051728428,-0.028641835412544,0.00420470463265477,0.213247310907584,"down","up","not_applicable"
"T3_26","TGF-beta1","gene",TRUE,"BLOOD_TRNSCRPT_DA","blood","transcript-rna-seq","transcript-rna-seq","RNA","tissue_or_blood_cell_context","ENSG00000105329.11","TGFB1","exercise_with_controls","RE-CON","post_10_min",0.196769051902583,0.122616318379574,0.270921785425593,2.55597152180648e-07,4.65690249920529e-05,"up","up","not_applicable"
"T3_26","TGF-beta1","gene",TRUE,"BLOOD_TRNSCRPT_DA","blood","transcript-rna-seq","transcript-rna-seq","RNA","tissue_or_blood_cell_context","ENSG00000105329.11","TGFB1","exercise_with_controls","RE-CON","post_15_30_45_min",0.192139300212542,0.119314470534294,0.26496412989079,2.98031515572078e-07,3.04348004409576e-05,"up","up","not_applicable"
"T3_26","TGF-beta1","gene",TRUE,"BLOOD_TRNSCRPT_DA","blood","transcript-rna-seq","transcript-rna-seq","RNA","tissue_or_blood_cell_context","ENSG00000105329.11","TGFB1","exercise_with_controls","EE-CON","during_20_min",0.152731353826768,0.0765801474481431,0.228882560205393,9.12293740636692e-05,0.00268661998856653,"up","up","not_applicable"
"T3_26","TGF-beta1","gene",TRUE,"BLOOD_TRNSCRPT_DA","blood","transcript-rna-seq","transcript-rna-seq","RNA","tissue_or_blood_cell_context","ENSG00000105329.11","TGFB1","Endur_vs_Resist","EE-RE","post_10_min",-0.0538705072291474,-0.116465268623428,0.00872425416513359,0.0915140065921887,0.999401701053451,"down","up","not_applicable"
"T3_26","TGF-beta1","gene",TRUE,"BLOOD_TRNSCRPT_DA","blood","transcript-rna-seq","transcript-rna-seq","RNA","tissue_or_blood_cell_context","ENSG00000105329.11","TGFB1","exercise_with_controls","EE-CON","post_24_hr",-0.00782397416539204,-0.0994792371427173,0.0838312888119332,0.866926187871523,0.999767340976767,"down","up","not_applicable"
"T3_26","TGF-beta1","gene",TRUE,"BLOOD_TRNSCRPT_DA","blood","transcript-rna-seq","transcript-rna-seq","RNA","tissue_or_blood_cell_context","ENSG00000105329.11","TGFB1","exercise_with_controls","EE-CON","during_40_min",0.164817226273284,0.0897515708696686,0.239882881676899,1.88299361981946e-05,0.000656202496441669,"up","up","not_applicable"
"T3_26","TGF-beta1","gene",TRUE,"BLOOD_TRNSCRPT_DA","blood","transcript-rna-seq","transcript-rna-seq","RNA","tissue_or_blood_cell_context","ENSG00000105329.11","TGFB1","exercise_with_controls","RE-CON","post_24_hr",0.0334997034009188,-0.0550860287738531,0.122085435575691,0.457994175933738,0.917445752888003,"up","up","not_applicable"
"T3_26","TGF-beta1","gene",TRUE,"BLOOD_TRNSCRPT_DA","blood","transcript-rna-seq","transcript-rna-seq","RNA","tissue_or_blood_cell_context","ENSG00000105329.11","TGFB1","exercise_with_controls","EE-CON","post_15_30_45_min",0.101633356642056,0.0272871424510147,0.175979570833097,0.0074562814600058,0.100293337646185,"up","up","not_applicable"
"T3_26","TGF-beta1","gene",TRUE,"BLOOD_TRNSCRPT_DA","blood","transcript-rna-seq","transcript-rna-seq","RNA","tissue_or_blood_cell_context","ENSG00000105329.11","TGFB1","exercise_with_controls","RE-CON","post_3.5_4_hr",0.0607895147852417,-0.0343283061882512,0.155907335758735,0.209939704400476,0.443563805715303,"up","up","not_applicable"
"T3_26","TGF-beta1","gene",TRUE,"BLOOD_TRNSCRPT_DA","blood","transcript-rna-seq","transcript-rna-seq","RNA","tissue_or_blood_cell_context","ENSG00000105329.11","TGFB1","exercise_with_controls","EE-CON","post_10_min",0.142898544673436,0.0677293341373811,0.218067755209491,0.000206381922192824,0.0161072065966916,"up","up","not_applicable"
"T3_26","TGF-beta1","gene",TRUE,"BLOOD_TRNSCRPT_DA","blood","transcript-rna-seq","transcript-rna-seq","RNA","tissue_or_blood_cell_context","ENSG00000105329.11","TGFB1","Endur_vs_Resist","EE-RE","post_3.5_4_hr",-0.0211142024698496,-0.101638052918877,0.0594096479791776,0.606800436414426,0.999699063875898,"down","up","not_applicable"
"T3_28","VEGF","gene",TRUE,"BLOOD_TRNSCRPT_DA","blood","transcript-rna-seq","transcript-rna-seq","RNA","tissue_or_blood_cell_context","ENSG00000112715.26","VEGFA","exercise_with_controls","EE-CON","post_24_hr",0.0819675051960527,-0.121028996258484,0.284964006650589,0.42811651918024,0.999767340976767,"up","up;unchanged","not_applicable"
"T3_28","VEGF","gene",TRUE,"BLOOD_TRNSCRPT_DA","blood","transcript-rna-seq","transcript-rna-seq","RNA","tissue_or_blood_cell_context","ENSG00000112715.26","VEGFA","exercise_with_controls","RE-CON","post_15_30_45_min",0.146696473590841,-0.0128635447979135,0.306256491979595,0.0714858629899983,0.255230270261385,"up","up;unchanged","not_applicable"
"T3_28","VEGF","gene",TRUE,"BLOOD_TRNSCRPT_DA","blood","transcript-rna-seq","transcript-rna-seq","RNA","tissue_or_blood_cell_context","ENSG00000112715.26","VEGFA","exercise_with_controls","EE-CON","post_10_min",0.190497215090574,0.0261086439441978,0.354885786236951,0.0232037646439252,0.26054730474902,"up","up;unchanged","not_applicable"
"T3_28","VEGF","gene",TRUE,"BLOOD_TRNSCRPT_DA","blood","transcript-rna-seq","transcript-rna-seq","RNA","tissue_or_blood_cell_context","ENSG00000112715.26","VEGFA","Endur_vs_Resist","EE-RE","post_3.5_4_hr",0.104812358946823,-0.0676258177573931,0.27725053565104,0.233089505608239,0.999699063875898,"up","up;unchanged","not_applicable"
"T3_28","VEGF","gene",TRUE,"BLOOD_TRNSCRPT_DA","blood","transcript-rna-seq","transcript-rna-seq","RNA","tissue_or_blood_cell_context","ENSG00000112715.26","VEGFA","exercise_with_controls","RE-CON","post_10_min",0.0760669204919031,-0.0859852823441639,0.23811912332797,0.356999572481506,0.70581518250389,"up","up;unchanged","not_applicable"
"T3_28","VEGF","gene",TRUE,"BLOOD_TRNSCRPT_DA","blood","transcript-rna-seq","transcript-rna-seq","RNA","tissue_or_blood_cell_context","ENSG00000112715.26","VEGFA","exercise_with_controls","EE-CON","post_15_30_45_min",0.290726227414036,0.12772854853224,0.453723906295833,0.000493495227536344,0.0229693492979841,"up","up;unchanged","not_applicable"
"T3_28","VEGF","gene",TRUE,"BLOOD_TRNSCRPT_DA","blood","transcript-rna-seq","transcript-rna-seq","RNA","tissue_or_blood_cell_context","ENSG00000112715.26","VEGFA","Endur_vs_Resist","EE-RE","post_10_min",0.114430294598671,-0.0246649172141234,0.253525506411466,0.106698604672851,0.999401701053451,"up","up;unchanged","not_applicable"
"T3_28","VEGF","gene",TRUE,"BLOOD_TRNSCRPT_DA","blood","transcript-rna-seq","transcript-rna-seq","RNA","tissue_or_blood_cell_context","ENSG00000112715.26","VEGFA","exercise_with_controls","EE-CON","post_3.5_4_hr",0.369963441767749,0.157806642728804,0.582120240806694,0.000655769467851185,0.0101281595915075,"up","up;unchanged","not_applicable"
"T3_28","VEGF","gene",TRUE,"BLOOD_TRNSCRPT_DA","blood","transcript-rna-seq","transcript-rna-seq","RNA","tissue_or_blood_cell_context","ENSG00000112715.26","VEGFA","exercise_with_controls","EE-CON","during_20_min",-0.0181801797009742,-0.187442860450229,0.151082501048281,0.833015519512653,0.930442377562188,"down","up;unchanged","not_applicable"
"T3_28","VEGF","gene",TRUE,"BLOOD_TRNSCRPT_DA","blood","transcript-rna-seq","transcript-rna-seq","RNA","tissue_or_blood_cell_context","ENSG00000112715.26","VEGFA","exercise_with_controls","RE-CON","post_24_hr",-0.0904520812093095,-0.288578513305555,0.107674350886936,0.370323113436952,0.893194291116489,"down","up;unchanged","not_applicable"
"T3_28","VEGF","gene",TRUE,"BLOOD_TRNSCRPT_DA","blood","transcript-rna-seq","transcript-rna-seq","RNA","tissue_or_blood_cell_context","ENSG00000112715.26","VEGFA","Endur_vs_Resist","EE-RE","post_15_30_45_min",0.144029753823196,0.00754369095584306,0.280515816690548,0.0386461176400999,0.464702243327379,"up","up;unchanged","not_applicable"
"T3_28","VEGF","gene",TRUE,"BLOOD_TRNSCRPT_DA","blood","transcript-rna-seq","transcript-rna-seq","RNA","tissue_or_blood_cell_context","ENSG00000112715.26","VEGFA","Endur_vs_Resist","EE-RE","post_24_hr",0.172419586405362,-0.00399889624084088,0.348838069051565,0.0554075942053672,0.969509016110582,"up","up;unchanged","not_applicable"
"T3_28","VEGF","gene",TRUE,"BLOOD_TRNSCRPT_DA","blood","transcript-rna-seq","transcript-rna-seq","RNA","tissue_or_blood_cell_context","ENSG00000112715.26","VEGFA","exercise_with_controls","EE-CON","during_40_min",0.0349749232659775,-0.132490363291995,0.20244020982395,0.681852424063904,0.871409181018349,"up","up;unchanged","not_applicable"
"T3_28","VEGF","gene",TRUE,"BLOOD_TRNSCRPT_DA","blood","transcript-rna-seq","transcript-rna-seq","RNA","tissue_or_blood_cell_context","ENSG00000112715.26","VEGFA","exercise_with_controls","RE-CON","post_3.5_4_hr",0.265151082820926,0.0571703381329831,0.473131827508868,0.0125463941045867,0.0629651064525054,"up","up;unchanged","not_applicable"
"T3_03","Angiopoietin 1","gene",TRUE,"BLOOD_PROT_OL_DA","blood","prot-ol","prot-ol","protein","circulating_abundance","OID20740","ANGPT1","Endur_vs_Resist","EE-RE","post_24_hr",-0.406647932173949,-1.48484659627151,0.671550731923615,0.457638733017676,0.825709660787131,"down","up;unchanged","no_detected_change"
"T3_03","Angiopoietin 1","gene",TRUE,"BLOOD_PROT_OL_DA","blood","prot-ol","prot-ol","protein","circulating_abundance","OID20740","ANGPT1","Endur_vs_Resist","EE-RE","post_3.5_4_hr",0.194064593869605,-0.931428262375017,1.31955745011423,0.734006037556163,0.988378319957115,"up","up;unchanged","no_detected_change"
"T3_03","Angiopoietin 1","gene",TRUE,"BLOOD_PROT_OL_DA","blood","prot-ol","prot-ol","protein","circulating_abundance","OID20740","ANGPT1","exercise_with_controls","EE-CON","during_40_min",0.432070326006628,-0.494468563124858,1.35860921513811,0.358515983179573,0.621047858392976,"up","up;unchanged","no_detected_change"
"T3_03","Angiopoietin 1","gene",TRUE,"BLOOD_PROT_OL_DA","blood","prot-ol","prot-ol","protein","circulating_abundance","OID20740","ANGPT1","exercise_with_controls","EE-CON","post_15_30_45_min",0.217972761892989,-0.706100431694588,1.14204595548057,0.641992280072882,0.929216609666265,"up","up;unchanged","no_detected_change"
"T3_03","Angiopoietin 1","gene",TRUE,"BLOOD_PROT_OL_DA","blood","prot-ol","prot-ol","protein","circulating_abundance","OID20740","ANGPT1","exercise_with_controls","EE-CON","during_20_min",0.245536411464089,-0.661243136406587,1.15231595933476,0.593589096198169,0.788521669261539,"up","up;unchanged","no_detected_change"
"T3_03","Angiopoietin 1","gene",TRUE,"BLOOD_PROT_OL_DA","blood","prot-ol","prot-ol","protein","circulating_abundance","OID20740","ANGPT1","exercise_with_controls","RE-CON","post_15_30_45_min",-0.898880555555555,-1.74923764159342,-0.048523469517691,0.0384174969712906,0.263115215069171,"down","up;unchanged","no_detected_change"
"T3_03","Angiopoietin 1","gene",TRUE,"BLOOD_PROT_OL_DA","blood","prot-ol","prot-ol","protein","circulating_abundance","OID20740","ANGPT1","exercise_with_controls","EE-CON","post_3.5_4_hr",-0.100563656105271,-1.27021011833056,1.06908280612002,0.865426129399842,0.966856029307663,"down","up;unchanged","no_detected_change"
"T3_03","Angiopoietin 1","gene",TRUE,"BLOOD_PROT_OL_DA","blood","prot-ol","prot-ol","protein","circulating_abundance","OID20740","ANGPT1","exercise_with_controls","RE-CON","post_24_hr",-0.377256000158037,-1.45724523138579,0.702733231069714,0.491425931129773,0.719753957898557,"down","up;unchanged","no_detected_change"
"T3_03","Angiopoietin 1","gene",TRUE,"BLOOD_PROT_OL_DA","blood","prot-ol","prot-ol","protein","circulating_abundance","OID20740","ANGPT1","Endur_vs_Resist","EE-RE","post_15_30_45_min",1.11685331744854,0.274659802921335,1.95904683197575,0.00966178919651787,0.538866973986374,"up","up;unchanged","no_detected_change"
"T3_03","Angiopoietin 1","gene",TRUE,"BLOOD_PROT_OL_DA","blood","prot-ol","prot-ol","protein","circulating_abundance","OID20740","ANGPT1","exercise_with_controls","EE-CON","post_24_hr",-0.783903932331986,-1.88386436912219,0.316056504458218,0.161302953117757,0.986437074865836,"down","up;unchanged","no_detected_change"
"T3_03","Angiopoietin 1","gene",TRUE,"BLOOD_PROT_OL_DA","blood","prot-ol","prot-ol","protein","circulating_abundance","OID20740","ANGPT1","exercise_with_controls","RE-CON","post_10_min",-0.614378247288304,-1.47707023924616,0.248313744669551,0.161550503294237,0.556931377588815,"down","up;unchanged","no_detected_change"
"T3_03","Angiopoietin 1","gene",TRUE,"BLOOD_PROT_OL_DA","blood","prot-ol","prot-ol","protein","circulating_abundance","OID20740","ANGPT1","Endur_vs_Resist","EE-RE","post_10_min",0.412634896847633,-0.423127928842676,1.24839772253794,0.331054246206974,0.682829500546263,"up","up;unchanged","no_detected_change"
"T3_03","Angiopoietin 1","gene",TRUE,"BLOOD_PROT_OL_DA","blood","prot-ol","prot-ol","protein","circulating_abundance","OID20740","ANGPT1","exercise_with_controls","EE-CON","post_10_min",-0.201743350440671,-1.10852289831127,0.705036197429927,0.661004938712613,0.926453014990873,"down","up;unchanged","no_detected_change"
"T3_03","Angiopoietin 1","gene",TRUE,"BLOOD_PROT_OL_DA","blood","prot-ol","prot-ol","protein","circulating_abundance","OID20740","ANGPT1","exercise_with_controls","RE-CON","post_3.5_4_hr",-0.294628249974875,-1.34778642892136,0.758529928971612,0.58150895848709,0.962028136058094,"down","up;unchanged","no_detected_change"
"T3_04","Angiopoietin-like protein 4","gene",TRUE,"BLOOD_PROT_OL_DA","blood","prot-ol","prot-ol","protein","circulating_abundance","OID20703","ANGPTL4","exercise_with_controls","RE-CON","post_15_30_45_min",-0.304472222222223,-0.549131668900566,-0.0598127755438797,0.0150478862172901,0.163997830671796,"down","up","no_detected_change"
"T3_04","Angiopoietin-like protein 4","gene",TRUE,"BLOOD_PROT_OL_DA","blood","prot-ol","prot-ol","protein","circulating_abundance","OID20703","ANGPTL4","exercise_with_controls","RE-CON","post_24_hr",-0.3009463176008,-0.615865384678248,0.0139727494766486,0.0609362719283369,0.392969968056837,"down","up","no_detected_change"
"T3_04","Angiopoietin-like protein 4","gene",TRUE,"BLOOD_PROT_OL_DA","blood","prot-ol","prot-ol","protein","circulating_abundance","OID20703","ANGPTL4","exercise_with_controls","EE-CON","post_10_min",0.054084555879393,-0.206999387013242,0.315168498772028,0.683015930696324,0.941472348051256,"up","up","no_detected_change"
"T3_04","Angiopoietin-like protein 4","gene",TRUE,"BLOOD_PROT_OL_DA","blood","prot-ol","prot-ol","protein","circulating_abundance","OID20703","ANGPTL4","Endur_vs_Resist","EE-RE","post_24_hr",0.319234318161909,0.00365589157871399,0.634812744745105,0.0474345960553396,0.48218025633959,"up","up","no_detected_change"
"T3_04","Angiopoietin-like protein 4","gene",TRUE,"BLOOD_PROT_OL_DA","blood","prot-ol","prot-ol","protein","circulating_abundance","OID20703","ANGPTL4","exercise_with_controls","EE-CON","post_24_hr",0.0182880005611099,-0.301450463331902,0.338026464454121,0.910212328624223,0.990616573813196,"up","up","no_detected_change"
"T3_04","Angiopoietin-like protein 4","gene",TRUE,"BLOOD_PROT_OL_DA","blood","prot-ol","prot-ol","protein","circulating_abundance","OID20703","ANGPTL4","exercise_with_controls","RE-CON","post_10_min",-0.2552882942333,-0.503847362379114,-0.0067292260874868,0.0441808737300444,0.319488080397867,"down","up","no_detected_change"
"T3_04","Angiopoietin-like protein 4","gene",TRUE,"BLOOD_PROT_OL_DA","blood","prot-ol","prot-ol","protein","circulating_abundance","OID20703","ANGPTL4","Endur_vs_Resist","EE-RE","post_10_min",0.309372850112693,0.0683090016604599,0.550436698564926,0.0122182718139276,0.111698652647325,"up","up","no_detected_change"
"T3_04","Angiopoietin-like protein 4","gene",TRUE,"BLOOD_PROT_OL_DA","blood","prot-ol","prot-ol","protein","circulating_abundance","OID20703","ANGPTL4","exercise_with_controls","EE-CON","post_3.5_4_hr",0.419381412585937,0.0796842511340266,0.759078574037847,0.0158528257592406,0.493821649558619,"up","up","no_detected_change"
"T3_04","Angiopoietin-like protein 4","gene",TRUE,"BLOOD_PROT_OL_DA","blood","prot-ol","prot-ol","protein","circulating_abundance","OID20703","ANGPTL4","exercise_with_controls","EE-CON","during_20_min",-0.110933301263465,-0.372017244156147,0.150150641629218,0.402662351641991,0.665387193023197,"down","up","no_detected_change"
"T3_04","Angiopoietin-like protein 4","gene",TRUE,"BLOOD_PROT_OL_DA","blood","prot-ol","prot-ol","protein","circulating_abundance","OID20703","ANGPTL4","Endur_vs_Resist","EE-RE","post_3.5_4_hr",0.383191672259569,0.0550291354009301,0.711354209118208,0.022385671241361,0.988378319957115,"up","up","no_detected_change"
"T3_04","Angiopoietin-like protein 4","gene",TRUE,"BLOOD_PROT_OL_DA","blood","prot-ol","prot-ol","protein","circulating_abundance","OID20703","ANGPTL4","exercise_with_controls","EE-CON","during_40_min",0.154627172267981,-0.112703370362673,0.421957714898635,0.255046328907665,0.517562661014596,"up","up","no_detected_change"
"T3_04","Angiopoietin-like protein 4","gene",TRUE,"BLOOD_PROT_OL_DA","blood","prot-ol","prot-ol","protein","circulating_abundance","OID20703","ANGPTL4","exercise_with_controls","RE-CON","post_3.5_4_hr",0.0361897403263677,-0.27053890571279,0.342918386365525,0.816066410158197,0.984159222221745,"up","up","no_detected_change"
"T3_04","Angiopoietin-like protein 4","gene",TRUE,"BLOOD_PROT_OL_DA","blood","prot-ol","prot-ol","protein","circulating_abundance","OID20703","ANGPTL4","Endur_vs_Resist","EE-RE","post_15_30_45_min",0.185886290539108,-0.056789109260707,0.428561690338924,0.132321601212243,0.92821638078093,"up","up","no_detected_change"
"T3_04","Angiopoietin-like protein 4","gene",TRUE,"BLOOD_PROT_OL_DA","blood","prot-ol","prot-ol","protein","circulating_abundance","OID20703","ANGPTL4","exercise_with_controls","EE-CON","post_15_30_45_min",-0.118585931683114,-0.384786980222792,0.147615116856563,0.380316647155396,0.829781197929607,"down","up","no_detected_change"
"T3_09","Fractalkine","gene",TRUE,"BLOOD_PROT_OL_DA","blood","prot-ol","prot-ol","protein","circulating_abundance","OID20976","CX3CL1","exercise_with_controls","EE-CON","post_10_min",0.301787118543749,0.0789014454323654,0.524672791655132,0.00827368283511482,0.260529079496838,"up","up","no_detected_change"
"T3_09","Fractalkine","gene",TRUE,"BLOOD_PROT_OL_DA","blood","prot-ol","prot-ol","protein","circulating_abundance","OID20976","CX3CL1","exercise_with_controls","RE-CON","post_24_hr",-0.0641008909414583,-0.332746237802072,0.204544455919155,0.638141945501281,0.791810102255092,"down","up","no_detected_change"
"T3_09","Fractalkine","gene",TRUE,"BLOOD_PROT_OL_DA","blood","prot-ol","prot-ol","protein","circulating_abundance","OID20976","CX3CL1","exercise_with_controls","EE-CON","post_3.5_4_hr",0.234084678382904,-0.0557834043322433,0.523952761098052,0.112724944829928,0.840104135438625,"up","up","no_detected_change"
"T3_09","Fractalkine","gene",TRUE,"BLOOD_PROT_OL_DA","blood","prot-ol","prot-ol","protein","circulating_abundance","OID20976","CX3CL1","exercise_with_controls","EE-CON","post_24_hr",0.149723489062961,-0.1230939787245,0.422540956850422,0.280082705158534,0.986437074865836,"up","up","no_detected_change"
"T3_09","Fractalkine","gene",TRUE,"BLOOD_PROT_OL_DA","blood","prot-ol","prot-ol","protein","circulating_abundance","OID20976","CX3CL1","exercise_with_controls","RE-CON","post_3.5_4_hr",0.08460704296675,-0.17707452124258,0.346288607176081,0.524065482964744,0.962028136058094,"up","up","no_detected_change"
"T3_09","Fractalkine","gene",TRUE,"BLOOD_PROT_OL_DA","blood","prot-ol","prot-ol","protein","circulating_abundance","OID20976","CX3CL1","exercise_with_controls","EE-CON","during_40_min",0.560544271107797,0.332354424806367,0.788734117409227,2.88885102950083e-06,0.00022741677271126,"up","up","consistent_with_review"
"T3_09","Fractalkine","gene",TRUE,"BLOOD_PROT_OL_DA","blood","prot-ol","prot-ol","protein","circulating_abundance","OID20976","CX3CL1","exercise_with_controls","RE-CON","post_15_30_45_min",0.115630555555556,-0.0932423416707802,0.324503452781892,0.275901861563517,0.595238737377178,"up","up","no_detected_change"
"T3_09","Fractalkine","gene",TRUE,"BLOOD_PROT_OL_DA","blood","prot-ol","prot-ol","protein","circulating_abundance","OID20976","CX3CL1","Endur_vs_Resist","EE-RE","post_15_30_45_min",0.112482282466348,-0.0946773449209451,0.319641909853641,0.285187253595827,0.9962271718238,"up","up","no_detected_change"
"T3_09","Fractalkine","gene",TRUE,"BLOOD_PROT_OL_DA","blood","prot-ol","prot-ol","protein","circulating_abundance","OID20976","CX3CL1","Endur_vs_Resist","EE-RE","post_24_hr",0.213824380004419,-0.055329842016727,0.482978602025566,0.118653668147892,0.602624543962593,"up","up","no_detected_change"
"T3_09","Fractalkine","gene",TRUE,"BLOOD_PROT_OL_DA","blood","prot-ol","prot-ol","protein","circulating_abundance","OID20976","CX3CL1","exercise_with_controls","EE-CON","post_15_30_45_min",0.228112838021904,0.000866961926370674,0.455358714117436,0.0491427086991057,0.486348189620916,"up","up","no_detected_change"
"T3_09","Fractalkine","gene",TRUE,"BLOOD_PROT_OL_DA","blood","prot-ol","prot-ol","protein","circulating_abundance","OID20976","CX3CL1","Endur_vs_Resist","EE-RE","post_10_min",0.144905466653064,-0.0608667837020738,0.350677717008202,0.16623699997129,0.472225868893699,"up","up","no_detected_change"
"T3_09","Fractalkine","gene",TRUE,"BLOOD_PROT_OL_DA","blood","prot-ol","prot-ol","protein","circulating_abundance","OID20976","CX3CL1","exercise_with_controls","EE-CON","during_20_min",0.56809068997232,0.345205016860948,0.790976363083693,1.28585302244832e-06,0.000364410746561854,"up","up","consistent_with_review"
"T3_09","Fractalkine","gene",TRUE,"BLOOD_PROT_OL_DA","blood","prot-ol","prot-ol","protein","circulating_abundance","OID20976","CX3CL1","exercise_with_controls","RE-CON","post_10_min",0.156881651890685,-0.055302138499477,0.369065442280847,0.146200131411415,0.548752985009452,"up","up","no_detected_change"
"T3_09","Fractalkine","gene",TRUE,"BLOOD_PROT_OL_DA","blood","prot-ol","prot-ol","protein","circulating_abundance","OID20976","CX3CL1","Endur_vs_Resist","EE-RE","post_3.5_4_hr",0.149477635416154,-0.130476551595604,0.429431822427912,0.293278728532048,0.988378319957115,"up","up","no_detected_change"
"T3_10","FGF21","gene",TRUE,"BLOOD_PROT_OL_DA","blood","prot-ol","prot-ol","protein","circulating_abundance","OID21402","FGF21","exercise_with_controls","RE-CON","post_3.5_4_hr",-0.887263976873902,-1.46920300503888,-0.305324948708924,0.00302391527423552,0.0714147990598623,"down","up","no_detected_change"
"T3_10","FGF21","gene",TRUE,"BLOOD_PROT_OL_DA","blood","prot-ol","prot-ol","protein","circulating_abundance","OID21402","FGF21","exercise_with_controls","RE-CON","post_10_min",-0.175540680925037,-0.646762518795819,0.295681156945744,0.46300325370476,0.755948582645032,"down","up","no_detected_change"
"T3_10","FGF21","gene",TRUE,"BLOOD_PROT_OL_DA","blood","prot-ol","prot-ol","protein","circulating_abundance","OID21402","FGF21","Endur_vs_Resist","EE-RE","post_15_30_45_min",0.393955928831978,-0.0661159821925187,0.854027839856474,0.0927683302633725,0.897782594357496,"up","up","no_detected_change"
"T3_10","FGF21","gene",TRUE,"BLOOD_PROT_OL_DA","blood","prot-ol","prot-ol","protein","circulating_abundance","OID21402","FGF21","exercise_with_controls","RE-CON","post_24_hr",-0.37703078077249,-0.974576920521356,0.220515358976375,0.214570136395388,0.558125791959814,"down","up","no_detected_change"
"T3_10","FGF21","gene",TRUE,"BLOOD_PROT_OL_DA","blood","prot-ol","prot-ol","protein","circulating_abundance","OID21402","FGF21","exercise_with_controls","RE-CON","post_15_30_45_min",-0.127444444444443,-0.591223064799399,0.336334175910512,0.588102041121019,0.799323836203036,"down","up","no_detected_change"
"T3_10","FGF21","gene",TRUE,"BLOOD_PROT_OL_DA","blood","prot-ol","prot-ol","protein","circulating_abundance","OID21402","FGF21","exercise_with_controls","EE-CON","during_20_min",-0.0781705549446143,-0.57310922618432,0.416768116295092,0.755515902618694,0.889314588348536,"down","up","no_detected_change"
"T3_10","FGF21","gene",TRUE,"BLOOD_PROT_OL_DA","blood","prot-ol","prot-ol","protein","circulating_abundance","OID21402","FGF21","exercise_with_controls","EE-CON","post_3.5_4_hr",-0.281232471575949,-0.925550645051974,0.363085701900076,0.38999304914566,0.860169181055597,"down","up","no_detected_change"
"T3_10","FGF21","gene",TRUE,"BLOOD_PROT_OL_DA","blood","prot-ol","prot-ol","protein","circulating_abundance","OID21402","FGF21","Endur_vs_Resist","EE-RE","post_24_hr",-0.152366516351411,-0.751310267989139,0.446577235286317,0.616104066909618,0.901507773620712,"down","up","no_detected_change"
"T3_10","FGF21","gene",TRUE,"BLOOD_PROT_OL_DA","blood","prot-ol","prot-ol","protein","circulating_abundance","OID21402","FGF21","exercise_with_controls","EE-CON","during_40_min",0.0545546145161677,-0.452304998206258,0.561414227238594,0.831942795561581,0.914129265879154,"up","up","no_detected_change"
"T3_10","FGF21","gene",TRUE,"BLOOD_PROT_OL_DA","blood","prot-ol","prot-ol","protein","circulating_abundance","OID21402","FGF21","exercise_with_controls","EE-CON","post_24_hr",-0.529397297123901,-1.13591506177011,0.0771204675223076,0.0866818775906731,0.986437074865836,"down","up","no_detected_change"
"T3_10","FGF21","gene",TRUE,"BLOOD_PROT_OL_DA","blood","prot-ol","prot-ol","protein","circulating_abundance","OID21402","FGF21","Endur_vs_Resist","EE-RE","post_10_min",0.173935602170899,-0.283113263608929,0.630984467950727,0.453423227648909,0.780924543694853,"up","up","no_detected_change"
"T3_10","FGF21","gene",TRUE,"BLOOD_PROT_OL_DA","blood","prot-ol","prot-ol","protein","circulating_abundance","OID21402","FGF21","exercise_with_controls","EE-CON","post_10_min",-0.00160507875413929,-0.496543749993999,0.49333359248572,0.994898016493582,0.99662581776966,"down","up","no_detected_change"
"T3_10","FGF21","gene",TRUE,"BLOOD_PROT_OL_DA","blood","prot-ol","prot-ol","protein","circulating_abundance","OID21402","FGF21","exercise_with_controls","EE-CON","post_15_30_45_min",0.266511484387534,-0.238151060644497,0.771174029419566,0.298556923577539,0.782052253347737,"up","up","no_detected_change"
"T3_10","FGF21","gene",TRUE,"BLOOD_PROT_OL_DA","blood","prot-ol","prot-ol","protein","circulating_abundance","OID21402","FGF21","Endur_vs_Resist","EE-RE","post_3.5_4_hr",0.606031505297953,-0.0166083709336488,1.22867138152956,0.0563554169966973,0.988378319957115,"up","up","no_detected_change"
"T3_11","Follistatin","gene",TRUE,"BLOOD_PROT_OL_DA","blood","prot-ol","prot-ol","protein","circulating_abundance","OID20770","FST","exercise_with_controls","RE-CON","post_24_hr",-0.474485261549246,-0.795293891942078,-0.153676631156414,0.00399177007216632,0.220388445312025,"down","up","no_detected_change"
"T3_11","Follistatin","gene",TRUE,"BLOOD_PROT_OL_DA","blood","prot-ol","prot-ol","protein","circulating_abundance","OID20770","FST","Endur_vs_Resist","EE-RE","post_3.5_4_hr",0.167872627689703,-0.166409189044005,0.50215444442341,0.322827387428462,0.988378319957115,"up","up","no_detected_change"
"T3_11","Follistatin","gene",TRUE,"BLOOD_PROT_OL_DA","blood","prot-ol","prot-ol","protein","circulating_abundance","OID20770","FST","exercise_with_controls","EE-CON","post_24_hr",-0.0915925062110124,-0.417222234229766,0.234037221807741,0.579348171652356,0.986437074865836,"down","up","no_detected_change"
"T3_11","Follistatin","gene",TRUE,"BLOOD_PROT_OL_DA","blood","prot-ol","prot-ol","protein","circulating_abundance","OID20770","FST","exercise_with_controls","RE-CON","post_15_30_45_min",-0.167252777777777,-0.416256212371868,0.0817506568163133,0.186561508622735,0.511330092298675,"down","up","no_detected_change"
"T3_11","Follistatin","gene",TRUE,"BLOOD_PROT_OL_DA","blood","prot-ol","prot-ol","protein","circulating_abundance","OID20770","FST","Endur_vs_Resist","EE-RE","post_15_30_45_min",0.0170345309452528,-0.22997738346382,0.264046445354325,0.891841353479714,0.9962271718238,"up","up","no_detected_change"
"T3_11","Follistatin","gene",TRUE,"BLOOD_PROT_OL_DA","blood","prot-ol","prot-ol","protein","circulating_abundance","OID20770","FST","Endur_vs_Resist","EE-RE","post_10_min",0.0440628369769749,-0.201325194909836,0.289450868863785,0.72334657989815,0.945651046854586,"up","up","no_detected_change"
"T3_11","Follistatin","gene",TRUE,"BLOOD_PROT_OL_DA","blood","prot-ol","prot-ol","protein","circulating_abundance","OID20770","FST","exercise_with_controls","EE-CON","during_20_min",-0.0415174384610635,-0.307250102454683,0.224215225532556,0.758066090897693,0.889314588348536,"down","up","no_detected_change"
"T3_11","Follistatin","gene",TRUE,"BLOOD_PROT_OL_DA","blood","prot-ol","prot-ol","protein","circulating_abundance","OID20770","FST","exercise_with_controls","RE-CON","post_10_min",-0.0910945611523239,-0.344092971289587,0.161903848984939,0.478075870659306,0.764847505445577,"down","up","no_detected_change"
"T3_11","Follistatin","gene",TRUE,"BLOOD_PROT_OL_DA","blood","prot-ol","prot-ol","protein","circulating_abundance","OID20770","FST","exercise_with_controls","EE-CON","during_40_min",0.148893056694971,-0.123237950430284,0.421024063820226,0.281535020843669,0.539463036770425,"up","up","no_detected_change"
"T3_11","Follistatin","gene",TRUE,"BLOOD_PROT_OL_DA","blood","prot-ol","prot-ol","protein","circulating_abundance","OID20770","FST","exercise_with_controls","RE-CON","post_3.5_4_hr",-0.177504151674913,-0.489935388596122,0.134927085246296,0.263554815165785,0.804448542013167,"down","up","no_detected_change"
"T3_11","Follistatin","gene",TRUE,"BLOOD_PROT_OL_DA","blood","prot-ol","prot-ol","protein","circulating_abundance","OID20770","FST","exercise_with_controls","EE-CON","post_15_30_45_min",-0.150218246832525,-0.421171061429548,0.120734567764499,0.275212242922687,0.765148613760643,"down","up","no_detected_change"
"T3_11","Follistatin","gene",TRUE,"BLOOD_PROT_OL_DA","blood","prot-ol","prot-ol","protein","circulating_abundance","OID20770","FST","exercise_with_controls","EE-CON","post_10_min",-0.047031724175349,-0.312764388168949,0.218700939818251,0.727151138300474,0.942939154549897,"down","up","no_detected_change"
"T3_11","Follistatin","gene",TRUE,"BLOOD_PROT_OL_DA","blood","prot-ol","prot-ol","protein","circulating_abundance","OID20770","FST","Endur_vs_Resist","EE-RE","post_24_hr",0.382892755338234,0.0613374642527802,0.704448046423688,0.0199061063330172,0.440733635529459,"up","up","no_detected_change"
"T3_11","Follistatin","gene",TRUE,"BLOOD_PROT_OL_DA","blood","prot-ol","prot-ol","protein","circulating_abundance","OID20770","FST","exercise_with_controls","EE-CON","post_3.5_4_hr",-0.0096315239852105,-0.355557225743619,0.336294177773198,0.956219610637842,0.987573141463521,"down","up","no_detected_change"
"T3_12","GDF15","gene",TRUE,"BLOOD_PROT_OL_DA","blood","prot-ol","prot-ol","protein","circulating_abundance","OID20251","GDF15","Endur_vs_Resist","EE-RE","post_24_hr",-0.090083838298158,-0.492568321651345,0.312400645055029,0.659139612538174,0.906154145553707,"down","up","no_detected_change"
"T3_12","GDF15","gene",TRUE,"BLOOD_PROT_OL_DA","blood","prot-ol","prot-ol","protein","circulating_abundance","OID20251","GDF15","exercise_with_controls","RE-CON","post_24_hr",0.217184332609633,-0.18491476056501,0.619283425784277,0.287779179873143,0.62264223955404,"up","up","no_detected_change"
"T3_12","GDF15","gene",TRUE,"BLOOD_PROT_OL_DA","blood","prot-ol","prot-ol","protein","circulating_abundance","OID20251","GDF15","exercise_with_controls","EE-CON","post_10_min",0.114607238084396,-0.220120256460088,0.449334732628881,0.499912912583088,0.866788262939294,"up","up","no_detected_change"
"T3_12","GDF15","gene",TRUE,"BLOOD_PROT_OL_DA","blood","prot-ol","prot-ol","protein","circulating_abundance","OID20251","GDF15","exercise_with_controls","EE-CON","post_15_30_45_min",-0.0250453663231604,-0.366268163557087,0.316177430910766,0.884933415127063,0.971494228208209,"down","up","no_detected_change"
"T3_12","GDF15","gene",TRUE,"BLOOD_PROT_OL_DA","blood","prot-ol","prot-ol","protein","circulating_abundance","OID20251","GDF15","Endur_vs_Resist","EE-RE","post_10_min",0.138032592399013,-0.170844305034413,0.44690948983244,0.378823378158027,0.72148569718023,"up","up","no_detected_change"
"T3_12","GDF15","gene",TRUE,"BLOOD_PROT_OL_DA","blood","prot-ol","prot-ol","protein","circulating_abundance","OID20251","GDF15","exercise_with_controls","RE-CON","post_15_30_45_min",-0.100480555555555,-0.414223616606471,0.213262505495361,0.527980327023187,0.764025790500921,"down","up","no_detected_change"
"T3_12","GDF15","gene",TRUE,"BLOOD_PROT_OL_DA","blood","prot-ol","prot-ol","protein","circulating_abundance","OID20251","GDF15","exercise_with_controls","EE-CON","post_24_hr",0.127100494311475,-0.281631097359596,0.535832085982547,0.540060889853609,0.986437074865836,"up","up","no_detected_change"
"T3_12","GDF15","gene",TRUE,"BLOOD_PROT_OL_DA","blood","prot-ol","prot-ol","protein","circulating_abundance","OID20251","GDF15","exercise_with_controls","EE-CON","during_20_min",0.15304295237011,-0.181684542174351,0.487770446914572,0.367919765819177,0.65187793518558,"up","up","no_detected_change"
"T3_12","GDF15","gene",TRUE,"BLOOD_PROT_OL_DA","blood","prot-ol","prot-ol","protein","circulating_abundance","OID20251","GDF15","exercise_with_controls","RE-CON","post_10_min",-0.0234253543146168,-0.342018897467223,0.295168188837989,0.884733549968373,0.967149358809243,"down","up","no_detected_change"
"T3_12","GDF15","gene",TRUE,"BLOOD_PROT_OL_DA","blood","prot-ol","prot-ol","protein","circulating_abundance","OID20251","GDF15","exercise_with_controls","EE-CON","post_3.5_4_hr",0.105726146412059,-0.328679413662847,0.540131706486966,0.631462379759147,0.900790454970818,"up","up","no_detected_change"
"T3_12","GDF15","gene",TRUE,"BLOOD_PROT_OL_DA","blood","prot-ol","prot-ol","protein","circulating_abundance","OID20251","GDF15","Endur_vs_Resist","EE-RE","post_15_30_45_min",0.0754351892323946,-0.235605095777567,0.386475474242357,0.632633307949753,0.9962271718238,"up","up","no_detected_change"
"T3_12","GDF15","gene",TRUE,"BLOOD_PROT_OL_DA","blood","prot-ol","prot-ol","protein","circulating_abundance","OID20251","GDF15","exercise_with_controls","EE-CON","during_40_min",0.359733625546562,0.0172325886000972,0.702234662493028,0.0396550220395438,0.157398224733988,"up","up","no_detected_change"
"T3_12","GDF15","gene",TRUE,"BLOOD_PROT_OL_DA","blood","prot-ol","prot-ol","protein","circulating_abundance","OID20251","GDF15","Endur_vs_Resist","EE-RE","post_3.5_4_hr",-0.0963798084773262,-0.515459661317807,0.322700044363154,0.650366178628961,0.988378319957115,"down","up","no_detected_change"
"T3_12","GDF15","gene",TRUE,"BLOOD_PROT_OL_DA","blood","prot-ol","prot-ol","protein","circulating_abundance","OID20251","GDF15","exercise_with_controls","RE-CON","post_3.5_4_hr",0.202105954889385,-0.189715542801564,0.593927452580335,0.3099549698454,0.846570751542394,"up","up","no_detected_change"
"T3_13","HSP72","gene",TRUE,"BLOOD_PROT_OL_DA","blood","prot-ol","prot-ol","protein","circulating_abundance","OID20718","HSPA1A","exercise_with_controls","EE-CON","during_40_min",0.406449515083253,-0.387567335679134,1.20046636584564,0.313634577827272,0.575912694204965,"up","up","no_detected_change"
"T3_13","HSP72","gene",TRUE,"BLOOD_PROT_OL_DA","blood","prot-ol","prot-ol","protein","circulating_abundance","OID20718","HSPA1A","exercise_with_controls","EE-CON","post_15_30_45_min",0.147942450350246,-0.644547452677265,0.940432353377757,0.712887268870395,0.942709406252907,"up","up","no_detected_change"
"T3_13","HSP72","gene",TRUE,"BLOOD_PROT_OL_DA","blood","prot-ol","prot-ol","protein","circulating_abundance","OID20718","HSPA1A","exercise_with_controls","EE-CON","post_24_hr",-0.26456428850926,-1.20354194475055,0.674413367732031,0.578835463635451,0.986437074865836,"down","up","no_detected_change"
"T3_13","HSP72","gene",TRUE,"BLOOD_PROT_OL_DA","blood","prot-ol","prot-ol","protein","circulating_abundance","OID20718","HSPA1A","exercise_with_controls","RE-CON","post_15_30_45_min",0.346005555555556,-0.38363145373916,1.07564256485027,0.350441508919613,0.651633363700005,"up","up","no_detected_change"
"T3_13","HSP72","gene",TRUE,"BLOOD_PROT_OL_DA","blood","prot-ol","prot-ol","protein","circulating_abundance","OID20718","HSPA1A","exercise_with_controls","EE-CON","post_10_min",-0.478037160683802,-1.25582365695174,0.299749335584138,0.226643174663744,0.746868322089593,"down","up","no_detected_change"
"T3_13","HSP72","gene",TRUE,"BLOOD_PROT_OL_DA","blood","prot-ol","prot-ol","protein","circulating_abundance","OID20718","HSPA1A","exercise_with_controls","RE-CON","post_3.5_4_hr",0.0915887138085407,-0.806888462394278,0.99006589001136,0.840778558881318,0.987879948536341,"up","up","no_detected_change"
"T3_13","HSP72","gene",TRUE,"BLOOD_PROT_OL_DA","blood","prot-ol","prot-ol","protein","circulating_abundance","OID20718","HSPA1A","exercise_with_controls","RE-CON","post_24_hr",0.305760554572869,-0.615314781212888,1.22683589035863,0.513209305018205,0.733044187813147,"up","up","no_detected_change"
"T3_13","HSP72","gene",TRUE,"BLOOD_PROT_OL_DA","blood","prot-ol","prot-ol","protein","circulating_abundance","OID20718","HSPA1A","Endur_vs_Resist","EE-RE","post_3.5_4_hr",-0.333928717639139,-1.29341094246268,0.625553507184399,0.493066548281759,0.988378319957115,"down","up","no_detected_change"
"T3_13","HSP72","gene",TRUE,"BLOOD_PROT_OL_DA","blood","prot-ol","prot-ol","protein","circulating_abundance","OID20718","HSPA1A","Endur_vs_Resist","EE-RE","post_15_30_45_min",-0.19806310520531,-0.920258581666893,0.524132371256274,0.588876113342709,0.9962271718238,"down","up","no_detected_change"
"T3_13","HSP72","gene",TRUE,"BLOOD_PROT_OL_DA","blood","prot-ol","prot-ol","protein","circulating_abundance","OID20718","HSPA1A","exercise_with_controls","EE-CON","during_20_min",0.240037839316199,-0.537748656951782,1.01782433558418,0.543103952620752,0.753141471368083,"up","up","no_detected_change"
"T3_13","HSP72","gene",TRUE,"BLOOD_PROT_OL_DA","blood","prot-ol","prot-ol","protein","circulating_abundance","OID20718","HSPA1A","Endur_vs_Resist","EE-RE","post_10_min",-1.01083114631688,-1.72717700049756,-0.294485292136206,0.00596059101799762,0.0849369930652843,"down","up","no_detected_change"
"T3_13","HSP72","gene",TRUE,"BLOOD_PROT_OL_DA","blood","prot-ol","prot-ol","protein","circulating_abundance","OID20718","HSPA1A","exercise_with_controls","EE-CON","post_3.5_4_hr",-0.242340003830598,-1.24089231709476,0.756212309433561,0.632523996256855,0.900790454970818,"down","up","no_detected_change"
"T3_13","HSP72","gene",TRUE,"BLOOD_PROT_OL_DA","blood","prot-ol","prot-ol","protein","circulating_abundance","OID20718","HSPA1A","Endur_vs_Resist","EE-RE","post_24_hr",-0.57032484308213,-1.48813209906939,0.347482412905135,0.221714758525218,0.679403229215492,"down","up","no_detected_change"
"T3_13","HSP72","gene",TRUE,"BLOOD_PROT_OL_DA","blood","prot-ol","prot-ol","protein","circulating_abundance","OID20718","HSPA1A","exercise_with_controls","RE-CON","post_10_min",0.532793985633083,-0.206991890455672,1.27257986172184,0.15690258591343,0.551689737566576,"up","up","no_detected_change"
"T3_14","IL-6","gene",TRUE,"BLOOD_PROT_OL_DA","blood","prot-ol","prot-ol","protein","circulating_abundance","OID20101","IL6","Endur_vs_Resist","EE-RE","post_10_min",0.090476933266421,-0.453561963797109,0.634515830329951,0.743006687979118,0.954524457721134,"up","up","no_detected_change"
"T3_14","IL-6","gene",TRUE,"BLOOD_PROT_OL_DA","blood","prot-ol","prot-ol","protein","circulating_abundance","OID20101","IL6","exercise_with_controls","EE-CON","post_24_hr",0.274060191979191,-0.445091296509195,0.993211680467577,0.452829798555696,0.986437074865836,"up","up","no_detected_change"
"T3_14","IL-6","gene",TRUE,"BLOOD_PROT_OL_DA","blood","prot-ol","prot-ol","protein","circulating_abundance","OID20101","IL6","Endur_vs_Resist","EE-RE","post_15_30_45_min",-0.0887222281287154,-0.636648371958645,0.459203915701214,0.749542749352054,0.9962271718238,"down","up","no_detected_change"
"T3_14","IL-6","gene",TRUE,"BLOOD_PROT_OL_DA","blood","prot-ol","prot-ol","protein","circulating_abundance","OID20101","IL6","Endur_vs_Resist","EE-RE","post_24_hr",0.0896226094395647,-0.617843273251924,0.797088492131053,0.802806552649958,0.949563343159425,"up","up","no_detected_change"
"T3_14","IL-6","gene",TRUE,"BLOOD_PROT_OL_DA","blood","prot-ol","prot-ol","protein","circulating_abundance","OID20101","IL6","exercise_with_controls","EE-CON","during_40_min",0.178861272172516,-0.424375598009962,0.782098142354994,0.558990863644051,0.73680020608282,"up","up","no_detected_change"
"T3_14","IL-6","gene",TRUE,"BLOOD_PROT_OL_DA","blood","prot-ol","prot-ol","protein","circulating_abundance","OID20101","IL6","exercise_with_controls","EE-CON","post_10_min",0.32227350072999,-0.267446122551981,0.911993124011961,0.282083688757282,0.786744953895692,"up","up","no_detected_change"
"T3_14","IL-6","gene",TRUE,"BLOOD_PROT_OL_DA","blood","prot-ol","prot-ol","protein","circulating_abundance","OID20101","IL6","exercise_with_controls","RE-CON","post_15_30_45_min",0.303075,-0.249731123083281,0.855881123083281,0.280536370410393,0.599885649890587,"up","up","no_detected_change"
"T3_14","IL-6","gene",TRUE,"BLOOD_PROT_OL_DA","blood","prot-ol","prot-ol","protein","circulating_abundance","OID20101","IL6","Endur_vs_Resist","EE-RE","post_3.5_4_hr",0.37121887146248,-0.365822001466455,1.10825974439142,0.321447781447885,0.988378319957115,"up","up","no_detected_change"
"T3_14","IL-6","gene",TRUE,"BLOOD_PROT_OL_DA","blood","prot-ol","prot-ol","protein","circulating_abundance","OID20101","IL6","exercise_with_controls","EE-CON","post_15_30_45_min",0.214352771871284,-0.386764492265487,0.815470036008055,0.48229953686953,0.894767619118963,"up","up","no_detected_change"
"T3_14","IL-6","gene",TRUE,"BLOOD_PROT_OL_DA","blood","prot-ol","prot-ol","protein","circulating_abundance","OID20101","IL6","exercise_with_controls","RE-CON","post_3.5_4_hr",-0.858868225488269,-1.54807040855468,-0.169666042421859,0.0149068415691741,0.182535648068065,"down","up","no_detected_change"
"T3_14","IL-6","gene",TRUE,"BLOOD_PROT_OL_DA","blood","prot-ol","prot-ol","protein","circulating_abundance","OID20101","IL6","exercise_with_controls","RE-CON","post_10_min",0.231796567463569,-0.329443255488705,0.793036390415844,0.415900735861909,0.745045945279803,"up","up","no_detected_change"
"T3_14","IL-6","gene",TRUE,"BLOOD_PROT_OL_DA","blood","prot-ol","prot-ol","protein","circulating_abundance","OID20101","IL6","exercise_with_controls","RE-CON","post_24_hr",0.184437582539626,-0.522716665415105,0.891591830494357,0.607254559676531,0.775280583220558,"up","up","no_detected_change"
"T3_14","IL-6","gene",TRUE,"BLOOD_PROT_OL_DA","blood","prot-ol","prot-ol","protein","circulating_abundance","OID20101","IL6","exercise_with_controls","EE-CON","post_3.5_4_hr",-0.487649354025789,-1.2520783723866,0.27677966433502,0.209585551184541,0.860169181055597,"down","up","no_detected_change"
"T3_14","IL-6","gene",TRUE,"BLOOD_PROT_OL_DA","blood","prot-ol","prot-ol","protein","circulating_abundance","OID20101","IL6","exercise_with_controls","EE-CON","during_20_min",-0.105669356412867,-0.695388979694941,0.484050266869207,0.723888179999203,0.870016582747134,"down","up","no_detected_change"
"T3_14","IL-6","gene",TRUE,"BLOOD_PROT_OL_DA","blood","prot-ol","prot-ol","protein","circulating_abundance","OID20563","IL6","exercise_with_controls","EE-CON","post_10_min",0.289940198421018,-0.359549023512271,0.939429420354308,0.379303991708285,0.818760812452684,"up","up","no_detected_change"
"T3_14","IL-6","gene",TRUE,"BLOOD_PROT_OL_DA","blood","prot-ol","prot-ol","protein","circulating_abundance","OID20563","IL6","Endur_vs_Resist","EE-RE","post_10_min",0.0437435206377565,-0.555229133114173,0.642716174389686,0.885505047510295,0.989102920001103,"up","up","no_detected_change"
"T3_14","IL-6","gene",TRUE,"BLOOD_PROT_OL_DA","blood","prot-ol","prot-ol","protein","circulating_abundance","OID20563","IL6","exercise_with_controls","RE-CON","post_10_min",0.246196677783262,-0.371845632699395,0.864238988265919,0.432625575016897,0.746779202688605,"up","up","no_detected_change"
"T3_14","IL-6","gene",TRUE,"BLOOD_PROT_OL_DA","blood","prot-ol","prot-ol","protein","circulating_abundance","OID20563","IL6","exercise_with_controls","EE-CON","during_20_min",-0.0876407539599338,-0.737129975893161,0.561848467973293,0.790205452396175,0.901627508042289,"down","up","no_detected_change"
"T3_14","IL-6","gene",TRUE,"BLOOD_PROT_OL_DA","blood","prot-ol","prot-ol","protein","circulating_abundance","OID20563","IL6","exercise_with_controls","RE-CON","post_3.5_4_hr",-0.590928094666031,-1.3482814134133,0.166425224081234,0.125342104946922,0.58811179705228,"down","up","no_detected_change"
"T3_14","IL-6","gene",TRUE,"BLOOD_PROT_OL_DA","blood","prot-ol","prot-ol","protein","circulating_abundance","OID20563","IL6","exercise_with_controls","EE-CON","post_3.5_4_hr",-0.533319926005139,-1.37378737274669,0.307147520736411,0.212015530875153,0.860169181055597,"down","up","no_detected_change"
"T3_14","IL-6","gene",TRUE,"BLOOD_PROT_OL_DA","blood","prot-ol","prot-ol","protein","circulating_abundance","OID20563","IL6","exercise_with_controls","RE-CON","post_24_hr",-0.0255825995607011,-0.802488506045827,0.751323306924425,0.948242567851614,0.972961418280766,"down","up","no_detected_change"
"T3_14","IL-6","gene",TRUE,"BLOOD_PROT_OL_DA","blood","prot-ol","prot-ol","protein","circulating_abundance","OID20563","IL6","Endur_vs_Resist","EE-RE","post_3.5_4_hr",0.0576081686608918,-0.752132526837421,0.867348864159204,0.888466118551908,0.988378319957115,"up","up","no_detected_change"
"T3_14","IL-6","gene",TRUE,"BLOOD_PROT_OL_DA","blood","prot-ol","prot-ol","protein","circulating_abundance","OID20563","IL6","Endur_vs_Resist","EE-RE","post_15_30_45_min",-0.10316835798808,-0.70653921039399,0.50020249441783,0.736049012946261,0.9962271718238,"down","up","no_detected_change"
"T3_14","IL-6","gene",TRUE,"BLOOD_PROT_OL_DA","blood","prot-ol","prot-ol","protein","circulating_abundance","OID20563","IL6","exercise_with_controls","RE-CON","post_15_30_45_min",0.25058611111111,-0.358335568644234,0.859507790866454,0.417580253146447,0.697515741875376,"up","up","no_detected_change"
"T3_14","IL-6","gene",TRUE,"BLOOD_PROT_OL_DA","blood","prot-ol","prot-ol","protein","circulating_abundance","OID20563","IL6","exercise_with_controls","EE-CON","post_24_hr",0.186610419503814,-0.603945863252173,0.9771667022598,0.641782379568665,0.986437074865836,"up","up","no_detected_change"
"T3_14","IL-6","gene",TRUE,"BLOOD_PROT_OL_DA","blood","prot-ol","prot-ol","protein","circulating_abundance","OID20563","IL6","Endur_vs_Resist","EE-RE","post_24_hr",0.212193019064515,-0.564479532256286,0.988865570385315,0.590355922828529,0.887747869336261,"up","up","no_detected_change"
"T3_14","IL-6","gene",TRUE,"BLOOD_PROT_OL_DA","blood","prot-ol","prot-ol","protein","circulating_abundance","OID20563","IL6","exercise_with_controls","EE-CON","during_40_min",0.373367585752003,-0.290739411281568,1.03747458278557,0.268544545388243,0.533699327931472,"up","up","no_detected_change"
"T3_14","IL-6","gene",TRUE,"BLOOD_PROT_OL_DA","blood","prot-ol","prot-ol","protein","circulating_abundance","OID20563","IL6","exercise_with_controls","EE-CON","post_15_30_45_min",0.14741775312303,-0.51455919505959,0.80939470130565,0.660680216949839,0.933519308351035,"up","up","no_detected_change"
"T3_14","IL-6","gene",TRUE,"BLOOD_PROT_OL_DA","blood","prot-ol","prot-ol","protein","circulating_abundance","OID20911","IL6","exercise_with_controls","EE-CON","post_24_hr",-0.0512344430789502,-0.773460398847852,0.670991512689951,0.888774758871279,0.990616573813196,"down","up","no_detected_change"
"T3_14","IL-6","gene",TRUE,"BLOOD_PROT_OL_DA","blood","prot-ol","prot-ol","protein","circulating_abundance","OID20911","IL6","Endur_vs_Resist","EE-RE","post_10_min",0.157438478730962,-0.389233464067733,0.704110421529657,0.570323815308107,0.876517186867232,"up","up","no_detected_change"
"T3_14","IL-6","gene",TRUE,"BLOOD_PROT_OL_DA","blood","prot-ol","prot-ol","protein","circulating_abundance","OID20911","IL6","Endur_vs_Resist","EE-RE","post_24_hr",0.229347232322285,-0.480787642971073,0.939482107615643,0.524598736942346,0.847720035721187,"up","up","no_detected_change"
"T3_14","IL-6","gene",TRUE,"BLOOD_PROT_OL_DA","blood","prot-ol","prot-ol","protein","circulating_abundance","OID20911","IL6","exercise_with_controls","EE-CON","post_10_min",0.383223956396468,-0.209426120409808,0.975874033202743,0.203440984130717,0.739140563098894,"up","up","no_detected_change"
"T3_14","IL-6","gene",TRUE,"BLOOD_PROT_OL_DA","blood","prot-ol","prot-ol","protein","circulating_abundance","OID20911","IL6","Endur_vs_Resist","EE-RE","post_3.5_4_hr",0.276531451488808,-0.463496289044456,1.01655919202207,0.461687077275449,0.988378319957115,"up","up","no_detected_change"
"T3_14","IL-6","gene",TRUE,"BLOOD_PROT_OL_DA","blood","prot-ol","prot-ol","protein","circulating_abundance","OID20911","IL6","exercise_with_controls","EE-CON","during_40_min",0.35010655378678,-0.256036139966126,0.956249247539685,0.255708620254058,0.517627307000001,"up","up","no_detected_change"
"T3_14","IL-6","gene",TRUE,"BLOOD_PROT_OL_DA","blood","prot-ol","prot-ol","protein","circulating_abundance","OID20911","IL6","exercise_with_controls","RE-CON","post_15_30_45_min",0.142427777777779,-0.413154900654259,0.698010456209816,0.613349444429824,0.81349712194306,"up","up","no_detected_change"
"T3_14","IL-6","gene",TRUE,"BLOOD_PROT_OL_DA","blood","prot-ol","prot-ol","protein","circulating_abundance","OID20911","IL6","exercise_with_controls","RE-CON","post_10_min",0.225785477665506,-0.338215463066376,0.789786418397388,0.430343872022017,0.746779202688605,"up","up","no_detected_change"
"T3_14","IL-6","gene",TRUE,"BLOOD_PROT_OL_DA","blood","prot-ol","prot-ol","protein","circulating_abundance","OID20911","IL6","exercise_with_controls","RE-CON","post_24_hr",-0.280581675401235,-0.990597371363552,0.429434020561082,0.436365340525552,0.685021914165435,"down","up","no_detected_change"
"T3_14","IL-6","gene",TRUE,"BLOOD_PROT_OL_DA","blood","prot-ol","prot-ol","protein","circulating_abundance","OID20911","IL6","exercise_with_controls","EE-CON","post_3.5_4_hr",-0.601253341975136,-1.36900013596485,0.166493452014577,0.123949073405405,0.840104135438625,"down","up","no_detected_change"
"T3_14","IL-6","gene",TRUE,"BLOOD_PROT_OL_DA","blood","prot-ol","prot-ol","protein","circulating_abundance","OID20911","IL6","Endur_vs_Resist","EE-RE","post_15_30_45_min",0.00676415429432131,-0.543853921359596,0.557382229948238,0.980674754796226,0.9962271718238,"up","up","no_detected_change"
"T3_14","IL-6","gene",TRUE,"BLOOD_PROT_OL_DA","blood","prot-ol","prot-ol","protein","circulating_abundance","OID20911","IL6","exercise_with_controls","EE-CON","during_20_min",0.100901337348849,-0.491748739457627,0.693551414155325,0.73713149670711,0.875536740011714,"up","up","no_detected_change"
"T3_14","IL-6","gene",TRUE,"BLOOD_PROT_OL_DA","blood","prot-ol","prot-ol","protein","circulating_abundance","OID20911","IL6","exercise_with_controls","EE-CON","post_15_30_45_min",0.1491919320721,-0.454889742350584,0.753273606494784,0.626396459028522,0.927889075420117,"up","up","no_detected_change"
"T3_14","IL-6","gene",TRUE,"BLOOD_PROT_OL_DA","blood","prot-ol","prot-ol","protein","circulating_abundance","OID20911","IL6","exercise_with_controls","RE-CON","post_3.5_4_hr",-0.877784793463944,-1.5698357615709,-0.185733825356987,0.0132386620892448,0.176973435664716,"down","up","no_detected_change"
"T3_14","IL-6","gene",TRUE,"BLOOD_PROT_OL_DA","blood","prot-ol","prot-ol","protein","circulating_abundance","OID21276","IL6","exercise_with_controls","EE-CON","post_3.5_4_hr",-0.415398039839721,-1.11887761654957,0.288081536870126,0.245317771925479,0.860169181055597,"down","up","no_detected_change"
"T3_14","IL-6","gene",TRUE,"BLOOD_PROT_OL_DA","blood","prot-ol","prot-ol","protein","circulating_abundance","OID21276","IL6","exercise_with_controls","EE-CON","during_40_min",0.452793441784712,-0.102080976370346,1.00766785993977,0.109027698372997,0.305925244741658,"up","up","no_detected_change"
"T3_14","IL-6","gene",TRUE,"BLOOD_PROT_OL_DA","blood","prot-ol","prot-ol","protein","circulating_abundance","OID21276","IL6","exercise_with_controls","EE-CON","post_15_30_45_min",0.313118492501761,-0.239741439787953,0.865978424791475,0.265026914917374,0.755931471841525,"up","up","no_detected_change"
"T3_14","IL-6","gene",TRUE,"BLOOD_PROT_OL_DA","blood","prot-ol","prot-ol","protein","circulating_abundance","OID21276","IL6","Endur_vs_Resist","EE-RE","post_15_30_45_min",0.128543492501761,-0.375405198381604,0.632492183385125,0.615136196150802,0.9962271718238,"up","up","no_detected_change"
"T3_14","IL-6","gene",TRUE,"BLOOD_PROT_OL_DA","blood","prot-ol","prot-ol","protein","circulating_abundance","OID21276","IL6","Endur_vs_Resist","EE-RE","post_3.5_4_hr",0.229225045497967,-0.449254481017232,0.907704572013166,0.505651947697879,0.988378319957115,"up","up","no_detected_change"
"T3_14","IL-6","gene",TRUE,"BLOOD_PROT_OL_DA","blood","prot-ol","prot-ol","protein","circulating_abundance","OID21276","IL6","Endur_vs_Resist","EE-RE","post_10_min",0.0959589888366168,-0.404451952796541,0.596369930469774,0.705411846648633,0.942014566453642,"up","up","no_detected_change"
"T3_14","IL-6","gene",TRUE,"BLOOD_PROT_OL_DA","blood","prot-ol","prot-ol","protein","circulating_abundance","OID21276","IL6","exercise_with_controls","EE-CON","post_10_min",0.306739866306066,-0.23561569735501,0.849095429967141,0.265690358506782,0.776260216576367,"up","up","no_detected_change"
"T3_14","IL-6","gene",TRUE,"BLOOD_PROT_OL_DA","blood","prot-ol","prot-ol","protein","circulating_abundance","OID21276","IL6","Endur_vs_Resist","EE-RE","post_24_hr",0.163462337629801,-0.487981950461896,0.814906625721498,0.620962618275858,0.901507773620712,"up","up","no_detected_change"
"T3_14","IL-6","gene",TRUE,"BLOOD_PROT_OL_DA","blood","prot-ol","prot-ol","protein","circulating_abundance","OID21276","IL6","exercise_with_controls","RE-CON","post_24_hr",0.0177478207621788,-0.633228589522584,0.668724231046941,0.957134883477535,0.978868492556116,"up","up","no_detected_change"
"T3_14","IL-6","gene",TRUE,"BLOOD_PROT_OL_DA","blood","prot-ol","prot-ol","protein","circulating_abundance","OID21276","IL6","exercise_with_controls","RE-CON","post_10_min",0.210780877469449,-0.305409123042657,0.726970877981554,0.421192753598519,0.745607262876125,"up","up","no_detected_change"
"T3_14","IL-6","gene",TRUE,"BLOOD_PROT_OL_DA","blood","prot-ol","prot-ol","protein","circulating_abundance","OID21276","IL6","exercise_with_controls","RE-CON","post_15_30_45_min",0.184575000000001,-0.323803954857285,0.692953954857287,0.474401154676064,0.72946310979961,"up","up","no_detected_change"
"T3_14","IL-6","gene",TRUE,"BLOOD_PROT_OL_DA","blood","prot-ol","prot-ol","protein","circulating_abundance","OID21276","IL6","exercise_with_controls","EE-CON","post_24_hr",0.18121015839198,-0.480649194791864,0.843069511575823,0.589502923643134,0.986437074865836,"up","up","no_detected_change"
"T3_14","IL-6","gene",TRUE,"BLOOD_PROT_OL_DA","blood","prot-ol","prot-ol","protein","circulating_abundance","OID21276","IL6","exercise_with_controls","EE-CON","during_20_min",0.125595818687018,-0.416759744974001,0.667951382348037,0.648046965880394,0.826536949282195,"up","up","no_detected_change"
"T3_14","IL-6","gene",TRUE,"BLOOD_PROT_OL_DA","blood","prot-ol","prot-ol","protein","circulating_abundance","OID21276","IL6","exercise_with_controls","RE-CON","post_3.5_4_hr",-0.644623085337688,-1.27901436117611,-0.0102318094992688,0.0464590888758893,0.323172690648602,"down","up","no_detected_change"
"T3_15","IL-7","gene",TRUE,"BLOOD_PROT_OL_DA","blood","prot-ol","prot-ol","protein","circulating_abundance","OID20535","IL7","exercise_with_controls","RE-CON","post_24_hr",-0.0707210448918372,-0.775439865249118,0.633997775465444,0.843185046221161,0.915550352870027,"down","up","no_detected_change"
"T3_15","IL-7","gene",TRUE,"BLOOD_PROT_OL_DA","blood","prot-ol","prot-ol","protein","circulating_abundance","OID20535","IL7","exercise_with_controls","RE-CON","post_10_min",-0.116107146698508,-0.676166502137359,0.443952208740342,0.682787242647888,0.873992342215047,"down","up","no_detected_change"
"T3_15","IL-7","gene",TRUE,"BLOOD_PROT_OL_DA","blood","prot-ol","prot-ol","protein","circulating_abundance","OID20535","IL7","Endur_vs_Resist","EE-RE","post_15_30_45_min",0.433622820449967,-0.113145290988267,0.980390931888201,0.119275888751325,0.92821638078093,"up","up","no_detected_change"
"T3_15","IL-7","gene",TRUE,"BLOOD_PROT_OL_DA","blood","prot-ol","prot-ol","protein","circulating_abundance","OID20535","IL7","exercise_with_controls","EE-CON","during_40_min",0.195021175898436,-0.406851776185505,0.796894127982377,0.523163964324003,0.713463787484141,"up","up","no_detected_change"
"T3_15","IL-7","gene",TRUE,"BLOOD_PROT_OL_DA","blood","prot-ol","prot-ol","protein","circulating_abundance","OID20535","IL7","exercise_with_controls","EE-CON","post_15_30_45_min",0.244886709338856,-0.354977175953038,0.84475059463075,0.421319121445445,0.855314033077644,"up","up","no_detected_change"
"T3_15","IL-7","gene",TRUE,"BLOOD_PROT_OL_DA","blood","prot-ol","prot-ol","protein","circulating_abundance","OID20535","IL7","exercise_with_controls","EE-CON","post_24_hr",0.0805639239139881,-0.636360881691244,0.797488729519221,0.824684125334621,0.988371872997558,"up","up","no_detected_change"
"T3_15","IL-7","gene",TRUE,"BLOOD_PROT_OL_DA","blood","prot-ol","prot-ol","protein","circulating_abundance","OID20535","IL7","exercise_with_controls","RE-CON","post_15_30_45_min",-0.188736111111111,-0.740466717734527,0.362994495512306,0.500288519607835,0.742254967268937,"down","up","no_detected_change"
"T3_15","IL-7","gene",TRUE,"BLOOD_PROT_OL_DA","blood","prot-ol","prot-ol","protein","circulating_abundance","OID20535","IL7","exercise_with_controls","EE-CON","post_3.5_4_hr",0.189084111729111,-0.573052985261816,0.951221208720039,0.624883113903168,0.897028570113107,"up","up","no_detected_change"
"T3_15","IL-7","gene",TRUE,"BLOOD_PROT_OL_DA","blood","prot-ol","prot-ol","protein","circulating_abundance","OID20535","IL7","Endur_vs_Resist","EE-RE","post_24_hr",0.151284968805825,-0.553446052644342,0.856015990255992,0.672255842783789,0.915099831073853,"up","up","no_detected_change"
"T3_15","IL-7","gene",TRUE,"BLOOD_PROT_OL_DA","blood","prot-ol","prot-ol","protein","circulating_abundance","OID20535","IL7","exercise_with_controls","RE-CON","post_3.5_4_hr",0.29051356952148,-0.396406018978101,0.97743315802106,0.404916445925659,0.908036347040075,"up","up","no_detected_change"
"T3_15","IL-7","gene",TRUE,"BLOOD_PROT_OL_DA","blood","prot-ol","prot-ol","protein","circulating_abundance","OID20535","IL7","Endur_vs_Resist","EE-RE","post_3.5_4_hr",-0.101429457792368,-0.835936668419494,0.633077752834757,0.785469735504283,0.988378319957115,"down","up","no_detected_change"
"T3_15","IL-7","gene",TRUE,"BLOOD_PROT_OL_DA","blood","prot-ol","prot-ol","protein","circulating_abundance","OID20535","IL7","exercise_with_controls","EE-CON","during_20_min",0.355000725913725,-0.233523155561566,0.943524607389015,0.235317222925971,0.555125905797852,"up","up","no_detected_change"
"T3_15","IL-7","gene",TRUE,"BLOOD_PROT_OL_DA","blood","prot-ol","prot-ol","protein","circulating_abundance","OID20535","IL7","exercise_with_controls","EE-CON","post_10_min",-0.0734659407529423,-0.661989822228273,0.515057940722388,0.805592761601722,0.973997391800034,"down","up","no_detected_change"
"T3_15","IL-7","gene",TRUE,"BLOOD_PROT_OL_DA","blood","prot-ol","prot-ol","protein","circulating_abundance","OID20535","IL7","Endur_vs_Resist","EE-RE","post_10_min",0.0426412059455661,-0.50018672527111,0.585469137162243,0.876915774889008,0.989102920001103,"up","up","no_detected_change"
"T3_16","IL-8","gene",TRUE,"BLOOD_PROT_OL_DA","blood","prot-ol","prot-ol","protein","circulating_abundance","OID20153","CXCL8","exercise_with_controls","EE-CON","post_15_30_45_min",-0.120946330117062,-0.469264255017162,0.227371594783038,0.493878305481464,0.897699487288832,"down","up;unchanged","no_detected_change"
"T3_16","IL-8","gene",TRUE,"BLOOD_PROT_OL_DA","blood","prot-ol","prot-ol","protein","circulating_abundance","OID20153","CXCL8","Endur_vs_Resist","EE-RE","post_15_30_45_min",0.155820336549605,-0.161685013244471,0.473325686343681,0.333914967617471,0.9962271718238,"up","up;unchanged","no_detected_change"
"T3_16","IL-8","gene",TRUE,"BLOOD_PROT_OL_DA","blood","prot-ol","prot-ol","protein","circulating_abundance","OID20153","CXCL8","exercise_with_controls","EE-CON","during_20_min",0.0676978108088329,-0.273995398793358,0.409391020411024,0.696119993047371,0.850407870597867,"up","up;unchanged","no_detected_change"
"T3_16","IL-8","gene",TRUE,"BLOOD_PROT_OL_DA","blood","prot-ol","prot-ol","protein","circulating_abundance","OID20153","CXCL8","exercise_with_controls","EE-CON","post_10_min",0.142339477475498,-0.19935373212668,0.484032687077676,0.411919666812999,0.837813793218753,"up","up;unchanged","no_detected_change"
"T3_16","IL-8","gene",TRUE,"BLOOD_PROT_OL_DA","blood","prot-ol","prot-ol","protein","circulating_abundance","OID20153","CXCL8","Endur_vs_Resist","EE-RE","post_3.5_4_hr",0.310485189704342,-0.117157705829968,0.738128085238651,0.15359957349322,0.988378319957115,"up","up;unchanged","no_detected_change"
"T3_16","IL-8","gene",TRUE,"BLOOD_PROT_OL_DA","blood","prot-ol","prot-ol","protein","circulating_abundance","OID20153","CXCL8","Endur_vs_Resist","EE-RE","post_10_min",0.224179768847258,-0.0911078712604242,0.53946740895494,0.162201364271113,0.470019086241651,"up","up;unchanged","no_detected_change"
"T3_16","IL-8","gene",TRUE,"BLOOD_PROT_OL_DA","blood","prot-ol","prot-ol","protein","circulating_abundance","OID20153","CXCL8","Endur_vs_Resist","EE-RE","post_24_hr",0.205510335290203,-0.205149763951615,0.616170434532021,0.324570766620196,0.756142662783994,"up","up;unchanged","no_detected_change"
"T3_16","IL-8","gene",TRUE,"BLOOD_PROT_OL_DA","blood","prot-ol","prot-ol","protein","circulating_abundance","OID20153","CXCL8","exercise_with_controls","RE-CON","post_10_min",-0.0818402913717595,-0.407056911318113,0.243376328574594,0.619895282767367,0.842399310892089,"down","up;unchanged","no_detected_change"
"T3_16","IL-8","gene",TRUE,"BLOOD_PROT_OL_DA","blood","prot-ol","prot-ol","protein","circulating_abundance","OID20153","CXCL8","exercise_with_controls","RE-CON","post_3.5_4_hr",-0.261701462509494,-0.661541061184576,0.138138136165587,0.198053595879475,0.724759496472606,"down","up;unchanged","no_detected_change"
"T3_16","IL-8","gene",TRUE,"BLOOD_PROT_OL_DA","blood","prot-ol","prot-ol","protein","circulating_abundance","OID20153","CXCL8","exercise_with_controls","EE-CON","during_40_min",0.186884958123868,-0.162721565549036,0.536491481796772,0.292714416061423,0.552472103746179,"up","up;unchanged","no_detected_change"
"T3_16","IL-8","gene",TRUE,"BLOOD_PROT_OL_DA","blood","prot-ol","prot-ol","protein","circulating_abundance","OID20153","CXCL8","exercise_with_controls","EE-CON","post_24_hr",0.0734993524990891,-0.343622193047192,0.49062089804537,0.728340989360189,0.986437074865836,"up","up;unchanged","no_detected_change"
"T3_16","IL-8","gene",TRUE,"BLOOD_PROT_OL_DA","blood","prot-ol","prot-ol","protein","circulating_abundance","OID20153","CXCL8","exercise_with_controls","RE-CON","post_15_30_45_min",-0.276766666666667,-0.597045712030985,0.0435123786976516,0.0898383737331769,0.398470543491867,"down","up;unchanged","no_detected_change"
"T3_16","IL-8","gene",TRUE,"BLOOD_PROT_OL_DA","blood","prot-ol","prot-ol","protein","circulating_abundance","OID20153","CXCL8","exercise_with_controls","EE-CON","post_3.5_4_hr",0.0487837271948478,-0.394552281843426,0.492119736233122,0.828262080873636,0.95476994488591,"up","up;unchanged","no_detected_change"
"T3_16","IL-8","gene",TRUE,"BLOOD_PROT_OL_DA","blood","prot-ol","prot-ol","protein","circulating_abundance","OID20153","CXCL8","exercise_with_controls","RE-CON","post_24_hr",-0.132010982791114,-0.542322503638042,0.278300538055815,0.526147873408531,0.733586606995975,"down","up;unchanged","no_detected_change"
"T3_16","IL-8","gene",TRUE,"BLOOD_PROT_OL_DA","blood","prot-ol","prot-ol","protein","circulating_abundance","OID20631","CXCL8","exercise_with_controls","EE-CON","during_40_min",0.31358993370116,0.00954582449968339,0.617634042902637,0.0433072438034478,0.164337570760658,"up","up;unchanged","no_detected_change"
"T3_16","IL-8","gene",TRUE,"BLOOD_PROT_OL_DA","blood","prot-ol","prot-ol","protein","circulating_abundance","OID20631","CXCL8","exercise_with_controls","EE-CON","post_15_30_45_min",-0.00600203117212872,-0.308843820453833,0.296839758109576,0.968827676272463,0.991462244744629,"down","up;unchanged","no_detected_change"
"T3_16","IL-8","gene",TRUE,"BLOOD_PROT_OL_DA","blood","prot-ol","prot-ol","protein","circulating_abundance","OID20631","CXCL8","exercise_with_controls","RE-CON","post_15_30_45_min",-0.140777777777778,-0.419178594776115,0.13762303922056,0.319479673917073,0.630505150334948,"down","up;unchanged","no_detected_change"
"T3_16","IL-8","gene",TRUE,"BLOOD_PROT_OL_DA","blood","prot-ol","prot-ol","protein","circulating_abundance","OID20631","CXCL8","Endur_vs_Resist","EE-RE","post_10_min",0.197215806121039,-0.0769679765789422,0.471399588821019,0.157410216079561,0.463188926458507,"up","up;unchanged","no_detected_change"
"T3_16","IL-8","gene",TRUE,"BLOOD_PROT_OL_DA","blood","prot-ol","prot-ol","protein","circulating_abundance","OID20631","CXCL8","exercise_with_controls","EE-CON","during_20_min",0.102123857299948,-0.194928645122908,0.399176359722804,0.498154280969867,0.723630208190793,"up","up;unchanged","no_detected_change"
"T3_16","IL-8","gene",TRUE,"BLOOD_PROT_OL_DA","blood","prot-ol","prot-ol","protein","circulating_abundance","OID20631","CXCL8","Endur_vs_Resist","EE-RE","post_3.5_4_hr",0.163623671984276,-0.208947084116328,0.53619442808488,0.387109408542624,0.988378319957115,"up","up;unchanged","no_detected_change"
"T3_16","IL-8","gene",TRUE,"BLOOD_PROT_OL_DA","blood","prot-ol","prot-ol","protein","circulating_abundance","OID20631","CXCL8","exercise_with_controls","RE-CON","post_3.5_4_hr",0.0308686047053929,-0.31742087781495,0.379158087225736,0.861290213270177,0.988881177317023,"up","up;unchanged","no_detected_change"
"T3_16","IL-8","gene",TRUE,"BLOOD_PROT_OL_DA","blood","prot-ol","prot-ol","protein","circulating_abundance","OID20631","CXCL8","exercise_with_controls","RE-CON","post_24_hr",-0.0590369620994537,-0.416532721479865,0.298458797280958,0.744778694379563,0.856731067131223,"down","up;unchanged","no_detected_change"
"T3_16","IL-8","gene",TRUE,"BLOOD_PROT_OL_DA","blood","prot-ol","prot-ol","protein","circulating_abundance","OID20631","CXCL8","exercise_with_controls","EE-CON","post_3.5_4_hr",0.194492276689669,-0.191470254175376,0.580454807554714,0.321181409499192,0.860169181055597,"up","up;unchanged","no_detected_change"
"T3_16","IL-8","gene",TRUE,"BLOOD_PROT_OL_DA","blood","prot-ol","prot-ol","protein","circulating_abundance","OID20631","CXCL8","exercise_with_controls","RE-CON","post_10_min",-0.0287681392972802,-0.311532271633447,0.253995993038887,0.841016097303137,0.947539567744362,"down","up;unchanged","no_detected_change"
"T3_16","IL-8","gene",TRUE,"BLOOD_PROT_OL_DA","blood","prot-ol","prot-ol","protein","circulating_abundance","OID20631","CXCL8","Endur_vs_Resist","EE-RE","post_15_30_45_min",0.134775746605649,-0.141289006400555,0.410840499611853,0.336432057011819,0.9962271718238,"up","up;unchanged","no_detected_change"
"T3_16","IL-8","gene",TRUE,"BLOOD_PROT_OL_DA","blood","prot-ol","prot-ol","protein","circulating_abundance","OID20631","CXCL8","Endur_vs_Resist","EE-RE","post_24_hr",0.193970721981513,-0.164052976981201,0.551994420944228,0.286300387042836,0.720581968809412,"up","up;unchanged","no_detected_change"
"T3_16","IL-8","gene",TRUE,"BLOOD_PROT_OL_DA","blood","prot-ol","prot-ol","protein","circulating_abundance","OID20631","CXCL8","exercise_with_controls","EE-CON","post_24_hr",0.13493375988206,-0.228274679419434,0.498142199183553,0.464251178684151,0.986437074865836,"up","up;unchanged","no_detected_change"
"T3_16","IL-8","gene",TRUE,"BLOOD_PROT_OL_DA","blood","prot-ol","prot-ol","protein","circulating_abundance","OID20631","CXCL8","exercise_with_controls","EE-CON","post_10_min",0.168447666823758,-0.128604835599106,0.465500169246622,0.264441498596923,0.775804562136315,"up","up;unchanged","no_detected_change"
"T3_16","IL-8","gene",TRUE,"BLOOD_PROT_OL_DA","blood","prot-ol","prot-ol","protein","circulating_abundance","OID20997","CXCL8","exercise_with_controls","RE-CON","post_15_30_45_min",-0.188552777777778,-0.4879708370535,0.110865281497944,0.215449195386922,0.547083510558941,"down","up;unchanged","no_detected_change"
"T3_16","IL-8","gene",TRUE,"BLOOD_PROT_OL_DA","blood","prot-ol","prot-ol","protein","circulating_abundance","OID20997","CXCL8","Endur_vs_Resist","EE-RE","post_24_hr",0.169985483481069,-0.214831317696311,0.554802284658448,0.384379230128782,0.80109818783421,"up","up;unchanged","no_detected_change"
"T3_16","IL-8","gene",TRUE,"BLOOD_PROT_OL_DA","blood","prot-ol","prot-ol","protein","circulating_abundance","OID20997","CXCL8","exercise_with_controls","EE-CON","post_24_hr",0.0173597668099847,-0.373130052803552,0.407849586423521,0.930155564626193,0.990616573813196,"up","up;unchanged","no_detected_change"
"T3_16","IL-8","gene",TRUE,"BLOOD_PROT_OL_DA","blood","prot-ol","prot-ol","protein","circulating_abundance","OID20997","CXCL8","exercise_with_controls","EE-CON","post_15_30_45_min",-0.0468713692833592,-0.37256018373717,0.278817445170452,0.776617405127552,0.962475682905248,"down","up;unchanged","no_detected_change"
"T3_16","IL-8","gene",TRUE,"BLOOD_PROT_OL_DA","blood","prot-ol","prot-ol","protein","circulating_abundance","OID20997","CXCL8","exercise_with_controls","EE-CON","during_40_min",0.257757645381406,-0.0692060670155987,0.584721357778411,0.121478824609582,0.325230877580583,"up","up;unchanged","no_detected_change"
"T3_16","IL-8","gene",TRUE,"BLOOD_PROT_OL_DA","blood","prot-ol","prot-ol","protein","circulating_abundance","OID20997","CXCL8","exercise_with_controls","RE-CON","post_24_hr",-0.152625716671084,-0.536924112194648,0.23167267885248,0.434056239235087,0.684451702307248,"down","up;unchanged","no_detected_change"
"T3_16","IL-8","gene",TRUE,"BLOOD_PROT_OL_DA","blood","prot-ol","prot-ol","protein","circulating_abundance","OID20997","CXCL8","Endur_vs_Resist","EE-RE","post_15_30_45_min",0.141681408494419,-0.155207410803831,0.438570227792669,0.347387624300058,0.9962271718238,"up","up;unchanged","no_detected_change"
"T3_16","IL-8","gene",TRUE,"BLOOD_PROT_OL_DA","blood","prot-ol","prot-ol","protein","circulating_abundance","OID20997","CXCL8","Endur_vs_Resist","EE-RE","post_3.5_4_hr",0.19895574100996,-0.201554825224087,0.599466307244007,0.328103876146483,0.988378319957115,"up","up;unchanged","no_detected_change"
"T3_16","IL-8","gene",TRUE,"BLOOD_PROT_OL_DA","blood","prot-ol","prot-ol","protein","circulating_abundance","OID20997","CXCL8","exercise_with_controls","RE-CON","post_3.5_4_hr",-0.091998400867813,-0.46641921721978,0.282422415484154,0.628205272706907,0.962028136058094,"down","up;unchanged","no_detected_change"
"T3_16","IL-8","gene",TRUE,"BLOOD_PROT_OL_DA","blood","prot-ol","prot-ol","protein","circulating_abundance","OID20997","CXCL8","Endur_vs_Resist","EE-RE","post_10_min",0.239448817847297,-0.0554066862984618,0.534304321993055,0.110736203524089,0.379935109911945,"up","up;unchanged","no_detected_change"
"T3_16","IL-8","gene",TRUE,"BLOOD_PROT_OL_DA","blood","prot-ol","prot-ol","protein","circulating_abundance","OID20997","CXCL8","exercise_with_controls","EE-CON","post_10_min",0.133674172160392,-0.1857953279054,0.453143672226184,0.40984513049176,0.836816354332599,"up","up;unchanged","no_detected_change"
"T3_16","IL-8","gene",TRUE,"BLOOD_PROT_OL_DA","blood","prot-ol","prot-ol","protein","circulating_abundance","OID20997","CXCL8","exercise_with_controls","EE-CON","post_3.5_4_hr",0.106957340142147,-0.308012443530843,0.521927123815138,0.611468993732583,0.895884906964067,"up","up;unchanged","no_detected_change"
"T3_16","IL-8","gene",TRUE,"BLOOD_PROT_OL_DA","blood","prot-ol","prot-ol","protein","circulating_abundance","OID20997","CXCL8","exercise_with_controls","EE-CON","during_20_min",0.261858695969916,-0.0576108040959529,0.581328196035784,0.107470482117351,0.416718924642285,"up","up;unchanged","no_detected_change"
"T3_16","IL-8","gene",TRUE,"BLOOD_PROT_OL_DA","blood","prot-ol","prot-ol","protein","circulating_abundance","OID20997","CXCL8","exercise_with_controls","RE-CON","post_10_min",-0.105774645686905,-0.409869451536384,0.198320160162575,0.493126872878931,0.77193689132264,"down","up;unchanged","no_detected_change"
"T3_16","IL-8","gene",TRUE,"BLOOD_PROT_OL_DA","blood","prot-ol","prot-ol","protein","circulating_abundance","OID21430","CXCL8","Endur_vs_Resist","EE-RE","post_15_30_45_min",0.113302828848795,-0.161529337920108,0.388134995617699,0.416760151929326,0.9962271718238,"up","up;unchanged","no_detected_change"
"T3_16","IL-8","gene",TRUE,"BLOOD_PROT_OL_DA","blood","prot-ol","prot-ol","protein","circulating_abundance","OID21430","CXCL8","exercise_with_controls","RE-CON","post_15_30_45_min",-0.0962166666666666,-0.373365921314147,0.180932587980813,0.493947260373796,0.742186593864093,"down","up;unchanged","no_detected_change"
"T3_16","IL-8","gene",TRUE,"BLOOD_PROT_OL_DA","blood","prot-ol","prot-ol","protein","circulating_abundance","OID21430","CXCL8","exercise_with_controls","EE-CON","post_10_min",0.189452082990371,-0.106269172608176,0.485173338588919,0.207638198332263,0.739254590544766,"up","up;unchanged","no_detected_change"
"T3_16","IL-8","gene",TRUE,"BLOOD_PROT_OL_DA","blood","prot-ol","prot-ol","protein","circulating_abundance","OID21430","CXCL8","exercise_with_controls","RE-CON","post_3.5_4_hr",-0.00885459702207958,-0.355659536183898,0.337950342139739,0.959852450050431,0.992394311382734,"down","up;unchanged","no_detected_change"
"T3_16","IL-8","gene",TRUE,"BLOOD_PROT_OL_DA","blood","prot-ol","prot-ol","protein","circulating_abundance","OID21430","CXCL8","exercise_with_controls","EE-CON","post_24_hr",0.185541521889568,-0.176103209492973,0.547186253272108,0.312515198987018,0.986437074865836,"up","up;unchanged","no_detected_change"
"T3_16","IL-8","gene",TRUE,"BLOOD_PROT_OL_DA","blood","prot-ol","prot-ol","protein","circulating_abundance","OID21430","CXCL8","exercise_with_controls","RE-CON","post_24_hr",-0.0270178136662448,-0.382999676444665,0.328964049112175,0.881055462103146,0.938688413383577,"down","up;unchanged","no_detected_change"
"T3_16","IL-8","gene",TRUE,"BLOOD_PROT_OL_DA","blood","prot-ol","prot-ol","protein","circulating_abundance","OID21430","CXCL8","exercise_with_controls","RE-CON","post_10_min",0.0681036656221623,-0.213397324668709,0.349604655913034,0.633457477802281,0.847600798910135,"up","up;unchanged","no_detected_change"
"T3_16","IL-8","gene",TRUE,"BLOOD_PROT_OL_DA","blood","prot-ol","prot-ol","protein","circulating_abundance","OID21430","CXCL8","exercise_with_controls","EE-CON","during_40_min",0.343672850246922,0.0409787469470972,0.646366953546747,0.0263174479995875,0.126842938147672,"up","up;unchanged","no_detected_change"
"T3_16","IL-8","gene",TRUE,"BLOOD_PROT_OL_DA","blood","prot-ol","prot-ol","protein","circulating_abundance","OID21430","CXCL8","exercise_with_controls","EE-CON","post_15_30_45_min",0.0170861621821288,-0.284401914526508,0.318574238890765,0.911025883015713,0.971494228208209,"up","up;unchanged","no_detected_change"
"T3_16","IL-8","gene",TRUE,"BLOOD_PROT_OL_DA","blood","prot-ol","prot-ol","protein","circulating_abundance","OID21430","CXCL8","exercise_with_controls","EE-CON","post_3.5_4_hr",0.275882236466617,-0.108410063301938,0.660174536235172,0.158216354967274,0.840104135438625,"up","up;unchanged","no_detected_change"
"T3_16","IL-8","gene",TRUE,"BLOOD_PROT_OL_DA","blood","prot-ol","prot-ol","protein","circulating_abundance","OID21430","CXCL8","exercise_with_controls","EE-CON","during_20_min",0.161450892514181,-0.134270363084377,0.457172148112738,0.282565805576586,0.602867549794233,"up","up;unchanged","no_detected_change"
"T3_16","IL-8","gene",TRUE,"BLOOD_PROT_OL_DA","blood","prot-ol","prot-ol","protein","circulating_abundance","OID21430","CXCL8","Endur_vs_Resist","EE-RE","post_3.5_4_hr",0.284736833488697,-0.0862524365324727,0.655726103509866,0.131573471546093,0.988378319957115,"up","up;unchanged","no_detected_change"
"T3_16","IL-8","gene",TRUE,"BLOOD_PROT_OL_DA","blood","prot-ol","prot-ol","protein","circulating_abundance","OID21430","CXCL8","Endur_vs_Resist","EE-RE","post_10_min",0.121348417368209,-0.15161641749158,0.394313252227998,0.381293460878136,0.72148569718023,"up","up;unchanged","no_detected_change"
"T3_16","IL-8","gene",TRUE,"BLOOD_PROT_OL_DA","blood","prot-ol","prot-ol","protein","circulating_abundance","OID21430","CXCL8","Endur_vs_Resist","EE-RE","post_24_hr",0.212559335555813,-0.143972757041316,0.569091428152942,0.240825794870862,0.700718996574973,"up","up;unchanged","no_detected_change"
"T3_17","IL-15","gene",TRUE,"BLOOD_PROT_OL_DA","blood","prot-ol","prot-ol","protein","circulating_abundance","OID20562","IL15","exercise_with_controls","EE-CON","during_40_min",0.245417755793198,0.0518164144329787,0.439019097153418,0.0133029893822274,0.0887427681484142,"up","up;unchanged","no_detected_change"
"T3_17","IL-15","gene",TRUE,"BLOOD_PROT_OL_DA","blood","prot-ol","prot-ol","protein","circulating_abundance","OID20562","IL15","exercise_with_controls","RE-CON","post_15_30_45_min",-0.270819444444445,-0.448159655974809,-0.093479232914081,0.00298363203887873,0.0716577389676468,"down","up;unchanged","no_detected_change"
"T3_17","IL-15","gene",TRUE,"BLOOD_PROT_OL_DA","blood","prot-ol","prot-ol","protein","circulating_abundance","OID20562","IL15","Endur_vs_Resist","EE-RE","post_10_min",0.133504871378513,-0.0410896014370988,0.308099344194125,0.132978225045522,0.417805199311539,"up","up;unchanged","no_detected_change"
"T3_17","IL-15","gene",TRUE,"BLOOD_PROT_OL_DA","blood","prot-ol","prot-ol","protein","circulating_abundance","OID20562","IL15","exercise_with_controls","EE-CON","post_10_min",0.150347466100703,-0.0388554849979675,0.339550417199374,0.118538600871139,0.682626320007945,"up","up;unchanged","no_detected_change"
"T3_17","IL-15","gene",TRUE,"BLOOD_PROT_OL_DA","blood","prot-ol","prot-ol","protein","circulating_abundance","OID20562","IL15","Endur_vs_Resist","EE-RE","post_15_30_45_min",0.205221859638685,0.0294064156259882,0.381037303651381,0.0224414486729614,0.642670909190193,"up","up;unchanged","no_detected_change"
"T3_17","IL-15","gene",TRUE,"BLOOD_PROT_OL_DA","blood","prot-ol","prot-ol","protein","circulating_abundance","OID20562","IL15","exercise_with_controls","EE-CON","post_3.5_4_hr",0.00757440887394567,-0.237993060250851,0.253141877998742,0.951504989084468,0.986945788885481,"up","up;unchanged","no_detected_change"
"T3_17","IL-15","gene",TRUE,"BLOOD_PROT_OL_DA","blood","prot-ol","prot-ol","protein","circulating_abundance","OID20562","IL15","exercise_with_controls","RE-CON","post_3.5_4_hr",-0.18575184507919,-0.407254288687888,0.0357505985295085,0.0996588966445933,0.507426141920822,"down","up;unchanged","no_detected_change"
"T3_17","IL-15","gene",TRUE,"BLOOD_PROT_OL_DA","blood","prot-ol","prot-ol","protein","circulating_abundance","OID20562","IL15","exercise_with_controls","EE-CON","post_24_hr",0.0555848032556244,-0.17547189498016,0.286641501491409,0.635382270435493,0.986437074865836,"up","up;unchanged","no_detected_change"
"T3_17","IL-15","gene",TRUE,"BLOOD_PROT_OL_DA","blood","prot-ol","prot-ol","protein","circulating_abundance","OID20562","IL15","exercise_with_controls","EE-CON","during_20_min",0.161901037529275,-0.0273019135693824,0.351103988627932,0.0929844679429755,0.401704241082916,"up","up;unchanged","no_detected_change"
"T3_17","IL-15","gene",TRUE,"BLOOD_PROT_OL_DA","blood","prot-ol","prot-ol","protein","circulating_abundance","OID20562","IL15","exercise_with_controls","EE-CON","post_15_30_45_min",-0.0655975848057605,-0.258473138992423,0.127277969380902,0.502741082636003,0.899451636601312,"down","up;unchanged","no_detected_change"
"T3_17","IL-15","gene",TRUE,"BLOOD_PROT_OL_DA","blood","prot-ol","prot-ol","protein","circulating_abundance","OID20562","IL15","exercise_with_controls","RE-CON","post_24_hr",-0.183183317126386,-0.410499113845088,0.044132479592317,0.113486899749216,0.473347602767715,"down","up;unchanged","no_detected_change"
"T3_17","IL-15","gene",TRUE,"BLOOD_PROT_OL_DA","blood","prot-ol","prot-ol","protein","circulating_abundance","OID20562","IL15","Endur_vs_Resist","EE-RE","post_3.5_4_hr",0.193326253953135,-0.0435883184986849,0.430240826404956,0.109040888996466,0.988378319957115,"up","up;unchanged","no_detected_change"
"T3_17","IL-15","gene",TRUE,"BLOOD_PROT_OL_DA","blood","prot-ol","prot-ol","protein","circulating_abundance","OID20562","IL15","exercise_with_controls","RE-CON","post_10_min",0.0168425947221901,-0.163242119359448,0.196927308803828,0.853686908114065,0.954001852364062,"up","up;unchanged","no_detected_change"
"T3_17","IL-15","gene",TRUE,"BLOOD_PROT_OL_DA","blood","prot-ol","prot-ol","protein","circulating_abundance","OID20562","IL15","Endur_vs_Resist","EE-RE","post_24_hr",0.23876812038201,0.0112254025106005,0.46631083825342,0.0398361527473932,0.455224422927873,"up","up;unchanged","no_detected_change"
"T3_23","Myostatin (GDF8)","gene",TRUE,"BLOOD_PROT_OL_DA","blood","prot-ol","prot-ol","protein","circulating_abundance","OID20115","MSTN","Endur_vs_Resist","EE-RE","post_15_30_45_min",-0.0306737929731957,-0.335880570625766,0.274532984679374,0.842929055379805,0.9962271718238,"down","up;unchanged","no_detected_change"
"T3_23","Myostatin (GDF8)","gene",TRUE,"BLOOD_PROT_OL_DA","blood","prot-ol","prot-ol","protein","circulating_abundance","OID20115","MSTN","exercise_with_controls","EE-CON","post_3.5_4_hr",0.047938860884539,-0.379033046117961,0.474910767887039,0.824820441263078,0.95476994488591,"up","up;unchanged","no_detected_change"
"T3_23","Myostatin (GDF8)","gene",TRUE,"BLOOD_PROT_OL_DA","blood","prot-ol","prot-ol","protein","circulating_abundance","OID20115","MSTN","exercise_with_controls","EE-CON","during_20_min",0.120022568014479,-0.208362054959825,0.448407190988783,0.471480386544907,0.703250218667509,"up","up;unchanged","no_detected_change"
"T3_23","Myostatin (GDF8)","gene",TRUE,"BLOOD_PROT_OL_DA","blood","prot-ol","prot-ol","protein","circulating_abundance","OID20115","MSTN","exercise_with_controls","RE-CON","post_3.5_4_hr",0.0648020500514312,-0.320610817696571,0.450214917799433,0.740314107465996,0.969524113012308,"up","up;unchanged","no_detected_change"
"T3_23","Myostatin (GDF8)","gene",TRUE,"BLOOD_PROT_OL_DA","blood","prot-ol","prot-ol","protein","circulating_abundance","OID20115","MSTN","exercise_with_controls","EE-CON","during_40_min",0.153304649695761,-0.18287300541169,0.489482304803211,0.369178303598466,0.63179427077177,"up","up;unchanged","no_detected_change"
"T3_23","Myostatin (GDF8)","gene",TRUE,"BLOOD_PROT_OL_DA","blood","prot-ol","prot-ol","protein","circulating_abundance","OID20115","MSTN","exercise_with_controls","EE-CON","post_15_30_45_min",0.0820984292490265,-0.252704014116721,0.416900872614774,0.628869982530145,0.927889075420117,"up","up;unchanged","no_detected_change"
"T3_23","Myostatin (GDF8)","gene",TRUE,"BLOOD_PROT_OL_DA","blood","prot-ol","prot-ol","protein","circulating_abundance","OID20115","MSTN","Endur_vs_Resist","EE-RE","post_10_min",-0.052968429571408,-0.35612222466902,0.250185365526204,0.730514778145813,0.950650745197942,"down","up;unchanged","no_detected_change"
"T3_23","Myostatin (GDF8)","gene",TRUE,"BLOOD_PROT_OL_DA","blood","prot-ol","prot-ol","protein","circulating_abundance","OID20115","MSTN","Endur_vs_Resist","EE-RE","post_24_hr",-0.0984534068663249,-0.494812905593929,0.297906091861279,0.62446572627818,0.901507773620712,"down","up;unchanged","no_detected_change"
"T3_23","Myostatin (GDF8)","gene",TRUE,"BLOOD_PROT_OL_DA","blood","prot-ol","prot-ol","protein","circulating_abundance","OID20115","MSTN","exercise_with_controls","EE-CON","post_24_hr",0.0472228256466032,-0.354619088505157,0.449064739798363,0.816790165440295,0.988371872997558,"up","up;unchanged","no_detected_change"
"T3_23","Myostatin (GDF8)","gene",TRUE,"BLOOD_PROT_OL_DA","blood","prot-ol","prot-ol","protein","circulating_abundance","OID20115","MSTN","exercise_with_controls","EE-CON","post_10_min",0.0443713775382875,-0.284013245436047,0.372756000512622,0.789938652096785,0.969213557609481,"up","up;unchanged","no_detected_change"
"T3_23","Myostatin (GDF8)","gene",TRUE,"BLOOD_PROT_OL_DA","blood","prot-ol","prot-ol","protein","circulating_abundance","OID20115","MSTN","exercise_with_controls","RE-CON","post_15_30_45_min",0.112772222222222,-0.19497361519293,0.420518059637374,0.470326227514322,0.726678674631448,"up","up;unchanged","no_detected_change"
"T3_23","Myostatin (GDF8)","gene",TRUE,"BLOOD_PROT_OL_DA","blood","prot-ol","prot-ol","protein","circulating_abundance","OID20115","MSTN","exercise_with_controls","RE-CON","post_24_hr",0.145676232512928,-0.249975276709644,0.5413277417355,0.468251609259767,0.70736943531033,"up","up;unchanged","no_detected_change"
"T3_23","Myostatin (GDF8)","gene",TRUE,"BLOOD_PROT_OL_DA","blood","prot-ol","prot-ol","protein","circulating_abundance","OID20115","MSTN","exercise_with_controls","RE-CON","post_10_min",0.0973398071096955,-0.215270208916562,0.409949823135952,0.539487027347158,0.797623857110708,"up","up;unchanged","no_detected_change"
"T3_23","Myostatin (GDF8)","gene",TRUE,"BLOOD_PROT_OL_DA","blood","prot-ol","prot-ol","protein","circulating_abundance","OID20115","MSTN","Endur_vs_Resist","EE-RE","post_3.5_4_hr",-0.0168631891668922,-0.429177948433872,0.395451570100087,0.935733329536947,0.988378319957115,"down","up;unchanged","no_detected_change"
"T3_24","SPARC","gene",TRUE,"BLOOD_PROT_OL_DA","blood","prot-ol","prot-ol","protein","circulating_abundance","OID21511","SPARC","exercise_with_controls","RE-CON","post_3.5_4_hr",-0.918555583228593,-1.75437975508976,-0.0827314113674299,0.031435483507316,0.269964121999192,"down","up;unchanged","no_detected_change"
"T3_24","SPARC","gene",TRUE,"BLOOD_PROT_OL_DA","blood","prot-ol","prot-ol","protein","circulating_abundance","OID21511","SPARC","exercise_with_controls","RE-CON","post_15_30_45_min",-0.81965,-1.50044653701015,-0.138853462989847,0.0185990187302817,0.183699358016929,"down","up;unchanged","no_detected_change"
"T3_24","SPARC","gene",TRUE,"BLOOD_PROT_OL_DA","blood","prot-ol","prot-ol","protein","circulating_abundance","OID21511","SPARC","exercise_with_controls","EE-CON","post_10_min",-0.428269207200073,-1.15386603378569,0.297327619385546,0.245516930248317,0.759344151137547,"down","up;unchanged","no_detected_change"
"T3_24","SPARC","gene",TRUE,"BLOOD_PROT_OL_DA","blood","prot-ol","prot-ol","protein","circulating_abundance","OID21511","SPARC","exercise_with_controls","EE-CON","post_3.5_4_hr",-0.700282043046071,-1.62938704085816,0.228822954766016,0.13866285410605,0.840104135438625,"down","up;unchanged","no_detected_change"
"T3_24","SPARC","gene",TRUE,"BLOOD_PROT_OL_DA","blood","prot-ol","prot-ol","protein","circulating_abundance","OID21511","SPARC","Endur_vs_Resist","EE-RE","post_24_hr",-0.696544240530403,-1.54939746749073,0.156308986429922,0.108800107904604,0.594910858474077,"down","up;unchanged","no_detected_change"
"T3_24","SPARC","gene",TRUE,"BLOOD_PROT_OL_DA","blood","prot-ol","prot-ol","protein","circulating_abundance","OID21511","SPARC","Endur_vs_Resist","EE-RE","post_15_30_45_min",0.567131609163386,-0.106524938784828,1.2407881571116,0.0983576437869243,0.897782594357496,"up","up;unchanged","no_detected_change"
"T3_24","SPARC","gene",TRUE,"BLOOD_PROT_OL_DA","blood","prot-ol","prot-ol","protein","circulating_abundance","OID21511","SPARC","Endur_vs_Resist","EE-RE","post_10_min",0.424087376025154,-0.243951246642122,1.09212599869243,0.211811353308847,0.535465949197419,"up","up;unchanged","no_detected_change"
"T3_24","SPARC","gene",TRUE,"BLOOD_PROT_OL_DA","blood","prot-ol","prot-ol","protein","circulating_abundance","OID21511","SPARC","exercise_with_controls","EE-CON","during_40_min",-0.0903196326474509,-0.830721560007006,0.650082294712104,0.809959192479122,0.903441592157505,"down","up;unchanged","no_detected_change"
"T3_24","SPARC","gene",TRUE,"BLOOD_PROT_OL_DA","blood","prot-ol","prot-ol","protein","circulating_abundance","OID21511","SPARC","exercise_with_controls","EE-CON","post_15_30_45_min",-0.252518390836614,-0.991781424919193,0.486744643245964,0.50094496273205,0.899451636601312,"down","up;unchanged","no_detected_change"
"T3_24","SPARC","gene",TRUE,"BLOOD_PROT_OL_DA","blood","prot-ol","prot-ol","protein","circulating_abundance","OID21511","SPARC","exercise_with_controls","EE-CON","during_20_min",-0.208006111961978,-0.933602938547607,0.517590714623651,0.572118412327198,0.774264550434406,"down","up;unchanged","no_detected_change"
"T3_24","SPARC","gene",TRUE,"BLOOD_PROT_OL_DA","blood","prot-ol","prot-ol","protein","circulating_abundance","OID21511","SPARC","exercise_with_controls","EE-CON","post_24_hr",-0.995515001470572,-1.8692303752253,-0.121799627715847,0.0257785776967044,0.961269594637636,"down","up;unchanged","no_detected_change"
"T3_24","SPARC","gene",TRUE,"BLOOD_PROT_OL_DA","blood","prot-ol","prot-ol","protein","circulating_abundance","OID21511","SPARC","exercise_with_controls","RE-CON","post_10_min",-0.852356583225228,-1.54242338918432,-0.162289777266134,0.0158008100645657,0.191374057515438,"down","up;unchanged","no_detected_change"
"T3_24","SPARC","gene",TRUE,"BLOOD_PROT_OL_DA","blood","prot-ol","prot-ol","protein","circulating_abundance","OID21511","SPARC","exercise_with_controls","RE-CON","post_24_hr",-0.298970760940169,-1.15572333755679,0.55778181567645,0.491914270252586,0.719753957898557,"down","up;unchanged","no_detected_change"
"T3_24","SPARC","gene",TRUE,"BLOOD_PROT_OL_DA","blood","prot-ol","prot-ol","protein","circulating_abundance","OID21511","SPARC","Endur_vs_Resist","EE-RE","post_3.5_4_hr",0.218273540182521,-0.673909799909002,1.11045688027405,0.629818785567082,0.988378319957115,"up","up;unchanged","no_detected_change"
"T3_25","SDC4","gene",TRUE,"BLOOD_PROT_OL_DA","blood","prot-ol","prot-ol","protein","circulating_abundance","OID20216","SDC4","exercise_with_controls","RE-CON","post_15_30_45_min",-0.174969444444444,-0.839234362974469,0.489295474085581,0.603662354737685,0.806210703735439,"down","up","no_detected_change"
"T3_25","SDC4","gene",TRUE,"BLOOD_PROT_OL_DA","blood","prot-ol","prot-ol","protein","circulating_abundance","OID20216","SDC4","Endur_vs_Resist","EE-RE","post_10_min",-0.165803632173673,-0.818919625205604,0.487312360858258,0.616840705721974,0.904827412016601,"down","up","no_detected_change"
"T3_25","SDC4","gene",TRUE,"BLOOD_PROT_OL_DA","blood","prot-ol","prot-ol","protein","circulating_abundance","OID20216","SDC4","Endur_vs_Resist","EE-RE","post_15_30_45_min",0.524242531419559,-0.133792065761439,1.18227712860056,0.117620542198818,0.92821638078093,"up","up","no_detected_change"
"T3_25","SDC4","gene",TRUE,"BLOOD_PROT_OL_DA","blood","prot-ol","prot-ol","protein","circulating_abundance","OID20216","SDC4","exercise_with_controls","EE-CON","during_40_min",0.358259199452202,-0.365834592508091,1.08235299141249,0.330024298375576,0.588231988425397,"up","up","no_detected_change"
"T3_25","SDC4","gene",TRUE,"BLOOD_PROT_OL_DA","blood","prot-ol","prot-ol","protein","circulating_abundance","OID20216","SDC4","exercise_with_controls","RE-CON","post_3.5_4_hr",-0.397023502905928,-1.22133609755204,0.42728909174018,0.343054063209836,0.869936469895643,"down","up","no_detected_change"
"T3_25","SDC4","gene",TRUE,"BLOOD_PROT_OL_DA","blood","prot-ol","prot-ol","protein","circulating_abundance","OID20216","SDC4","exercise_with_controls","RE-CON","post_10_min",-0.121204586077496,-0.795248905795719,0.552839733640727,0.722986714078773,0.895123889468723,"down","up","no_detected_change"
"T3_25","SDC4","gene",TRUE,"BLOOD_PROT_OL_DA","blood","prot-ol","prot-ol","protein","circulating_abundance","OID20216","SDC4","exercise_with_controls","EE-CON","post_24_hr",-0.276964036345372,-1.13769059496141,0.583762522270663,0.526123655781345,0.986437074865836,"down","up","no_detected_change"
"T3_25","SDC4","gene",TRUE,"BLOOD_PROT_OL_DA","blood","prot-ol","prot-ol","protein","circulating_abundance","OID20216","SDC4","Endur_vs_Resist","EE-RE","post_3.5_4_hr",-0.0325504897230355,-0.913675061302082,0.848574081856011,0.941951056363201,0.988378319957115,"down","up","no_detected_change"
"T3_25","SDC4","gene",TRUE,"BLOOD_PROT_OL_DA","blood","prot-ol","prot-ol","protein","circulating_abundance","OID20216","SDC4","Endur_vs_Resist","EE-RE","post_24_hr",-0.16838818235475,-1.01296000871259,0.676183644003085,0.694402657600167,0.917200529511886,"down","up","no_detected_change"
"T3_25","SDC4","gene",TRUE,"BLOOD_PROT_OL_DA","blood","prot-ol","prot-ol","protein","circulating_abundance","OID20216","SDC4","exercise_with_controls","EE-CON","post_10_min",-0.287008218251169,-0.995431500540844,0.421415064038507,0.424860870619386,0.8446723748357,"down","up","no_detected_change"
"T3_25","SDC4","gene",TRUE,"BLOOD_PROT_OL_DA","blood","prot-ol","prot-ol","protein","circulating_abundance","OID20216","SDC4","exercise_with_controls","EE-CON","post_15_30_45_min",0.349273086975115,-0.372709644780966,1.0712558187312,0.340845442594269,0.803474707987767,"up","up","no_detected_change"
"T3_25","SDC4","gene",TRUE,"BLOOD_PROT_OL_DA","blood","prot-ol","prot-ol","protein","circulating_abundance","OID20216","SDC4","exercise_with_controls","EE-CON","post_3.5_4_hr",-0.429573992628963,-1.34475565601263,0.485607670754699,0.35542506754696,0.860169181055597,"down","up","no_detected_change"
"T3_25","SDC4","gene",TRUE,"BLOOD_PROT_OL_DA","blood","prot-ol","prot-ol","protein","circulating_abundance","OID20216","SDC4","exercise_with_controls","EE-CON","during_20_min",0.395652496034546,-0.312770786255171,1.10407577832426,0.271714118858084,0.596500509332158,"up","up","no_detected_change"
"T3_25","SDC4","gene",TRUE,"BLOOD_PROT_OL_DA","blood","prot-ol","prot-ol","protein","circulating_abundance","OID20216","SDC4","exercise_with_controls","RE-CON","post_24_hr",-0.108575853990621,-0.954010733050562,0.736859025069319,0.800171210276393,0.883054988287889,"down","up","no_detected_change"
"T3_28","VEGF","gene",TRUE,"BLOOD_PROT_OL_DA","blood","prot-ol","prot-ol","protein","circulating_abundance","OID20650","VEGFA","exercise_with_controls","EE-CON","post_3.5_4_hr",0.0427674368758644,-0.339471344477593,0.425006218229322,0.825435010813123,0.95476994488591,"up","up;unchanged","no_detected_change"
"T3_28","VEGF","gene",TRUE,"BLOOD_PROT_OL_DA","blood","prot-ol","prot-ol","protein","circulating_abundance","OID20650","VEGFA","Endur_vs_Resist","EE-RE","post_24_hr",0.179630359508624,-0.173821692008299,0.533082411025548,0.31716301690145,0.755327722603958,"up","up;unchanged","no_detected_change"
"T3_28","VEGF","gene",TRUE,"BLOOD_PROT_OL_DA","blood","prot-ol","prot-ol","protein","circulating_abundance","OID20650","VEGFA","Endur_vs_Resist","EE-RE","post_10_min",0.166172606365305,-0.10607164945857,0.43841686218918,0.229836924655718,0.556716106388294,"up","up;unchanged","no_detected_change"
"T3_28","VEGF","gene",TRUE,"BLOOD_PROT_OL_DA","blood","prot-ol","prot-ol","protein","circulating_abundance","OID20650","VEGFA","exercise_with_controls","EE-CON","during_20_min",0.350226684979893,0.0550654411138014,0.645387928845985,0.0203391757731097,0.21792751038159,"up","up;unchanged","no_detected_change"
"T3_28","VEGF","gene",TRUE,"BLOOD_PROT_OL_DA","blood","prot-ol","prot-ol","protein","circulating_abundance","OID20650","VEGFA","exercise_with_controls","RE-CON","post_3.5_4_hr",0.00858992245358403,-0.335926163534652,0.35310600844182,0.960798310912495,0.992394311382734,"up","up;unchanged","no_detected_change"
"T3_28","VEGF","gene",TRUE,"BLOOD_PROT_OL_DA","blood","prot-ol","prot-ol","protein","circulating_abundance","OID20650","VEGFA","exercise_with_controls","RE-CON","post_10_min",0.0244136024241116,-0.256472201314169,0.305299406162392,0.863937157040399,0.95900729128042,"up","up;unchanged","no_detected_change"
"T3_28","VEGF","gene",TRUE,"BLOOD_PROT_OL_DA","blood","prot-ol","prot-ol","protein","circulating_abundance","OID20650","VEGFA","Endur_vs_Resist","EE-RE","post_3.5_4_hr",0.0341775144222803,-0.334206258476047,0.402561287320608,0.854890326065552,0.988378319957115,"up","up;unchanged","no_detected_change"
"T3_28","VEGF","gene",TRUE,"BLOOD_PROT_OL_DA","blood","prot-ol","prot-ol","protein","circulating_abundance","OID20650","VEGFA","exercise_with_controls","EE-CON","post_15_30_45_min",0.209718033850161,-0.0911307972559682,0.510566864956291,0.170548219758577,0.673836540985437,"up","up;unchanged","no_detected_change"
"T3_28","VEGF","gene",TRUE,"BLOOD_PROT_OL_DA","blood","prot-ol","prot-ol","protein","circulating_abundance","OID20650","VEGFA","exercise_with_controls","RE-CON","post_15_30_45_min",-0.0618777777777781,-0.338585815635724,0.214830260080168,0.659365807559916,0.837463787990189,"down","up;unchanged","no_detected_change"
"T3_28","VEGF","gene",TRUE,"BLOOD_PROT_OL_DA","blood","prot-ol","prot-ol","protein","circulating_abundance","OID20650","VEGFA","Endur_vs_Resist","EE-RE","post_15_30_45_min",0.271595811627939,-0.00262409324629292,0.545815716502172,0.0522065223765773,0.74378401161213,"up","up;unchanged","no_detected_change"
"T3_28","VEGF","gene",TRUE,"BLOOD_PROT_OL_DA","blood","prot-ol","prot-ol","protein","circulating_abundance","OID20650","VEGFA","exercise_with_controls","EE-CON","post_24_hr",0.0103048473336353,-0.349258865360714,0.369868560027985,0.954944568954027,0.994366247793521,"up","up;unchanged","no_detected_change"
"T3_28","VEGF","gene",TRUE,"BLOOD_PROT_OL_DA","blood","prot-ol","prot-ol","protein","circulating_abundance","OID20650","VEGFA","exercise_with_controls","EE-CON","post_10_min",0.190586208789417,-0.104575035076669,0.485747452655503,0.204101752909085,0.739140563098894,"up","up;unchanged","no_detected_change"
"T3_28","VEGF","gene",TRUE,"BLOOD_PROT_OL_DA","blood","prot-ol","prot-ol","protein","circulating_abundance","OID20650","VEGFA","exercise_with_controls","RE-CON","post_24_hr",-0.169325512174989,-0.522769250967658,0.18411822661768,0.345609102696029,0.647788490106181,"down","up;unchanged","no_detected_change"
"T3_28","VEGF","gene",TRUE,"BLOOD_PROT_OL_DA","blood","prot-ol","prot-ol","protein","circulating_abundance","OID20650","VEGFA","exercise_with_controls","EE-CON","during_40_min",0.369481878982513,0.0676246374294683,0.671339120535557,0.0167538922339456,0.10102240551277,"up","up;unchanged","no_detected_change"
"T3_06","BAIBA","ambiguous",FALSE,"BLOOD_METAB_DA","blood","metab","metab-u-hilicpos","metabolite","circulating_abundance","Aminoisobutyric acid",NA,"exercise_with_controls","EE-CON","during_20_min",-0.0742281675664316,-0.194729217485506,0.0462728823526425,0.226901368150548,0.401088277033797,"down","up","not_applicable"
"T3_06","BAIBA","ambiguous",FALSE,"BLOOD_METAB_DA","blood","metab","metab-u-hilicpos","metabolite","circulating_abundance","Aminoisobutyric acid",NA,"exercise_with_controls","EE-CON","during_40_min",-0.179580747667533,-0.300924258305551,-0.0582372370295145,0.00378173431706141,0.0157572263210892,"down","up","not_applicable"
"T3_06","BAIBA","ambiguous",FALSE,"BLOOD_METAB_DA","blood","metab","metab-u-hilicpos","metabolite","circulating_abundance","Aminoisobutyric acid",NA,"exercise_with_controls","EE-CON","post_10_min",-0.177997315719391,-0.299493259136498,-0.0565013723022847,0.00414574154990716,0.0218536202772452,"down","up","not_applicable"
"T3_06","BAIBA","ambiguous",FALSE,"BLOOD_METAB_DA","blood","metab","metab-u-hilicpos","metabolite","circulating_abundance","Aminoisobutyric acid",NA,"exercise_with_controls","EE-CON","post_15_30_45_min",-0.225009737054517,-0.344531163432134,-0.1054883106769,0.000236195573684508,0.00330673803158311,"down","up","not_applicable"
"T3_06","BAIBA","ambiguous",FALSE,"BLOOD_METAB_DA","blood","metab","metab-u-hilicpos","metabolite","circulating_abundance","Aminoisobutyric acid",NA,"exercise_with_controls","EE-CON","post_3.5_4_hr",-0.0303582176723651,-0.189307710944528,0.128591275599798,0.707776991995068,0.972067774120201,"down","up","not_applicable"
"T3_06","BAIBA","ambiguous",FALSE,"BLOOD_METAB_DA","blood","metab","metab-u-hilicpos","metabolite","circulating_abundance","Aminoisobutyric acid",NA,"exercise_with_controls","EE-CON","post_24_hr",-0.0585450173124364,-0.207785513500822,0.0906954788759496,0.44143232794504,0.808907407229131,"down","up","not_applicable"
"T3_06","BAIBA","ambiguous",FALSE,"BLOOD_METAB_DA","blood","metab","metab-u-hilicpos","metabolite","circulating_abundance","Aminoisobutyric acid",NA,"exercise_with_controls","RE-CON","post_10_min",-0.266364833244769,-0.386253483223117,-0.14647618326642,1.48496382258177e-05,9.4497697800658e-05,"down","up","not_applicable"
"T3_06","BAIBA","ambiguous",FALSE,"BLOOD_METAB_DA","blood","metab","metab-u-hilicpos","metabolite","circulating_abundance","Aminoisobutyric acid",NA,"exercise_with_controls","RE-CON","post_15_30_45_min",-0.293153798835363,-0.410629825247862,-0.175677772422863,1.19911258030402e-06,8.7435292313835e-06,"down","up","not_applicable"
"T3_06","BAIBA","ambiguous",FALSE,"BLOOD_METAB_DA","blood","metab","metab-u-hilicpos","metabolite","circulating_abundance","Aminoisobutyric acid",NA,"exercise_with_controls","RE-CON","post_3.5_4_hr",-0.0475187396808572,-0.20257852522222,0.107541045860506,0.547574463865517,0.674827684341306,"down","up","not_applicable"
"T3_06","BAIBA","ambiguous",FALSE,"BLOOD_METAB_DA","blood","metab","metab-u-hilicpos","metabolite","circulating_abundance","Aminoisobutyric acid",NA,"exercise_with_controls","RE-CON","post_24_hr",-0.0280519465887537,-0.176272267209928,0.12016837403242,0.710311391218942,0.869262192051153,"down","up","not_applicable"
"T3_06","BAIBA","ambiguous",FALSE,"BLOOD_METAB_DA","blood","metab","metab-u-hilicpos","metabolite","circulating_abundance","Aminoisobutyric acid",NA,"Endur_vs_Resist","EE-RE","post_10_min",0.0883675175253771,-0.0120157597204726,0.188750794771227,0.0843651636625136,0.205054217235276,"up","up","not_applicable"
"T3_06","BAIBA","ambiguous",FALSE,"BLOOD_METAB_DA","blood","metab","metab-u-hilicpos","metabolite","circulating_abundance","Aminoisobutyric acid",NA,"Endur_vs_Resist","EE-RE","post_15_30_45_min",0.0681440617808455,-0.0315199435500942,0.167808067111785,0.179888002999985,0.322875902820486,"up","up","not_applicable"
"T3_06","BAIBA","ambiguous",FALSE,"BLOOD_METAB_DA","blood","metab","metab-u-hilicpos","metabolite","circulating_abundance","Aminoisobutyric acid",NA,"Endur_vs_Resist","EE-RE","post_3.5_4_hr",0.0171605220084921,-0.114064605038742,0.148385649055726,0.797442117805176,0.86051536420837,"up","up","not_applicable"
"T3_06","BAIBA","ambiguous",FALSE,"BLOOD_METAB_DA","blood","metab","metab-u-hilicpos","metabolite","circulating_abundance","Aminoisobutyric acid",NA,"Endur_vs_Resist","EE-RE","post_24_hr",-0.0304930707236828,-0.157395773905519,0.096409632458153,0.637233337791716,0.787647308508249,"down","up","not_applicable"
"T3_19","Lactate","exact_metabolite",TRUE,"BLOOD_METAB_DA","blood","metab","metab-u-ionpneg","metabolite","circulating_abundance","Lactic acid",NA,"exercise_with_controls","EE-CON","during_20_min",1.14577591956137,0.989125769651708,1.30242606947102,5.1016367387469e-41,1.5559992053178e-39,"up","up","consistent_with_review"
"T3_19","Lactate","exact_metabolite",TRUE,"BLOOD_METAB_DA","blood","metab","metab-u-ionpneg","metabolite","circulating_abundance","Lactic acid",NA,"exercise_with_controls","EE-CON","during_40_min",1.10235146666247,0.944254634074809,1.26044829925012,7.62067485771161e-38,2.32430583160204e-36,"up","up","consistent_with_review"
"T3_19","Lactate","exact_metabolite",TRUE,"BLOOD_METAB_DA","blood","metab","metab-u-ionpneg","metabolite","circulating_abundance","Lactic acid",NA,"exercise_with_controls","EE-CON","post_10_min",0.858626670134878,0.699967151101535,1.01728618916822,1.68579978511437e-24,3.42779289639923e-23,"up","up","consistent_with_review"
"T3_19","Lactate","exact_metabolite",TRUE,"BLOOD_METAB_DA","blood","metab","metab-u-ionpneg","metabolite","circulating_abundance","Lactic acid",NA,"exercise_with_controls","EE-CON","post_15_30_45_min",0.522563164804598,0.367050065670847,0.67807626393835,8.42959945505344e-11,1.71401855586087e-09,"up","up","consistent_with_review"
"T3_19","Lactate","exact_metabolite",TRUE,"BLOOD_METAB_DA","blood","metab","metab-u-ionpneg","metabolite","circulating_abundance","Lactic acid",NA,"exercise_with_controls","EE-CON","post_3.5_4_hr",-0.0287335710054784,-0.236737629153107,0.17927048714215,0.786302779252527,0.973317529252146,"down","up","no_detected_change"
"T3_19","Lactate","exact_metabolite",TRUE,"BLOOD_METAB_DA","blood","metab","metab-u-ionpneg","metabolite","circulating_abundance","Lactic acid",NA,"exercise_with_controls","EE-CON","post_24_hr",-0.101016003632136,-0.29329833247034,0.0912663252060686,0.30267904232212,0.955052191233761,"down","up","no_detected_change"
"T3_19","Lactate","exact_metabolite",TRUE,"BLOOD_METAB_DA","blood","metab","metab-u-ionpneg","metabolite","circulating_abundance","Lactic acid",NA,"exercise_with_controls","RE-CON","post_10_min",1.52654008954066,1.36984977049587,1.68323040858545,1.39176092810459e-65,2.82991388714601e-64,"up","up","consistent_with_review"
"T3_19","Lactate","exact_metabolite",TRUE,"BLOOD_METAB_DA","blood","metab","metab-u-ionpneg","metabolite","circulating_abundance","Lactic acid",NA,"exercise_with_controls","RE-CON","post_15_30_45_min",1.19534354839712,1.04235904383222,1.34832805296203,8.16317076889946e-46,2.48976708451434e-44,"up","up","consistent_with_review"
"T3_19","Lactate","exact_metabolite",TRUE,"BLOOD_METAB_DA","blood","metab","metab-u-ionpneg","metabolite","circulating_abundance","Lactic acid",NA,"exercise_with_controls","RE-CON","post_3.5_4_hr",0.0544807269129812,-0.148039079246481,0.257000533072444,0.597549748528878,0.810988631145655,"up","up","no_detected_change"
"T3_19","Lactate","exact_metabolite",TRUE,"BLOOD_METAB_DA","blood","metab","metab-u-ionpneg","metabolite","circulating_abundance","Lactic acid",NA,"exercise_with_controls","RE-CON","post_24_hr",-0.057314287569433,-0.246618094889627,0.131989519750761,0.552413273646547,0.930586595539483,"down","up","no_detected_change"
"T3_19","Lactate","exact_metabolite",TRUE,"BLOOD_METAB_DA","blood","metab","metab-u-ionpneg","metabolite","circulating_abundance","Lactic acid",NA,"Endur_vs_Resist","EE-RE","post_10_min",-0.667913419405782,-0.798108264192537,-0.537718574619026,2.46604177099922e-22,5.01428493436508e-21,"down","up","opposite_to_review"
"T3_19","Lactate","exact_metabolite",TRUE,"BLOOD_METAB_DA","blood","metab","metab-u-ionpneg","metabolite","circulating_abundance","Lactic acid",NA,"Endur_vs_Resist","EE-RE","post_15_30_45_min",-0.672780383592524,-0.802757774393558,-0.542802992791491,1.10390819436066e-22,2.24461332853333e-21,"down","up","opposite_to_review"
"T3_19","Lactate","exact_metabolite",TRUE,"BLOOD_METAB_DA","blood","metab","metab-u-ionpneg","metabolite","circulating_abundance","Lactic acid",NA,"Endur_vs_Resist","EE-RE","post_3.5_4_hr",-0.0832142979184596,-0.250862742499716,0.0844341466627969,0.330131073624957,0.622774680134523,"down","up","no_detected_change"
"T3_19","Lactate","exact_metabolite",TRUE,"BLOOD_METAB_DA","blood","metab","metab-u-ionpneg","metabolite","circulating_abundance","Lactic acid",NA,"Endur_vs_Resist","EE-RE","post_24_hr",-0.0437017160627029,-0.204398150373633,0.116994718248228,0.593554717961042,0.94082901898567,"down","up","no_detected_change"
"T3_19","Lactate","exact_metabolite",TRUE,"BLOOD_METAB_T_CLINICAL_DA","blood","metab","metab-t-clinical","metabolite","circulating_abundance","Lactate",NA,"exercise_with_controls","EE-CON","during_20_min",1.88811573771387,1.64821757004202,2.12801390538572,1.81120566742003e-46,1.63008510067802e-45,"up","up","consistent_with_review"
"T3_19","Lactate","exact_metabolite",TRUE,"BLOOD_METAB_T_CLINICAL_DA","blood","metab","metab-t-clinical","metabolite","circulating_abundance","Lactate",NA,"exercise_with_controls","EE-CON","during_40_min",1.90678140849561,1.66592470867239,2.14763810831883,6.33074155139365e-47,5.69766739625429e-46,"up","up","consistent_with_review"
"T3_19","Lactate","exact_metabolite",TRUE,"BLOOD_METAB_T_CLINICAL_DA","blood","metab","metab-t-clinical","metabolite","circulating_abundance","Lactate",NA,"exercise_with_controls","EE-CON","post_10_min",1.49160607466596,1.2494893191611,1.73372283017081,1.1119075381198e-30,1.00071678430782e-29,"up","up","consistent_with_review"
"T3_19","Lactate","exact_metabolite",TRUE,"BLOOD_METAB_T_CLINICAL_DA","blood","metab","metab-t-clinical","metabolite","circulating_abundance","Lactate",NA,"exercise_with_controls","EE-CON","post_15_30_45_min",0.854954032613255,0.616713126205812,1.0931949390207,4.48363260578785e-12,4.03526934520906e-11,"up","up","consistent_with_review"
"T3_19","Lactate","exact_metabolite",TRUE,"BLOOD_METAB_T_CLINICAL_DA","blood","metab","metab-t-clinical","metabolite","circulating_abundance","Lactate",NA,"exercise_with_controls","EE-CON","post_3.5_4_hr",0.10149066317786,-0.213587139718804,0.416568466074524,0.527321903355197,0.677985304313825,"up","up","no_detected_change"
"T3_19","Lactate","exact_metabolite",TRUE,"BLOOD_METAB_T_CLINICAL_DA","blood","metab","metab-t-clinical","metabolite","circulating_abundance","Lactate",NA,"exercise_with_controls","EE-CON","post_24_hr",-0.145913214600859,-0.44198100333395,0.150154574132233,0.333573212954258,0.814832615542432,"down","up","no_detected_change"
"T3_19","Lactate","exact_metabolite",TRUE,"BLOOD_METAB_T_CLINICAL_DA","blood","metab","metab-t-clinical","metabolite","circulating_abundance","Lactate",NA,"exercise_with_controls","RE-CON","post_10_min",2.68649064475782,2.44757483329732,2.92540645621833,4.0216069844734e-82,3.61944628602606e-81,"up","up","consistent_with_review"
"T3_19","Lactate","exact_metabolite",TRUE,"BLOOD_METAB_T_CLINICAL_DA","blood","metab","metab-t-clinical","metabolite","circulating_abundance","Lactate",NA,"exercise_with_controls","RE-CON","post_15_30_45_min",1.99706150613539,1.76334354174012,2.23077947053065,3.27745018875666e-53,2.94970516988099e-52,"up","up","consistent_with_review"
"T3_19","Lactate","exact_metabolite",TRUE,"BLOOD_METAB_T_CLINICAL_DA","blood","metab","metab-t-clinical","metabolite","circulating_abundance","Lactate",NA,"exercise_with_controls","RE-CON","post_3.5_4_hr",0.089356062449894,-0.216723804896486,0.395435929796274,0.566717140444678,0.728636323428872,"up","up","no_detected_change"
"T3_19","Lactate","exact_metabolite",TRUE,"BLOOD_METAB_T_CLINICAL_DA","blood","metab","metab-t-clinical","metabolite","circulating_abundance","Lactate",NA,"exercise_with_controls","RE-CON","post_24_hr",-0.0956859414984146,-0.3862526169296,0.194880733932771,0.518141405138695,0.582909080781032,"down","up","no_detected_change"
"T3_19","Lactate","exact_metabolite",TRUE,"BLOOD_METAB_T_CLINICAL_DA","blood","metab","metab-t-clinical","metabolite","circulating_abundance","Lactate",NA,"Endur_vs_Resist","EE-RE","post_10_min",-1.19488457009187,-1.39471451813365,-0.995054622050079,3.79493482675064e-29,3.41544134407557e-28,"down","up","opposite_to_review"
"T3_19","Lactate","exact_metabolite",TRUE,"BLOOD_METAB_T_CLINICAL_DA","blood","metab","metab-t-clinical","metabolite","circulating_abundance","Lactate",NA,"Endur_vs_Resist","EE-RE","post_15_30_45_min",-1.14210747352213,-1.34043140009248,-0.943783546951793,2.58921097571908e-27,2.33028987814717e-26,"down","up","opposite_to_review"
"T3_19","Lactate","exact_metabolite",TRUE,"BLOOD_METAB_T_CLINICAL_DA","blood","metab","metab-t-clinical","metabolite","circulating_abundance","Lactate",NA,"Endur_vs_Resist","EE-RE","post_3.5_4_hr",0.012134600727966,-0.245995664115073,0.270264865571005,0.926490882909118,0.926490882909118,"up","up","no_detected_change"
"T3_19","Lactate","exact_metabolite",TRUE,"BLOOD_METAB_T_CLINICAL_DA","blood","metab","metab-t-clinical","metabolite","circulating_abundance","Lactate",NA,"Endur_vs_Resist","EE-RE","post_24_hr",-0.0502272731024439,-0.296614472377513,0.196159926172625,0.68910824293627,0.876419868212303,"down","up","no_detected_change"
"T3_02","Adiponectin","gene",TRUE,"MUSCLE_TRNSCRPT_DA","muscle","transcript-rna-seq","transcript-rna-seq","RNA","tissue_or_blood_cell_context","ENSG00000181092.10","ADIPOQ","exercise_with_controls","RE-CON","post_15_30_45_min",-0.401751799694003,-1.94265623124433,1.13915263185632,0.608315158389531,0.866569587527205,"down","up","not_applicable"
"T3_02","Adiponectin","gene",TRUE,"MUSCLE_TRNSCRPT_DA","muscle","transcript-rna-seq","transcript-rna-seq","RNA","tissue_or_blood_cell_context","ENSG00000181092.10","ADIPOQ","exercise_with_controls","RE-CON","post_3.5_4_hr",-0.428411081324065,-2.05318597134342,1.19636380869529,0.604329268427779,0.739995404803172,"down","up","not_applicable"
"T3_02","Adiponectin","gene",TRUE,"MUSCLE_TRNSCRPT_DA","muscle","transcript-rna-seq","transcript-rna-seq","RNA","tissue_or_blood_cell_context","ENSG00000181092.10","ADIPOQ","Endur_vs_Resist","EE-RE","post_24_hr",-0.470449767041916,-1.78599574889681,0.845096214812973,0.48220482616667,0.709227616801105,"down","up","not_applicable"
"T3_02","Adiponectin","gene",TRUE,"MUSCLE_TRNSCRPT_DA","muscle","transcript-rna-seq","transcript-rna-seq","RNA","tissue_or_blood_cell_context","ENSG00000181092.10","ADIPOQ","exercise_with_controls","EE-CON","post_15_30_45_min",-0.869442268530748,-2.51611702755411,0.777232490492615,0.299670687571508,0.67512053570554,"down","up","not_applicable"
"T3_02","Adiponectin","gene",TRUE,"MUSCLE_TRNSCRPT_DA","muscle","transcript-rna-seq","transcript-rna-seq","RNA","tissue_or_blood_cell_context","ENSG00000181092.10","ADIPOQ","exercise_with_controls","RE-CON","post_24_hr",-0.153159077990345,-1.86656373712316,1.56024558114247,0.860500141181279,0.939115279352266,"down","up","not_applicable"
"T3_02","Adiponectin","gene",TRUE,"MUSCLE_TRNSCRPT_DA","muscle","transcript-rna-seq","transcript-rna-seq","RNA","tissue_or_blood_cell_context","ENSG00000181092.10","ADIPOQ","Endur_vs_Resist","EE-RE","post_3.5_4_hr",-0.893421508144794,-2.2881864133412,0.501343397051609,0.208509509456898,0.383012917069365,"down","up","not_applicable"
"T3_02","Adiponectin","gene",TRUE,"MUSCLE_TRNSCRPT_DA","muscle","transcript-rna-seq","transcript-rna-seq","RNA","tissue_or_blood_cell_context","ENSG00000181092.10","ADIPOQ","exercise_with_controls","EE-CON","post_3.5_4_hr",-1.32183258946886,-2.97170318378169,0.328038004843974,0.115971862767926,0.335973869671961,"down","up","not_applicable"
"T3_02","Adiponectin","gene",TRUE,"MUSCLE_TRNSCRPT_DA","muscle","transcript-rna-seq","transcript-rna-seq","RNA","tissue_or_blood_cell_context","ENSG00000181092.10","ADIPOQ","exercise_with_controls","EE-CON","post_24_hr",-0.623608845032261,-2.29109135403914,1.04387366397461,0.462407982154991,0.764623320995209,"down","up","not_applicable"
"T3_02","Adiponectin","gene",TRUE,"MUSCLE_TRNSCRPT_DA","muscle","transcript-rna-seq","transcript-rna-seq","RNA","tissue_or_blood_cell_context","ENSG00000181092.10","ADIPOQ","Endur_vs_Resist","EE-RE","post_15_30_45_min",-0.467690468836745,-1.86122645068706,0.925845513013564,0.509506168451782,0.927369982442667,"down","up","not_applicable"
"T3_03","Angiopoietin 1","gene",TRUE,"MUSCLE_TRNSCRPT_DA","muscle","transcript-rna-seq","transcript-rna-seq","RNA","tissue_or_blood_cell_context","ENSG00000154188.10","ANGPT1","Endur_vs_Resist","EE-RE","post_15_30_45_min",0.0637324695008656,-0.131162860904357,0.258627799906089,0.520269340411219,0.928246129614121,"up","up;unchanged","not_applicable"
"T3_03","Angiopoietin 1","gene",TRUE,"MUSCLE_TRNSCRPT_DA","muscle","transcript-rna-seq","transcript-rna-seq","RNA","tissue_or_blood_cell_context","ENSG00000154188.10","ANGPT1","exercise_with_controls","EE-CON","post_24_hr",0.133805230508253,-0.0926226087735317,0.360233069790038,0.245674952357287,0.583123642285718,"up","up;unchanged","not_applicable"
"T3_03","Angiopoietin 1","gene",TRUE,"MUSCLE_TRNSCRPT_DA","muscle","transcript-rna-seq","transcript-rna-seq","RNA","tissue_or_blood_cell_context","ENSG00000154188.10","ANGPT1","exercise_with_controls","RE-CON","post_24_hr",-0.144602850425103,-0.368255719717569,0.0790500188673623,0.204124697944488,0.426353066594831,"down","up;unchanged","not_applicable"
"T3_03","Angiopoietin 1","gene",TRUE,"MUSCLE_TRNSCRPT_DA","muscle","transcript-rna-seq","transcript-rna-seq","RNA","tissue_or_blood_cell_context","ENSG00000154188.10","ANGPT1","exercise_with_controls","EE-CON","post_3.5_4_hr",0.0621088085478592,-0.184887875063215,0.309105492158933,0.620963121234755,0.824736940343087,"up","up;unchanged","not_applicable"
"T3_03","Angiopoietin 1","gene",TRUE,"MUSCLE_TRNSCRPT_DA","muscle","transcript-rna-seq","transcript-rna-seq","RNA","tissue_or_blood_cell_context","ENSG00000154188.10","ANGPT1","Endur_vs_Resist","EE-RE","post_24_hr",0.278408080933356,0.087411692293451,0.469404469573261,0.00443338281043241,0.0272591124087258,"up","up;unchanged","not_applicable"
"T3_03","Angiopoietin 1","gene",TRUE,"MUSCLE_TRNSCRPT_DA","muscle","transcript-rna-seq","transcript-rna-seq","RNA","tissue_or_blood_cell_context","ENSG00000154188.10","ANGPT1","Endur_vs_Resist","EE-RE","post_3.5_4_hr",0.286060136399866,0.080184967716113,0.491935305083618,0.00663739225326244,0.0277556841461272,"up","up;unchanged","not_applicable"
"T3_03","Angiopoietin 1","gene",TRUE,"MUSCLE_TRNSCRPT_DA","muscle","transcript-rna-seq","transcript-rna-seq","RNA","tissue_or_blood_cell_context","ENSG00000154188.10","ANGPT1","exercise_with_controls","RE-CON","post_3.5_4_hr",-0.223951327852006,-0.464422893950168,0.0165202382461551,0.0678234437083643,0.151167440553718,"down","up;unchanged","not_applicable"
"T3_03","Angiopoietin 1","gene",TRUE,"MUSCLE_TRNSCRPT_DA","muscle","transcript-rna-seq","transcript-rna-seq","RNA","tissue_or_blood_cell_context","ENSG00000154188.10","ANGPT1","exercise_with_controls","RE-CON","post_15_30_45_min",-0.0531724158465572,-0.276218295328201,0.169873463635086,0.639201101918639,0.880504199303249,"down","up;unchanged","not_applicable"
"T3_03","Angiopoietin 1","gene",TRUE,"MUSCLE_TRNSCRPT_DA","muscle","transcript-rna-seq","transcript-rna-seq","RNA","tissue_or_blood_cell_context","ENSG00000154188.10","ANGPT1","exercise_with_controls","EE-CON","post_15_30_45_min",0.0105600536543085,-0.219034712140607,0.240154819449224,0.927915528813633,0.982867968234201,"up","up;unchanged","not_applicable"
"T3_04","Angiopoietin-like protein 4","gene",TRUE,"MUSCLE_TRNSCRPT_DA","muscle","transcript-rna-seq","transcript-rna-seq","RNA","tissue_or_blood_cell_context","ENSG00000167772.12","ANGPTL4","exercise_with_controls","EE-CON","post_15_30_45_min",-1.4444959337034,-2.24853484943097,-0.640457017975841,0.000473010129958947,0.0122103940700594,"down","up","not_applicable"
"T3_04","Angiopoietin-like protein 4","gene",TRUE,"MUSCLE_TRNSCRPT_DA","muscle","transcript-rna-seq","transcript-rna-seq","RNA","tissue_or_blood_cell_context","ENSG00000167772.12","ANGPTL4","Endur_vs_Resist","EE-RE","post_3.5_4_hr",0.449083521571519,-0.198778967425072,1.09694601056811,0.173572988767649,0.336842185443179,"up","up","not_applicable"
"T3_04","Angiopoietin-like protein 4","gene",TRUE,"MUSCLE_TRNSCRPT_DA","muscle","transcript-rna-seq","transcript-rna-seq","RNA","tissue_or_blood_cell_context","ENSG00000167772.12","ANGPTL4","exercise_with_controls","RE-CON","post_3.5_4_hr",1.11545990714746,0.384330536081848,1.84658927821306,0.00291119411603332,0.01147586047316,"up","up","not_applicable"
"T3_04","Angiopoietin-like protein 4","gene",TRUE,"MUSCLE_TRNSCRPT_DA","muscle","transcript-rna-seq","transcript-rna-seq","RNA","tissue_or_blood_cell_context","ENSG00000167772.12","ANGPTL4","exercise_with_controls","EE-CON","post_3.5_4_hr",1.56454342871898,0.800417920597821,2.32866893684013,7.1225820278608e-05,0.00134692676629959,"up","up","not_applicable"
"T3_04","Angiopoietin-like protein 4","gene",TRUE,"MUSCLE_TRNSCRPT_DA","muscle","transcript-rna-seq","transcript-rna-seq","RNA","tissue_or_blood_cell_context","ENSG00000167772.12","ANGPTL4","exercise_with_controls","RE-CON","post_24_hr",-0.366202805977652,-1.18032962246471,0.447924010509402,0.376605662872827,0.61846786837055,"down","up","not_applicable"
"T3_04","Angiopoietin-like protein 4","gene",TRUE,"MUSCLE_TRNSCRPT_DA","muscle","transcript-rna-seq","transcript-rna-seq","RNA","tissue_or_blood_cell_context","ENSG00000167772.12","ANGPTL4","exercise_with_controls","RE-CON","post_15_30_45_min",-1.10503242883637,-1.82344564021421,-0.386619217458538,0.00269376315106919,0.050535608932956,"down","up","not_applicable"
"T3_04","Angiopoietin-like protein 4","gene",TRUE,"MUSCLE_TRNSCRPT_DA","muscle","transcript-rna-seq","transcript-rna-seq","RNA","tissue_or_blood_cell_context","ENSG00000167772.12","ANGPTL4","exercise_with_controls","EE-CON","post_24_hr",0.476141857420216,-0.344511991698641,1.29679570653907,0.254370631053778,0.591965710187033,"up","up","not_applicable"
"T3_04","Angiopoietin-like protein 4","gene",TRUE,"MUSCLE_TRNSCRPT_DA","muscle","transcript-rna-seq","transcript-rna-seq","RNA","tissue_or_blood_cell_context","ENSG00000167772.12","ANGPTL4","Endur_vs_Resist","EE-RE","post_15_30_45_min",-0.33946350486703,-1.08647262060424,0.407545610870182,0.371832953573122,0.88251802898656,"down","up","not_applicable"
"T3_04","Angiopoietin-like protein 4","gene",TRUE,"MUSCLE_TRNSCRPT_DA","muscle","transcript-rna-seq","transcript-rna-seq","RNA","tissue_or_blood_cell_context","ENSG00000167772.12","ANGPTL4","Endur_vs_Resist","EE-RE","post_24_hr",0.842344663397868,0.117713805568203,1.56697552122753,0.0228717710886141,0.0944683685018591,"up","up","not_applicable"
"T3_05","Apelin","gene",TRUE,"MUSCLE_TRNSCRPT_DA","muscle","transcript-rna-seq","transcript-rna-seq","RNA","tissue_or_blood_cell_context","ENSG00000171388.12","APLN","Endur_vs_Resist","EE-RE","post_3.5_4_hr",-0.215102404620223,-0.521940781455683,0.0917359722152372,0.168626117910901,0.329944233695283,"down","up","not_applicable"
"T3_05","Apelin","gene",TRUE,"MUSCLE_TRNSCRPT_DA","muscle","transcript-rna-seq","transcript-rna-seq","RNA","tissue_or_blood_cell_context","ENSG00000171388.12","APLN","exercise_with_controls","EE-CON","post_3.5_4_hr",0.387438327845954,-0.0210867487348517,0.79596340442676,0.0629549413651786,0.228568310863501,"up","up","not_applicable"
"T3_05","Apelin","gene",TRUE,"MUSCLE_TRNSCRPT_DA","muscle","transcript-rna-seq","transcript-rna-seq","RNA","tissue_or_blood_cell_context","ENSG00000171388.12","APLN","Endur_vs_Resist","EE-RE","post_24_hr",-0.0458576499692818,-0.316023542226814,0.22430824228825,0.738450080519562,0.875345404881472,"down","up","not_applicable"
"T3_05","Apelin","gene",TRUE,"MUSCLE_TRNSCRPT_DA","muscle","transcript-rna-seq","transcript-rna-seq","RNA","tissue_or_blood_cell_context","ENSG00000171388.12","APLN","exercise_with_controls","RE-CON","post_3.5_4_hr",0.602540732466177,0.207416347050428,0.997665117881927,0.00294077078671358,0.0115648368074927,"up","up","not_applicable"
"T3_05","Apelin","gene",TRUE,"MUSCLE_TRNSCRPT_DA","muscle","transcript-rna-seq","transcript-rna-seq","RNA","tissue_or_blood_cell_context","ENSG00000171388.12","APLN","exercise_with_controls","EE-CON","post_15_30_45_min",0.0146020064076224,-0.365070310544205,0.394274323359449,0.939686298433217,0.984523147690613,"up","up","not_applicable"
"T3_05","Apelin","gene",TRUE,"MUSCLE_TRNSCRPT_DA","muscle","transcript-rna-seq","transcript-rna-seq","RNA","tissue_or_blood_cell_context","ENSG00000171388.12","APLN","exercise_with_controls","RE-CON","post_15_30_45_min",0.391574444107676,0.0272500842197333,0.755898803995619,0.0352628101376419,0.254387653739913,"up","up","not_applicable"
"T3_05","Apelin","gene",TRUE,"MUSCLE_TRNSCRPT_DA","muscle","transcript-rna-seq","transcript-rna-seq","RNA","tissue_or_blood_cell_context","ENSG00000171388.12","APLN","exercise_with_controls","RE-CON","post_24_hr",0.516175275862553,0.163338090623767,0.869012461101339,0.00430362652979494,0.0248595417706035,"up","up","not_applicable"
"T3_05","Apelin","gene",TRUE,"MUSCLE_TRNSCRPT_DA","muscle","transcript-rna-seq","transcript-rna-seq","RNA","tissue_or_blood_cell_context","ENSG00000171388.12","APLN","Endur_vs_Resist","EE-RE","post_15_30_45_min",-0.376972437700054,-0.681262732034281,-0.0726821433658262,0.015379124206555,0.273004259705395,"down","up","not_applicable"
"T3_05","Apelin","gene",TRUE,"MUSCLE_TRNSCRPT_DA","muscle","transcript-rna-seq","transcript-rna-seq","RNA","tissue_or_blood_cell_context","ENSG00000171388.12","APLN","exercise_with_controls","EE-CON","post_24_hr",0.470317625893271,0.111622565303076,0.829012686483467,0.0103773682351367,0.093617471144192,"up","up","not_applicable"
"T3_09","Fractalkine","gene",TRUE,"MUSCLE_TRNSCRPT_DA","muscle","transcript-rna-seq","transcript-rna-seq","RNA","tissue_or_blood_cell_context","ENSG00000006210.7","CX3CL1","exercise_with_controls","EE-CON","post_24_hr",0.127376763356873,-0.208772736035723,0.463526262749469,0.456328571859426,0.759577317074328,"up","up","not_applicable"
"T3_09","Fractalkine","gene",TRUE,"MUSCLE_TRNSCRPT_DA","muscle","transcript-rna-seq","transcript-rna-seq","RNA","tissue_or_blood_cell_context","ENSG00000006210.7","CX3CL1","exercise_with_controls","RE-CON","post_24_hr",-0.171985721380723,-0.50421694395622,0.160245501194775,0.309037376977201,0.54989200867823,"down","up","not_applicable"
"T3_09","Fractalkine","gene",TRUE,"MUSCLE_TRNSCRPT_DA","muscle","transcript-rna-seq","transcript-rna-seq","RNA","tissue_or_blood_cell_context","ENSG00000006210.7","CX3CL1","exercise_with_controls","EE-CON","post_3.5_4_hr",0.536484088624811,0.159574205283088,0.913393971966534,0.00543861384568715,0.0416447476708948,"up","up","not_applicable"
"T3_09","Fractalkine","gene",TRUE,"MUSCLE_TRNSCRPT_DA","muscle","transcript-rna-seq","transcript-rna-seq","RNA","tissue_or_blood_cell_context","ENSG00000006210.7","CX3CL1","Endur_vs_Resist","EE-RE","post_24_hr",0.299362484737596,0.0146530395874099,0.584071929887782,0.0393923386736167,0.139312137796836,"up","up","not_applicable"
"T3_09","Fractalkine","gene",TRUE,"MUSCLE_TRNSCRPT_DA","muscle","transcript-rna-seq","transcript-rna-seq","RNA","tissue_or_blood_cell_context","ENSG00000006210.7","CX3CL1","Endur_vs_Resist","EE-RE","post_15_30_45_min",1.04065738403174,0.795613286980713,1.28570148108277,2.30069037217833e-15,4.22023303936578e-12,"up","up","not_applicable"
"T3_09","Fractalkine","gene",TRUE,"MUSCLE_TRNSCRPT_DA","muscle","transcript-rna-seq","transcript-rna-seq","RNA","tissue_or_blood_cell_context","ENSG00000006210.7","CX3CL1","exercise_with_controls","RE-CON","post_3.5_4_hr",0.282633232393965,-0.0853989568127586,0.650665421600689,0.131717809617627,0.251287983210983,"up","up","not_applicable"
"T3_09","Fractalkine","gene",TRUE,"MUSCLE_TRNSCRPT_DA","muscle","transcript-rna-seq","transcript-rna-seq","RNA","tissue_or_blood_cell_context","ENSG00000006210.7","CX3CL1","exercise_with_controls","EE-CON","post_15_30_45_min",3.62605042265678,3.27631629983293,3.97578454548064,3.33198728078686e-57,5.50077780185103e-53,"up","up","not_applicable"
"T3_09","Fractalkine","gene",TRUE,"MUSCLE_TRNSCRPT_DA","muscle","transcript-rna-seq","transcript-rna-seq","RNA","tissue_or_blood_cell_context","ENSG00000006210.7","CX3CL1","exercise_with_controls","RE-CON","post_15_30_45_min",2.58539303862504,2.24158143033715,2.92920464691294,7.53441974115981e-37,1.55482169383509e-33,"up","up","not_applicable"
"T3_09","Fractalkine","gene",TRUE,"MUSCLE_TRNSCRPT_DA","muscle","transcript-rna-seq","transcript-rna-seq","RNA","tissue_or_blood_cell_context","ENSG00000006210.7","CX3CL1","Endur_vs_Resist","EE-RE","post_3.5_4_hr",0.253850856230846,-0.0501551545024975,0.557856866964189,0.101352885430549,0.230314492164202,"up","up","not_applicable"
"T3_11","Follistatin","gene",TRUE,"MUSCLE_TRNSCRPT_DA","muscle","transcript-rna-seq","transcript-rna-seq","RNA","tissue_or_blood_cell_context","ENSG00000134363.12","FST","Endur_vs_Resist","EE-RE","post_24_hr",0.350714838442103,-0.0896234201405874,0.791053097024794,0.11806213162937,0.300216172757525,"up","up","not_applicable"
"T3_11","Follistatin","gene",TRUE,"MUSCLE_TRNSCRPT_DA","muscle","transcript-rna-seq","transcript-rna-seq","RNA","tissue_or_blood_cell_context","ENSG00000134363.12","FST","exercise_with_controls","EE-CON","post_3.5_4_hr",-0.528586906999752,-1.07999279637449,0.022818982374985,0.0601966983000656,0.222572741822124,"down","up","not_applicable"
"T3_11","Follistatin","gene",TRUE,"MUSCLE_TRNSCRPT_DA","muscle","transcript-rna-seq","transcript-rna-seq","RNA","tissue_or_blood_cell_context","ENSG00000134363.12","FST","exercise_with_controls","RE-CON","post_15_30_45_min",0.375769410594307,-0.0963362671535178,0.847875088342131,0.118316680806797,0.46081926093141,"up","up","not_applicable"
"T3_11","Follistatin","gene",TRUE,"MUSCLE_TRNSCRPT_DA","muscle","transcript-rna-seq","transcript-rna-seq","RNA","tissue_or_blood_cell_context","ENSG00000134363.12","FST","Endur_vs_Resist","EE-RE","post_15_30_45_min",-0.0187214346923867,-0.440607979256215,0.403165109871441,0.930477742615812,0.99266848626471,"down","up","not_applicable"
"T3_11","Follistatin","gene",TRUE,"MUSCLE_TRNSCRPT_DA","muscle","transcript-rna-seq","transcript-rna-seq","RNA","tissue_or_blood_cell_context","ENSG00000134363.12","FST","exercise_with_controls","RE-CON","post_3.5_4_hr",-0.256663376668792,-0.772931881960606,0.259605128623022,0.328663343887972,0.489481564659136,"down","up","not_applicable"
"T3_11","Follistatin","gene",TRUE,"MUSCLE_TRNSCRPT_DA","muscle","transcript-rna-seq","transcript-rna-seq","RNA","tissue_or_blood_cell_context","ENSG00000134363.12","FST","Endur_vs_Resist","EE-RE","post_3.5_4_hr",-0.271923530330961,-0.772547591225745,0.228700530563824,0.285937996169935,0.473333037077054,"down","up","not_applicable"
"T3_11","Follistatin","gene",TRUE,"MUSCLE_TRNSCRPT_DA","muscle","transcript-rna-seq","transcript-rna-seq","RNA","tissue_or_blood_cell_context","ENSG00000134363.12","FST","exercise_with_controls","RE-CON","post_24_hr",-0.248019312069074,-0.733580727385263,0.237542103247115,0.315548375323019,0.556952963991073,"down","up","not_applicable"
"T3_11","Follistatin","gene",TRUE,"MUSCLE_TRNSCRPT_DA","muscle","transcript-rna-seq","transcript-rna-seq","RNA","tissue_or_blood_cell_context","ENSG00000134363.12","FST","exercise_with_controls","EE-CON","post_15_30_45_min",0.35704797590192,-0.141113897396125,0.855209849199965,0.159445259527253,0.520831379013736,"up","up","not_applicable"
"T3_11","Follistatin","gene",TRUE,"MUSCLE_TRNSCRPT_DA","muscle","transcript-rna-seq","transcript-rna-seq","RNA","tissue_or_blood_cell_context","ENSG00000134363.12","FST","exercise_with_controls","EE-CON","post_24_hr",0.102695526373029,-0.382551132117812,0.58794218486387,0.677334690770047,0.888456889394781,"up","up","not_applicable"
"T3_13","HSP72","gene",TRUE,"MUSCLE_TRNSCRPT_DA","muscle","transcript-rna-seq","transcript-rna-seq","RNA","tissue_or_blood_cell_context","ENSG00000204388.7","HSPA1B","Endur_vs_Resist","EE-RE","post_24_hr",-0.100563378470092,-0.439128060562242,0.238001303622058,0.559308410749084,0.763866855812097,"down","up","not_applicable"
"T3_13","HSP72","gene",TRUE,"MUSCLE_TRNSCRPT_DA","muscle","transcript-rna-seq","transcript-rna-seq","RNA","tissue_or_blood_cell_context","ENSG00000204388.7","HSPA1B","exercise_with_controls","RE-CON","post_24_hr",0.108205115817593,-0.292472016833238,0.508882248468424,0.595501752227195,0.787120770818156,"up","up","not_applicable"
"T3_13","HSP72","gene",TRUE,"MUSCLE_TRNSCRPT_DA","muscle","transcript-rna-seq","transcript-rna-seq","RNA","tissue_or_blood_cell_context","ENSG00000204388.7","HSPA1B","exercise_with_controls","EE-CON","post_24_hr",0.00764173734750084,-0.401143075027057,0.416426549722059,0.970679540513703,0.994012796697345,"up","up","not_applicable"
"T3_13","HSP72","gene",TRUE,"MUSCLE_TRNSCRPT_DA","muscle","transcript-rna-seq","transcript-rna-seq","RNA","tissue_or_blood_cell_context","ENSG00000204388.7","HSPA1B","Endur_vs_Resist","EE-RE","post_3.5_4_hr",-0.935304818396693,-1.29245990081082,-0.57814973598257,4.57728037506363e-07,6.55957653749353e-06,"down","up","not_applicable"
"T3_13","HSP72","gene",TRUE,"MUSCLE_TRNSCRPT_DA","muscle","transcript-rna-seq","transcript-rna-seq","RNA","tissue_or_blood_cell_context","ENSG00000204388.7","HSPA1B","exercise_with_controls","RE-CON","post_15_30_45_min",0.911078883731542,0.504790543577731,1.31736722388535,1.42386824807084e-05,0.000723281258689275,"up","up","not_applicable"
"T3_13","HSP72","gene",TRUE,"MUSCLE_TRNSCRPT_DA","muscle","transcript-rna-seq","transcript-rna-seq","RNA","tissue_or_blood_cell_context","ENSG00000204388.7","HSPA1B","Endur_vs_Resist","EE-RE","post_15_30_45_min",0.560669189471105,0.20743754257454,0.913900836367671,0.00195975330011327,0.0738665918528994,"up","up","not_applicable"
"T3_13","HSP72","gene",TRUE,"MUSCLE_TRNSCRPT_DA","muscle","transcript-rna-seq","transcript-rna-seq","RNA","tissue_or_blood_cell_context","ENSG00000204388.7","HSPA1B","exercise_with_controls","EE-CON","post_15_30_45_min",1.47174807320265,1.05210098806538,1.89139515833991,3.03520589160319e-11,4.17568450537308e-09,"up","up","not_applicable"
"T3_13","HSP72","gene",TRUE,"MUSCLE_TRNSCRPT_DA","muscle","transcript-rna-seq","transcript-rna-seq","RNA","tissue_or_blood_cell_context","ENSG00000204388.7","HSPA1B","exercise_with_controls","RE-CON","post_3.5_4_hr",1.46823377422103,1.04732612695736,1.88914142148471,3.74437842578017e-11,9.25388374718635e-10,"up","up","not_applicable"
"T3_13","HSP72","gene",TRUE,"MUSCLE_TRNSCRPT_DA","muscle","transcript-rna-seq","transcript-rna-seq","RNA","tissue_or_blood_cell_context","ENSG00000204388.7","HSPA1B","exercise_with_controls","EE-CON","post_3.5_4_hr",0.53292895582434,0.0943475583482625,0.971510353300417,0.0174029228846626,0.0967095150637825,"up","up","not_applicable"
"T3_13","HSP72","gene",TRUE,"MUSCLE_TRNSCRPT_DA","muscle","transcript-rna-seq","transcript-rna-seq","RNA","tissue_or_blood_cell_context","ENSG00000204389.10","HSPA1A","exercise_with_controls","EE-CON","post_15_30_45_min",1.19587967070363,0.807695686420049,1.58406365498721,3.97288629040296e-09,4.1776038068957e-07,"up","up","not_applicable"
"T3_13","HSP72","gene",TRUE,"MUSCLE_TRNSCRPT_DA","muscle","transcript-rna-seq","transcript-rna-seq","RNA","tissue_or_blood_cell_context","ENSG00000204389.10","HSPA1A","Endur_vs_Resist","EE-RE","post_15_30_45_min",0.208238717528383,-0.121323867617586,0.537801302674352,0.214691461607697,0.791717586265439,"up","up","not_applicable"
"T3_13","HSP72","gene",TRUE,"MUSCLE_TRNSCRPT_DA","muscle","transcript-rna-seq","transcript-rna-seq","RNA","tissue_or_blood_cell_context","ENSG00000204389.10","HSPA1A","exercise_with_controls","EE-CON","post_24_hr",-0.088436926745759,-0.467145711746119,0.290271858254601,0.646188047081507,0.874924183731469,"down","up","not_applicable"
"T3_13","HSP72","gene",TRUE,"MUSCLE_TRNSCRPT_DA","muscle","transcript-rna-seq","transcript-rna-seq","RNA","tissue_or_blood_cell_context","ENSG00000204389.10","HSPA1A","Endur_vs_Resist","EE-RE","post_24_hr",-0.229905353754805,-0.543008394867182,0.0831976873575712,0.149509959229968,0.351403746715196,"down","up","not_applicable"
"T3_13","HSP72","gene",TRUE,"MUSCLE_TRNSCRPT_DA","muscle","transcript-rna-seq","transcript-rna-seq","RNA","tissue_or_blood_cell_context","ENSG00000204389.10","HSPA1A","exercise_with_controls","RE-CON","post_3.5_4_hr",1.58054064200706,1.19175134120547,1.96932994280865,2.55417419721435e-14,1.03859265570965e-12,"up","up","not_applicable"
"T3_13","HSP72","gene",TRUE,"MUSCLE_TRNSCRPT_DA","muscle","transcript-rna-seq","transcript-rna-seq","RNA","tissue_or_blood_cell_context","ENSG00000204389.10","HSPA1A","exercise_with_controls","RE-CON","post_24_hr",0.141468427009046,-0.230675121364444,0.513611975382537,0.454999911599588,0.68580238661532,"up","up","not_applicable"
"T3_13","HSP72","gene",TRUE,"MUSCLE_TRNSCRPT_DA","muscle","transcript-rna-seq","transcript-rna-seq","RNA","tissue_or_blood_cell_context","ENSG00000204389.10","HSPA1A","Endur_vs_Resist","EE-RE","post_3.5_4_hr",-1.0130314218399,-1.34465415209877,-0.681408691581034,5.15172833995629e-09,1.1002572207547e-07,"down","up","not_applicable"
"T3_13","HSP72","gene",TRUE,"MUSCLE_TRNSCRPT_DA","muscle","transcript-rna-seq","transcript-rna-seq","RNA","tissue_or_blood_cell_context","ENSG00000204389.10","HSPA1A","exercise_with_controls","RE-CON","post_15_30_45_min",0.987640953175244,0.61165780855665,1.36362409779384,4.28046073803836e-07,3.28679657322211e-05,"up","up","not_applicable"
"T3_13","HSP72","gene",TRUE,"MUSCLE_TRNSCRPT_DA","muscle","transcript-rna-seq","transcript-rna-seq","RNA","tissue_or_blood_cell_context","ENSG00000204389.10","HSPA1A","exercise_with_controls","EE-CON","post_3.5_4_hr",0.567509220167157,0.164177428677902,0.970841011656412,0.00596782197114845,0.0446665638370465,"up","up","not_applicable"
"T3_17","IL-15","gene",TRUE,"MUSCLE_TRNSCRPT_DA","muscle","transcript-rna-seq","transcript-rna-seq","RNA","tissue_or_blood_cell_context","ENSG00000164136.17","IL15","exercise_with_controls","RE-CON","post_15_30_45_min",-0.0541671123536209,-0.212355538793279,0.104021314086037,0.500637659869456,0.812787642981481,"down","up;unchanged","not_applicable"
"T3_17","IL-15","gene",TRUE,"MUSCLE_TRNSCRPT_DA","muscle","transcript-rna-seq","transcript-rna-seq","RNA","tissue_or_blood_cell_context","ENSG00000164136.17","IL15","Endur_vs_Resist","EE-RE","post_15_30_45_min",0.061222552580191,-0.0779562393103853,0.200401344470767,0.38712774002731,0.88251802898656,"up","up;unchanged","not_applicable"
"T3_17","IL-15","gene",TRUE,"MUSCLE_TRNSCRPT_DA","muscle","transcript-rna-seq","transcript-rna-seq","RNA","tissue_or_blood_cell_context","ENSG00000164136.17","IL15","exercise_with_controls","RE-CON","post_24_hr",-0.111207083965876,-0.264427147927309,0.0420129799955576,0.154091068832435,0.354499645395021,"down","up;unchanged","not_applicable"
"T3_17","IL-15","gene",TRUE,"MUSCLE_TRNSCRPT_DA","muscle","transcript-rna-seq","transcript-rna-seq","RNA","tissue_or_blood_cell_context","ENSG00000164136.17","IL15","exercise_with_controls","EE-CON","post_15_30_45_min",0.00705544022657012,-0.158269588449769,0.172380468902909,0.93307892876943,0.984408767783155,"up","up;unchanged","not_applicable"
"T3_17","IL-15","gene",TRUE,"MUSCLE_TRNSCRPT_DA","muscle","transcript-rna-seq","transcript-rna-seq","RNA","tissue_or_blood_cell_context","ENSG00000164136.17","IL15","Endur_vs_Resist","EE-RE","post_3.5_4_hr",0.151961085692196,6.14692853926901e-05,0.303860702098999,0.0499080823957676,0.137620265954857,"up","up;unchanged","not_applicable"
"T3_17","IL-15","gene",TRUE,"MUSCLE_TRNSCRPT_DA","muscle","transcript-rna-seq","transcript-rna-seq","RNA","tissue_or_blood_cell_context","ENSG00000164136.17","IL15","exercise_with_controls","EE-CON","post_24_hr",-0.108989375998269,-0.267464541352705,0.0494857893561668,0.176776247906847,0.492723126235713,"down","up;unchanged","not_applicable"
"T3_17","IL-15","gene",TRUE,"MUSCLE_TRNSCRPT_DA","muscle","transcript-rna-seq","transcript-rna-seq","RNA","tissue_or_blood_cell_context","ENSG00000164136.17","IL15","exercise_with_controls","RE-CON","post_3.5_4_hr",-0.390618440246582,-0.560649192242333,-0.220587688250831,9.44178609748738e-06,7.6632874493709e-05,"down","up;unchanged","not_applicable"
"T3_17","IL-15","gene",TRUE,"MUSCLE_TRNSCRPT_DA","muscle","transcript-rna-seq","transcript-rna-seq","RNA","tissue_or_blood_cell_context","ENSG00000164136.17","IL15","Endur_vs_Resist","EE-RE","post_24_hr",0.0022177079676069,-0.132545195166414,0.136980611101628,0.974167473157141,0.989248671593699,"up","up;unchanged","not_applicable"
"T3_17","IL-15","gene",TRUE,"MUSCLE_TRNSCRPT_DA","muscle","transcript-rna-seq","transcript-rna-seq","RNA","tissue_or_blood_cell_context","ENSG00000164136.17","IL15","exercise_with_controls","EE-CON","post_3.5_4_hr",-0.238657354554386,-0.415780465802441,-0.061534243306331,0.00847541145753209,0.0577230064985137,"down","up;unchanged","not_applicable"
"T3_18","Irisin","gene",TRUE,"MUSCLE_TRNSCRPT_DA","muscle","transcript-rna-seq","transcript-rna-seq","RNA","tissue_or_blood_cell_context","ENSG00000160097.20","FNDC5","Endur_vs_Resist","EE-RE","post_15_30_45_min",-0.0131561451938644,-0.202096130518967,0.175783840131239,0.891022523745487,0.988891394042569,"down","up","not_applicable"
"T3_18","Irisin","gene",TRUE,"MUSCLE_TRNSCRPT_DA","muscle","transcript-rna-seq","transcript-rna-seq","RNA","tissue_or_blood_cell_context","ENSG00000160097.20","FNDC5","exercise_with_controls","EE-CON","post_24_hr",0.0425325010964688,-0.176299075377063,0.26136407757,0.70216374748526,0.899512788642365,"up","up","not_applicable"
"T3_18","Irisin","gene",TRUE,"MUSCLE_TRNSCRPT_DA","muscle","transcript-rna-seq","transcript-rna-seq","RNA","tissue_or_blood_cell_context","ENSG00000160097.20","FNDC5","exercise_with_controls","RE-CON","post_24_hr",-0.166979341278743,-0.380581364887508,0.0466226823300229,0.124895438075519,0.307921689046585,"down","up","not_applicable"
"T3_18","Irisin","gene",TRUE,"MUSCLE_TRNSCRPT_DA","muscle","transcript-rna-seq","transcript-rna-seq","RNA","tissue_or_blood_cell_context","ENSG00000160097.20","FNDC5","exercise_with_controls","EE-CON","post_3.5_4_hr",-0.0194732676981095,-0.25508338912848,0.216136853732261,0.870811033213646,0.949690299835044,"down","up","not_applicable"
"T3_18","Irisin","gene",TRUE,"MUSCLE_TRNSCRPT_DA","muscle","transcript-rna-seq","transcript-rna-seq","RNA","tissue_or_blood_cell_context","ENSG00000160097.20","FNDC5","exercise_with_controls","EE-CON","post_15_30_45_min",-0.17206634566812,-0.395583416396905,0.0514507250606655,0.130725985797698,0.474487405492704,"down","up","not_applicable"
"T3_18","Irisin","gene",TRUE,"MUSCLE_TRNSCRPT_DA","muscle","transcript-rna-seq","transcript-rna-seq","RNA","tissue_or_blood_cell_context","ENSG00000160097.20","FNDC5","Endur_vs_Resist","EE-RE","post_24_hr",0.209511842375211,0.0285287404707697,0.390494944279653,0.0234588041867404,0.096290750452237,"up","up","not_applicable"
"T3_18","Irisin","gene",TRUE,"MUSCLE_TRNSCRPT_DA","muscle","transcript-rna-seq","transcript-rna-seq","RNA","tissue_or_blood_cell_context","ENSG00000160097.20","FNDC5","exercise_with_controls","RE-CON","post_15_30_45_min",-0.158910200474256,-0.375183564012413,0.0573631630639017,0.149089597639549,0.505486679020433,"down","up","not_applicable"
"T3_18","Irisin","gene",TRUE,"MUSCLE_TRNSCRPT_DA","muscle","transcript-rna-seq","transcript-rna-seq","RNA","tissue_or_blood_cell_context","ENSG00000160097.20","FNDC5","Endur_vs_Resist","EE-RE","post_3.5_4_hr",0.0124048445614493,-0.179988190847903,0.204797879970802,0.899047378663476,0.943709906665579,"up","up","not_applicable"
"T3_18","Irisin","gene",TRUE,"MUSCLE_TRNSCRPT_DA","muscle","transcript-rna-seq","transcript-rna-seq","RNA","tissue_or_blood_cell_context","ENSG00000160097.20","FNDC5","exercise_with_controls","RE-CON","post_3.5_4_hr",-0.0318781122595588,-0.256864468245658,0.193108243726541,0.780409495476427,0.863813634651045,"down","up","not_applicable"
"T3_20","METRNL","gene",TRUE,"MUSCLE_TRNSCRPT_DA","muscle","transcript-rna-seq","transcript-rna-seq","RNA","tissue_or_blood_cell_context","ENSG00000176845.13","METRNL","exercise_with_controls","RE-CON","post_3.5_4_hr",0.652993411445952,0.309566967611228,0.996419855280676,0.000219853687341424,0.00124106423303677,"up","up","not_applicable"
"T3_20","METRNL","gene",TRUE,"MUSCLE_TRNSCRPT_DA","muscle","transcript-rna-seq","transcript-rna-seq","RNA","tissue_or_blood_cell_context","ENSG00000176845.13","METRNL","Endur_vs_Resist","EE-RE","post_15_30_45_min",0.198014548586725,-0.0881804631132633,0.484209560286714,0.174351945205776,0.757766751940493,"up","up","not_applicable"
"T3_20","METRNL","gene",TRUE,"MUSCLE_TRNSCRPT_DA","muscle","transcript-rna-seq","transcript-rna-seq","RNA","tissue_or_blood_cell_context","ENSG00000176845.13","METRNL","Endur_vs_Resist","EE-RE","post_3.5_4_hr",-0.453005162188737,-0.738118305718792,-0.167892018658682,0.00194126588068542,0.00992823990837535,"down","up","not_applicable"
"T3_20","METRNL","gene",TRUE,"MUSCLE_TRNSCRPT_DA","muscle","transcript-rna-seq","transcript-rna-seq","RNA","tissue_or_blood_cell_context","ENSG00000176845.13","METRNL","Endur_vs_Resist","EE-RE","post_24_hr",-0.0264681308332033,-0.312254756767572,0.259318495101165,0.855479417991515,0.935367223764615,"down","up","not_applicable"
"T3_20","METRNL","gene",TRUE,"MUSCLE_TRNSCRPT_DA","muscle","transcript-rna-seq","transcript-rna-seq","RNA","tissue_or_blood_cell_context","ENSG00000176845.13","METRNL","exercise_with_controls","EE-CON","post_15_30_45_min",0.517357339962837,0.160980908288839,0.873733771636835,0.00458310608373333,0.0683022928450145,"up","up","not_applicable"
"T3_20","METRNL","gene",TRUE,"MUSCLE_TRNSCRPT_DA","muscle","transcript-rna-seq","transcript-rna-seq","RNA","tissue_or_blood_cell_context","ENSG00000176845.13","METRNL","exercise_with_controls","RE-CON","post_24_hr",-0.108448655570859,-0.434704542051446,0.217807230909729,0.513449558757128,0.730358328926541,"down","up","not_applicable"
"T3_20","METRNL","gene",TRUE,"MUSCLE_TRNSCRPT_DA","muscle","transcript-rna-seq","transcript-rna-seq","RNA","tissue_or_blood_cell_context","ENSG00000176845.13","METRNL","exercise_with_controls","EE-CON","post_24_hr",-0.134916786404062,-0.466646590348489,0.196813017540364,0.424088050518989,0.737363836336808,"down","up","not_applicable"
"T3_20","METRNL","gene",TRUE,"MUSCLE_TRNSCRPT_DA","muscle","transcript-rna-seq","transcript-rna-seq","RNA","tissue_or_blood_cell_context","ENSG00000176845.13","METRNL","exercise_with_controls","EE-CON","post_3.5_4_hr",0.199988249257216,-0.160479730807869,0.5604562293223,0.275768497501585,0.553295807934377,"up","up","not_applicable"
"T3_20","METRNL","gene",TRUE,"MUSCLE_TRNSCRPT_DA","muscle","transcript-rna-seq","transcript-rna-seq","RNA","tissue_or_blood_cell_context","ENSG00000176845.13","METRNL","exercise_with_controls","RE-CON","post_15_30_45_min",0.319342791376112,-0.0302515185706922,0.668937101322916,0.07323497516434,0.369091844042071,"up","up","not_applicable"
"T3_21","Myonectin (CTRP15)","gene",TRUE,"MUSCLE_TRNSCRPT_DA","muscle","transcript-rna-seq","transcript-rna-seq","RNA","tissue_or_blood_cell_context","ENSG00000178752.16","ERFE","exercise_with_controls","EE-CON","post_15_30_45_min",0.508091755443206,-0.0534564898709,1.06964000075731,0.0759830439995585,0.367750699271845,"up","up;unchanged","not_applicable"
"T3_21","Myonectin (CTRP15)","gene",TRUE,"MUSCLE_TRNSCRPT_DA","muscle","transcript-rna-seq","transcript-rna-seq","RNA","tissue_or_blood_cell_context","ENSG00000178752.16","ERFE","Endur_vs_Resist","EE-RE","post_15_30_45_min",0.0122444377923124,-0.414405342681136,0.438894218265761,0.954994395835406,0.994833163080012,"up","up;unchanged","not_applicable"
"T3_21","Myonectin (CTRP15)","gene",TRUE,"MUSCLE_TRNSCRPT_DA","muscle","transcript-rna-seq","transcript-rna-seq","RNA","tissue_or_blood_cell_context","ENSG00000178752.16","ERFE","Endur_vs_Resist","EE-RE","post_24_hr",0.0328796598325151,-0.389995013488037,0.455754333153067,0.878452246091807,0.946221685458481,"up","up;unchanged","not_applicable"
"T3_21","Myonectin (CTRP15)","gene",TRUE,"MUSCLE_TRNSCRPT_DA","muscle","transcript-rna-seq","transcript-rna-seq","RNA","tissue_or_blood_cell_context","ENSG00000178752.16","ERFE","exercise_with_controls","EE-CON","post_24_hr",-0.196208554424857,-0.721511385030377,0.329094276180663,0.462790167264482,0.764792146651746,"down","up;unchanged","not_applicable"
"T3_21","Myonectin (CTRP15)","gene",TRUE,"MUSCLE_TRNSCRPT_DA","muscle","transcript-rna-seq","transcript-rna-seq","RNA","tissue_or_blood_cell_context","ENSG00000178752.16","ERFE","exercise_with_controls","RE-CON","post_24_hr",-0.229088214257372,-0.725800142273783,0.267623713759039,0.364704170058044,0.60676218315915,"down","up;unchanged","not_applicable"
"T3_21","Myonectin (CTRP15)","gene",TRUE,"MUSCLE_TRNSCRPT_DA","muscle","transcript-rna-seq","transcript-rna-seq","RNA","tissue_or_blood_cell_context","ENSG00000178752.16","ERFE","exercise_with_controls","EE-CON","post_3.5_4_hr",1.05886956453603,0.507142002852706,1.61059712621935,0.00019291569990661,0.00305061809363814,"up","up;unchanged","not_applicable"
"T3_21","Myonectin (CTRP15)","gene",TRUE,"MUSCLE_TRNSCRPT_DA","muscle","transcript-rna-seq","transcript-rna-seq","RNA","tissue_or_blood_cell_context","ENSG00000178752.16","ERFE","Endur_vs_Resist","EE-RE","post_3.5_4_hr",0.0136561122897664,-0.37716871706392,0.404480941643453,0.945226303288854,0.970283002989922,"up","up;unchanged","not_applicable"
"T3_21","Myonectin (CTRP15)","gene",TRUE,"MUSCLE_TRNSCRPT_DA","muscle","transcript-rna-seq","transcript-rna-seq","RNA","tissue_or_blood_cell_context","ENSG00000178752.16","ERFE","exercise_with_controls","RE-CON","post_3.5_4_hr",1.04521345224626,0.517740853652628,1.57268605083989,0.000120291957199346,0.000733345613516987,"up","up;unchanged","not_applicable"
"T3_21","Myonectin (CTRP15)","gene",TRUE,"MUSCLE_TRNSCRPT_DA","muscle","transcript-rna-seq","transcript-rna-seq","RNA","tissue_or_blood_cell_context","ENSG00000178752.16","ERFE","exercise_with_controls","RE-CON","post_15_30_45_min",0.495847317650894,-0.0347116195730764,1.02640625487486,0.0668705225705989,0.352326983557089,"up","up;unchanged","not_applicable"
"T3_23","Myostatin (GDF8)","gene",TRUE,"MUSCLE_TRNSCRPT_DA","muscle","transcript-rna-seq","transcript-rna-seq","RNA","tissue_or_blood_cell_context","ENSG00000138379.5","MSTN","exercise_with_controls","RE-CON","post_15_30_45_min",-0.125838737108982,-0.506799155263369,0.255121681045405,0.515969406476859,0.820867199723086,"down","up;unchanged","not_applicable"
"T3_23","Myostatin (GDF8)","gene",TRUE,"MUSCLE_TRNSCRPT_DA","muscle","transcript-rna-seq","transcript-rna-seq","RNA","tissue_or_blood_cell_context","ENSG00000138379.5","MSTN","exercise_with_controls","RE-CON","post_24_hr",-0.781109986218569,-1.13862558897624,-0.423594383460901,2.40795465219119e-05,0.000354936815652004,"down","up;unchanged","not_applicable"
"T3_23","Myostatin (GDF8)","gene",TRUE,"MUSCLE_TRNSCRPT_DA","muscle","transcript-rna-seq","transcript-rna-seq","RNA","tissue_or_blood_cell_context","ENSG00000138379.5","MSTN","exercise_with_controls","RE-CON","post_3.5_4_hr",-1.44874220483892,-1.84229069460906,-1.05519371506878,4.92925942449189e-12,1.42516889385178e-10,"down","up;unchanged","not_applicable"
"T3_23","Myostatin (GDF8)","gene",TRUE,"MUSCLE_TRNSCRPT_DA","muscle","transcript-rna-seq","transcript-rna-seq","RNA","tissue_or_blood_cell_context","ENSG00000138379.5","MSTN","Endur_vs_Resist","EE-RE","post_15_30_45_min",0.26689632810585,-0.0560179905385356,0.589810646750236,0.104844845048008,0.653903871136214,"up","up;unchanged","not_applicable"
"T3_23","Myostatin (GDF8)","gene",TRUE,"MUSCLE_TRNSCRPT_DA","muscle","transcript-rna-seq","transcript-rna-seq","RNA","tissue_or_blood_cell_context","ENSG00000138379.5","MSTN","Endur_vs_Resist","EE-RE","post_24_hr",0.334259794462885,0.0126912849464658,0.655828303979304,0.0416799804175019,0.145259615096588,"up","up;unchanged","not_applicable"
"T3_23","Myostatin (GDF8)","gene",TRUE,"MUSCLE_TRNSCRPT_DA","muscle","transcript-rna-seq","transcript-rna-seq","RNA","tissue_or_blood_cell_context","ENSG00000138379.5","MSTN","exercise_with_controls","EE-CON","post_15_30_45_min",0.141057590996868,-0.242856700746543,0.52497188274028,0.4700221164398,0.794885537908975,"up","up;unchanged","not_applicable"
"T3_23","Myostatin (GDF8)","gene",TRUE,"MUSCLE_TRNSCRPT_DA","muscle","transcript-rna-seq","transcript-rna-seq","RNA","tissue_or_blood_cell_context","ENSG00000138379.5","MSTN","Endur_vs_Resist","EE-RE","post_3.5_4_hr",0.571078004215699,0.196130135922116,0.946025872509282,0.00297211912189398,0.014170000203277,"up","up;unchanged","not_applicable"
"T3_23","Myostatin (GDF8)","gene",TRUE,"MUSCLE_TRNSCRPT_DA","muscle","transcript-rna-seq","transcript-rna-seq","RNA","tissue_or_blood_cell_context","ENSG00000138379.5","MSTN","exercise_with_controls","EE-CON","post_3.5_4_hr",-0.877664200623218,-1.27160165334816,-0.483726747898275,1.67323679206855e-05,0.000395185496427176,"down","up;unchanged","not_applicable"
"T3_23","Myostatin (GDF8)","gene",TRUE,"MUSCLE_TRNSCRPT_DA","muscle","transcript-rna-seq","transcript-rna-seq","RNA","tissue_or_blood_cell_context","ENSG00000138379.5","MSTN","exercise_with_controls","EE-CON","post_24_hr",-0.446850191755684,-0.807589318735239,-0.0861110647761299,0.0153923412611989,0.121675499289904,"down","up;unchanged","not_applicable"
"T3_24","SPARC","gene",TRUE,"MUSCLE_TRNSCRPT_DA","muscle","transcript-rna-seq","transcript-rna-seq","RNA","tissue_or_blood_cell_context","ENSG00000113140.11","SPARC","Endur_vs_Resist","EE-RE","post_15_30_45_min",-0.0096783155754876,-0.17553239820383,0.156175767052854,0.908592521233389,0.990030620621875,"down","up;unchanged","not_applicable"
"T3_24","SPARC","gene",TRUE,"MUSCLE_TRNSCRPT_DA","muscle","transcript-rna-seq","transcript-rna-seq","RNA","tissue_or_blood_cell_context","ENSG00000113140.11","SPARC","exercise_with_controls","EE-CON","post_24_hr",0.00554243207737493,-0.186818804436016,0.197903668590766,0.954790189278509,0.989528453581744,"up","up;unchanged","not_applicable"
"T3_24","SPARC","gene",TRUE,"MUSCLE_TRNSCRPT_DA","muscle","transcript-rna-seq","transcript-rna-seq","RNA","tissue_or_blood_cell_context","ENSG00000113140.11","SPARC","exercise_with_controls","RE-CON","post_24_hr",-0.067801271009599,-0.255681698284701,0.120079156265503,0.477872527534852,0.703668817642311,"down","up;unchanged","not_applicable"
"T3_24","SPARC","gene",TRUE,"MUSCLE_TRNSCRPT_DA","muscle","transcript-rna-seq","transcript-rna-seq","RNA","tissue_or_blood_cell_context","ENSG00000113140.11","SPARC","exercise_with_controls","RE-CON","post_3.5_4_hr",0.0177563254269826,-0.180564706992584,0.216077357846549,0.860168295052855,0.917879799820799,"up","up;unchanged","not_applicable"
"T3_24","SPARC","gene",TRUE,"MUSCLE_TRNSCRPT_DA","muscle","transcript-rna-seq","transcript-rna-seq","RNA","tissue_or_blood_cell_context","ENSG00000113140.11","SPARC","exercise_with_controls","EE-CON","post_15_30_45_min",0.0193486842342798,-0.177073656946987,0.215771025415547,0.846319366721896,0.961132513524657,"up","up;unchanged","not_applicable"
"T3_24","SPARC","gene",TRUE,"MUSCLE_TRNSCRPT_DA","muscle","transcript-rna-seq","transcript-rna-seq","RNA","tissue_or_blood_cell_context","ENSG00000113140.11","SPARC","Endur_vs_Resist","EE-RE","post_3.5_4_hr",-0.0469376982166336,-0.215924032467701,0.122048636034434,0.58483911180682,0.740915102018418,"down","up;unchanged","not_applicable"
"T3_24","SPARC","gene",TRUE,"MUSCLE_TRNSCRPT_DA","muscle","transcript-rna-seq","transcript-rna-seq","RNA","tissue_or_blood_cell_context","ENSG00000113140.11","SPARC","Endur_vs_Resist","EE-RE","post_24_hr",0.0733437030869739,-0.0856564092174904,0.232343815391438,0.364472429709635,0.605705188451416,"up","up;unchanged","not_applicable"
"T3_24","SPARC","gene",TRUE,"MUSCLE_TRNSCRPT_DA","muscle","transcript-rna-seq","transcript-rna-seq","RNA","tissue_or_blood_cell_context","ENSG00000113140.11","SPARC","exercise_with_controls","RE-CON","post_15_30_45_min",0.0290269998097674,-0.161328434489964,0.219382434109499,0.764162083513681,0.927233764543099,"up","up;unchanged","not_applicable"
"T3_24","SPARC","gene",TRUE,"MUSCLE_TRNSCRPT_DA","muscle","transcript-rna-seq","transcript-rna-seq","RNA","tissue_or_blood_cell_context","ENSG00000113140.11","SPARC","exercise_with_controls","EE-CON","post_3.5_4_hr",-0.029181372789651,-0.236651445687158,0.178288700107855,0.781991789241722,0.912738338818454,"down","up;unchanged","not_applicable"
"T3_25","SDC4","gene",TRUE,"MUSCLE_TRNSCRPT_DA","muscle","transcript-rna-seq","transcript-rna-seq","RNA","tissue_or_blood_cell_context","ENSG00000124145.6","SDC4","exercise_with_controls","RE-CON","post_24_hr",-0.158218878700545,-0.4536512309678,0.13721347356671,0.292700662572715,0.531403175776213,"down","up","not_applicable"
"T3_25","SDC4","gene",TRUE,"MUSCLE_TRNSCRPT_DA","muscle","transcript-rna-seq","transcript-rna-seq","RNA","tissue_or_blood_cell_context","ENSG00000124145.6","SDC4","exercise_with_controls","RE-CON","post_15_30_45_min",1.13789166888255,0.846940687045942,1.42884265071915,2.22277292202041e-13,4.58696977120437e-11,"up","up","not_applicable"
"T3_25","SDC4","gene",TRUE,"MUSCLE_TRNSCRPT_DA","muscle","transcript-rna-seq","transcript-rna-seq","RNA","tissue_or_blood_cell_context","ENSG00000124145.6","SDC4","exercise_with_controls","EE-CON","post_3.5_4_hr",1.28417286136964,0.961995322519208,1.60635040022006,8.17544595745216e-14,1.15357638727844e-11,"up","up","not_applicable"
"T3_25","SDC4","gene",TRUE,"MUSCLE_TRNSCRPT_DA","muscle","transcript-rna-seq","transcript-rna-seq","RNA","tissue_or_blood_cell_context","ENSG00000124145.6","SDC4","exercise_with_controls","RE-CON","post_3.5_4_hr",2.22759627940359,1.91841538210225,2.53677717670492,5.14351187080503e-35,3.03265133839715e-32,"up","up","not_applicable"
"T3_25","SDC4","gene",TRUE,"MUSCLE_TRNSCRPT_DA","muscle","transcript-rna-seq","transcript-rna-seq","RNA","tissue_or_blood_cell_context","ENSG00000124145.6","SDC4","exercise_with_controls","EE-CON","post_24_hr",0.0923053289724711,-0.206993758251298,0.391604416196241,0.544314389673805,0.815360335643304,"up","up","not_applicable"
"T3_25","SDC4","gene",TRUE,"MUSCLE_TRNSCRPT_DA","muscle","transcript-rna-seq","transcript-rna-seq","RNA","tissue_or_blood_cell_context","ENSG00000124145.6","SDC4","Endur_vs_Resist","EE-RE","post_3.5_4_hr",-0.94342341803395,-1.18915446488697,-0.697692371180925,5.05854256868918e-13,2.2449322383465e-11,"down","up","not_applicable"
"T3_25","SDC4","gene",TRUE,"MUSCLE_TRNSCRPT_DA","muscle","transcript-rna-seq","transcript-rna-seq","RNA","tissue_or_blood_cell_context","ENSG00000124145.6","SDC4","Endur_vs_Resist","EE-RE","post_15_30_45_min",-0.744451152298998,-0.990647916497864,-0.498254388100132,7.51667211702111e-09,2.61387616109257e-06,"down","up","not_applicable"
"T3_25","SDC4","gene",TRUE,"MUSCLE_TRNSCRPT_DA","muscle","transcript-rna-seq","transcript-rna-seq","RNA","tissue_or_blood_cell_context","ENSG00000124145.6","SDC4","Endur_vs_Resist","EE-RE","post_24_hr",0.250524207673016,0.000462556365112832,0.500585858980919,0.0495805955543727,0.164693370625179,"up","up","not_applicable"
"T3_25","SDC4","gene",TRUE,"MUSCLE_TRNSCRPT_DA","muscle","transcript-rna-seq","transcript-rna-seq","RNA","tissue_or_blood_cell_context","ENSG00000124145.6","SDC4","exercise_with_controls","EE-CON","post_15_30_45_min",0.393440516583548,0.0914427818142017,0.695438251352895,0.0108472029960375,0.123330905138831,"up","up","not_applicable"
"T3_26","TGF-beta1","gene",TRUE,"MUSCLE_TRNSCRPT_DA","muscle","transcript-rna-seq","transcript-rna-seq","RNA","tissue_or_blood_cell_context","ENSG00000105329.11","TGFB1","exercise_with_controls","EE-CON","post_24_hr",0.107190003325194,-0.121437804819864,0.335817811470253,0.356855511041587,0.683972255053347,"up","up","not_applicable"
"T3_26","TGF-beta1","gene",TRUE,"MUSCLE_TRNSCRPT_DA","muscle","transcript-rna-seq","transcript-rna-seq","RNA","tissue_or_blood_cell_context","ENSG00000105329.11","TGFB1","Endur_vs_Resist","EE-RE","post_3.5_4_hr",0.19979307297852,0.00454692210084737,0.395039223856193,0.0449313677245567,0.12716817242666,"up","up","not_applicable"
"T3_26","TGF-beta1","gene",TRUE,"MUSCLE_TRNSCRPT_DA","muscle","transcript-rna-seq","transcript-rna-seq","RNA","tissue_or_blood_cell_context","ENSG00000105329.11","TGFB1","Endur_vs_Resist","EE-RE","post_15_30_45_min",-0.11022824035646,-0.311232168009624,0.0907756872967045,0.28132861833823,0.836085357361986,"down","up","not_applicable"
"T3_26","TGF-beta1","gene",TRUE,"MUSCLE_TRNSCRPT_DA","muscle","transcript-rna-seq","transcript-rna-seq","RNA","tissue_or_blood_cell_context","ENSG00000105329.11","TGFB1","exercise_with_controls","RE-CON","post_3.5_4_hr",0.316018106436777,0.0766142447826763,0.555421968090878,0.00986177018671128,0.0318981120713982,"up","up","not_applicable"
"T3_26","TGF-beta1","gene",TRUE,"MUSCLE_TRNSCRPT_DA","muscle","transcript-rna-seq","transcript-rna-seq","RNA","tissue_or_blood_cell_context","ENSG00000105329.11","TGFB1","exercise_with_controls","EE-CON","post_15_30_45_min",0.0895352288506581,-0.152659200221927,0.331729657923244,0.467402233912705,0.7937671296027,"up","up","not_applicable"
"T3_26","TGF-beta1","gene",TRUE,"MUSCLE_TRNSCRPT_DA","muscle","transcript-rna-seq","transcript-rna-seq","RNA","tissue_or_blood_cell_context","ENSG00000105329.11","TGFB1","exercise_with_controls","RE-CON","post_15_30_45_min",0.199763469207118,-0.03331249389684,0.432839432311076,0.0926902547234341,0.414382491517948,"up","up","not_applicable"
"T3_26","TGF-beta1","gene",TRUE,"MUSCLE_TRNSCRPT_DA","muscle","transcript-rna-seq","transcript-rna-seq","RNA","tissue_or_blood_cell_context","ENSG00000105329.11","TGFB1","exercise_with_controls","RE-CON","post_24_hr",0.00881462610605466,-0.217401141381662,0.235030393593771,0.938911304173049,0.975941501871766,"up","up","not_applicable"
"T3_26","TGF-beta1","gene",TRUE,"MUSCLE_TRNSCRPT_DA","muscle","transcript-rna-seq","transcript-rna-seq","RNA","tissue_or_blood_cell_context","ENSG00000105329.11","TGFB1","exercise_with_controls","EE-CON","post_3.5_4_hr",0.515811179415298,0.271315095043393,0.760307263787202,4.35207293191391e-05,0.00088265813308313,"up","up","not_applicable"
"T3_26","TGF-beta1","gene",TRUE,"MUSCLE_TRNSCRPT_DA","muscle","transcript-rna-seq","transcript-rna-seq","RNA","tissue_or_blood_cell_context","ENSG00000105329.11","TGFB1","Endur_vs_Resist","EE-RE","post_24_hr",0.0983753772191398,-0.093188804533656,0.289939558971936,0.312934917534239,0.554198943743055,"up","up","not_applicable"
"T3_27","TGF-beta2","gene",TRUE,"MUSCLE_TRNSCRPT_DA","muscle","transcript-rna-seq","transcript-rna-seq","RNA","tissue_or_blood_cell_context","ENSG00000092969.12","TGFB2","exercise_with_controls","RE-CON","post_15_30_45_min",0.123749520578893,-0.266138315122743,0.513637356280528,0.53267258723491,0.829768988739491,"up","up","not_applicable"
"T3_27","TGF-beta2","gene",TRUE,"MUSCLE_TRNSCRPT_DA","muscle","transcript-rna-seq","transcript-rna-seq","RNA","tissue_or_blood_cell_context","ENSG00000092969.12","TGFB2","exercise_with_controls","RE-CON","post_24_hr",0.516334728794281,0.152209013039518,0.880460444549043,0.00560160624118548,0.0306683825247298,"up","up","not_applicable"
"T3_27","TGF-beta2","gene",TRUE,"MUSCLE_TRNSCRPT_DA","muscle","transcript-rna-seq","transcript-rna-seq","RNA","tissue_or_blood_cell_context","ENSG00000092969.12","TGFB2","exercise_with_controls","RE-CON","post_3.5_4_hr",2.05414113388106,1.6711976346742,2.43708463308792,2.30314647154683e-22,3.04181160790133e-20,"up","up","not_applicable"
"T3_27","TGF-beta2","gene",TRUE,"MUSCLE_TRNSCRPT_DA","muscle","transcript-rna-seq","transcript-rna-seq","RNA","tissue_or_blood_cell_context","ENSG00000092969.12","TGFB2","exercise_with_controls","EE-CON","post_24_hr",-0.2549239252088,-0.640352158322532,0.130504307904932,0.194049541817447,0.518627794376595,"down","up","not_applicable"
"T3_27","TGF-beta2","gene",TRUE,"MUSCLE_TRNSCRPT_DA","muscle","transcript-rna-seq","transcript-rna-seq","RNA","tissue_or_blood_cell_context","ENSG00000092969.12","TGFB2","Endur_vs_Resist","EE-RE","post_24_hr",-0.771258654003081,-1.07764093239243,-0.464876375613735,1.2278310359235e-06,3.33941722768717e-05,"down","up","not_applicable"
"T3_27","TGF-beta2","gene",TRUE,"MUSCLE_TRNSCRPT_DA","muscle","transcript-rna-seq","transcript-rna-seq","RNA","tissue_or_blood_cell_context","ENSG00000092969.12","TGFB2","exercise_with_controls","EE-CON","post_3.5_4_hr",0.209990731044694,-0.205624447716312,0.625605909805699,0.320886965420988,0.601171460750691,"up","up","not_applicable"
"T3_27","TGF-beta2","gene",TRUE,"MUSCLE_TRNSCRPT_DA","muscle","transcript-rna-seq","transcript-rna-seq","RNA","tissue_or_blood_cell_context","ENSG00000092969.12","TGFB2","Endur_vs_Resist","EE-RE","post_3.5_4_hr",-1.84415040283637,-2.15012097734721,-1.53817982832553,4.88942996112206e-27,1.58273723976792e-24,"down","up","not_applicable"
"T3_27","TGF-beta2","gene",TRUE,"MUSCLE_TRNSCRPT_DA","muscle","transcript-rna-seq","transcript-rna-seq","RNA","tissue_or_blood_cell_context","ENSG00000092969.12","TGFB2","Endur_vs_Resist","EE-RE","post_15_30_45_min",0.0873550660780258,-0.235999489434346,0.410709621590397,0.595381880247835,0.940829575463709,"up","up","not_applicable"
"T3_27","TGF-beta2","gene",TRUE,"MUSCLE_TRNSCRPT_DA","muscle","transcript-rna-seq","transcript-rna-seq","RNA","tissue_or_blood_cell_context","ENSG00000092969.12","TGFB2","exercise_with_controls","EE-CON","post_15_30_45_min",0.211104586656918,-0.188546632944164,0.610755806258001,0.299407307467411,0.675077197347649,"up","up","not_applicable"
"T3_28","VEGF","gene",TRUE,"MUSCLE_TRNSCRPT_DA","muscle","transcript-rna-seq","transcript-rna-seq","RNA","tissue_or_blood_cell_context","ENSG00000112715.26","VEGFA","exercise_with_controls","EE-CON","post_15_30_45_min",0.337935425643117,0.106170438523396,0.569700412762838,0.00440730057865979,0.0665691905334807,"up","up;unchanged","not_applicable"
"T3_28","VEGF","gene",TRUE,"MUSCLE_TRNSCRPT_DA","muscle","transcript-rna-seq","transcript-rna-seq","RNA","tissue_or_blood_cell_context","ENSG00000112715.26","VEGFA","exercise_with_controls","RE-CON","post_3.5_4_hr",1.37062317153433,1.13741489490255,1.60383144816611,8.36533474128815e-26,1.6841867224869e-23,"up","up;unchanged","not_applicable"
"T3_28","VEGF","gene",TRUE,"MUSCLE_TRNSCRPT_DA","muscle","transcript-rna-seq","transcript-rna-seq","RNA","tissue_or_blood_cell_context","ENSG00000112715.26","VEGFA","Endur_vs_Resist","EE-RE","post_24_hr",0.115928640677307,-0.0714602997634232,0.303317581118037,0.224369649371512,0.453025155429367,"up","up;unchanged","not_applicable"
"T3_28","VEGF","gene",TRUE,"MUSCLE_TRNSCRPT_DA","muscle","transcript-rna-seq","transcript-rna-seq","RNA","tissue_or_blood_cell_context","ENSG00000112715.26","VEGFA","exercise_with_controls","EE-CON","post_24_hr",0.270277249849012,0.0441097292916024,0.496444770406421,0.0193367725195964,0.139952116407723,"up","up;unchanged","not_applicable"
"T3_28","VEGF","gene",TRUE,"MUSCLE_TRNSCRPT_DA","muscle","transcript-rna-seq","transcript-rna-seq","RNA","tissue_or_blood_cell_context","ENSG00000112715.26","VEGFA","exercise_with_controls","RE-CON","post_24_hr",0.154348609171705,-0.0672706451222006,0.37596786346561,0.171516507156922,0.381099060114889,"up","up;unchanged","not_applicable"
"T3_28","VEGF","gene",TRUE,"MUSCLE_TRNSCRPT_DA","muscle","transcript-rna-seq","transcript-rna-seq","RNA","tissue_or_blood_cell_context","ENSG00000112715.26","VEGFA","exercise_with_controls","RE-CON","post_15_30_45_min",0.869150395607043,0.643872305463575,1.09442848575051,4.22200608500207e-13,8.01162051233323e-11,"up","up;unchanged","not_applicable"
"T3_28","VEGF","gene",TRUE,"MUSCLE_TRNSCRPT_DA","muscle","transcript-rna-seq","transcript-rna-seq","RNA","tissue_or_blood_cell_context","ENSG00000112715.26","VEGFA","Endur_vs_Resist","EE-RE","post_3.5_4_hr",0.207908699013988,0.0069089711754107,0.408908426852565,0.0426743639933983,0.122014387801699,"up","up;unchanged","not_applicable"
"T3_28","VEGF","gene",TRUE,"MUSCLE_TRNSCRPT_DA","muscle","transcript-rna-seq","transcript-rna-seq","RNA","tissue_or_blood_cell_context","ENSG00000112715.26","VEGFA","exercise_with_controls","EE-CON","post_3.5_4_hr",1.57853187054832,1.33414618985489,1.82291755124174,6.43059216308332e-30,6.6351653762714e-27,"up","up;unchanged","not_applicable"
"T3_28","VEGF","gene",TRUE,"MUSCLE_TRNSCRPT_DA","muscle","transcript-rna-seq","transcript-rna-seq","RNA","tissue_or_blood_cell_context","ENSG00000112715.26","VEGFA","Endur_vs_Resist","EE-RE","post_15_30_45_min",-0.531214969963925,-0.727335582486412,-0.335094357441439,1.94000035273834e-07,4.05410959789333e-05,"down","up;unchanged","not_applicable"
"T3_02","Adiponectin","gene",TRUE,"MUSCLE_PROT_PR_DA","muscle","prot-pr","prot-pr","protein","tissue_or_blood_cell_context","Q15848","ADIPOQ","exercise_with_controls","RE-CON","post_15_30_45_min",0.1696823071948,0.0347740460296794,0.304590568359921,0.0139201917324801,0.806777902627204,"up","up","not_applicable"
"T3_02","Adiponectin","gene",TRUE,"MUSCLE_PROT_PR_DA","muscle","prot-pr","prot-pr","protein","tissue_or_blood_cell_context","Q15848","ADIPOQ","exercise_with_controls","EE-CON","post_15_30_45_min",0.098942035093482,-0.0370952872820528,0.234979357469017,0.153216948067968,0.997666211618705,"up","up","not_applicable"
"T3_02","Adiponectin","gene",TRUE,"MUSCLE_PROT_PR_DA","muscle","prot-pr","prot-pr","protein","tissue_or_blood_cell_context","Q15848","ADIPOQ","Endur_vs_Resist","EE-RE","post_3.5_4_hr",-0.0159405205843008,-0.136900812744524,0.105019771575922,0.795388865529671,0.980755464402538,"down","up","not_applicable"
"T3_02","Adiponectin","gene",TRUE,"MUSCLE_PROT_PR_DA","muscle","prot-pr","prot-pr","protein","tissue_or_blood_cell_context","Q15848","ADIPOQ","Endur_vs_Resist","EE-RE","post_15_30_45_min",-0.0707402721013183,-0.189756932737864,0.0482763885352275,0.242797949037086,0.999972761661199,"down","up","not_applicable"
"T3_02","Adiponectin","gene",TRUE,"MUSCLE_PROT_PR_DA","muscle","prot-pr","prot-pr","protein","tissue_or_blood_cell_context","Q15848","ADIPOQ","exercise_with_controls","RE-CON","post_3.5_4_hr",0.0306448124735803,-0.11648730419155,0.17777692913871,0.681959257170786,0.999907031889275,"up","up","not_applicable"
"T3_02","Adiponectin","gene",TRUE,"MUSCLE_PROT_PR_DA","muscle","prot-pr","prot-pr","protein","tissue_or_blood_cell_context","Q15848","ADIPOQ","Endur_vs_Resist","EE-RE","post_24_hr",0.0219261714037818,-0.0880658688149302,0.131918211622494,0.694846063330357,0.925646766358683,"up","up","not_applicable"
"T3_02","Adiponectin","gene",TRUE,"MUSCLE_PROT_PR_DA","muscle","prot-pr","prot-pr","protein","tissue_or_blood_cell_context","Q15848","ADIPOQ","exercise_with_controls","RE-CON","post_24_hr",0.0572180125947257,-0.0705607833641191,0.18499680855357,0.37853215384636,0.877023313438327,"up","up","not_applicable"
"T3_02","Adiponectin","gene",TRUE,"MUSCLE_PROT_PR_DA","muscle","prot-pr","prot-pr","protein","tissue_or_blood_cell_context","Q15848","ADIPOQ","exercise_with_controls","EE-CON","post_3.5_4_hr",0.0147042918892795,-0.136154977665105,0.165563561443664,0.847894720634894,0.999239529582803,"up","up","not_applicable"
"T3_02","Adiponectin","gene",TRUE,"MUSCLE_PROT_PR_DA","muscle","prot-pr","prot-pr","protein","tissue_or_blood_cell_context","Q15848","ADIPOQ","exercise_with_controls","EE-CON","post_24_hr",0.0791441839985076,-0.0523229086290003,0.210611276626016,0.236782807664184,0.78935826383034,"up","up","not_applicable"
"T3_08","Fetuin-A","gene",TRUE,"MUSCLE_PROT_PR_DA","muscle","prot-pr","prot-pr","protein","tissue_or_blood_cell_context","P02765","AHSG","exercise_with_controls","RE-CON","post_15_30_45_min",0.110195289692506,-0.218446264031106,0.438836843416119,0.510077119813175,0.898493237409753,"up","down;unchanged","not_applicable"
"T3_08","Fetuin-A","gene",TRUE,"MUSCLE_PROT_PR_DA","muscle","prot-pr","prot-pr","protein","tissue_or_blood_cell_context","P02765","AHSG","exercise_with_controls","EE-CON","post_3.5_4_hr",0.0435165829513112,-0.322356813592615,0.409389979495238,0.815202698171941,0.999239529582803,"up","down;unchanged","not_applicable"
"T3_08","Fetuin-A","gene",TRUE,"MUSCLE_PROT_PR_DA","muscle","prot-pr","prot-pr","protein","tissue_or_blood_cell_context","P02765","AHSG","Endur_vs_Resist","EE-RE","post_24_hr",0.090443389966912,-0.180258622966752,0.361145402900576,0.511589722269907,0.865340535495015,"up","down;unchanged","not_applicable"
"T3_08","Fetuin-A","gene",TRUE,"MUSCLE_PROT_PR_DA","muscle","prot-pr","prot-pr","protein","tissue_or_blood_cell_context","P02765","AHSG","exercise_with_controls","EE-CON","post_15_30_45_min",0.088913466086138,-0.24412282354474,0.421949755717016,0.599900370164667,0.997666211618705,"up","down;unchanged","not_applicable"
"T3_08","Fetuin-A","gene",TRUE,"MUSCLE_PROT_PR_DA","muscle","prot-pr","prot-pr","protein","tissue_or_blood_cell_context","P02765","AHSG","Endur_vs_Resist","EE-RE","post_15_30_45_min",-0.0212818236063685,-0.309771518615388,0.267207871402651,0.884739441895859,0.999972761661199,"down","down;unchanged","not_applicable"
"T3_08","Fetuin-A","gene",TRUE,"MUSCLE_PROT_PR_DA","muscle","prot-pr","prot-pr","protein","tissue_or_blood_cell_context","P02765","AHSG","exercise_with_controls","RE-CON","post_24_hr",0.0978662775123241,-0.216630454446574,0.412363009471222,0.54096457582439,0.91104329702888,"up","down;unchanged","not_applicable"
"T3_08","Fetuin-A","gene",TRUE,"MUSCLE_PROT_PR_DA","muscle","prot-pr","prot-pr","protein","tissue_or_blood_cell_context","P02765","AHSG","exercise_with_controls","EE-CON","post_24_hr",0.188309667479236,-0.136118444289608,0.51273777924808,0.254448525477646,0.798000461073689,"up","down;unchanged","not_applicable"
"T3_08","Fetuin-A","gene",TRUE,"MUSCLE_PROT_PR_DA","muscle","prot-pr","prot-pr","protein","tissue_or_blood_cell_context","P02765","AHSG","exercise_with_controls","RE-CON","post_3.5_4_hr",0.041076283905799,-0.313587147946554,0.395739715758152,0.81996763840262,0.999907031889275,"up","down;unchanged","not_applicable"
"T3_08","Fetuin-A","gene",TRUE,"MUSCLE_PROT_PR_DA","muscle","prot-pr","prot-pr","protein","tissue_or_blood_cell_context","P02765","AHSG","Endur_vs_Resist","EE-RE","post_3.5_4_hr",0.00244029904551218,-0.28986230344772,0.294742901538744,0.986910647363265,0.996809780483962,"up","down;unchanged","not_applicable"
"T3_13","HSP72","gene",TRUE,"MUSCLE_PROT_PR_DA","muscle","prot-pr","prot-pr","protein","tissue_or_blood_cell_context","P0DMV8","HSPA1A","Endur_vs_Resist","EE-RE","post_24_hr",-0.0349706268365099,-0.115809299666742,0.0458680459937219,0.394875235043533,0.815790777026027,"down","up","not_applicable"
"T3_13","HSP72","gene",TRUE,"MUSCLE_PROT_PR_DA","muscle","prot-pr","prot-pr","protein","tissue_or_blood_cell_context","P0DMV8","HSPA1A","Endur_vs_Resist","EE-RE","post_15_30_45_min",0.0109710312774529,-0.0765073049145047,0.0984493674694105,0.80505054161481,0.999972761661199,"up","up","not_applicable"
"T3_13","HSP72","gene",TRUE,"MUSCLE_PROT_PR_DA","muscle","prot-pr","prot-pr","protein","tissue_or_blood_cell_context","P0DMV8","HSPA1A","exercise_with_controls","RE-CON","post_15_30_45_min",-0.063628619697418,-0.162884120409391,0.0356268810145554,0.207829521524061,0.80696746128871,"down","up","not_applicable"
"T3_13","HSP72","gene",TRUE,"MUSCLE_PROT_PR_DA","muscle","prot-pr","prot-pr","protein","tissue_or_blood_cell_context","P0DMV8","HSPA1A","exercise_with_controls","EE-CON","post_15_30_45_min",-0.052657588419965,-0.153472354641483,0.0481571778015527,0.304498345634747,0.997666211618705,"down","up","not_applicable"
"T3_13","HSP72","gene",TRUE,"MUSCLE_PROT_PR_DA","muscle","prot-pr","prot-pr","protein","tissue_or_blood_cell_context","P0DMV8","HSPA1A","exercise_with_controls","EE-CON","post_24_hr",-0.0486675990803877,-0.145906574406873,0.0485713762460974,0.325079283458217,0.834009738698149,"down","up","not_applicable"
"T3_13","HSP72","gene",TRUE,"MUSCLE_PROT_PR_DA","muscle","prot-pr","prot-pr","protein","tissue_or_blood_cell_context","P0DMV8","HSPA1A","exercise_with_controls","EE-CON","post_3.5_4_hr",0.00322055721602614,-0.108698873885047,0.115139988317099,0.954837429630806,0.999239529582803,"up","up","not_applicable"
"T3_13","HSP72","gene",TRUE,"MUSCLE_PROT_PR_DA","muscle","prot-pr","prot-pr","protein","tissue_or_blood_cell_context","P0DMV8","HSPA1A","Endur_vs_Resist","EE-RE","post_3.5_4_hr",-0.0603115214954884,-0.149345596484955,0.0287225534939781,0.183305778951291,0.844173843759997,"down","up","not_applicable"
"T3_13","HSP72","gene",TRUE,"MUSCLE_PROT_PR_DA","muscle","prot-pr","prot-pr","protein","tissue_or_blood_cell_context","P0DMV8","HSPA1A","exercise_with_controls","RE-CON","post_3.5_4_hr",0.0635320787115145,-0.0451343609476889,0.172198518370718,0.250558076210075,0.999907031889275,"up","up","not_applicable"
"T3_13","HSP72","gene",TRUE,"MUSCLE_PROT_PR_DA","muscle","prot-pr","prot-pr","protein","tissue_or_blood_cell_context","P0DMV8","HSPA1A","exercise_with_controls","RE-CON","post_24_hr",-0.0136969722438777,-0.107756893230205,0.0803629487424494,0.77441796269034,0.967346575212887,"down","up","not_applicable"
"T3_24","SPARC","gene",TRUE,"MUSCLE_PROT_PR_DA","muscle","prot-pr","prot-pr","protein","tissue_or_blood_cell_context","P09486","SPARC","Endur_vs_Resist","EE-RE","post_3.5_4_hr",-0.0164057529361133,-0.122154828112911,0.089343322240684,0.760063982690904,0.974345094030575,"down","up;unchanged","not_applicable"
"T3_24","SPARC","gene",TRUE,"MUSCLE_PROT_PR_DA","muscle","prot-pr","prot-pr","protein","tissue_or_blood_cell_context","P09486","SPARC","exercise_with_controls","RE-CON","post_24_hr",-0.00243211494037121,-0.113705246249502,0.10884101636876,0.965674047704338,0.995186612587158,"down","up;unchanged","not_applicable"
"T3_24","SPARC","gene",TRUE,"MUSCLE_PROT_PR_DA","muscle","prot-pr","prot-pr","protein","tissue_or_blood_cell_context","P09486","SPARC","exercise_with_controls","RE-CON","post_15_30_45_min",0.0346063197668846,-0.0830318192735425,0.152244458807312,0.562618587477566,0.912802807644275,"up","up;unchanged","not_applicable"
"T3_24","SPARC","gene",TRUE,"MUSCLE_PROT_PR_DA","muscle","prot-pr","prot-pr","protein","tissue_or_blood_cell_context","P09486","SPARC","Endur_vs_Resist","EE-RE","post_15_30_45_min",-0.0463151542815231,-0.150152267427864,0.0575219588648181,0.380292230030661,0.999972761661199,"down","up;unchanged","not_applicable"
"T3_24","SPARC","gene",TRUE,"MUSCLE_PROT_PR_DA","muscle","prot-pr","prot-pr","protein","tissue_or_blood_cell_context","P09486","SPARC","exercise_with_controls","RE-CON","post_3.5_4_hr",0.00793643593923232,-0.121252999092391,0.137125870970855,0.903737064143207,0.999907031889275,"up","up;unchanged","not_applicable"
"T3_24","SPARC","gene",TRUE,"MUSCLE_PROT_PR_DA","muscle","prot-pr","prot-pr","protein","tissue_or_blood_cell_context","P09486","SPARC","Endur_vs_Resist","EE-RE","post_24_hr",0.0284739576522125,-0.067176611897011,0.124124527201436,0.557958995788832,0.882026806526963,"up","up;unchanged","not_applicable"
"T3_24","SPARC","gene",TRUE,"MUSCLE_PROT_PR_DA","muscle","prot-pr","prot-pr","protein","tissue_or_blood_cell_context","P09486","SPARC","exercise_with_controls","EE-CON","post_3.5_4_hr",-0.00846931699688103,-0.141362854957313,0.124424220963551,0.900153000587441,0.999239529582803,"down","up;unchanged","not_applicable"
"T3_24","SPARC","gene",TRUE,"MUSCLE_PROT_PR_DA","muscle","prot-pr","prot-pr","protein","tissue_or_blood_cell_context","P09486","SPARC","exercise_with_controls","EE-CON","post_15_30_45_min",-0.0117088345146386,-0.131312660018218,0.107894990988941,0.84716983073288,0.997666211618705,"down","up;unchanged","not_applicable"
"T3_24","SPARC","gene",TRUE,"MUSCLE_PROT_PR_DA","muscle","prot-pr","prot-pr","protein","tissue_or_blood_cell_context","P09486","SPARC","exercise_with_controls","EE-CON","post_24_hr",0.0260418427118413,-0.0890252199281134,0.141108905351796,0.655963554541377,0.936697885660288,"up","up;unchanged","not_applicable"
"T3_25","SDC4","gene",TRUE,"MUSCLE_PROT_PR_DA","muscle","prot-pr","prot-pr","protein","tissue_or_blood_cell_context","P31431","SDC4","exercise_with_controls","RE-CON","post_3.5_4_hr",0.352959158832734,0.134527250927251,0.571391066738217,0.00179787723136185,0.485505021042975,"up","up","not_applicable"
"T3_25","SDC4","gene",TRUE,"MUSCLE_PROT_PR_DA","muscle","prot-pr","prot-pr","protein","tissue_or_blood_cell_context","P31431","SDC4","Endur_vs_Resist","EE-RE","post_15_30_45_min",-0.0369943294481849,-0.219008684248021,0.145020025351652,0.687678383958434,0.999972761661199,"down","up","not_applicable"
"T3_25","SDC4","gene",TRUE,"MUSCLE_PROT_PR_DA","muscle","prot-pr","prot-pr","protein","tissue_or_blood_cell_context","P31431","SDC4","Endur_vs_Resist","EE-RE","post_24_hr",-0.202929472341284,-0.359520353670172,-0.0463385910123953,0.0116724088245917,0.338353152012818,"down","up","not_applicable"
"T3_25","SDC4","gene",TRUE,"MUSCLE_PROT_PR_DA","muscle","prot-pr","prot-pr","protein","tissue_or_blood_cell_context","P31431","SDC4","exercise_with_controls","EE-CON","post_15_30_45_min",0.0625719450395822,-0.158667305985136,0.2838111960643,0.576072110998826,0.997666211618705,"up","up","not_applicable"
"T3_25","SDC4","gene",TRUE,"MUSCLE_PROT_PR_DA","muscle","prot-pr","prot-pr","protein","tissue_or_blood_cell_context","P31431","SDC4","exercise_with_controls","EE-CON","post_24_hr",0.126443907067578,-0.0584991013806717,0.311386915515828,0.177923921429333,0.758807890292344,"up","up","not_applicable"
"T3_25","SDC4","gene",TRUE,"MUSCLE_PROT_PR_DA","muscle","prot-pr","prot-pr","protein","tissue_or_blood_cell_context","P31431","SDC4","exercise_with_controls","RE-CON","post_24_hr",0.329373379408862,0.147124547046049,0.511622211771675,0.000528176114499678,0.102515682723672,"up","up","not_applicable"
"T3_25","SDC4","gene",TRUE,"MUSCLE_PROT_PR_DA","muscle","prot-pr","prot-pr","protein","tissue_or_blood_cell_context","P31431","SDC4","exercise_with_controls","RE-CON","post_15_30_45_min",0.0995662744877671,-0.0971386367614012,0.296271185736935,0.317661348612355,0.831674843268635,"up","up","not_applicable"
"T3_25","SDC4","gene",TRUE,"MUSCLE_PROT_PR_DA","muscle","prot-pr","prot-pr","protein","tissue_or_blood_cell_context","P31431","SDC4","Endur_vs_Resist","EE-RE","post_3.5_4_hr",-0.269105528181128,-0.453657823581048,-0.0845532327812072,0.00467316811282939,0.397692663463226,"down","up","not_applicable"
"T3_25","SDC4","gene",TRUE,"MUSCLE_PROT_PR_DA","muscle","prot-pr","prot-pr","protein","tissue_or_blood_cell_context","P31431","SDC4","exercise_with_controls","EE-CON","post_3.5_4_hr",0.0838536306516062,-0.142416580706061,0.310123842009274,0.464132083936643,0.999239529582803,"up","up","not_applicable"
"T3_28","VEGF","gene",TRUE,"MUSCLE_PROT_PR_DA","muscle","prot-pr","prot-pr","protein","tissue_or_blood_cell_context","P15692-16","VEGFA","exercise_with_controls","RE-CON","post_3.5_4_hr",0.0288851502495839,-0.177174975865734,0.234945276364901,0.782027319095928,0.999907031889275,"up","up;unchanged","not_applicable"
"T3_28","VEGF","gene",TRUE,"MUSCLE_PROT_PR_DA","muscle","prot-pr","prot-pr","protein","tissue_or_blood_cell_context","P15692-16","VEGFA","exercise_with_controls","EE-CON","post_3.5_4_hr",0.109976820182697,-0.0975631461209542,0.317516786486348,0.296486636662173,0.999239529582803,"up","up;unchanged","not_applicable"
"T3_28","VEGF","gene",TRUE,"MUSCLE_PROT_PR_DA","muscle","prot-pr","prot-pr","protein","tissue_or_blood_cell_context","P15692-16","VEGFA","Endur_vs_Resist","EE-RE","post_24_hr",0.112175796710962,-0.0496290007907959,0.273980594212719,0.172456720042701,0.67451895223195,"up","up;unchanged","not_applicable"
"T3_28","VEGF","gene",TRUE,"MUSCLE_PROT_PR_DA","muscle","prot-pr","prot-pr","protein","tissue_or_blood_cell_context","P15692-16","VEGFA","Endur_vs_Resist","EE-RE","post_15_30_45_min",0.0687402051166807,-0.108058259349187,0.245538669582549,0.443148924878376,0.999972761661199,"up","up;unchanged","not_applicable"
"T3_28","VEGF","gene",TRUE,"MUSCLE_PROT_PR_DA","muscle","prot-pr","prot-pr","protein","tissue_or_blood_cell_context","P15692-16","VEGFA","exercise_with_controls","RE-CON","post_15_30_45_min",-0.0407622362986024,-0.233869318128453,0.152344845531249,0.676870731243421,0.928333874818568,"down","up;unchanged","not_applicable"
"T3_28","VEGF","gene",TRUE,"MUSCLE_PROT_PR_DA","muscle","prot-pr","prot-pr","protein","tissue_or_blood_cell_context","P15692-16","VEGFA","exercise_with_controls","RE-CON","post_24_hr",0.0109196687069643,-0.163313045253195,0.185152382667123,0.901462225707255,0.990131629024481,"up","up;unchanged","not_applicable"
"T3_28","VEGF","gene",TRUE,"MUSCLE_PROT_PR_DA","muscle","prot-pr","prot-pr","protein","tissue_or_blood_cell_context","P15692-16","VEGFA","exercise_with_controls","EE-CON","post_24_hr",0.123095465417926,-0.053468419163249,0.299659349999101,0.17008250986733,0.756968041518612,"up","up;unchanged","not_applicable"
"T3_28","VEGF","gene",TRUE,"MUSCLE_PROT_PR_DA","muscle","prot-pr","prot-pr","protein","tissue_or_blood_cell_context","P15692-16","VEGFA","exercise_with_controls","EE-CON","post_15_30_45_min",0.0279779688180781,-0.16242095688753,0.218376894523687,0.771646106828071,0.997666211618705,"up","up;unchanged","not_applicable"
"T3_28","VEGF","gene",TRUE,"MUSCLE_PROT_PR_DA","muscle","prot-pr","prot-pr","protein","tissue_or_blood_cell_context","P15692-16","VEGFA","Endur_vs_Resist","EE-RE","post_3.5_4_hr",0.0810916699331128,-0.0858207523894942,0.24800409225572,0.33816203890064,0.896937229189233,"up","up;unchanged","not_applicable"
"T3_08","Fetuin-A","gene",TRUE,"MUSCLE_PROT_PH_DA","muscle","prot-ph","prot-ph","phosphosite","tissue_or_blood_cell_context","P02765_S138s","AHSG","exercise_with_controls","EE-CON","post_3.5_4_hr",-0.0359091802364433,-0.500878342281297,0.42905998180841,0.87928192841032,0.994308143283468,"down","down;unchanged","not_applicable"
"T3_08","Fetuin-A","gene",TRUE,"MUSCLE_PROT_PH_DA","muscle","prot-ph","prot-ph","phosphosite","tissue_or_blood_cell_context","P02765_S138s","AHSG","exercise_with_controls","RE-CON","post_3.5_4_hr",-0.0427420966887274,-0.493459651385264,0.40797545800781,0.852056287026593,0.965727592509113,"down","down;unchanged","not_applicable"
"T3_08","Fetuin-A","gene",TRUE,"MUSCLE_PROT_PH_DA","muscle","prot-ph","prot-ph","phosphosite","tissue_or_blood_cell_context","P02765_S138s","AHSG","Endur_vs_Resist","EE-RE","post_15_30_45_min",-0.0231669303720909,-0.389709345414192,0.34337548467001,0.901060697676039,0.965027506638419,"down","down;unchanged","not_applicable"
"T3_08","Fetuin-A","gene",TRUE,"MUSCLE_PROT_PH_DA","muscle","prot-ph","prot-ph","phosphosite","tissue_or_blood_cell_context","P02765_S138s","AHSG","Endur_vs_Resist","EE-RE","post_24_hr",0.0993774771636281,-0.244471007331867,0.443225961659123,0.569711272281749,0.919501304296815,"up","down;unchanged","not_applicable"
"T3_08","Fetuin-A","gene",TRUE,"MUSCLE_PROT_PH_DA","muscle","prot-ph","prot-ph","phosphosite","tissue_or_blood_cell_context","P02765_S138s","AHSG","exercise_with_controls","EE-CON","post_15_30_45_min",0.124961358443114,-0.298156562636814,0.548079279523041,0.561394710846162,0.855611136751945,"up","down;unchanged","not_applicable"
"T3_08","Fetuin-A","gene",TRUE,"MUSCLE_PROT_PH_DA","muscle","prot-ph","prot-ph","phosphosite","tissue_or_blood_cell_context","P02765_S138s","AHSG","exercise_with_controls","RE-CON","post_15_30_45_min",0.148128288815205,-0.269405539477954,0.565662117108364,0.485456532008779,0.698608179956224,"up","down;unchanged","not_applicable"
"T3_08","Fetuin-A","gene",TRUE,"MUSCLE_PROT_PH_DA","muscle","prot-ph","prot-ph","phosphosite","tissue_or_blood_cell_context","P02765_S138s","AHSG","exercise_with_controls","RE-CON","post_24_hr",0.116451643478279,-0.283040486112598,0.515943773069156,0.566417913670275,0.900044059932871,"up","down;unchanged","not_applicable"
"T3_08","Fetuin-A","gene",TRUE,"MUSCLE_PROT_PH_DA","muscle","prot-ph","prot-ph","phosphosite","tissue_or_blood_cell_context","P02765_S138s","AHSG","Endur_vs_Resist","EE-RE","post_3.5_4_hr",0.00683291645228412,-0.364590702846876,0.378256535751444,0.971136284322014,0.991110415175315,"up","down;unchanged","not_applicable"
"T3_08","Fetuin-A","gene",TRUE,"MUSCLE_PROT_PH_DA","muscle","prot-ph","prot-ph","phosphosite","tissue_or_blood_cell_context","P02765_S138s","AHSG","exercise_with_controls","EE-CON","post_24_hr",0.215829120641907,-0.196293365615962,0.627951606899777,0.303357527943406,0.906088168338294,"up","down;unchanged","not_applicable"
"T3_08","Fetuin-A","gene",TRUE,"MUSCLE_PROT_PH_DA","muscle","prot-ph","prot-ph","phosphosite","tissue_or_blood_cell_context","P02765_S325s","AHSG","exercise_with_controls","RE-CON","post_24_hr",0.202958585009987,-0.00952610807398291,0.415443278093957,0.06106141888005,0.511319521351097,"up","down;unchanged","not_applicable"
"T3_08","Fetuin-A","gene",TRUE,"MUSCLE_PROT_PH_DA","muscle","prot-ph","prot-ph","phosphosite","tissue_or_blood_cell_context","P02765_S325s","AHSG","Endur_vs_Resist","EE-RE","post_15_30_45_min",-0.0653670732184081,-0.313726098097969,0.182991951661153,0.603983750778426,0.82564665652133,"down","down;unchanged","not_applicable"
"T3_08","Fetuin-A","gene",TRUE,"MUSCLE_PROT_PH_DA","muscle","prot-ph","prot-ph","phosphosite","tissue_or_blood_cell_context","P02765_S325s","AHSG","exercise_with_controls","EE-CON","post_15_30_45_min",0.153853604318212,-0.0878058307392134,0.395513039375638,0.210508346285419,0.593185479666203,"up","down;unchanged","not_applicable"
"T3_08","Fetuin-A","gene",TRUE,"MUSCLE_PROT_PH_DA","muscle","prot-ph","prot-ph","phosphosite","tissue_or_blood_cell_context","P02765_S325s","AHSG","exercise_with_controls","RE-CON","post_3.5_4_hr",0.0364287106002612,-0.205164437975571,0.278021859176093,0.766287309487821,0.94205365073007,"up","down;unchanged","not_applicable"
"T3_08","Fetuin-A","gene",TRUE,"MUSCLE_PROT_PH_DA","muscle","prot-ph","prot-ph","phosphosite","tissue_or_blood_cell_context","P02765_S325s","AHSG","Endur_vs_Resist","EE-RE","post_24_hr",0.029535205768605,-0.181291349723741,0.240361761260951,0.782424061173261,0.969529745848365,"up","down;unchanged","not_applicable"
"T3_08","Fetuin-A","gene",TRUE,"MUSCLE_PROT_PH_DA","muscle","prot-ph","prot-ph","phosphosite","tissue_or_blood_cell_context","P02765_S325s","AHSG","exercise_with_controls","EE-CON","post_24_hr",0.232493790778592,0.0159871378672962,0.449000443689888,0.0354815717350859,0.731891847574171,"up","down;unchanged","not_applicable"
"T3_08","Fetuin-A","gene",TRUE,"MUSCLE_PROT_PH_DA","muscle","prot-ph","prot-ph","phosphosite","tissue_or_blood_cell_context","P02765_S325s","AHSG","Endur_vs_Resist","EE-RE","post_3.5_4_hr",0.0874873251619902,-0.139943663706437,0.314918314030417,0.448613351370111,0.780096079676559,"up","down;unchanged","not_applicable"
"T3_08","Fetuin-A","gene",TRUE,"MUSCLE_PROT_PH_DA","muscle","prot-ph","prot-ph","phosphosite","tissue_or_blood_cell_context","P02765_S325s","AHSG","exercise_with_controls","RE-CON","post_15_30_45_min",0.21922067753662,-0.0174132447884604,0.455854599861701,0.069181076219313,0.209748206658755,"up","down;unchanged","not_applicable"
"T3_08","Fetuin-A","gene",TRUE,"MUSCLE_PROT_PH_DA","muscle","prot-ph","prot-ph","phosphosite","tissue_or_blood_cell_context","P02765_S325s","AHSG","exercise_with_controls","EE-CON","post_3.5_4_hr",0.123916035762251,-0.120713353852458,0.36854542537696,0.318693915597879,0.924983687764538,"up","down;unchanged","not_applicable"
"T3_08","Fetuin-A","gene",TRUE,"MUSCLE_PROT_PH_DA","muscle","prot-ph","prot-ph","phosphosite","tissue_or_blood_cell_context","P02765_S328s","AHSG","Endur_vs_Resist","EE-RE","post_3.5_4_hr",0.0302188806989274,-0.175992951560357,0.236430712958211,0.773150290943611,0.934131850576526,"up","down;unchanged","not_applicable"
"T3_08","Fetuin-A","gene",TRUE,"MUSCLE_PROT_PH_DA","muscle","prot-ph","prot-ph","phosphosite","tissue_or_blood_cell_context","P02765_S328s","AHSG","exercise_with_controls","EE-CON","post_3.5_4_hr",-0.0103634835920743,-0.257741413718736,0.237014446534587,0.934318994783628,0.996416757940924,"down","down;unchanged","not_applicable"
"T3_08","Fetuin-A","gene",TRUE,"MUSCLE_PROT_PH_DA","muscle","prot-ph","prot-ph","phosphosite","tissue_or_blood_cell_context","P02765_S328s","AHSG","exercise_with_controls","EE-CON","post_15_30_45_min",0.112123833573564,-0.122513517634733,0.346761184781861,0.34760087206345,0.730090453302556,"up","down;unchanged","not_applicable"
"T3_08","Fetuin-A","gene",TRUE,"MUSCLE_PROT_PH_DA","muscle","prot-ph","prot-ph","phosphosite","tissue_or_blood_cell_context","P02765_S328s","AHSG","exercise_with_controls","RE-CON","post_24_hr",0.0316084526122922,-0.18166551958909,0.244882424813674,0.770648122310546,0.954907609239522,"up","down;unchanged","not_applicable"
"T3_08","Fetuin-A","gene",TRUE,"MUSCLE_PROT_PH_DA","muscle","prot-ph","prot-ph","phosphosite","tissue_or_blood_cell_context","P02765_S328s","AHSG","exercise_with_controls","RE-CON","post_15_30_45_min",0.215877723155038,-0.0153558288751827,0.447111275185259,0.0671501335499748,0.205331806412448,"up","down;unchanged","not_applicable"
"T3_08","Fetuin-A","gene",TRUE,"MUSCLE_PROT_PH_DA","muscle","prot-ph","prot-ph","phosphosite","tissue_or_blood_cell_context","P02765_S328s","AHSG","exercise_with_controls","EE-CON","post_24_hr",0.0363475693447531,-0.187477509722263,0.260172648411769,0.749401816625799,0.980518678431017,"up","down;unchanged","not_applicable"
"T3_08","Fetuin-A","gene",TRUE,"MUSCLE_PROT_PH_DA","muscle","prot-ph","prot-ph","phosphosite","tissue_or_blood_cell_context","P02765_S328s","AHSG","exercise_with_controls","RE-CON","post_3.5_4_hr",-0.0405823642910018,-0.278150005683286,0.196985277101283,0.736863336004749,0.932904832730902,"down","down;unchanged","not_applicable"
"T3_08","Fetuin-A","gene",TRUE,"MUSCLE_PROT_PH_DA","muscle","prot-ph","prot-ph","phosphosite","tissue_or_blood_cell_context","P02765_S328s","AHSG","Endur_vs_Resist","EE-RE","post_24_hr",0.00473911673246089,-0.183527278053569,0.193005511518491,0.960505619767389,0.995815180454963,"up","down;unchanged","not_applicable"
"T3_08","Fetuin-A","gene",TRUE,"MUSCLE_PROT_PH_DA","muscle","prot-ph","prot-ph","phosphosite","tissue_or_blood_cell_context","P02765_S328s","AHSG","Endur_vs_Resist","EE-RE","post_15_30_45_min",-0.103753889581474,-0.299916877852552,0.092409098689604,0.298614458141274,0.607300384871626,"down","down;unchanged","not_applicable"
"T3_08","Fetuin-A","gene",TRUE,"MUSCLE_PROT_PH_DA","muscle","prot-ph","prot-ph","phosphosite","tissue_or_blood_cell_context","P02765_S330s","AHSG","Endur_vs_Resist","EE-RE","post_3.5_4_hr",-0.14285843051152,-0.366755145736012,0.0810382847129728,0.210291799843873,0.57971471427593,"down","down;unchanged","not_applicable"
"T3_08","Fetuin-A","gene",TRUE,"MUSCLE_PROT_PH_DA","muscle","prot-ph","prot-ph","phosphosite","tissue_or_blood_cell_context","P02765_S330s","AHSG","exercise_with_controls","RE-CON","post_24_hr",0.181214550750488,-0.0608605419727557,0.423289643473731,0.141801175991127,0.650916492469755,"up","down;unchanged","not_applicable"
"T3_08","Fetuin-A","gene",TRUE,"MUSCLE_PROT_PH_DA","muscle","prot-ph","prot-ph","phosphosite","tissue_or_blood_cell_context","P02765_S330s","AHSG","exercise_with_controls","EE-CON","post_3.5_4_hr",0.0925786806570259,-0.191821991113731,0.376979352427783,0.522363691937315,0.963868823251032,"up","down;unchanged","not_applicable"
"T3_08","Fetuin-A","gene",TRUE,"MUSCLE_PROT_PH_DA","muscle","prot-ph","prot-ph","phosphosite","tissue_or_blood_cell_context","P02765_S330s","AHSG","Endur_vs_Resist","EE-RE","post_24_hr",0.0437017093696963,-0.167045673250032,0.254449091989424,0.6835785986822,0.951622811799675,"up","down;unchanged","not_applicable"
"T3_08","Fetuin-A","gene",TRUE,"MUSCLE_PROT_PH_DA","muscle","prot-ph","prot-ph","phosphosite","tissue_or_blood_cell_context","P02765_S330s","AHSG","Endur_vs_Resist","EE-RE","post_15_30_45_min",-0.0540111363043693,-0.279522100901631,0.171499828292893,0.637828283663541,0.843615478305917,"down","down;unchanged","not_applicable"
"T3_08","Fetuin-A","gene",TRUE,"MUSCLE_PROT_PH_DA","muscle","prot-ph","prot-ph","phosphosite","tissue_or_blood_cell_context","P02765_S330s","AHSG","exercise_with_controls","EE-CON","post_24_hr",0.224916260120184,-0.0220204776826988,0.471852997923067,0.0740855631165797,0.807188941597849,"up","down;unchanged","not_applicable"
"T3_08","Fetuin-A","gene",TRUE,"MUSCLE_PROT_PH_DA","muscle","prot-ph","prot-ph","phosphosite","tissue_or_blood_cell_context","P02765_S330s","AHSG","exercise_with_controls","RE-CON","post_15_30_45_min",0.20417656132582,-0.0400876990373718,0.448440821689013,0.101054395895117,0.270093002801487,"up","down;unchanged","not_applicable"
"T3_08","Fetuin-A","gene",TRUE,"MUSCLE_PROT_PH_DA","muscle","prot-ph","prot-ph","phosphosite","tissue_or_blood_cell_context","P02765_S330s","AHSG","exercise_with_controls","RE-CON","post_3.5_4_hr",0.235437111168545,-0.0381200912238873,0.508994313560978,0.0913847659909583,0.450941345429644,"up","down;unchanged","not_applicable"
"T3_08","Fetuin-A","gene",TRUE,"MUSCLE_PROT_PH_DA","muscle","prot-ph","prot-ph","phosphosite","tissue_or_blood_cell_context","P02765_S330s","AHSG","exercise_with_controls","EE-CON","post_15_30_45_min",0.150165425021451,-0.101307999259253,0.401638849302156,0.240951785424996,0.625056873815999,"up","down;unchanged","not_applicable"
"T3_13","HSP72","gene",TRUE,"MUSCLE_PROT_PH_DA","muscle","prot-ph","prot-ph","phosphosite","tissue_or_blood_cell_context","P0DMV8_S106s","HSPA1A","exercise_with_controls","RE-CON","post_15_30_45_min",-0.142396343456171,-0.421633189764144,0.136840502851802,0.313415877607827,0.543421725932471,"down","up","not_applicable"
"T3_13","HSP72","gene",TRUE,"MUSCLE_PROT_PH_DA","muscle","prot-ph","prot-ph","phosphosite","tissue_or_blood_cell_context","P0DMV8_S106s","HSPA1A","exercise_with_controls","EE-CON","post_15_30_45_min",-0.130073349586895,-0.416404463102832,0.156257763929041,0.368674151026532,0.744182605978602,"down","up","not_applicable"
"T3_13","HSP72","gene",TRUE,"MUSCLE_PROT_PH_DA","muscle","prot-ph","prot-ph","phosphosite","tissue_or_blood_cell_context","P0DMV8_S106s","HSPA1A","exercise_with_controls","EE-CON","post_24_hr",-0.0404500494828464,-0.290354951338627,0.209454852372934,0.748259699300783,0.980518678431017,"down","up","not_applicable"
"T3_13","HSP72","gene",TRUE,"MUSCLE_PROT_PH_DA","muscle","prot-ph","prot-ph","phosphosite","tissue_or_blood_cell_context","P0DMV8_S106s","HSPA1A","exercise_with_controls","RE-CON","post_24_hr",-0.333188017384216,-0.595847101529616,-0.0705289332388155,0.0135430714558962,0.299463583144725,"down","up","not_applicable"
"T3_13","HSP72","gene",TRUE,"MUSCLE_PROT_PH_DA","muscle","prot-ph","prot-ph","phosphosite","tissue_or_blood_cell_context","P0DMV8_S106s","HSPA1A","Endur_vs_Resist","EE-RE","post_15_30_45_min",0.0123229938692758,-0.236259948745914,0.260905936484466,0.921700010981175,0.973111498715207,"up","up","not_applicable"
"T3_13","HSP72","gene",TRUE,"MUSCLE_PROT_PH_DA","muscle","prot-ph","prot-ph","phosphosite","tissue_or_blood_cell_context","P0DMV8_S106s","HSPA1A","exercise_with_controls","EE-CON","post_3.5_4_hr",-0.249859390477688,-0.518448564132124,0.0187297831767487,0.0678127805647692,0.758039756621892,"down","up","not_applicable"
"T3_13","HSP72","gene",TRUE,"MUSCLE_PROT_PH_DA","muscle","prot-ph","prot-ph","phosphosite","tissue_or_blood_cell_context","P0DMV8_S106s","HSPA1A","Endur_vs_Resist","EE-RE","post_24_hr",0.292737967901369,0.0740335356365123,0.511442400166226,0.00933702257094647,0.282258675055048,"up","up","not_applicable"
"T3_13","HSP72","gene",TRUE,"MUSCLE_PROT_PH_DA","muscle","prot-ph","prot-ph","phosphosite","tissue_or_blood_cell_context","P0DMV8_S106s","HSPA1A","exercise_with_controls","RE-CON","post_3.5_4_hr",-0.227121275056968,-0.499557560966296,0.0453150108523612,0.101029750275109,0.46825832712352,"down","up","not_applicable"
"T3_13","HSP72","gene",TRUE,"MUSCLE_PROT_PH_DA","muscle","prot-ph","prot-ph","phosphosite","tissue_or_blood_cell_context","P0DMV8_S106s","HSPA1A","Endur_vs_Resist","EE-RE","post_3.5_4_hr",-0.0227381154207203,-0.252543766780883,0.207067535939443,0.844427058436453,0.956543379447442,"down","up","not_applicable"
"T3_13","HSP72","gene",TRUE,"MUSCLE_PROT_PH_DA","muscle","prot-ph","prot-ph","phosphosite","tissue_or_blood_cell_context","P0DMV8_S16s","HSPA1A","Endur_vs_Resist","EE-RE","post_15_30_45_min",-0.242280917051628,-0.536578296532235,0.0520164624289793,0.106033469981502,0.356822930743917,"down","up","not_applicable"
"T3_13","HSP72","gene",TRUE,"MUSCLE_PROT_PH_DA","muscle","prot-ph","prot-ph","phosphosite","tissue_or_blood_cell_context","P0DMV8_S16s","HSPA1A","exercise_with_controls","EE-CON","post_3.5_4_hr",-0.252971728133895,-0.577873227024784,0.0719297707569949,0.126211318967898,0.835913230352366,"down","up","not_applicable"
"T3_13","HSP72","gene",TRUE,"MUSCLE_PROT_PH_DA","muscle","prot-ph","prot-ph","phosphosite","tissue_or_blood_cell_context","P0DMV8_S16s","HSPA1A","Endur_vs_Resist","EE-RE","post_24_hr",0.0969140019399168,-0.172390942418007,0.366218946297841,0.478585766380299,0.887406925017931,"up","up","not_applicable"
"T3_13","HSP72","gene",TRUE,"MUSCLE_PROT_PH_DA","muscle","prot-ph","prot-ph","phosphosite","tissue_or_blood_cell_context","P0DMV8_S16s","HSPA1A","exercise_with_controls","EE-CON","post_24_hr",-0.122112029253621,-0.426962961612261,0.18273890310502,0.430357855458156,0.936839439832703,"down","up","not_applicable"
"T3_13","HSP72","gene",TRUE,"MUSCLE_PROT_PH_DA","muscle","prot-ph","prot-ph","phosphosite","tissue_or_blood_cell_context","P0DMV8_S16s","HSPA1A","exercise_with_controls","EE-CON","post_15_30_45_min",-0.296152937203018,-0.63320817457262,0.0409023001665834,0.0846748060177912,0.383836580111595,"down","up","not_applicable"
"T3_13","HSP72","gene",TRUE,"MUSCLE_PROT_PH_DA","muscle","prot-ph","prot-ph","phosphosite","tissue_or_blood_cell_context","P0DMV8_S16s","HSPA1A","exercise_with_controls","RE-CON","post_24_hr",-0.219026031193538,-0.512337896161271,0.0742858337741957,0.142380062986437,0.651324371445768,"down","up","not_applicable"
"T3_13","HSP72","gene",TRUE,"MUSCLE_PROT_PH_DA","muscle","prot-ph","prot-ph","phosphosite","tissue_or_blood_cell_context","P0DMV8_S16s","HSPA1A","Endur_vs_Resist","EE-RE","post_3.5_4_hr",-0.0208084093006471,-0.29677648501297,0.255159666411675,0.881897888951247,0.967824150921287,"down","up","not_applicable"
"T3_13","HSP72","gene",TRUE,"MUSCLE_PROT_PH_DA","muscle","prot-ph","prot-ph","phosphosite","tissue_or_blood_cell_context","P0DMV8_S16s","HSPA1A","exercise_with_controls","RE-CON","post_15_30_45_min",-0.0538720201513905,-0.375947384618428,0.268203344315647,0.741759760041555,0.874742674146064,"down","up","not_applicable"
"T3_13","HSP72","gene",TRUE,"MUSCLE_PROT_PH_DA","muscle","prot-ph","prot-ph","phosphosite","tissue_or_blood_cell_context","P0DMV8_S16s","HSPA1A","exercise_with_controls","RE-CON","post_3.5_4_hr",-0.232163318833248,-0.551459010402649,0.0871323727361535,0.153104139840236,0.562838210090678,"down","up","not_applicable"
"T3_13","HSP72","gene",TRUE,"MUSCLE_PROT_PH_DA","muscle","prot-ph","prot-ph","phosphosite","tissue_or_blood_cell_context","P0DMV8_S307s","HSPA1A","Endur_vs_Resist","EE-RE","post_15_30_45_min",-0.223169071218334,-0.510378136485888,0.0640399940492202,0.126051877970558,0.392257377326917,"down","up","not_applicable"
"T3_13","HSP72","gene",TRUE,"MUSCLE_PROT_PH_DA","muscle","prot-ph","prot-ph","phosphosite","tissue_or_blood_cell_context","P0DMV8_S307s","HSPA1A","exercise_with_controls","RE-CON","post_24_hr",0.0898906029194315,-0.205747733720396,0.38552893955926,0.546997795027529,0.892927283922212,"up","up","not_applicable"
"T3_13","HSP72","gene",TRUE,"MUSCLE_PROT_PH_DA","muscle","prot-ph","prot-ph","phosphosite","tissue_or_blood_cell_context","P0DMV8_S307s","HSPA1A","exercise_with_controls","EE-CON","post_24_hr",0.125780264277507,-0.174333824304419,0.425894352859433,0.406980713764658,0.934801119972252,"up","up","not_applicable"
"T3_13","HSP72","gene",TRUE,"MUSCLE_PROT_PH_DA","muscle","prot-ph","prot-ph","phosphosite","tissue_or_blood_cell_context","P0DMV8_S307s","HSPA1A","Endur_vs_Resist","EE-RE","post_3.5_4_hr",0.112775786871869,-0.169693081344807,0.395244655088545,0.429423132743853,0.768477022971365,"up","up","not_applicable"
"T3_13","HSP72","gene",TRUE,"MUSCLE_PROT_PH_DA","muscle","prot-ph","prot-ph","phosphosite","tissue_or_blood_cell_context","P0DMV8_S307s","HSPA1A","exercise_with_controls","RE-CON","post_15_30_45_min",0.138025053259639,-0.151210576306292,0.427260682825569,0.345373617558816,0.575649426385872,"up","up","not_applicable"
"T3_13","HSP72","gene",TRUE,"MUSCLE_PROT_PH_DA","muscle","prot-ph","prot-ph","phosphosite","tissue_or_blood_cell_context","P0DMV8_S307s","HSPA1A","exercise_with_controls","EE-CON","post_3.5_4_hr",0.088233439770836,-0.229169505160174,0.405636384701846,0.58202095623676,0.970325003172461,"up","up","not_applicable"
"T3_13","HSP72","gene",TRUE,"MUSCLE_PROT_PH_DA","muscle","prot-ph","prot-ph","phosphosite","tissue_or_blood_cell_context","P0DMV8_S307s","HSPA1A","Endur_vs_Resist","EE-RE","post_24_hr",0.0358896613580753,-0.224395626158767,0.296174948874917,0.784399606608652,0.969529745848365,"up","up","not_applicable"
"T3_13","HSP72","gene",TRUE,"MUSCLE_PROT_PH_DA","muscle","prot-ph","prot-ph","phosphosite","tissue_or_blood_cell_context","P0DMV8_S307s","HSPA1A","exercise_with_controls","EE-CON","post_15_30_45_min",-0.0851440179586955,-0.393232734000991,0.2229446980836,0.584124819618912,0.864432395597028,"down","up","not_applicable"
"T3_13","HSP72","gene",TRUE,"MUSCLE_PROT_PH_DA","muscle","prot-ph","prot-ph","phosphosite","tissue_or_blood_cell_context","P0DMV8_S307s","HSPA1A","exercise_with_controls","RE-CON","post_3.5_4_hr",-0.0245423471010331,-0.321293209687047,0.272208515484981,0.869780467656507,0.969597436612519,"down","up","not_applicable"
"T3_13","HSP72","gene",TRUE,"MUSCLE_PROT_PH_DA","muscle","prot-ph","prot-ph","phosphosite","tissue_or_blood_cell_context","P0DMV8_S362s","HSPA1A","Endur_vs_Resist","EE-RE","post_3.5_4_hr",0.224462271758158,-0.0254278184781334,0.47435236199445,0.0779918569919722,0.371147234040449,"up","up","not_applicable"
"T3_13","HSP72","gene",TRUE,"MUSCLE_PROT_PH_DA","muscle","prot-ph","prot-ph","phosphosite","tissue_or_blood_cell_context","P0DMV8_S362s","HSPA1A","exercise_with_controls","RE-CON","post_24_hr",0.00171440368827736,-0.229050384612413,0.232479191988968,0.9883097549345,0.998816985194645,"up","up","not_applicable"
"T3_13","HSP72","gene",TRUE,"MUSCLE_PROT_PH_DA","muscle","prot-ph","prot-ph","phosphosite","tissue_or_blood_cell_context","P0DMV8_S362s","HSPA1A","exercise_with_controls","EE-CON","post_15_30_45_min",-0.0866395259688902,-0.349538359098474,0.176259307160693,0.516098827887565,0.83498878683083,"down","up","not_applicable"
"T3_13","HSP72","gene",TRUE,"MUSCLE_PROT_PH_DA","muscle","prot-ph","prot-ph","phosphosite","tissue_or_blood_cell_context","P0DMV8_S362s","HSPA1A","exercise_with_controls","EE-CON","post_3.5_4_hr",0.165348605832204,-0.138708334841734,0.469405546506143,0.284549887076208,0.913658148992796,"up","up","not_applicable"
"T3_13","HSP72","gene",TRUE,"MUSCLE_PROT_PH_DA","muscle","prot-ph","prot-ph","phosphosite","tissue_or_blood_cell_context","P0DMV8_S362s","HSPA1A","Endur_vs_Resist","EE-RE","post_24_hr",0.108166073430216,-0.100003579165469,0.3163357260259,0.306279210216591,0.812154098448781,"up","up","not_applicable"
"T3_13","HSP72","gene",TRUE,"MUSCLE_PROT_PH_DA","muscle","prot-ph","prot-ph","phosphosite","tissue_or_blood_cell_context","P0DMV8_S362s","HSPA1A","exercise_with_controls","EE-CON","post_24_hr",0.109880477118493,-0.134071065917944,0.35383202015493,0.374955894263061,0.929540279232289,"up","up","not_applicable"
"T3_13","HSP72","gene",TRUE,"MUSCLE_PROT_PH_DA","muscle","prot-ph","prot-ph","phosphosite","tissue_or_blood_cell_context","P0DMV8_S362s","HSPA1A","exercise_with_controls","RE-CON","post_15_30_45_min",-0.168274640344905,-0.40203766616711,0.065488385477299,0.15705423069846,0.358383548543572,"down","up","not_applicable"
"T3_13","HSP72","gene",TRUE,"MUSCLE_PROT_PH_DA","muscle","prot-ph","prot-ph","phosphosite","tissue_or_blood_cell_context","P0DMV8_S362s","HSPA1A","Endur_vs_Resist","EE-RE","post_15_30_45_min",0.0816351143760152,-0.159648334756209,0.322918563508239,0.505070064764197,0.769263155512388,"up","up","not_applicable"
"T3_13","HSP72","gene",TRUE,"MUSCLE_PROT_PH_DA","muscle","prot-ph","prot-ph","phosphosite","tissue_or_blood_cell_context","P0DMV8_S362s","HSPA1A","exercise_with_controls","RE-CON","post_3.5_4_hr",-0.0591136659259537,-0.322694639914115,0.204467308062208,0.658450230172533,0.905428296223552,"down","up","not_applicable"
"T3_13","HSP72","gene",TRUE,"MUSCLE_PROT_PH_DA","muscle","prot-ph","prot-ph","phosphosite","tissue_or_blood_cell_context","P0DMV8_S432s","HSPA1A","Endur_vs_Resist","EE-RE","post_3.5_4_hr",0.336013765980344,0.0653760867105491,0.606651445250138,0.0152843394026727,0.153299139100026,"up","up","not_applicable"
"T3_13","HSP72","gene",TRUE,"MUSCLE_PROT_PH_DA","muscle","prot-ph","prot-ph","phosphosite","tissue_or_blood_cell_context","P0DMV8_S432s","HSPA1A","exercise_with_controls","RE-CON","post_3.5_4_hr",-0.322710877866463,-0.621173101290465,-0.0242486544424612,0.0342549932499242,0.280779646837375,"down","up","not_applicable"
"T3_13","HSP72","gene",TRUE,"MUSCLE_PROT_PH_DA","muscle","prot-ph","prot-ph","phosphosite","tissue_or_blood_cell_context","P0DMV8_S432s","HSPA1A","exercise_with_controls","EE-CON","post_3.5_4_hr",0.0133028881138804,-0.307779034602525,0.334384810830286,0.934887844493132,0.996613815797479,"up","up","not_applicable"
"T3_13","HSP72","gene",TRUE,"MUSCLE_PROT_PH_DA","muscle","prot-ph","prot-ph","phosphosite","tissue_or_blood_cell_context","P0DMV8_S432s","HSPA1A","exercise_with_controls","RE-CON","post_24_hr",-0.227606025706583,-0.495910478637521,0.0406984272243547,0.0958193767509435,0.585620174732213,"down","up","not_applicable"
"T3_13","HSP72","gene",TRUE,"MUSCLE_PROT_PH_DA","muscle","prot-ph","prot-ph","phosphosite","tissue_or_blood_cell_context","P0DMV8_S432s","HSPA1A","exercise_with_controls","EE-CON","post_15_30_45_min",0.219492444085922,-0.0771947469843987,0.516179635156242,0.145956494867936,0.50953990632617,"up","up","not_applicable"
"T3_13","HSP72","gene",TRUE,"MUSCLE_PROT_PH_DA","muscle","prot-ph","prot-ph","phosphosite","tissue_or_blood_cell_context","P0DMV8_S432s","HSPA1A","exercise_with_controls","EE-CON","post_24_hr",-0.0262643271279887,-0.304247500544398,0.25171884628842,0.852212678795874,0.986893755619732,"down","up","not_applicable"
"T3_13","HSP72","gene",TRUE,"MUSCLE_PROT_PH_DA","muscle","prot-ph","prot-ph","phosphosite","tissue_or_blood_cell_context","P0DMV8_S432s","HSPA1A","Endur_vs_Resist","EE-RE","post_24_hr",0.201341698578595,-0.0296584984027706,0.43234189555996,0.0871197148285169,0.614779526085929,"up","up","not_applicable"
"T3_13","HSP72","gene",TRUE,"MUSCLE_PROT_PH_DA","muscle","prot-ph","prot-ph","phosphosite","tissue_or_blood_cell_context","P0DMV8_S432s","HSPA1A","exercise_with_controls","RE-CON","post_15_30_45_min",-0.109943420225885,-0.377079876243298,0.157193035791528,0.417531709219853,0.641899785549675,"down","up","not_applicable"
"T3_13","HSP72","gene",TRUE,"MUSCLE_PROT_PH_DA","muscle","prot-ph","prot-ph","phosphosite","tissue_or_blood_cell_context","P0DMV8_S432s","HSPA1A","Endur_vs_Resist","EE-RE","post_15_30_45_min",0.329435864311806,0.0619752375643303,0.596896491059283,0.0160981301292587,0.114087567564516,"up","up","not_applicable"
"T3_13","HSP72","gene",TRUE,"MUSCLE_PROT_PH_DA","muscle","prot-ph","prot-ph","phosphosite","tissue_or_blood_cell_context","P0DMV8_S579s","HSPA1A","exercise_with_controls","RE-CON","post_3.5_4_hr",0.0165771858646658,-0.293677296306326,0.326831668035658,0.915975673848917,0.981147344540273,"up","up","not_applicable"
"T3_13","HSP72","gene",TRUE,"MUSCLE_PROT_PH_DA","muscle","prot-ph","prot-ph","phosphosite","tissue_or_blood_cell_context","P0DMV8_S579s","HSPA1A","Endur_vs_Resist","EE-RE","post_3.5_4_hr",0.108221931688468,-0.134894228539083,0.351338091916019,0.380107076176075,0.735510112798152,"up","up","not_applicable"
"T3_13","HSP72","gene",TRUE,"MUSCLE_PROT_PH_DA","muscle","prot-ph","prot-ph","phosphosite","tissue_or_blood_cell_context","P0DMV8_S579s","HSPA1A","Endur_vs_Resist","EE-RE","post_15_30_45_min",0.258949796420532,0.0221885508878723,0.495711041953192,0.0323256610237357,0.181481930908648,"up","up","not_applicable"
"T3_13","HSP72","gene",TRUE,"MUSCLE_PROT_PH_DA","muscle","prot-ph","prot-ph","phosphosite","tissue_or_blood_cell_context","P0DMV8_S579s","HSPA1A","exercise_with_controls","EE-CON","post_15_30_45_min",0.0723946276589235,-0.178057888896544,0.322847144214391,0.568101600004493,0.858625471657222,"up","up","not_applicable"
"T3_13","HSP72","gene",TRUE,"MUSCLE_PROT_PH_DA","muscle","prot-ph","prot-ph","phosphosite","tissue_or_blood_cell_context","P0DMV8_S579s","HSPA1A","exercise_with_controls","RE-CON","post_24_hr",-0.116480966154203,-0.390869529937307,0.157907597628902,0.402315425265984,0.840688096734551,"down","up","not_applicable"
"T3_13","HSP72","gene",TRUE,"MUSCLE_PROT_PH_DA","muscle","prot-ph","prot-ph","phosphosite","tissue_or_blood_cell_context","P0DMV8_S579s","HSPA1A","exercise_with_controls","EE-CON","post_24_hr",-0.0302054302749758,-0.299310937558756,0.238900077008804,0.824514572220411,0.984673853743521,"down","up","not_applicable"
"T3_13","HSP72","gene",TRUE,"MUSCLE_PROT_PH_DA","muscle","prot-ph","prot-ph","phosphosite","tissue_or_blood_cell_context","P0DMV8_S579s","HSPA1A","Endur_vs_Resist","EE-RE","post_24_hr",0.0862755358792268,-0.130481247851455,0.303032319609908,0.432139331756356,0.87240906156389,"up","up","not_applicable"
"T3_13","HSP72","gene",TRUE,"MUSCLE_PROT_PH_DA","muscle","prot-ph","prot-ph","phosphosite","tissue_or_blood_cell_context","P0DMV8_S579s","HSPA1A","exercise_with_controls","EE-CON","post_3.5_4_hr",0.124799117553134,-0.18298647728549,0.432584712391758,0.423803906939124,0.944968461469697,"up","up","not_applicable"
"T3_13","HSP72","gene",TRUE,"MUSCLE_PROT_PH_DA","muscle","prot-ph","prot-ph","phosphosite","tissue_or_blood_cell_context","P0DMV8_S579s","HSPA1A","exercise_with_controls","RE-CON","post_15_30_45_min",-0.186555168761609,-0.451558681236581,0.0784483437133638,0.165936666088869,0.371694857915675,"down","up","not_applicable"
"T3_13","HSP72","gene",TRUE,"MUSCLE_PROT_PH_DA","muscle","prot-ph","prot-ph","phosphosite","tissue_or_blood_cell_context","P0DMV8_S85s","HSPA1A","exercise_with_controls","RE-CON","post_24_hr",0.0176994981695758,-0.114822116967151,0.150221113306302,0.792583849580218,0.959593337370347,"up","up","not_applicable"
"T3_13","HSP72","gene",TRUE,"MUSCLE_PROT_PH_DA","muscle","prot-ph","prot-ph","phosphosite","tissue_or_blood_cell_context","P0DMV8_S85s","HSPA1A","Endur_vs_Resist","EE-RE","post_3.5_4_hr",-0.0668632034352716,-0.20045962946573,0.066733222595187,0.325057479460508,0.686813025646192,"down","up","not_applicable"
"T3_13","HSP72","gene",TRUE,"MUSCLE_PROT_PH_DA","muscle","prot-ph","prot-ph","phosphosite","tissue_or_blood_cell_context","P0DMV8_S85s","HSPA1A","exercise_with_controls","EE-CON","post_15_30_45_min",-0.113378509861137,-0.257457980773017,0.0307009610507427,0.122362970599058,0.468995640810133,"down","up","not_applicable"
"T3_13","HSP72","gene",TRUE,"MUSCLE_PROT_PH_DA","muscle","prot-ph","prot-ph","phosphosite","tissue_or_blood_cell_context","P0DMV8_S85s","HSPA1A","exercise_with_controls","EE-CON","post_3.5_4_hr",-0.134729302296142,-0.29717927613149,0.0277206715392049,0.103597189363839,0.816319010436092,"down","up","not_applicable"
"T3_13","HSP72","gene",TRUE,"MUSCLE_PROT_PH_DA","muscle","prot-ph","prot-ph","phosphosite","tissue_or_blood_cell_context","P0DMV8_S85s","HSPA1A","exercise_with_controls","RE-CON","post_3.5_4_hr",-0.0678660988608709,-0.221868959391764,0.0861367616700219,0.386133510680012,0.776835891262029,"down","up","not_applicable"
"T3_13","HSP72","gene",TRUE,"MUSCLE_PROT_PH_DA","muscle","prot-ph","prot-ph","phosphosite","tissue_or_blood_cell_context","P0DMV8_S85s","HSPA1A","exercise_with_controls","RE-CON","post_15_30_45_min",-0.0864179398221432,-0.228910576969106,0.0560746973248193,0.233251161063903,0.456992135644994,"down","up","not_applicable"
"T3_13","HSP72","gene",TRUE,"MUSCLE_PROT_PH_DA","muscle","prot-ph","prot-ph","phosphosite","tissue_or_blood_cell_context","P0DMV8_S85s","HSPA1A","Endur_vs_Resist","EE-RE","post_24_hr",0.0199612606646417,-0.0973594922138498,0.137282013543133,0.737668482913474,0.962289320103866,"up","up","not_applicable"
"T3_13","HSP72","gene",TRUE,"MUSCLE_PROT_PH_DA","muscle","prot-ph","prot-ph","phosphosite","tissue_or_blood_cell_context","P0DMV8_S85s","HSPA1A","Endur_vs_Resist","EE-RE","post_15_30_45_min",-0.026960570038994,-0.153602205169914,0.0996810650919263,0.675211141827443,0.863298587372997,"down","up","not_applicable"
"T3_13","HSP72","gene",TRUE,"MUSCLE_PROT_PH_DA","muscle","prot-ph","prot-ph","phosphosite","tissue_or_blood_cell_context","P0DMV8_S85s","HSPA1A","exercise_with_controls","EE-CON","post_24_hr",0.0376607588342174,-0.10012668022094,0.175448197889375,0.590593342562443,0.963234037380283,"up","up","not_applicable"
"T3_13","HSP72","gene",TRUE,"MUSCLE_PROT_PH_DA","muscle","prot-ph","prot-ph","phosphosite","tissue_or_blood_cell_context","P0DMV8_T13t","HSPA1A","Endur_vs_Resist","EE-RE","post_3.5_4_hr",-0.126385992746357,-0.366237133132065,0.113465147639351,0.298077841083926,0.665145688630029,"down","up","not_applicable"
"T3_13","HSP72","gene",TRUE,"MUSCLE_PROT_PH_DA","muscle","prot-ph","prot-ph","phosphosite","tissue_or_blood_cell_context","P0DMV8_T13t","HSPA1A","exercise_with_controls","RE-CON","post_15_30_45_min",-0.0720835321713965,-0.29626618971598,0.152099125373187,0.524363394561516,0.72961394813162,"down","up","not_applicable"
"T3_13","HSP72","gene",TRUE,"MUSCLE_PROT_PH_DA","muscle","prot-ph","prot-ph","phosphosite","tissue_or_blood_cell_context","P0DMV8_T13t","HSPA1A","exercise_with_controls","RE-CON","post_24_hr",-0.0141655769342012,-0.231959363911918,0.203628210043516,0.897474848032268,0.981819167709973,"down","up","not_applicable"
"T3_13","HSP72","gene",TRUE,"MUSCLE_PROT_PH_DA","muscle","prot-ph","prot-ph","phosphosite","tissue_or_blood_cell_context","P0DMV8_T13t","HSPA1A","exercise_with_controls","EE-CON","post_15_30_45_min",-0.0491370071823658,-0.296131251001461,0.19785723663673,0.693663651453597,0.904571464591333,"down","up","not_applicable"
"T3_13","HSP72","gene",TRUE,"MUSCLE_PROT_PH_DA","muscle","prot-ph","prot-ph","phosphosite","tissue_or_blood_cell_context","P0DMV8_T13t","HSPA1A","Endur_vs_Resist","EE-RE","post_24_hr",0.0301077390801592,-0.163998694062,0.224214172222318,0.758565004369706,0.966104011513773,"up","up","not_applicable"
"T3_13","HSP72","gene",TRUE,"MUSCLE_PROT_PH_DA","muscle","prot-ph","prot-ph","phosphosite","tissue_or_blood_cell_context","P0DMV8_T13t","HSPA1A","Endur_vs_Resist","EE-RE","post_15_30_45_min",0.0229465249890307,-0.188270634201585,0.234163684179647,0.829646614252758,0.934767656907907,"up","up","not_applicable"
"T3_13","HSP72","gene",TRUE,"MUSCLE_PROT_PH_DA","muscle","prot-ph","prot-ph","phosphosite","tissue_or_blood_cell_context","P0DMV8_T13t","HSPA1A","exercise_with_controls","EE-CON","post_24_hr",0.015942162145958,-0.209733038888089,0.241617363180005,0.888692756387145,0.98977963747164,"up","up","not_applicable"
"T3_13","HSP72","gene",TRUE,"MUSCLE_PROT_PH_DA","muscle","prot-ph","prot-ph","phosphosite","tissue_or_blood_cell_context","P0DMV8_T13t","HSPA1A","exercise_with_controls","RE-CON","post_3.5_4_hr",-0.0561231962777179,-0.310742386944639,0.198495994389203,0.662541150104913,0.907229359254101,"down","up","not_applicable"
"T3_13","HSP72","gene",TRUE,"MUSCLE_PROT_PH_DA","muscle","prot-ph","prot-ph","phosphosite","tissue_or_blood_cell_context","P0DMV8_T13t","HSPA1A","exercise_with_controls","EE-CON","post_3.5_4_hr",-0.182509189024075,-0.44507060503883,0.0800522269906807,0.170816874726174,0.877728083254897,"down","up","not_applicable"
"T3_13","HSP72","gene",TRUE,"MUSCLE_PROT_PH_DA","muscle","prot-ph","prot-ph","phosphosite","tissue_or_blood_cell_context","P0DMV8_T226t","HSPA1A","exercise_with_controls","RE-CON","post_3.5_4_hr",-0.111187191718437,-0.331170267738196,0.108795884301321,0.319609895514793,0.728972474235715,"down","up","not_applicable"
"T3_13","HSP72","gene",TRUE,"MUSCLE_PROT_PH_DA","muscle","prot-ph","prot-ph","phosphosite","tissue_or_blood_cell_context","P0DMV8_T226t","HSPA1A","Endur_vs_Resist","EE-RE","post_15_30_45_min",0.00250132183501228,-0.192994229410121,0.197996873080146,0.979865805327447,0.991387630943243,"up","up","not_applicable"
"T3_13","HSP72","gene",TRUE,"MUSCLE_PROT_PH_DA","muscle","prot-ph","prot-ph","phosphosite","tissue_or_blood_cell_context","P0DMV8_T226t","HSPA1A","Endur_vs_Resist","EE-RE","post_24_hr",0.023933323053466,-0.151396551864875,0.199263197971807,0.787705231225327,0.969529745848365,"up","up","not_applicable"
"T3_13","HSP72","gene",TRUE,"MUSCLE_PROT_PH_DA","muscle","prot-ph","prot-ph","phosphosite","tissue_or_blood_cell_context","P0DMV8_T226t","HSPA1A","exercise_with_controls","EE-CON","post_24_hr",0.10212788029874,-0.0905297378765508,0.29478549847403,0.296526378336987,0.904084187575959,"up","up","not_applicable"
"T3_13","HSP72","gene",TRUE,"MUSCLE_PROT_PH_DA","muscle","prot-ph","prot-ph","phosphosite","tissue_or_blood_cell_context","P0DMV8_T226t","HSPA1A","Endur_vs_Resist","EE-RE","post_3.5_4_hr",0.0256079267794762,-0.172317480040399,0.223533333599352,0.798593504559229,0.942638958857481,"up","up","not_applicable"
"T3_13","HSP72","gene",TRUE,"MUSCLE_PROT_PH_DA","muscle","prot-ph","prot-ph","phosphosite","tissue_or_blood_cell_context","P0DMV8_T226t","HSPA1A","exercise_with_controls","EE-CON","post_3.5_4_hr",-0.0855792649389612,-0.302855180200331,0.131696650322409,0.437659285171958,0.949535801060364,"down","up","not_applicable"
"T3_13","HSP72","gene",TRUE,"MUSCLE_PROT_PH_DA","muscle","prot-ph","prot-ph","phosphosite","tissue_or_blood_cell_context","P0DMV8_T226t","HSPA1A","exercise_with_controls","RE-CON","post_15_30_45_min",-0.00654702763275616,-0.193810903021921,0.180716847756408,0.945001120159347,0.976324517371367,"down","up","not_applicable"
"T3_13","HSP72","gene",TRUE,"MUSCLE_PROT_PH_DA","muscle","prot-ph","prot-ph","phosphosite","tissue_or_blood_cell_context","P0DMV8_T226t","HSPA1A","exercise_with_controls","EE-CON","post_15_30_45_min",-0.00404570579774388,-0.206577552414726,0.198486140819238,0.968571156983954,0.990715536403679,"down","up","not_applicable"
"T3_13","HSP72","gene",TRUE,"MUSCLE_PROT_PH_DA","muscle","prot-ph","prot-ph","phosphosite","tissue_or_blood_cell_context","P0DMV8_T226t","HSPA1A","exercise_with_controls","RE-CON","post_24_hr",0.0781945572452738,-0.105095329029172,0.261484443519719,0.40051925883574,0.840257816126682,"up","up","not_applicable"
"T3_13","HSP72","gene",TRUE,"MUSCLE_PROT_PH_DA","muscle","prot-ph","prot-ph","phosphosite","tissue_or_blood_cell_context","P0DMV8_T278t","HSPA1A","exercise_with_controls","RE-CON","post_3.5_4_hr",-0.105959729589559,-0.391321208052286,0.179401748873167,0.464939743899677,0.8231999977359,"down","up","not_applicable"
"T3_13","HSP72","gene",TRUE,"MUSCLE_PROT_PH_DA","muscle","prot-ph","prot-ph","phosphosite","tissue_or_blood_cell_context","P0DMV8_T278t","HSPA1A","exercise_with_controls","EE-CON","post_3.5_4_hr",0.0116331336302531,-0.278331227738702,0.301597494999208,0.937024718554113,0.997094408362179,"up","up","not_applicable"
"T3_13","HSP72","gene",TRUE,"MUSCLE_PROT_PH_DA","muscle","prot-ph","prot-ph","phosphosite","tissue_or_blood_cell_context","P0DMV8_T278t","HSPA1A","exercise_with_controls","RE-CON","post_15_30_45_min",-0.086031643120891,-0.33893980656656,0.166876520324778,0.503024160780445,0.712977164962014,"down","up","not_applicable"
"T3_13","HSP72","gene",TRUE,"MUSCLE_PROT_PH_DA","muscle","prot-ph","prot-ph","phosphosite","tissue_or_blood_cell_context","P0DMV8_T278t","HSPA1A","Endur_vs_Resist","EE-RE","post_24_hr",-0.0896227208760498,-0.304937776393742,0.125692334641642,0.412606453964385,0.864925981512879,"down","up","not_applicable"
"T3_13","HSP72","gene",TRUE,"MUSCLE_PROT_PH_DA","muscle","prot-ph","prot-ph","phosphosite","tissue_or_blood_cell_context","P0DMV8_T278t","HSPA1A","Endur_vs_Resist","EE-RE","post_3.5_4_hr",0.117592863219813,-0.124718656413556,0.359904382853181,0.339754176891018,0.699126030151328,"up","up","not_applicable"
"T3_13","HSP72","gene",TRUE,"MUSCLE_PROT_PH_DA","muscle","prot-ph","prot-ph","phosphosite","tissue_or_blood_cell_context","P0DMV8_T278t","HSPA1A","Endur_vs_Resist","EE-RE","post_15_30_45_min",-0.0847910638845465,-0.315525491164653,0.14594336339556,0.469487753932183,0.745309804213343,"down","up","not_applicable"
"T3_13","HSP72","gene",TRUE,"MUSCLE_PROT_PH_DA","muscle","prot-ph","prot-ph","phosphosite","tissue_or_blood_cell_context","P0DMV8_T278t","HSPA1A","exercise_with_controls","EE-CON","post_15_30_45_min",-0.170822707005438,-0.426959861855829,0.0853144478449535,0.18989508382886,0.568456862188101,"down","up","not_applicable"
"T3_13","HSP72","gene",TRUE,"MUSCLE_PROT_PH_DA","muscle","prot-ph","prot-ph","phosphosite","tissue_or_blood_cell_context","P0DMV8_T278t","HSPA1A","exercise_with_controls","EE-CON","post_24_hr",-0.235391902376818,-0.49299438210561,0.0222105773519745,0.0730524083262467,0.806888322093683,"down","up","not_applicable"
"T3_13","HSP72","gene",TRUE,"MUSCLE_PROT_PH_DA","muscle","prot-ph","prot-ph","phosphosite","tissue_or_blood_cell_context","P0DMV8_T278t","HSPA1A","exercise_with_controls","RE-CON","post_24_hr",-0.145769181500768,-0.391933192967291,0.100394829965755,0.244204403241507,0.747493071180428,"down","up","not_applicable"
"T3_13","HSP72","gene",TRUE,"MUSCLE_PROT_PH_DA","muscle","prot-ph","prot-ph","phosphosite","tissue_or_blood_cell_context","P0DMV8_T585t","HSPA1A","Endur_vs_Resist","EE-RE","post_24_hr",0.00173481827210553,-0.253041125377427,0.256510761921638,0.989289973000971,0.999570440425293,"up","up","not_applicable"
"T3_13","HSP72","gene",TRUE,"MUSCLE_PROT_PH_DA","muscle","prot-ph","prot-ph","phosphosite","tissue_or_blood_cell_context","P0DMV8_T585t","HSPA1A","exercise_with_controls","EE-CON","post_24_hr",-0.0233739114247864,-0.309117452267425,0.262369629417852,0.871894654167251,0.988642460393971,"down","up","not_applicable"
"T3_13","HSP72","gene",TRUE,"MUSCLE_PROT_PH_DA","muscle","prot-ph","prot-ph","phosphosite","tissue_or_blood_cell_context","P0DMV8_T585t","HSPA1A","Endur_vs_Resist","EE-RE","post_15_30_45_min",-0.0459130524084241,-0.30921026439412,0.217384159577271,0.731071244325683,0.892338978701307,"down","up","not_applicable"
"T3_13","HSP72","gene",TRUE,"MUSCLE_PROT_PH_DA","muscle","prot-ph","prot-ph","phosphosite","tissue_or_blood_cell_context","P0DMV8_T585t","HSPA1A","exercise_with_controls","RE-CON","post_3.5_4_hr",0.214177687413296,-0.0758097341365981,0.504165108963189,0.146672823261636,0.553398029090204,"up","up","not_applicable"
"T3_13","HSP72","gene",TRUE,"MUSCLE_PROT_PH_DA","muscle","prot-ph","prot-ph","phosphosite","tissue_or_blood_cell_context","P0DMV8_T585t","HSPA1A","exercise_with_controls","EE-CON","post_3.5_4_hr",-0.0590868778506024,-0.370134203179634,0.251960447478429,0.70810351106535,0.980232429324069,"down","up","not_applicable"
"T3_13","HSP72","gene",TRUE,"MUSCLE_PROT_PH_DA","muscle","prot-ph","prot-ph","phosphosite","tissue_or_blood_cell_context","P0DMV8_T585t","HSPA1A","exercise_with_controls","RE-CON","post_24_hr",-0.0251087296968919,-0.283977228286413,0.233759768892629,0.84836828005873,0.972910804699072,"down","up","not_applicable"
"T3_13","HSP72","gene",TRUE,"MUSCLE_PROT_PH_DA","muscle","prot-ph","prot-ph","phosphosite","tissue_or_blood_cell_context","P0DMV8_T585t","HSPA1A","exercise_with_controls","RE-CON","post_15_30_45_min",0.0268770301911168,-0.26077643154198,0.314530491924214,0.853867228809557,0.934018980474346,"up","up","not_applicable"
"T3_13","HSP72","gene",TRUE,"MUSCLE_PROT_PH_DA","muscle","prot-ph","prot-ph","phosphosite","tissue_or_blood_cell_context","P0DMV8_T585t","HSPA1A","exercise_with_controls","EE-CON","post_15_30_45_min",-0.0190360222173074,-0.334700118392247,0.296628073957632,0.905370196942816,0.970845047362259,"down","up","not_applicable"
"T3_13","HSP72","gene",TRUE,"MUSCLE_PROT_PH_DA","muscle","prot-ph","prot-ph","phosphosite","tissue_or_blood_cell_context","P0DMV8_T585t","HSPA1A","Endur_vs_Resist","EE-RE","post_3.5_4_hr",-0.273264565263898,-0.531660362843134,-0.0148687676846624,0.0383272970237487,0.257081618589132,"down","up","not_applicable"
"T3_13","HSP72","gene",TRUE,"MUSCLE_PROT_PH_DA","muscle","prot-ph","prot-ph","phosphosite","tissue_or_blood_cell_context","P0DMV8_Y107y","HSPA1A","Endur_vs_Resist","EE-RE","post_24_hr",0.00842659730967166,-0.151949225314176,0.168802419933519,0.917557893925775,0.989912995581943,"up","up","not_applicable"
"T3_13","HSP72","gene",TRUE,"MUSCLE_PROT_PH_DA","muscle","prot-ph","prot-ph","phosphosite","tissue_or_blood_cell_context","P0DMV8_Y107y","HSPA1A","exercise_with_controls","RE-CON","post_3.5_4_hr",-0.0193861838852688,-0.232003427397088,0.19323105962655,0.857474609569435,0.966765381328833,"down","up","not_applicable"
"T3_13","HSP72","gene",TRUE,"MUSCLE_PROT_PH_DA","muscle","prot-ph","prot-ph","phosphosite","tissue_or_blood_cell_context","P0DMV8_Y107y","HSPA1A","exercise_with_controls","EE-CON","post_24_hr",-0.0379108412606329,-0.23221141742428,0.156389734903014,0.700759206660342,0.974325645267793,"down","up","not_applicable"
"T3_13","HSP72","gene",TRUE,"MUSCLE_PROT_PH_DA","muscle","prot-ph","prot-ph","phosphosite","tissue_or_blood_cell_context","P0DMV8_Y107y","HSPA1A","exercise_with_controls","EE-CON","post_3.5_4_hr",0.0680022285854076,-0.154036859843238,0.290041317014054,0.546522955232027,0.965986079612962,"up","up","not_applicable"
"T3_13","HSP72","gene",TRUE,"MUSCLE_PROT_PH_DA","muscle","prot-ph","prot-ph","phosphosite","tissue_or_blood_cell_context","P0DMV8_Y107y","HSPA1A","Endur_vs_Resist","EE-RE","post_3.5_4_hr",0.0873884124706764,-0.0854486013271627,0.260225426268516,0.319882139579499,0.682008173303056,"up","up","not_applicable"
"T3_13","HSP72","gene",TRUE,"MUSCLE_PROT_PH_DA","muscle","prot-ph","prot-ph","phosphosite","tissue_or_blood_cell_context","P0DMV8_Y107y","HSPA1A","exercise_with_controls","RE-CON","post_24_hr",-0.0463374385703046,-0.237286615276973,0.144611738136364,0.632714875655991,0.920255615311814,"down","up","not_applicable"
"T3_13","HSP72","gene",TRUE,"MUSCLE_PROT_PH_DA","muscle","prot-ph","prot-ph","phosphosite","tissue_or_blood_cell_context","P0DMV8_Y107y","HSPA1A","exercise_with_controls","EE-CON","post_15_30_45_min",-0.0540996906939779,-0.25080014878478,0.142600767396824,0.588090678714802,0.866067706192287,"down","up","not_applicable"
"T3_13","HSP72","gene",TRUE,"MUSCLE_PROT_PH_DA","muscle","prot-ph","prot-ph","phosphosite","tissue_or_blood_cell_context","P0DMV8_Y107y","HSPA1A","exercise_with_controls","RE-CON","post_15_30_45_min",-0.225512058265295,-0.413146335150752,-0.0378777813798379,0.0187568742516393,0.0804051135397565,"down","up","not_applicable"
"T3_13","HSP72","gene",TRUE,"MUSCLE_PROT_PH_DA","muscle","prot-ph","prot-ph","phosphosite","tissue_or_blood_cell_context","P0DMV8_Y107y","HSPA1A","Endur_vs_Resist","EE-RE","post_15_30_45_min",0.171412367571317,-0.00334466969782302,0.346169404840457,0.0545025362751655,0.247867818953957,"up","up","not_applicable"
"T3_13","HSP72","gene",TRUE,"MUSCLE_PROT_PH_DA","muscle","prot-ph","prot-ph","phosphosite","tissue_or_blood_cell_context","P0DMV8_Y134y","HSPA1A","exercise_with_controls","EE-CON","post_3.5_4_hr",0.0985845296933561,-0.2524734093881,0.449642468774812,0.579293456212097,0.970325003172461,"up","up","not_applicable"
"T3_13","HSP72","gene",TRUE,"MUSCLE_PROT_PH_DA","muscle","prot-ph","prot-ph","phosphosite","tissue_or_blood_cell_context","P0DMV8_Y134y","HSPA1A","exercise_with_controls","RE-CON","post_15_30_45_min",-0.11189210720828,-0.435246908758145,0.211462694341586,0.494642378838114,0.705738140952618,"down","up","not_applicable"
"T3_13","HSP72","gene",TRUE,"MUSCLE_PROT_PH_DA","muscle","prot-ph","prot-ph","phosphosite","tissue_or_blood_cell_context","P0DMV8_Y134y","HSPA1A","exercise_with_controls","RE-CON","post_3.5_4_hr",-0.144128810467503,-0.503463021061443,0.215205400126437,0.428733531087913,0.801288281986846,"down","up","not_applicable"
"T3_13","HSP72","gene",TRUE,"MUSCLE_PROT_PH_DA","muscle","prot-ph","prot-ph","phosphosite","tissue_or_blood_cell_context","P0DMV8_Y134y","HSPA1A","Endur_vs_Resist","EE-RE","post_3.5_4_hr",0.242713340160859,-0.0458302941801283,0.531256974501846,0.0984456340529649,0.412501848810162,"up","up","not_applicable"
"T3_13","HSP72","gene",TRUE,"MUSCLE_PROT_PH_DA","muscle","prot-ph","prot-ph","phosphosite","tissue_or_blood_cell_context","P0DMV8_Y134y","HSPA1A","exercise_with_controls","RE-CON","post_24_hr",0.142017840153243,-0.136035044536058,0.420070724842545,0.313976629301815,0.796407935993384,"up","up","not_applicable"
"T3_13","HSP72","gene",TRUE,"MUSCLE_PROT_PH_DA","muscle","prot-ph","prot-ph","phosphosite","tissue_or_blood_cell_context","P0DMV8_Y134y","HSPA1A","Endur_vs_Resist","EE-RE","post_24_hr",-0.134339337396642,-0.400951246154561,0.132272571361276,0.320515024448787,0.822501807606228,"down","up","not_applicable"
"T3_13","HSP72","gene",TRUE,"MUSCLE_PROT_PH_DA","muscle","prot-ph","prot-ph","phosphosite","tissue_or_blood_cell_context","P0DMV8_Y134y","HSPA1A","exercise_with_controls","EE-CON","post_24_hr",0.00767850275660104,-0.292015218613061,0.307372224126264,0.959632497116188,0.996337768433019,"up","up","not_applicable"
"T3_13","HSP72","gene",TRUE,"MUSCLE_PROT_PH_DA","muscle","prot-ph","prot-ph","phosphosite","tissue_or_blood_cell_context","P0DMV8_Y134y","HSPA1A","Endur_vs_Resist","EE-RE","post_15_30_45_min",0.175534177270654,-0.151243822339591,0.502312176880899,0.289717744778983,0.600023249162669,"up","up","not_applicable"
"T3_13","HSP72","gene",TRUE,"MUSCLE_PROT_PH_DA","muscle","prot-ph","prot-ph","phosphosite","tissue_or_blood_cell_context","P0DMV8_Y134y","HSPA1A","exercise_with_controls","EE-CON","post_15_30_45_min",0.0636420700623743,-0.294840262984486,0.422124403109235,0.725866854754262,0.916680751100833,"up","up","not_applicable"
"T3_13","HSP72","gene",TRUE,"MUSCLE_PROT_PH_DA","muscle","prot-ph","prot-ph","phosphosite","tissue_or_blood_cell_context","P0DMV8_Y15y","HSPA1A","exercise_with_controls","RE-CON","post_3.5_4_hr",-0.0392227641651746,-0.176965802921202,0.0985202745908532,0.575404324578972,0.871136347952328,"down","up","not_applicable"
"T3_13","HSP72","gene",TRUE,"MUSCLE_PROT_PH_DA","muscle","prot-ph","prot-ph","phosphosite","tissue_or_blood_cell_context","P0DMV8_Y15y","HSPA1A","exercise_with_controls","RE-CON","post_24_hr",-0.0214106521278886,-0.140043290301353,0.0972219860455754,0.722460886262111,0.945785912653332,"down","up","not_applicable"
"T3_13","HSP72","gene",TRUE,"MUSCLE_PROT_PH_DA","muscle","prot-ph","prot-ph","phosphosite","tissue_or_blood_cell_context","P0DMV8_Y15y","HSPA1A","Endur_vs_Resist","EE-RE","post_3.5_4_hr",-0.0366787434773262,-0.148024904716982,0.0746674177623299,0.517001584413625,0.818300521025539,"down","up","not_applicable"
"T3_13","HSP72","gene",TRUE,"MUSCLE_PROT_PH_DA","muscle","prot-ph","prot-ph","phosphosite","tissue_or_blood_cell_context","P0DMV8_Y15y","HSPA1A","Endur_vs_Resist","EE-RE","post_15_30_45_min",0.0614971666572176,-0.0487468132503988,0.171741146564834,0.272906922897423,0.58426167340905,"up","up","not_applicable"
"T3_13","HSP72","gene",TRUE,"MUSCLE_PROT_PH_DA","muscle","prot-ph","prot-ph","phosphosite","tissue_or_blood_cell_context","P0DMV8_Y15y","HSPA1A","Endur_vs_Resist","EE-RE","post_24_hr",-0.00183748096223224,-0.103602685383525,0.0999277234590604,0.971651260154906,0.996883546507828,"down","up","not_applicable"
"T3_13","HSP72","gene",TRUE,"MUSCLE_PROT_PH_DA","muscle","prot-ph","prot-ph","phosphosite","tissue_or_blood_cell_context","P0DMV8_Y15y","HSPA1A","exercise_with_controls","EE-CON","post_3.5_4_hr",-0.0759015076425008,-0.21758055217035,0.0657775368853485,0.292363427642941,0.916808227618385,"down","up","not_applicable"
"T3_13","HSP72","gene",TRUE,"MUSCLE_PROT_PH_DA","muscle","prot-ph","prot-ph","phosphosite","tissue_or_blood_cell_context","P0DMV8_Y15y","HSPA1A","exercise_with_controls","EE-CON","post_15_30_45_min",-0.111276130434938,-0.239582508660892,0.0170302477910163,0.0888430530775356,0.394558732542874,"down","up","not_applicable"
"T3_13","HSP72","gene",TRUE,"MUSCLE_PROT_PH_DA","muscle","prot-ph","prot-ph","phosphosite","tissue_or_blood_cell_context","P0DMV8_Y15y","HSPA1A","exercise_with_controls","EE-CON","post_24_hr",-0.0232481330901208,-0.145254429965488,0.0987581637852464,0.70767698263724,0.975344581799074,"down","up","not_applicable"
"T3_13","HSP72","gene",TRUE,"MUSCLE_PROT_PH_DA","muscle","prot-ph","prot-ph","phosphosite","tissue_or_blood_cell_context","P0DMV8_Y15y","HSPA1A","exercise_with_controls","RE-CON","post_15_30_45_min",-0.172773297092155,-0.300021557487211,-0.0455250366970998,0.00800048092036975,0.0409700410029874,"down","up","not_applicable"
"T3_28","VEGF","gene",TRUE,"MUSCLE_PROT_PH_DA","muscle","prot-ph","prot-ph","phosphosite","tissue_or_blood_cell_context","P15692-16_S338s","VEGFA","exercise_with_controls","RE-CON","post_15_30_45_min",-0.151189035350152,-0.550201331454316,0.247823260754011,0.453360642412319,0.672232057859376,"down","up;unchanged","not_applicable"
"T3_28","VEGF","gene",TRUE,"MUSCLE_PROT_PH_DA","muscle","prot-ph","prot-ph","phosphosite","tissue_or_blood_cell_context","P15692-16_S338s","VEGFA","exercise_with_controls","EE-CON","post_24_hr",-0.272060085815989,-0.676649098035331,0.132528926403353,0.184868556862199,0.881566347882335,"down","up;unchanged","not_applicable"
"T3_28","VEGF","gene",TRUE,"MUSCLE_PROT_PH_DA","muscle","prot-ph","prot-ph","phosphosite","tissue_or_blood_cell_context","P15692-16_S338s","VEGFA","Endur_vs_Resist","EE-RE","post_3.5_4_hr",-0.135852435228116,-0.543859000500465,0.272154130044233,0.509944089122524,0.813483909495092,"down","up;unchanged","not_applicable"
"T3_28","VEGF","gene",TRUE,"MUSCLE_PROT_PH_DA","muscle","prot-ph","prot-ph","phosphosite","tissue_or_blood_cell_context","P15692-16_S338s","VEGFA","exercise_with_controls","RE-CON","post_3.5_4_hr",-0.222596455390791,-0.654952998441091,0.209760087659508,0.308941994625142,0.720272646461287,"down","up;unchanged","not_applicable"
"T3_28","VEGF","gene",TRUE,"MUSCLE_PROT_PH_DA","muscle","prot-ph","prot-ph","phosphosite","tissue_or_blood_cell_context","P15692-16_S338s","VEGFA","exercise_with_controls","EE-CON","post_15_30_45_min",-0.0802644022403547,-0.490119667949187,0.329590863468477,0.698062917725777,0.906473503571495,"down","up;unchanged","not_applicable"
"T3_28","VEGF","gene",TRUE,"MUSCLE_PROT_PH_DA","muscle","prot-ph","prot-ph","phosphosite","tissue_or_blood_cell_context","P15692-16_S338s","VEGFA","exercise_with_controls","EE-CON","post_3.5_4_hr",-0.358448890618907,-0.800364945072623,0.0834671638348087,0.110565464027816,0.826593637145977,"down","up;unchanged","not_applicable"
"T3_28","VEGF","gene",TRUE,"MUSCLE_PROT_PH_DA","muscle","prot-ph","prot-ph","phosphosite","tissue_or_blood_cell_context","P15692-16_S338s","VEGFA","Endur_vs_Resist","EE-RE","post_15_30_45_min",0.0709246331097978,-0.316474504876103,0.458323771095699,0.716855342114019,0.884833278565496,"up","up;unchanged","not_applicable"
"T3_28","VEGF","gene",TRUE,"MUSCLE_PROT_PH_DA","muscle","prot-ph","prot-ph","phosphosite","tissue_or_blood_cell_context","P15692-16_S338s","VEGFA","exercise_with_controls","RE-CON","post_24_hr",-0.321069260983346,-0.704880915330544,0.0627423933638525,0.0999737117739576,0.593407478624722,"down","up;unchanged","not_applicable"
"T3_28","VEGF","gene",TRUE,"MUSCLE_PROT_PH_DA","muscle","prot-ph","prot-ph","phosphosite","tissue_or_blood_cell_context","P15692-16_S338s","VEGFA","Endur_vs_Resist","EE-RE","post_24_hr",0.0490091751673568,-0.291297844559129,0.389316194893843,0.775374298309021,0.969081040321689,"up","up;unchanged","not_applicable"
"T3_06","BAIBA","ambiguous",FALSE,"MUSCLE_METAB_DA","muscle","metab","metab-t-amines","metabolite","tissue_or_blood_cell_context","Aminoisobutyric acid",NA,"exercise_with_controls","EE-CON","post_15_30_45_min",0.000495214138119234,-0.00251915749958273,0.00350958577582119,0.746176209862877,0.873615302614291,"up","up","not_applicable"
"T3_06","BAIBA","ambiguous",FALSE,"MUSCLE_METAB_DA","muscle","metab","metab-t-amines","metabolite","tissue_or_blood_cell_context","Aminoisobutyric acid",NA,"exercise_with_controls","EE-CON","post_3.5_4_hr",-0.00049994839782189,-0.00384386615843344,0.00284396936278966,0.768315477720341,0.973016086808894,"down","up","not_applicable"
"T3_06","BAIBA","ambiguous",FALSE,"MUSCLE_METAB_DA","muscle","metab","metab-t-amines","metabolite","tissue_or_blood_cell_context","Aminoisobutyric acid",NA,"exercise_with_controls","EE-CON","post_24_hr",0.000155566100489876,-0.00278582927383231,0.00309696147481206,0.916995990295584,0.944783747577268,"up","up","not_applicable"
"T3_06","BAIBA","ambiguous",FALSE,"MUSCLE_METAB_DA","muscle","metab","metab-t-amines","metabolite","tissue_or_blood_cell_context","Aminoisobutyric acid",NA,"exercise_with_controls","RE-CON","post_15_30_45_min",0.000951974871471332,-0.00206268973977482,0.00396663948271748,0.533989270175879,0.626056385723444,"up","up","not_applicable"
"T3_06","BAIBA","ambiguous",FALSE,"MUSCLE_METAB_DA","muscle","metab","metab-t-amines","metabolite","tissue_or_blood_cell_context","Aminoisobutyric acid",NA,"exercise_with_controls","RE-CON","post_3.5_4_hr",0.00025951875813209,-0.0029867581197829,0.00350579563604708,0.874831232042445,0.929508184045097,"up","up","not_applicable"
"T3_06","BAIBA","ambiguous",FALSE,"MUSCLE_METAB_DA","muscle","metab","metab-t-amines","metabolite","tissue_or_blood_cell_context","Aminoisobutyric acid",NA,"exercise_with_controls","RE-CON","post_24_hr",-6.76790649983532e-05,-0.00295479042307684,0.00281943229308013,0.963156068922057,0.963156068922057,"down","up","not_applicable"
"T3_06","BAIBA","ambiguous",FALSE,"MUSCLE_METAB_DA","muscle","metab","metab-t-amines","metabolite","tissue_or_blood_cell_context","Aminoisobutyric acid",NA,"Endur_vs_Resist","EE-RE","post_15_30_45_min",-0.000456760733352098,-0.00310691105217938,0.00219338958547518,0.734175638975762,0.867727815999202,"down","up","not_applicable"
"T3_06","BAIBA","ambiguous",FALSE,"MUSCLE_METAB_DA","muscle","metab","metab-t-amines","metabolite","tissue_or_blood_cell_context","Aminoisobutyric acid",NA,"Endur_vs_Resist","EE-RE","post_3.5_4_hr",-0.00075946715595398,-0.00339817135694211,0.00187923704503415,0.570774851554118,0.930654301431459,"down","up","not_applicable"
"T3_06","BAIBA","ambiguous",FALSE,"MUSCLE_METAB_DA","muscle","metab","metab-t-amines","metabolite","tissue_or_blood_cell_context","Aminoisobutyric acid",NA,"Endur_vs_Resist","EE-RE","post_24_hr",0.000223245165488229,-0.00213980946366084,0.00258629979463729,0.852320577592387,0.852320577592387,"up","up","not_applicable"
"T3_19","Lactate","exact_metabolite",TRUE,"MUSCLE_METAB_DA","muscle","metab","metab-u-ionpneg","metabolite","tissue_or_blood_cell_context","Lactic acid",NA,"exercise_with_controls","EE-CON","post_15_30_45_min",-0.321475721284084,-0.601055168062119,-0.04189627450605,0.0243820521306209,0.170674364914346,"down","up","not_applicable"
"T3_19","Lactate","exact_metabolite",TRUE,"MUSCLE_METAB_DA","muscle","metab","metab-u-ionpneg","metabolite","tissue_or_blood_cell_context","Lactic acid",NA,"exercise_with_controls","EE-CON","post_3.5_4_hr",-0.273554119895845,-0.573625645682793,0.026517405891103,0.0738066302764388,0.534306557621182,"down","up","not_applicable"
"T3_19","Lactate","exact_metabolite",TRUE,"MUSCLE_METAB_DA","muscle","metab","metab-u-ionpneg","metabolite","tissue_or_blood_cell_context","Lactic acid",NA,"exercise_with_controls","EE-CON","post_24_hr",-0.46972888074318,-0.738795980201062,-0.200661781285297,0.000682446453636511,0.0477712517545558,"down","up","not_applicable"
"T3_19","Lactate","exact_metabolite",TRUE,"MUSCLE_METAB_DA","muscle","metab","metab-u-ionpneg","metabolite","tissue_or_blood_cell_context","Lactic acid",NA,"exercise_with_controls","RE-CON","post_15_30_45_min",0.113502772393268,-0.155186828049585,0.382192372836121,0.406285649149948,0.605106285968008,"up","up","not_applicable"
"T3_19","Lactate","exact_metabolite",TRUE,"MUSCLE_METAB_DA","muscle","metab","metab-u-ionpneg","metabolite","tissue_or_blood_cell_context","Lactic acid",NA,"exercise_with_controls","RE-CON","post_3.5_4_hr",-0.260954749371837,-0.549584996634897,0.0276754978912223,0.076200472445428,0.758346417846076,"down","up","not_applicable"
"T3_19","Lactate","exact_metabolite",TRUE,"MUSCLE_METAB_DA","muscle","metab","metab-u-ionpneg","metabolite","tissue_or_blood_cell_context","Lactic acid",NA,"exercise_with_controls","RE-CON","post_24_hr",-0.375479028676878,-0.640862926713917,-0.11009513063984,0.00572805324741961,0.127292463973394,"down","up","not_applicable"
"T3_19","Lactate","exact_metabolite",TRUE,"MUSCLE_METAB_DA","muscle","metab","metab-u-ionpneg","metabolite","tissue_or_blood_cell_context","Lactic acid",NA,"Endur_vs_Resist","EE-RE","post_15_30_45_min",-0.434978493677352,-0.676028876924437,-0.193928110430268,0.000450578577669942,0.003942562554612,"down","up","not_applicable"
"T3_19","Lactate","exact_metabolite",TRUE,"MUSCLE_METAB_DA","muscle","metab","metab-u-ionpneg","metabolite","tissue_or_blood_cell_context","Lactic acid",NA,"Endur_vs_Resist","EE-RE","post_3.5_4_hr",-0.0125993705240077,-0.248418625501487,0.223219884453472,0.916302921838997,0.948231466411424,"down","up","not_applicable"
"T3_19","Lactate","exact_metabolite",TRUE,"MUSCLE_METAB_DA","muscle","metab","metab-u-ionpneg","metabolite","tissue_or_blood_cell_context","Lactic acid",NA,"Endur_vs_Resist","EE-RE","post_24_hr",-0.0942498520663015,-0.318532254488828,0.130032550356225,0.408729634993891,0.749857980565661,"down","up","not_applicable"
"T3_02","Adiponectin","gene",TRUE,"ADIPOSE_TRNSCRPT_DA","adipose","transcript-rna-seq","transcript-rna-seq","RNA","tissue_or_blood_cell_context","ENSG00000181092.10","ADIPOQ","exercise_with_controls","RE-CON","post_24_hr",-0.113099325332108,-0.272187303345996,0.0459886526817803,0.162423994611182,0.999660577093274,"down","up","not_applicable"
"T3_02","Adiponectin","gene",TRUE,"ADIPOSE_TRNSCRPT_DA","adipose","transcript-rna-seq","transcript-rna-seq","RNA","tissue_or_blood_cell_context","ENSG00000181092.10","ADIPOQ","exercise_with_controls","RE-CON","post_15_30_45_min",0.00229527088034764,-0.165211206700678,0.169801748461373,0.978462338714697,0.998124596710913,"up","up","not_applicable"
"T3_02","Adiponectin","gene",TRUE,"ADIPOSE_TRNSCRPT_DA","adipose","transcript-rna-seq","transcript-rna-seq","RNA","tissue_or_blood_cell_context","ENSG00000181092.10","ADIPOQ","exercise_with_controls","EE-CON","post_15_30_45_min",0.122087314337712,-0.0455337737078403,0.289708402383264,0.152424665846367,0.75446739989102,"up","up","not_applicable"
"T3_02","Adiponectin","gene",TRUE,"ADIPOSE_TRNSCRPT_DA","adipose","transcript-rna-seq","transcript-rna-seq","RNA","tissue_or_blood_cell_context","ENSG00000181092.10","ADIPOQ","Endur_vs_Resist","EE-RE","post_3.5_4_hr",0.00499879340823028,-0.102691240782788,0.112688827599249,0.927117246662676,0.999378308723222,"up","up","not_applicable"
"T3_02","Adiponectin","gene",TRUE,"ADIPOSE_TRNSCRPT_DA","adipose","transcript-rna-seq","transcript-rna-seq","RNA","tissue_or_blood_cell_context","ENSG00000181092.10","ADIPOQ","exercise_with_controls","EE-CON","post_3.5_4_hr",0.077526488140796,-0.0576841496186742,0.212737125900266,0.259382266144614,0.89471489041411,"up","up","not_applicable"
"T3_02","Adiponectin","gene",TRUE,"ADIPOSE_TRNSCRPT_DA","adipose","transcript-rna-seq","transcript-rna-seq","RNA","tissue_or_blood_cell_context","ENSG00000181092.10","ADIPOQ","exercise_with_controls","RE-CON","post_3.5_4_hr",0.0725276947325657,-0.057221004390549,0.20227639385568,0.271478090856902,0.826293087309309,"up","up","not_applicable"
"T3_02","Adiponectin","gene",TRUE,"ADIPOSE_TRNSCRPT_DA","adipose","transcript-rna-seq","transcript-rna-seq","RNA","tissue_or_blood_cell_context","ENSG00000181092.10","ADIPOQ","Endur_vs_Resist","EE-RE","post_15_30_45_min",0.119792043457364,-0.0267503956455661,0.266334482560295,0.108512416219755,0.741391146252294,"up","up","not_applicable"
"T3_02","Adiponectin","gene",TRUE,"ADIPOSE_TRNSCRPT_DA","adipose","transcript-rna-seq","transcript-rna-seq","RNA","tissue_or_blood_cell_context","ENSG00000181092.10","ADIPOQ","Endur_vs_Resist","EE-RE","post_24_hr",0.0664473952285523,-0.0711819522820178,0.204076742739122,0.34210651219649,0.999827188422841,"up","up","not_applicable"
"T3_02","Adiponectin","gene",TRUE,"ADIPOSE_TRNSCRPT_DA","adipose","transcript-rna-seq","transcript-rna-seq","RNA","tissue_or_blood_cell_context","ENSG00000181092.10","ADIPOQ","exercise_with_controls","EE-CON","post_24_hr",-0.0466519301035557,-0.204456316737167,0.111152456530055,0.560432271093371,0.999984488297589,"down","up","not_applicable"
"T3_03","Angiopoietin 1","gene",TRUE,"ADIPOSE_TRNSCRPT_DA","adipose","transcript-rna-seq","transcript-rna-seq","RNA","tissue_or_blood_cell_context","ENSG00000154188.10","ANGPT1","exercise_with_controls","RE-CON","post_15_30_45_min",0.141752371901488,-0.0510434733688347,0.33454821717181,0.14864501037347,0.786234933931764,"up","up;unchanged","not_applicable"
"T3_03","Angiopoietin 1","gene",TRUE,"ADIPOSE_TRNSCRPT_DA","adipose","transcript-rna-seq","transcript-rna-seq","RNA","tissue_or_blood_cell_context","ENSG00000154188.10","ANGPT1","Endur_vs_Resist","EE-RE","post_24_hr",0.131615526343896,-0.0221093877545789,0.28534044044237,0.0929043097782704,0.999827188422841,"up","up;unchanged","not_applicable"
"T3_03","Angiopoietin 1","gene",TRUE,"ADIPOSE_TRNSCRPT_DA","adipose","transcript-rna-seq","transcript-rna-seq","RNA","tissue_or_blood_cell_context","ENSG00000154188.10","ANGPT1","Endur_vs_Resist","EE-RE","post_3.5_4_hr",0.00521848476029874,-0.120826864101671,0.131263833622268,0.934986157446304,0.999378308723222,"up","up;unchanged","not_applicable"
"T3_03","Angiopoietin 1","gene",TRUE,"ADIPOSE_TRNSCRPT_DA","adipose","transcript-rna-seq","transcript-rna-seq","RNA","tissue_or_blood_cell_context","ENSG00000154188.10","ANGPT1","exercise_with_controls","RE-CON","post_24_hr",0.0164683578140865,-0.163223970561907,0.19616068619008,0.856745179100359,0.999660577093274,"up","up;unchanged","not_applicable"
"T3_03","Angiopoietin 1","gene",TRUE,"ADIPOSE_TRNSCRPT_DA","adipose","transcript-rna-seq","transcript-rna-seq","RNA","tissue_or_blood_cell_context","ENSG00000154188.10","ANGPT1","exercise_with_controls","EE-CON","post_3.5_4_hr",-0.076067692705978,-0.233795944086342,0.0816605586743864,0.34261508911409,0.922706520939431,"down","up;unchanged","not_applicable"
"T3_03","Angiopoietin 1","gene",TRUE,"ADIPOSE_TRNSCRPT_DA","adipose","transcript-rna-seq","transcript-rna-seq","RNA","tissue_or_blood_cell_context","ENSG00000154188.10","ANGPT1","exercise_with_controls","EE-CON","post_15_30_45_min",0.155893267671188,-0.0382008046961737,0.34998734003855,0.114801440930864,0.721743104669116,"up","up;unchanged","not_applicable"
"T3_03","Angiopoietin 1","gene",TRUE,"ADIPOSE_TRNSCRPT_DA","adipose","transcript-rna-seq","transcript-rna-seq","RNA","tissue_or_blood_cell_context","ENSG00000154188.10","ANGPT1","exercise_with_controls","EE-CON","post_24_hr",0.148083884157982,-0.0304748793652673,0.326642647681232,0.103527459920283,0.999984488297589,"up","up;unchanged","not_applicable"
"T3_03","Angiopoietin 1","gene",TRUE,"ADIPOSE_TRNSCRPT_DA","adipose","transcript-rna-seq","transcript-rna-seq","RNA","tissue_or_blood_cell_context","ENSG00000154188.10","ANGPT1","Endur_vs_Resist","EE-RE","post_15_30_45_min",0.0141408957697005,-0.153300492565671,0.181582284105072,0.867893499513337,0.986924450028202,"up","up;unchanged","not_applicable"
"T3_03","Angiopoietin 1","gene",TRUE,"ADIPOSE_TRNSCRPT_DA","adipose","transcript-rna-seq","transcript-rna-seq","RNA","tissue_or_blood_cell_context","ENSG00000154188.10","ANGPT1","exercise_with_controls","RE-CON","post_3.5_4_hr",-0.0812861774662768,-0.231288912690718,0.0687165577581647,0.286408604958005,0.83580053427694,"down","up;unchanged","not_applicable"
"T3_04","Angiopoietin-like protein 4","gene",TRUE,"ADIPOSE_TRNSCRPT_DA","adipose","transcript-rna-seq","transcript-rna-seq","RNA","tissue_or_blood_cell_context","ENSG00000167772.12","ANGPTL4","Endur_vs_Resist","EE-RE","post_24_hr",-0.0423176139033705,-0.300139042195037,0.215503814388296,0.746676065812836,0.999827188422841,"down","up","not_applicable"
"T3_04","Angiopoietin-like protein 4","gene",TRUE,"ADIPOSE_TRNSCRPT_DA","adipose","transcript-rna-seq","transcript-rna-seq","RNA","tissue_or_blood_cell_context","ENSG00000167772.12","ANGPTL4","Endur_vs_Resist","EE-RE","post_15_30_45_min",-0.0292048288920519,-0.301329641241853,0.242919983457749,0.832722434787949,0.983619103650629,"down","up","not_applicable"
"T3_04","Angiopoietin-like protein 4","gene",TRUE,"ADIPOSE_TRNSCRPT_DA","adipose","transcript-rna-seq","transcript-rna-seq","RNA","tissue_or_blood_cell_context","ENSG00000167772.12","ANGPTL4","Endur_vs_Resist","EE-RE","post_3.5_4_hr",-0.122639463033522,-0.330847536988757,0.0855686109217127,0.246861671825902,0.999161799173372,"down","up","not_applicable"
"T3_04","Angiopoietin-like protein 4","gene",TRUE,"ADIPOSE_TRNSCRPT_DA","adipose","transcript-rna-seq","transcript-rna-seq","RNA","tissue_or_blood_cell_context","ENSG00000167772.12","ANGPTL4","exercise_with_controls","EE-CON","post_15_30_45_min",0.263151621317571,-0.0507269632653383,0.577030205900481,0.0999147443420352,0.71300363232444,"up","up","not_applicable"
"T3_04","Angiopoietin-like protein 4","gene",TRUE,"ADIPOSE_TRNSCRPT_DA","adipose","transcript-rna-seq","transcript-rna-seq","RNA","tissue_or_blood_cell_context","ENSG00000167772.12","ANGPTL4","exercise_with_controls","RE-CON","post_3.5_4_hr",-0.00400371212356276,-0.253104143828935,0.245096719581809,0.974752139745325,0.999170357840102,"down","up","not_applicable"
"T3_04","Angiopoietin-like protein 4","gene",TRUE,"ADIPOSE_TRNSCRPT_DA","adipose","transcript-rna-seq","transcript-rna-seq","RNA","tissue_or_blood_cell_context","ENSG00000167772.12","ANGPTL4","exercise_with_controls","EE-CON","post_3.5_4_hr",-0.126643175157085,-0.386574514624767,0.133288164310597,0.337918566447613,0.92067546407765,"down","up","not_applicable"
"T3_04","Angiopoietin-like protein 4","gene",TRUE,"ADIPOSE_TRNSCRPT_DA","adipose","transcript-rna-seq","transcript-rna-seq","RNA","tissue_or_blood_cell_context","ENSG00000167772.12","ANGPTL4","exercise_with_controls","RE-CON","post_15_30_45_min",0.292356450209623,-0.0209126548338827,0.605625555253129,0.0672327900279727,0.699214880544484,"up","up","not_applicable"
"T3_04","Angiopoietin-like protein 4","gene",TRUE,"ADIPOSE_TRNSCRPT_DA","adipose","transcript-rna-seq","transcript-rna-seq","RNA","tissue_or_blood_cell_context","ENSG00000167772.12","ANGPTL4","exercise_with_controls","RE-CON","post_24_hr",0.0162064145666596,-0.28300138414084,0.315414213274159,0.915093781494769,0.999660577093274,"up","up","not_applicable"
"T3_04","Angiopoietin-like protein 4","gene",TRUE,"ADIPOSE_TRNSCRPT_DA","adipose","transcript-rna-seq","transcript-rna-seq","RNA","tissue_or_blood_cell_context","ENSG00000167772.12","ANGPTL4","exercise_with_controls","EE-CON","post_24_hr",-0.0261111993367109,-0.324043755595516,0.271821356922094,0.863034563231152,0.999984488297589,"down","up","not_applicable"
"T3_05","Apelin","gene",TRUE,"ADIPOSE_TRNSCRPT_DA","adipose","transcript-rna-seq","transcript-rna-seq","RNA","tissue_or_blood_cell_context","ENSG00000171388.12","APLN","Endur_vs_Resist","EE-RE","post_3.5_4_hr",-0.0458689779604222,-0.499646016929554,0.40790806100871,0.842235281210404,0.999161799173372,"down","up","not_applicable"
"T3_05","Apelin","gene",TRUE,"ADIPOSE_TRNSCRPT_DA","adipose","transcript-rna-seq","transcript-rna-seq","RNA","tissue_or_blood_cell_context","ENSG00000171388.12","APLN","exercise_with_controls","RE-CON","post_15_30_45_min",-0.341422252214713,-1.07158535365964,0.388740849230211,0.357726806430364,0.884854901008393,"down","up","not_applicable"
"T3_05","Apelin","gene",TRUE,"ADIPOSE_TRNSCRPT_DA","adipose","transcript-rna-seq","transcript-rna-seq","RNA","tissue_or_blood_cell_context","ENSG00000171388.12","APLN","exercise_with_controls","EE-CON","post_15_30_45_min",0.16488012444231,-0.526237321257863,0.855997570142484,0.638634000552375,0.941696536881082,"up","up","not_applicable"
"T3_05","Apelin","gene",TRUE,"ADIPOSE_TRNSCRPT_DA","adipose","transcript-rna-seq","transcript-rna-seq","RNA","tissue_or_blood_cell_context","ENSG00000171388.12","APLN","exercise_with_controls","EE-CON","post_24_hr",-0.153585791624283,-0.837133553861392,0.529961970612827,0.658268050425586,0.999984488297589,"down","up","not_applicable"
"T3_05","Apelin","gene",TRUE,"ADIPOSE_TRNSCRPT_DA","adipose","transcript-rna-seq","transcript-rna-seq","RNA","tissue_or_blood_cell_context","ENSG00000171388.12","APLN","Endur_vs_Resist","EE-RE","post_15_30_45_min",0.506302376657023,-0.070006783888814,1.08261153720286,0.0847709028235965,0.722376957647623,"up","up","not_applicable"
"T3_05","Apelin","gene",TRUE,"ADIPOSE_TRNSCRPT_DA","adipose","transcript-rna-seq","transcript-rna-seq","RNA","tissue_or_blood_cell_context","ENSG00000171388.12","APLN","exercise_with_controls","EE-CON","post_3.5_4_hr",-0.341991966013501,-0.890507704931937,0.206523772904935,0.22040720015836,0.891662290949714,"down","up","not_applicable"
"T3_05","Apelin","gene",TRUE,"ADIPOSE_TRNSCRPT_DA","adipose","transcript-rna-seq","transcript-rna-seq","RNA","tissue_or_blood_cell_context","ENSG00000171388.12","APLN","exercise_with_controls","RE-CON","post_3.5_4_hr",-0.296122988053079,-0.811865999027141,0.219620022920984,0.258991113555239,0.818590905134901,"down","up","not_applicable"
"T3_05","Apelin","gene",TRUE,"ADIPOSE_TRNSCRPT_DA","adipose","transcript-rna-seq","transcript-rna-seq","RNA","tissue_or_blood_cell_context","ENSG00000171388.12","APLN","exercise_with_controls","RE-CON","post_24_hr",0.130286289272107,-0.542337564158838,0.802910142703052,0.702958326024203,0.999660577093274,"up","up","not_applicable"
"T3_05","Apelin","gene",TRUE,"ADIPOSE_TRNSCRPT_DA","adipose","transcript-rna-seq","transcript-rna-seq","RNA","tissue_or_blood_cell_context","ENSG00000171388.12","APLN","Endur_vs_Resist","EE-RE","post_24_hr",-0.28387208089639,-0.788861653004095,0.221117491211315,0.269074462264598,0.999827188422841,"down","up","not_applicable"
"T3_09","Fractalkine","gene",TRUE,"ADIPOSE_TRNSCRPT_DA","adipose","transcript-rna-seq","transcript-rna-seq","RNA","tissue_or_blood_cell_context","ENSG00000006210.7","CX3CL1","exercise_with_controls","EE-CON","post_24_hr",0.0116369962341265,-0.250715211068297,0.27398920353655,0.930404517127667,0.999984488297589,"up","up","not_applicable"
"T3_09","Fractalkine","gene",TRUE,"ADIPOSE_TRNSCRPT_DA","adipose","transcript-rna-seq","transcript-rna-seq","RNA","tissue_or_blood_cell_context","ENSG00000006210.7","CX3CL1","Endur_vs_Resist","EE-RE","post_3.5_4_hr",-0.0333370506122161,-0.216149938939631,0.149475837715199,0.719516062645205,0.999161799173372,"down","up","not_applicable"
"T3_09","Fractalkine","gene",TRUE,"ADIPOSE_TRNSCRPT_DA","adipose","transcript-rna-seq","transcript-rna-seq","RNA","tissue_or_blood_cell_context","ENSG00000006210.7","CX3CL1","exercise_with_controls","RE-CON","post_15_30_45_min",0.190877406829512,-0.0915962529354457,0.473351066594469,0.184287426820571,0.813732442243683,"up","up","not_applicable"
"T3_09","Fractalkine","gene",TRUE,"ADIPOSE_TRNSCRPT_DA","adipose","transcript-rna-seq","transcript-rna-seq","RNA","tissue_or_blood_cell_context","ENSG00000006210.7","CX3CL1","exercise_with_controls","RE-CON","post_24_hr",-0.0271805145064974,-0.29090248868024,0.236541459667245,0.83919803918343,0.999660577093274,"down","up","not_applicable"
"T3_09","Fractalkine","gene",TRUE,"ADIPOSE_TRNSCRPT_DA","adipose","transcript-rna-seq","transcript-rna-seq","RNA","tissue_or_blood_cell_context","ENSG00000006210.7","CX3CL1","exercise_with_controls","EE-CON","post_3.5_4_hr",-0.143809043507776,-0.370618567878202,0.0830004808626496,0.212656315824484,0.888364674728322,"down","up","not_applicable"
"T3_09","Fractalkine","gene",TRUE,"ADIPOSE_TRNSCRPT_DA","adipose","transcript-rna-seq","transcript-rna-seq","RNA","tissue_or_blood_cell_context","ENSG00000006210.7","CX3CL1","Endur_vs_Resist","EE-RE","post_15_30_45_min",0.396903604734343,0.157327968622197,0.63647924084649,0.00127085813675882,0.31136024350591,"up","up","not_applicable"
"T3_09","Fractalkine","gene",TRUE,"ADIPOSE_TRNSCRPT_DA","adipose","transcript-rna-seq","transcript-rna-seq","RNA","tissue_or_blood_cell_context","ENSG00000006210.7","CX3CL1","exercise_with_controls","RE-CON","post_3.5_4_hr",-0.11047199289556,-0.326832191550985,0.105888205759865,0.315213995846786,0.849831176353012,"down","up","not_applicable"
"T3_09","Fractalkine","gene",TRUE,"ADIPOSE_TRNSCRPT_DA","adipose","transcript-rna-seq","transcript-rna-seq","RNA","tissue_or_blood_cell_context","ENSG00000006210.7","CX3CL1","Endur_vs_Resist","EE-RE","post_24_hr",0.0388175107406239,-0.187475750633577,0.265110772114824,0.735606662884544,0.999827188422841,"up","up","not_applicable"
"T3_09","Fractalkine","gene",TRUE,"ADIPOSE_TRNSCRPT_DA","adipose","transcript-rna-seq","transcript-rna-seq","RNA","tissue_or_blood_cell_context","ENSG00000006210.7","CX3CL1","exercise_with_controls","EE-CON","post_15_30_45_min",0.587781011563855,0.30693987842247,0.868622144705241,5.30284925264155e-05,0.0273164721757869,"up","up","not_applicable"
"T3_11","Follistatin","gene",TRUE,"ADIPOSE_TRNSCRPT_DA","adipose","transcript-rna-seq","transcript-rna-seq","RNA","tissue_or_blood_cell_context","ENSG00000134363.12","FST","exercise_with_controls","RE-CON","post_24_hr",0.0669728647390837,-0.229773276311225,0.363719005789392,0.656853843557791,0.999660577093274,"up","up","not_applicable"
"T3_11","Follistatin","gene",TRUE,"ADIPOSE_TRNSCRPT_DA","adipose","transcript-rna-seq","transcript-rna-seq","RNA","tissue_or_blood_cell_context","ENSG00000134363.12","FST","exercise_with_controls","RE-CON","post_3.5_4_hr",0.0586771142596532,-0.193209982604863,0.310564211124169,0.646476215152024,0.953704262727286,"up","up","not_applicable"
"T3_11","Follistatin","gene",TRUE,"ADIPOSE_TRNSCRPT_DA","adipose","transcript-rna-seq","transcript-rna-seq","RNA","tissue_or_blood_cell_context","ENSG00000134363.12","FST","exercise_with_controls","EE-CON","post_24_hr",-0.0345716878339983,-0.330832212949836,0.26168883728184,0.818287785101676,0.999984488297589,"down","up","not_applicable"
"T3_11","Follistatin","gene",TRUE,"ADIPOSE_TRNSCRPT_DA","adipose","transcript-rna-seq","transcript-rna-seq","RNA","tissue_or_blood_cell_context","ENSG00000134363.12","FST","exercise_with_controls","EE-CON","post_15_30_45_min",0.0137612320503067,-0.314306127494021,0.341828591594634,0.934181388130707,0.990683061802512,"up","up","not_applicable"
"T3_11","Follistatin","gene",TRUE,"ADIPOSE_TRNSCRPT_DA","adipose","transcript-rna-seq","transcript-rna-seq","RNA","tissue_or_blood_cell_context","ENSG00000134363.12","FST","exercise_with_controls","RE-CON","post_15_30_45_min",0.249564567933751,-0.0755483190487371,0.57467745491624,0.13174080444367,0.774089978589138,"up","up","not_applicable"
"T3_11","Follistatin","gene",TRUE,"ADIPOSE_TRNSCRPT_DA","adipose","transcript-rna-seq","transcript-rna-seq","RNA","tissue_or_blood_cell_context","ENSG00000134363.12","FST","Endur_vs_Resist","EE-RE","post_24_hr",-0.101544552573082,-0.352559362045367,0.149470256899203,0.426118095662738,0.999827188422841,"down","up","not_applicable"
"T3_11","Follistatin","gene",TRUE,"ADIPOSE_TRNSCRPT_DA","adipose","transcript-rna-seq","transcript-rna-seq","RNA","tissue_or_blood_cell_context","ENSG00000134363.12","FST","Endur_vs_Resist","EE-RE","post_3.5_4_hr",-0.11981761927688,-0.327789704377218,0.0881544658234588,0.257288103482558,0.999161799173372,"down","up","not_applicable"
"T3_11","Follistatin","gene",TRUE,"ADIPOSE_TRNSCRPT_DA","adipose","transcript-rna-seq","transcript-rna-seq","RNA","tissue_or_blood_cell_context","ENSG00000134363.12","FST","exercise_with_controls","EE-CON","post_3.5_4_hr",-0.0611405050172267,-0.324376800512159,0.202095790477706,0.647456594213946,0.974581537297033,"down","up","not_applicable"
"T3_11","Follistatin","gene",TRUE,"ADIPOSE_TRNSCRPT_DA","adipose","transcript-rna-seq","transcript-rna-seq","RNA","tissue_or_blood_cell_context","ENSG00000134363.12","FST","Endur_vs_Resist","EE-RE","post_15_30_45_min",-0.235803335883445,-0.499889125933286,0.0282824541663962,0.079834148675796,0.710533878900622,"down","up","not_applicable"
"T3_12","GDF15","gene",TRUE,"ADIPOSE_TRNSCRPT_DA","adipose","transcript-rna-seq","transcript-rna-seq","RNA","tissue_or_blood_cell_context","ENSG00000130513.7","GDF15","exercise_with_controls","RE-CON","post_3.5_4_hr",0.0890565622789979,-0.589055723493054,0.767168848051049,0.795961347496125,0.977673271016851,"up","up","not_applicable"
"T3_12","GDF15","gene",TRUE,"ADIPOSE_TRNSCRPT_DA","adipose","transcript-rna-seq","transcript-rna-seq","RNA","tissue_or_blood_cell_context","ENSG00000130513.7","GDF15","exercise_with_controls","EE-CON","post_3.5_4_hr",0.0212049302211849,-0.71029995296399,0.75270981340636,0.95448269761956,0.996621336487072,"up","up","not_applicable"
"T3_12","GDF15","gene",TRUE,"ADIPOSE_TRNSCRPT_DA","adipose","transcript-rna-seq","transcript-rna-seq","RNA","tissue_or_blood_cell_context","ENSG00000130513.7","GDF15","Endur_vs_Resist","EE-RE","post_3.5_4_hr",-0.067851632057813,-0.596772446947702,0.461069182832076,0.800614134366784,0.999161799173372,"down","up","not_applicable"
"T3_12","GDF15","gene",TRUE,"ADIPOSE_TRNSCRPT_DA","adipose","transcript-rna-seq","transcript-rna-seq","RNA","tissue_or_blood_cell_context","ENSG00000130513.7","GDF15","exercise_with_controls","EE-CON","post_24_hr",0.534804919834001,-0.429476399793542,1.49908623946154,0.275563202916862,0.999984488297589,"up","up","not_applicable"
"T3_12","GDF15","gene",TRUE,"ADIPOSE_TRNSCRPT_DA","adipose","transcript-rna-seq","transcript-rna-seq","RNA","tissue_or_blood_cell_context","ENSG00000130513.7","GDF15","exercise_with_controls","RE-CON","post_15_30_45_min",-1.23123174173486,-2.07474287593256,-0.387720607537148,0.00441955912533,0.372255032263931,"down","up","not_applicable"
"T3_12","GDF15","gene",TRUE,"ADIPOSE_TRNSCRPT_DA","adipose","transcript-rna-seq","transcript-rna-seq","RNA","tissue_or_blood_cell_context","ENSG00000130513.7","GDF15","Endur_vs_Resist","EE-RE","post_15_30_45_min",0.53125928038373,-0.284844655643596,1.34736321641106,0.200845336568171,0.820704678082001,"up","up","not_applicable"
"T3_12","GDF15","gene",TRUE,"ADIPOSE_TRNSCRPT_DA","adipose","transcript-rna-seq","transcript-rna-seq","RNA","tissue_or_blood_cell_context","ENSG00000130513.7","GDF15","exercise_with_controls","EE-CON","post_15_30_45_min",-0.699972461351127,-1.56936942190954,0.169424499207288,0.114011780831698,0.72050854888607,"down","up","not_applicable"
"T3_12","GDF15","gene",TRUE,"ADIPOSE_TRNSCRPT_DA","adipose","transcript-rna-seq","transcript-rna-seq","RNA","tissue_or_blood_cell_context","ENSG00000130513.7","GDF15","exercise_with_controls","RE-CON","post_24_hr",0.794339858805904,-0.131510006773089,1.7201897243849,0.0922784788239576,0.999660577093274,"up","up","not_applicable"
"T3_12","GDF15","gene",TRUE,"ADIPOSE_TRNSCRPT_DA","adipose","transcript-rna-seq","transcript-rna-seq","RNA","tissue_or_blood_cell_context","ENSG00000130513.7","GDF15","Endur_vs_Resist","EE-RE","post_24_hr",-0.259534938971903,-0.963857491891541,0.444787613947735,0.468501893595411,0.999827188422841,"down","up","not_applicable"
"T3_13","HSP72","gene",TRUE,"ADIPOSE_TRNSCRPT_DA","adipose","transcript-rna-seq","transcript-rna-seq","RNA","tissue_or_blood_cell_context","ENSG00000204388.7","HSPA1B","exercise_with_controls","RE-CON","post_24_hr",0.110242841617013,-0.0896612476264949,0.310146930860521,0.278129390066807,0.999660577093274,"up","up","not_applicable"
"T3_13","HSP72","gene",TRUE,"ADIPOSE_TRNSCRPT_DA","adipose","transcript-rna-seq","transcript-rna-seq","RNA","tissue_or_blood_cell_context","ENSG00000204388.7","HSPA1B","Endur_vs_Resist","EE-RE","post_15_30_45_min",-0.0516340289522805,-0.234848644137078,0.131580586232517,0.579029070490022,0.94118585446966,"down","up","not_applicable"
"T3_13","HSP72","gene",TRUE,"ADIPOSE_TRNSCRPT_DA","adipose","transcript-rna-seq","transcript-rna-seq","RNA","tissue_or_blood_cell_context","ENSG00000204388.7","HSPA1B","Endur_vs_Resist","EE-RE","post_24_hr",-0.0109378383369627,-0.18205752182911,0.160181845155184,0.899828264996952,0.999827188422841,"down","up","not_applicable"
"T3_13","HSP72","gene",TRUE,"ADIPOSE_TRNSCRPT_DA","adipose","transcript-rna-seq","transcript-rna-seq","RNA","tissue_or_blood_cell_context","ENSG00000204388.7","HSPA1B","exercise_with_controls","RE-CON","post_15_30_45_min",-0.107216410088508,-0.317915288324182,0.103482468147165,0.316872068583877,0.871578595811866,"down","up","not_applicable"
"T3_13","HSP72","gene",TRUE,"ADIPOSE_TRNSCRPT_DA","adipose","transcript-rna-seq","transcript-rna-seq","RNA","tissue_or_blood_cell_context","ENSG00000204388.7","HSPA1B","exercise_with_controls","EE-CON","post_15_30_45_min",-0.158850439040789,-0.370565856980006,0.0528649788984283,0.14057574311883,0.742653955708007,"down","up","not_applicable"
"T3_13","HSP72","gene",TRUE,"ADIPOSE_TRNSCRPT_DA","adipose","transcript-rna-seq","transcript-rna-seq","RNA","tissue_or_blood_cell_context","ENSG00000204388.7","HSPA1B","exercise_with_controls","EE-CON","post_24_hr",0.0993050032800502,-0.0993539937860948,0.297964000346195,0.3254471667314,0.999984488297589,"up","up","not_applicable"
"T3_13","HSP72","gene",TRUE,"ADIPOSE_TRNSCRPT_DA","adipose","transcript-rna-seq","transcript-rna-seq","RNA","tissue_or_blood_cell_context","ENSG00000204388.7","HSPA1B","exercise_with_controls","EE-CON","post_3.5_4_hr",-0.0724133848422381,-0.240075480575714,0.0952487108912378,0.395326204839248,0.930315503715648,"down","up","not_applicable"
"T3_13","HSP72","gene",TRUE,"ADIPOSE_TRNSCRPT_DA","adipose","transcript-rna-seq","transcript-rna-seq","RNA","tissue_or_blood_cell_context","ENSG00000204388.7","HSPA1B","Endur_vs_Resist","EE-RE","post_3.5_4_hr",-0.108986239974014,-0.243131632172496,0.0251591522244679,0.11068323912025,0.999161799173372,"down","up","not_applicable"
"T3_13","HSP72","gene",TRUE,"ADIPOSE_TRNSCRPT_DA","adipose","transcript-rna-seq","transcript-rna-seq","RNA","tissue_or_blood_cell_context","ENSG00000204388.7","HSPA1B","exercise_with_controls","RE-CON","post_3.5_4_hr",0.0365728551317757,-0.123586505981771,0.196732216245323,0.652903653174614,0.954373053848079,"up","up","not_applicable"
"T3_13","HSP72","gene",TRUE,"ADIPOSE_TRNSCRPT_DA","adipose","transcript-rna-seq","transcript-rna-seq","RNA","tissue_or_blood_cell_context","ENSG00000204389.10","HSPA1A","Endur_vs_Resist","EE-RE","post_3.5_4_hr",-0.0470774097948903,-0.16909833713385,0.0749435175440696,0.447543813201078,0.999161799173372,"down","up","not_applicable"
"T3_13","HSP72","gene",TRUE,"ADIPOSE_TRNSCRPT_DA","adipose","transcript-rna-seq","transcript-rna-seq","RNA","tissue_or_blood_cell_context","ENSG00000204389.10","HSPA1A","exercise_with_controls","EE-CON","post_24_hr",0.0251522107619406,-0.15304271823291,0.203347139756792,0.781023462188196,0.999984488297589,"up","up","not_applicable"
"T3_13","HSP72","gene",TRUE,"ADIPOSE_TRNSCRPT_DA","adipose","transcript-rna-seq","transcript-rna-seq","RNA","tissue_or_blood_cell_context","ENSG00000204389.10","HSPA1A","exercise_with_controls","RE-CON","post_24_hr",0.052198614810659,-0.127191181178602,0.23158841079992,0.566734870948137,0.999660577093274,"up","up","not_applicable"
"T3_13","HSP72","gene",TRUE,"ADIPOSE_TRNSCRPT_DA","adipose","transcript-rna-seq","transcript-rna-seq","RNA","tissue_or_blood_cell_context","ENSG00000204389.10","HSPA1A","exercise_with_controls","EE-CON","post_3.5_4_hr",-0.0988048834544779,-0.251708845241063,0.0540990783321074,0.203988278717267,0.884485253641694,"down","up","not_applicable"
"T3_13","HSP72","gene",TRUE,"ADIPOSE_TRNSCRPT_DA","adipose","transcript-rna-seq","transcript-rna-seq","RNA","tissue_or_blood_cell_context","ENSG00000204389.10","HSPA1A","Endur_vs_Resist","EE-RE","post_24_hr",-0.0270464040487184,-0.181200712881603,0.127107904784166,0.729726494558536,0.999827188422841,"down","up","not_applicable"
"T3_13","HSP72","gene",TRUE,"ADIPOSE_TRNSCRPT_DA","adipose","transcript-rna-seq","transcript-rna-seq","RNA","tissue_or_blood_cell_context","ENSG00000204389.10","HSPA1A","Endur_vs_Resist","EE-RE","post_15_30_45_min",-0.0218978860169488,-0.186866611164449,0.143070839130551,0.793782592979547,0.976141768538529,"down","up","not_applicable"
"T3_13","HSP72","gene",TRUE,"ADIPOSE_TRNSCRPT_DA","adipose","transcript-rna-seq","transcript-rna-seq","RNA","tissue_or_blood_cell_context","ENSG00000204389.10","HSPA1A","exercise_with_controls","RE-CON","post_3.5_4_hr",-0.0517274736595876,-0.198027072956906,0.094572125637731,0.486357014844166,0.914529344796546,"down","up","not_applicable"
"T3_13","HSP72","gene",TRUE,"ADIPOSE_TRNSCRPT_DA","adipose","transcript-rna-seq","transcript-rna-seq","RNA","tissue_or_blood_cell_context","ENSG00000204389.10","HSPA1A","exercise_with_controls","RE-CON","post_15_30_45_min",-0.0747613430345551,-0.263764413511532,0.114241727442422,0.436295281017278,0.911619844920694,"down","up","not_applicable"
"T3_13","HSP72","gene",TRUE,"ADIPOSE_TRNSCRPT_DA","adipose","transcript-rna-seq","transcript-rna-seq","RNA","tissue_or_blood_cell_context","ENSG00000204389.10","HSPA1A","exercise_with_controls","EE-CON","post_15_30_45_min",-0.0966592290515038,-0.28611613615891,0.092797678055902,0.315591574737333,0.858557381437357,"down","up","not_applicable"
"T3_14","IL-6","gene",TRUE,"ADIPOSE_TRNSCRPT_DA","adipose","transcript-rna-seq","transcript-rna-seq","RNA","tissue_or_blood_cell_context","ENSG00000136244.12","IL6","exercise_with_controls","EE-CON","post_15_30_45_min",0.721186184348191,-0.66741043446085,2.10978280315723,0.307379183514185,0.855269916861411,"up","up","not_applicable"
"T3_14","IL-6","gene",TRUE,"ADIPOSE_TRNSCRPT_DA","adipose","transcript-rna-seq","transcript-rna-seq","RNA","tissue_or_blood_cell_context","ENSG00000136244.12","IL6","exercise_with_controls","EE-CON","post_24_hr",1.15436144439266,-0.400672996599193,2.7093958853845,0.144929453802985,0.999984488297589,"up","up","not_applicable"
"T3_14","IL-6","gene",TRUE,"ADIPOSE_TRNSCRPT_DA","adipose","transcript-rna-seq","transcript-rna-seq","RNA","tissue_or_blood_cell_context","ENSG00000136244.12","IL6","exercise_with_controls","RE-CON","post_3.5_4_hr",0.680361482454801,-0.248777501869492,1.60950046677909,0.150444640926713,0.728136053446972,"up","up","not_applicable"
"T3_14","IL-6","gene",TRUE,"ADIPOSE_TRNSCRPT_DA","adipose","transcript-rna-seq","transcript-rna-seq","RNA","tissue_or_blood_cell_context","ENSG00000136244.12","IL6","Endur_vs_Resist","EE-RE","post_3.5_4_hr",-0.456883019229188,-1.27069519852495,0.356929160066574,0.269936484604124,0.999161799173372,"down","up","not_applicable"
"T3_14","IL-6","gene",TRUE,"ADIPOSE_TRNSCRPT_DA","adipose","transcript-rna-seq","transcript-rna-seq","RNA","tissue_or_blood_cell_context","ENSG00000136244.12","IL6","Endur_vs_Resist","EE-RE","post_15_30_45_min",-0.613987267080736,-1.76081742476026,0.532842890598785,0.292804137747936,0.862361693175876,"down","up","not_applicable"
"T3_14","IL-6","gene",TRUE,"ADIPOSE_TRNSCRPT_DA","adipose","transcript-rna-seq","transcript-rna-seq","RNA","tissue_or_blood_cell_context","ENSG00000136244.12","IL6","exercise_with_controls","RE-CON","post_15_30_45_min",1.33517345142893,-0.0112404014936249,2.68158730435148,0.051929305155818,0.673605707594175,"up","up","not_applicable"
"T3_14","IL-6","gene",TRUE,"ADIPOSE_TRNSCRPT_DA","adipose","transcript-rna-seq","transcript-rna-seq","RNA","tissue_or_blood_cell_context","ENSG00000136244.12","IL6","Endur_vs_Resist","EE-RE","post_24_hr",0.816013855272123,-0.425672293353669,2.05770000389791,0.196690525501088,0.999827188422841,"up","up","not_applicable"
"T3_14","IL-6","gene",TRUE,"ADIPOSE_TRNSCRPT_DA","adipose","transcript-rna-seq","transcript-rna-seq","RNA","tissue_or_blood_cell_context","ENSG00000136244.12","IL6","exercise_with_controls","EE-CON","post_3.5_4_hr",0.223478463225614,-0.788244623810106,1.23520155026133,0.66383408397158,0.976716963334477,"up","up","not_applicable"
"T3_14","IL-6","gene",TRUE,"ADIPOSE_TRNSCRPT_DA","adipose","transcript-rna-seq","transcript-rna-seq","RNA","tissue_or_blood_cell_context","ENSG00000136244.12","IL6","exercise_with_controls","RE-CON","post_24_hr",0.338347589120533,-1.25919719816373,1.9358923764048,0.676823584592975,0.999660577093274,"up","up","not_applicable"
"T3_15","IL-7","gene",TRUE,"ADIPOSE_TRNSCRPT_DA","adipose","transcript-rna-seq","transcript-rna-seq","RNA","tissue_or_blood_cell_context","ENSG00000104432.14","IL7","exercise_with_controls","RE-CON","post_3.5_4_hr",0.384976522850509,-0.42532374279207,1.19527678849309,0.350253840599515,0.868208627981096,"up","up","not_applicable"
"T3_15","IL-7","gene",TRUE,"ADIPOSE_TRNSCRPT_DA","adipose","transcript-rna-seq","transcript-rna-seq","RNA","tissue_or_blood_cell_context","ENSG00000104432.14","IL7","exercise_with_controls","EE-CON","post_3.5_4_hr",0.486782597473975,-0.354015707090793,1.32758090203874,0.255246064907236,0.89471489041411,"up","up","not_applicable"
"T3_15","IL-7","gene",TRUE,"ADIPOSE_TRNSCRPT_DA","adipose","transcript-rna-seq","transcript-rna-seq","RNA","tissue_or_blood_cell_context","ENSG00000104432.14","IL7","exercise_with_controls","RE-CON","post_24_hr",0.482654724113774,-0.442262841460663,1.40757228968821,0.305126215836778,0.999660577093274,"up","up","not_applicable"
"T3_15","IL-7","gene",TRUE,"ADIPOSE_TRNSCRPT_DA","adipose","transcript-rna-seq","transcript-rna-seq","RNA","tissue_or_blood_cell_context","ENSG00000104432.14","IL7","exercise_with_controls","EE-CON","post_15_30_45_min",0.412125206482085,-0.659580157376507,1.48383057034068,0.449601495107404,0.895545796940908,"up","up","not_applicable"
"T3_15","IL-7","gene",TRUE,"ADIPOSE_TRNSCRPT_DA","adipose","transcript-rna-seq","transcript-rna-seq","RNA","tissue_or_blood_cell_context","ENSG00000104432.14","IL7","Endur_vs_Resist","EE-RE","post_3.5_4_hr",0.101806074623467,-0.520559341388137,0.72417149063507,0.74760438534629,0.999161799173372,"up","up","not_applicable"
"T3_15","IL-7","gene",TRUE,"ADIPOSE_TRNSCRPT_DA","adipose","transcript-rna-seq","transcript-rna-seq","RNA","tissue_or_blood_cell_context","ENSG00000104432.14","IL7","Endur_vs_Resist","EE-RE","post_24_hr",0.121959677054264,-0.643937326541388,0.887856680649916,0.754147064038561,0.999827188422841,"up","up","not_applicable"
"T3_15","IL-7","gene",TRUE,"ADIPOSE_TRNSCRPT_DA","adipose","transcript-rna-seq","transcript-rna-seq","RNA","tissue_or_blood_cell_context","ENSG00000104432.14","IL7","Endur_vs_Resist","EE-RE","post_15_30_45_min",-0.111582785467481,-0.945446207744818,0.722280636809857,0.792439921775204,0.97595585921519,"down","up","not_applicable"
"T3_15","IL-7","gene",TRUE,"ADIPOSE_TRNSCRPT_DA","adipose","transcript-rna-seq","transcript-rna-seq","RNA","tissue_or_blood_cell_context","ENSG00000104432.14","IL7","exercise_with_controls","EE-CON","post_24_hr",0.604614401168038,-0.337293907039848,1.54652270937592,0.207348126465815,0.999984488297589,"up","up","not_applicable"
"T3_15","IL-7","gene",TRUE,"ADIPOSE_TRNSCRPT_DA","adipose","transcript-rna-seq","transcript-rna-seq","RNA","tissue_or_blood_cell_context","ENSG00000104432.14","IL7","exercise_with_controls","RE-CON","post_15_30_45_min",0.523707991949566,-0.512018821797222,1.55943480569635,0.320388111442987,0.872216813631637,"up","up","not_applicable"
"T3_16","IL-8","gene",TRUE,"ADIPOSE_TRNSCRPT_DA","adipose","transcript-rna-seq","transcript-rna-seq","RNA","tissue_or_blood_cell_context","ENSG00000169429.11","CXCL8","exercise_with_controls","EE-CON","post_15_30_45_min",-1.13766898990083,-2.76414066716289,0.488802687361239,0.169628647722018,0.765970888640089,"down","up;unchanged","not_applicable"
"T3_16","IL-8","gene",TRUE,"ADIPOSE_TRNSCRPT_DA","adipose","transcript-rna-seq","transcript-rna-seq","RNA","tissue_or_blood_cell_context","ENSG00000169429.11","CXCL8","exercise_with_controls","EE-CON","post_3.5_4_hr",0.596129019960558,-1.02618929029467,2.21844733021579,0.469701475438505,0.947664869186275,"up","up;unchanged","not_applicable"
"T3_16","IL-8","gene",TRUE,"ADIPOSE_TRNSCRPT_DA","adipose","transcript-rna-seq","transcript-rna-seq","RNA","tissue_or_blood_cell_context","ENSG00000169429.11","CXCL8","Endur_vs_Resist","EE-RE","post_24_hr",-0.254903134587368,-1.6682126503839,1.15840638120916,0.72272407445768,0.999827188422841,"down","up;unchanged","not_applicable"
"T3_16","IL-8","gene",TRUE,"ADIPOSE_TRNSCRPT_DA","adipose","transcript-rna-seq","transcript-rna-seq","RNA","tissue_or_blood_cell_context","ENSG00000169429.11","CXCL8","exercise_with_controls","EE-CON","post_24_hr",-0.0171008580503123,-1.75007710946633,1.7158753933657,0.984509337847408,0.999984488297589,"down","up;unchanged","not_applicable"
"T3_16","IL-8","gene",TRUE,"ADIPOSE_TRNSCRPT_DA","adipose","transcript-rna-seq","transcript-rna-seq","RNA","tissue_or_blood_cell_context","ENSG00000169429.11","CXCL8","exercise_with_controls","RE-CON","post_15_30_45_min",-0.288226690563337,-1.80136375701816,1.22491037589149,0.708007635649594,0.963394179515657,"down","up;unchanged","not_applicable"
"T3_16","IL-8","gene",TRUE,"ADIPOSE_TRNSCRPT_DA","adipose","transcript-rna-seq","transcript-rna-seq","RNA","tissue_or_blood_cell_context","ENSG00000169429.11","CXCL8","Endur_vs_Resist","EE-RE","post_15_30_45_min",-0.849442299337488,-2.35226593286078,0.653381334185799,0.266750715898974,0.85139623047836,"down","up;unchanged","not_applicable"
"T3_16","IL-8","gene",TRUE,"ADIPOSE_TRNSCRPT_DA","adipose","transcript-rna-seq","transcript-rna-seq","RNA","tissue_or_blood_cell_context","ENSG00000169429.11","CXCL8","Endur_vs_Resist","EE-RE","post_3.5_4_hr",-0.296861598091397,-1.45839705213375,0.86467385595096,0.615033320532252,0.999161799173372,"down","up;unchanged","not_applicable"
"T3_16","IL-8","gene",TRUE,"ADIPOSE_TRNSCRPT_DA","adipose","transcript-rna-seq","transcript-rna-seq","RNA","tissue_or_blood_cell_context","ENSG00000169429.11","CXCL8","exercise_with_controls","RE-CON","post_3.5_4_hr",0.892990618051954,-0.609085178692276,2.39506641479618,0.242580975166142,0.807043665659287,"up","up;unchanged","not_applicable"
"T3_16","IL-8","gene",TRUE,"ADIPOSE_TRNSCRPT_DA","adipose","transcript-rna-seq","transcript-rna-seq","RNA","tissue_or_blood_cell_context","ENSG00000169429.11","CXCL8","exercise_with_controls","RE-CON","post_24_hr",0.237802276537055,-1.42378850819574,1.89939306126985,0.778300800418265,0.999660577093274,"up","up;unchanged","not_applicable"
"T3_17","IL-15","gene",TRUE,"ADIPOSE_TRNSCRPT_DA","adipose","transcript-rna-seq","transcript-rna-seq","RNA","tissue_or_blood_cell_context","ENSG00000164136.17","IL15","exercise_with_controls","RE-CON","post_15_30_45_min",0.0695214559833681,-0.205853980133594,0.344896892100331,0.619411597983246,0.952664770980457,"up","up;unchanged","not_applicable"
"T3_17","IL-15","gene",TRUE,"ADIPOSE_TRNSCRPT_DA","adipose","transcript-rna-seq","transcript-rna-seq","RNA","tissue_or_blood_cell_context","ENSG00000164136.17","IL15","exercise_with_controls","EE-CON","post_3.5_4_hr",-0.121833316854312,-0.332092973184919,0.0884263394762958,0.254688431573281,0.89471489041411,"down","up;unchanged","not_applicable"
"T3_17","IL-15","gene",TRUE,"ADIPOSE_TRNSCRPT_DA","adipose","transcript-rna-seq","transcript-rna-seq","RNA","tissue_or_blood_cell_context","ENSG00000164136.17","IL15","Endur_vs_Resist","EE-RE","post_3.5_4_hr",-0.0525928444822865,-0.225242832313818,0.120057143349245,0.548859210303073,0.999161799173372,"down","up;unchanged","not_applicable"
"T3_17","IL-15","gene",TRUE,"ADIPOSE_TRNSCRPT_DA","adipose","transcript-rna-seq","transcript-rna-seq","RNA","tissue_or_blood_cell_context","ENSG00000164136.17","IL15","exercise_with_controls","RE-CON","post_24_hr",0.129509414923862,-0.126501176785148,0.385520006632873,0.319923414705825,0.999660577093274,"up","up;unchanged","not_applicable"
"T3_17","IL-15","gene",TRUE,"ADIPOSE_TRNSCRPT_DA","adipose","transcript-rna-seq","transcript-rna-seq","RNA","tissue_or_blood_cell_context","ENSG00000164136.17","IL15","Endur_vs_Resist","EE-RE","post_15_30_45_min",-0.207634592972437,-0.440671673247935,0.0254024873030605,0.0805044138801876,0.711228528959089,"down","up;unchanged","not_applicable"
"T3_17","IL-15","gene",TRUE,"ADIPOSE_TRNSCRPT_DA","adipose","transcript-rna-seq","transcript-rna-seq","RNA","tissue_or_blood_cell_context","ENSG00000164136.17","IL15","Endur_vs_Resist","EE-RE","post_24_hr",-0.175520144908986,-0.388954993563254,0.037914703745282,0.106534007267931,0.999827188422841,"down","up;unchanged","not_applicable"
"T3_17","IL-15","gene",TRUE,"ADIPOSE_TRNSCRPT_DA","adipose","transcript-rna-seq","transcript-rna-seq","RNA","tissue_or_blood_cell_context","ENSG00000164136.17","IL15","exercise_with_controls","EE-CON","post_24_hr",-0.0460107299851238,-0.307629432595989,0.215607972625741,0.729243868481729,0.999984488297589,"down","up;unchanged","not_applicable"
"T3_17","IL-15","gene",TRUE,"ADIPOSE_TRNSCRPT_DA","adipose","transcript-rna-seq","transcript-rna-seq","RNA","tissue_or_blood_cell_context","ENSG00000164136.17","IL15","exercise_with_controls","RE-CON","post_3.5_4_hr",-0.0692404723720248,-0.26929128429128,0.13081033954723,0.495832116989944,0.916479694533188,"down","up;unchanged","not_applicable"
"T3_17","IL-15","gene",TRUE,"ADIPOSE_TRNSCRPT_DA","adipose","transcript-rna-seq","transcript-rna-seq","RNA","tissue_or_blood_cell_context","ENSG00000164136.17","IL15","exercise_with_controls","EE-CON","post_15_30_45_min",-0.138113136989069,-0.413102791027943,0.136876517049806,0.323431554695721,0.861312292396214,"down","up;unchanged","not_applicable"
"T3_18","Irisin","gene",TRUE,"ADIPOSE_TRNSCRPT_DA","adipose","transcript-rna-seq","transcript-rna-seq","RNA","tissue_or_blood_cell_context","ENSG00000160097.20","FNDC5","Endur_vs_Resist","EE-RE","post_3.5_4_hr",0.10781791173718,-0.149697672914999,0.36533349638936,0.409878951001851,0.999161799173372,"up","up","not_applicable"
"T3_18","Irisin","gene",TRUE,"ADIPOSE_TRNSCRPT_DA","adipose","transcript-rna-seq","transcript-rna-seq","RNA","tissue_or_blood_cell_context","ENSG00000160097.20","FNDC5","exercise_with_controls","RE-CON","post_15_30_45_min",0.27157822927073,-0.138269933602759,0.681426392144219,0.192826399700306,0.817798160327631,"up","up","not_applicable"
"T3_18","Irisin","gene",TRUE,"ADIPOSE_TRNSCRPT_DA","adipose","transcript-rna-seq","transcript-rna-seq","RNA","tissue_or_blood_cell_context","ENSG00000160097.20","FNDC5","exercise_with_controls","EE-CON","post_15_30_45_min",0.198966001050821,-0.218630011383885,0.616562013485528,0.348577004198879,0.871442510497197,"up","up","not_applicable"
"T3_18","Irisin","gene",TRUE,"ADIPOSE_TRNSCRPT_DA","adipose","transcript-rna-seq","transcript-rna-seq","RNA","tissue_or_blood_cell_context","ENSG00000160097.20","FNDC5","exercise_with_controls","RE-CON","post_3.5_4_hr",-0.0485014817788822,-0.355881207993081,0.258878244435316,0.755936797469938,0.96817405006128,"down","up","not_applicable"
"T3_18","Irisin","gene",TRUE,"ADIPOSE_TRNSCRPT_DA","adipose","transcript-rna-seq","transcript-rna-seq","RNA","tissue_or_blood_cell_context","ENSG00000160097.20","FNDC5","Endur_vs_Resist","EE-RE","post_24_hr",-0.196419919133636,-0.519836693828768,0.126996855561496,0.232477159499676,0.999827188422841,"down","up","not_applicable"
"T3_18","Irisin","gene",TRUE,"ADIPOSE_TRNSCRPT_DA","adipose","transcript-rna-seq","transcript-rna-seq","RNA","tissue_or_blood_cell_context","ENSG00000160097.20","FNDC5","exercise_with_controls","RE-CON","post_24_hr",-0.0568101876754832,-0.415850220613159,0.302229845262192,0.755346398087296,0.999660577093274,"down","up","not_applicable"
"T3_18","Irisin","gene",TRUE,"ADIPOSE_TRNSCRPT_DA","adipose","transcript-rna-seq","transcript-rna-seq","RNA","tissue_or_blood_cell_context","ENSG00000160097.20","FNDC5","exercise_with_controls","EE-CON","post_24_hr",-0.253230106809119,-0.617113028709912,0.110652815091674,0.171493812625805,0.999984488297589,"down","up","not_applicable"
"T3_18","Irisin","gene",TRUE,"ADIPOSE_TRNSCRPT_DA","adipose","transcript-rna-seq","transcript-rna-seq","RNA","tissue_or_blood_cell_context","ENSG00000160097.20","FNDC5","exercise_with_controls","EE-CON","post_3.5_4_hr",0.0593164299582978,-0.261809263488276,0.380442123404871,0.715989098053776,0.978452671761758,"up","up","not_applicable"
"T3_18","Irisin","gene",TRUE,"ADIPOSE_TRNSCRPT_DA","adipose","transcript-rna-seq","transcript-rna-seq","RNA","tissue_or_blood_cell_context","ENSG00000160097.20","FNDC5","Endur_vs_Resist","EE-RE","post_15_30_45_min",-0.0726122282199084,-0.420591329937505,0.275366873497688,0.68118414686726,0.955836455482338,"down","up","not_applicable"
"T3_20","METRNL","gene",TRUE,"ADIPOSE_TRNSCRPT_DA","adipose","transcript-rna-seq","transcript-rna-seq","RNA","tissue_or_blood_cell_context","ENSG00000176845.13","METRNL","exercise_with_controls","RE-CON","post_3.5_4_hr",-0.0454921228804732,-0.198682046096746,0.1076978003358,0.558661074126612,0.935981991065035,"down","up","not_applicable"
"T3_20","METRNL","gene",TRUE,"ADIPOSE_TRNSCRPT_DA","adipose","transcript-rna-seq","transcript-rna-seq","RNA","tissue_or_blood_cell_context","ENSG00000176845.13","METRNL","exercise_with_controls","EE-CON","post_24_hr",0.180208688164315,-0.00643099073744272,0.366848367066073,0.05834859063702,0.999984488297589,"up","up","not_applicable"
"T3_20","METRNL","gene",TRUE,"ADIPOSE_TRNSCRPT_DA","adipose","transcript-rna-seq","transcript-rna-seq","RNA","tissue_or_blood_cell_context","ENSG00000176845.13","METRNL","exercise_with_controls","EE-CON","post_3.5_4_hr",-0.0421253730695872,-0.202515723704905,0.11826497756573,0.604966765625065,0.969743576005694,"down","up","not_applicable"
"T3_20","METRNL","gene",TRUE,"ADIPOSE_TRNSCRPT_DA","adipose","transcript-rna-seq","transcript-rna-seq","RNA","tissue_or_blood_cell_context","ENSG00000176845.13","METRNL","Endur_vs_Resist","EE-RE","post_3.5_4_hr",0.00336674981088603,-0.12359781371169,0.130331313333462,0.958331319590899,0.999378308723222,"up","up","not_applicable"
"T3_20","METRNL","gene",TRUE,"ADIPOSE_TRNSCRPT_DA","adipose","transcript-rna-seq","transcript-rna-seq","RNA","tissue_or_blood_cell_context","ENSG00000176845.13","METRNL","exercise_with_controls","RE-CON","post_24_hr",0.0161592532343295,-0.171263935694019,0.203582442162678,0.86514465760031,0.999660577093274,"up","up","not_applicable"
"T3_20","METRNL","gene",TRUE,"ADIPOSE_TRNSCRPT_DA","adipose","transcript-rna-seq","transcript-rna-seq","RNA","tissue_or_blood_cell_context","ENSG00000176845.13","METRNL","exercise_with_controls","RE-CON","post_15_30_45_min",0.0158421497094601,-0.179582871071315,0.211267170490235,0.87314274142391,0.988879594194678,"up","up","not_applicable"
"T3_20","METRNL","gene",TRUE,"ADIPOSE_TRNSCRPT_DA","adipose","transcript-rna-seq","transcript-rna-seq","RNA","tissue_or_blood_cell_context","ENSG00000176845.13","METRNL","exercise_with_controls","EE-CON","post_15_30_45_min",0.0477814578180569,-0.148771413779952,0.244334329416065,0.632164208660314,0.941242047875618,"up","up","not_applicable"
"T3_20","METRNL","gene",TRUE,"ADIPOSE_TRNSCRPT_DA","adipose","transcript-rna-seq","transcript-rna-seq","RNA","tissue_or_blood_cell_context","ENSG00000176845.13","METRNL","Endur_vs_Resist","EE-RE","post_24_hr",0.164049434929986,0.00558936504196839,0.322509504818003,0.0425211275313272,0.999827188422841,"up","up","not_applicable"
"T3_20","METRNL","gene",TRUE,"ADIPOSE_TRNSCRPT_DA","adipose","transcript-rna-seq","transcript-rna-seq","RNA","tissue_or_blood_cell_context","ENSG00000176845.13","METRNL","Endur_vs_Resist","EE-RE","post_15_30_45_min",0.0319393081085968,-0.138391374720084,0.202269990937278,0.711931386597453,0.962288592089089,"up","up","not_applicable"
"T3_21","Myonectin (CTRP15)","gene",TRUE,"ADIPOSE_TRNSCRPT_DA","adipose","transcript-rna-seq","transcript-rna-seq","RNA","tissue_or_blood_cell_context","ENSG00000178752.16","ERFE","exercise_with_controls","EE-CON","post_3.5_4_hr",-0.0736550870859753,-0.980758255318351,0.833448081146401,0.872936824614496,0.988337667295858,"down","up;unchanged","not_applicable"
"T3_21","Myonectin (CTRP15)","gene",TRUE,"ADIPOSE_TRNSCRPT_DA","adipose","transcript-rna-seq","transcript-rna-seq","RNA","tissue_or_blood_cell_context","ENSG00000178752.16","ERFE","exercise_with_controls","RE-CON","post_24_hr",0.555753500995896,-0.373782035315202,1.48528903730699,0.240014755041217,0.999660577093274,"up","up;unchanged","not_applicable"
"T3_21","Myonectin (CTRP15)","gene",TRUE,"ADIPOSE_TRNSCRPT_DA","adipose","transcript-rna-seq","transcript-rna-seq","RNA","tissue_or_blood_cell_context","ENSG00000178752.16","ERFE","exercise_with_controls","EE-CON","post_24_hr",0.484102246630558,-0.488615474558128,1.45681996781924,0.327798711035489,0.999984488297589,"up","up;unchanged","not_applicable"
"T3_21","Myonectin (CTRP15)","gene",TRUE,"ADIPOSE_TRNSCRPT_DA","adipose","transcript-rna-seq","transcript-rna-seq","RNA","tissue_or_blood_cell_context","ENSG00000178752.16","ERFE","exercise_with_controls","EE-CON","post_15_30_45_min",0.419153031615307,-0.616831249694907,1.45513731292552,0.426195127576025,0.888668277788747,"up","up;unchanged","not_applicable"
"T3_21","Myonectin (CTRP15)","gene",TRUE,"ADIPOSE_TRNSCRPT_DA","adipose","transcript-rna-seq","transcript-rna-seq","RNA","tissue_or_blood_cell_context","ENSG00000178752.16","ERFE","exercise_with_controls","RE-CON","post_3.5_4_hr",0.405070538572184,-0.393817431694883,1.20395850883925,0.318577882102334,0.851426295960424,"up","up;unchanged","not_applicable"
"T3_21","Myonectin (CTRP15)","gene",TRUE,"ADIPOSE_TRNSCRPT_DA","adipose","transcript-rna-seq","transcript-rna-seq","RNA","tissue_or_blood_cell_context","ENSG00000178752.16","ERFE","Endur_vs_Resist","EE-RE","post_3.5_4_hr",-0.478725625658159,-1.22049985975177,0.26304860843545,0.204609672348097,0.999161799173372,"down","up;unchanged","not_applicable"
"T3_21","Myonectin (CTRP15)","gene",TRUE,"ADIPOSE_TRNSCRPT_DA","adipose","transcript-rna-seq","transcript-rna-seq","RNA","tissue_or_blood_cell_context","ENSG00000178752.16","ERFE","exercise_with_controls","RE-CON","post_15_30_45_min",0.582664016492368,-0.417477205409727,1.58280523839446,0.252275958380979,0.847488117404562,"up","up;unchanged","not_applicable"
"T3_21","Myonectin (CTRP15)","gene",TRUE,"ADIPOSE_TRNSCRPT_DA","adipose","transcript-rna-seq","transcript-rna-seq","RNA","tissue_or_blood_cell_context","ENSG00000178752.16","ERFE","Endur_vs_Resist","EE-RE","post_24_hr",-0.0716512543653374,-0.838633340836883,0.695330832106208,0.85415766864319,0.999827188422841,"down","up;unchanged","not_applicable"
"T3_21","Myonectin (CTRP15)","gene",TRUE,"ADIPOSE_TRNSCRPT_DA","adipose","transcript-rna-seq","transcript-rna-seq","RNA","tissue_or_blood_cell_context","ENSG00000178752.16","ERFE","Endur_vs_Resist","EE-RE","post_15_30_45_min",-0.163510984877061,-1.00585493354268,0.67883296378856,0.702580435673726,0.961169503815314,"down","up;unchanged","not_applicable"
"T3_23","Myostatin (GDF8)","gene",TRUE,"ADIPOSE_TRNSCRPT_DA","adipose","transcript-rna-seq","transcript-rna-seq","RNA","tissue_or_blood_cell_context","ENSG00000138379.5","MSTN","Endur_vs_Resist","EE-RE","post_3.5_4_hr",-0.0750961836372085,-0.423149824645795,0.272957457371378,0.671065160958053,0.999161799173372,"down","up;unchanged","not_applicable"
"T3_23","Myostatin (GDF8)","gene",TRUE,"ADIPOSE_TRNSCRPT_DA","adipose","transcript-rna-seq","transcript-rna-seq","RNA","tissue_or_blood_cell_context","ENSG00000138379.5","MSTN","exercise_with_controls","RE-CON","post_3.5_4_hr",-0.329511428172568,-0.700288072843974,0.0412652164988378,0.0812701917902088,0.620948400880471,"down","up;unchanged","not_applicable"
"T3_23","Myostatin (GDF8)","gene",TRUE,"ADIPOSE_TRNSCRPT_DA","adipose","transcript-rna-seq","transcript-rna-seq","RNA","tissue_or_blood_cell_context","ENSG00000138379.5","MSTN","exercise_with_controls","EE-CON","post_24_hr",0.112991100562095,-0.35199082065494,0.57797302177913,0.632608009551515,0.999984488297589,"up","up;unchanged","not_applicable"
"T3_23","Myostatin (GDF8)","gene",TRUE,"ADIPOSE_TRNSCRPT_DA","adipose","transcript-rna-seq","transcript-rna-seq","RNA","tissue_or_blood_cell_context","ENSG00000138379.5","MSTN","exercise_with_controls","RE-CON","post_24_hr",0.114874216776579,-0.34070661511758,0.570455048670738,0.619877625813608,0.999660577093274,"up","up;unchanged","not_applicable"
"T3_23","Myostatin (GDF8)","gene",TRUE,"ADIPOSE_TRNSCRPT_DA","adipose","transcript-rna-seq","transcript-rna-seq","RNA","tissue_or_blood_cell_context","ENSG00000138379.5","MSTN","Endur_vs_Resist","EE-RE","post_15_30_45_min",0.029338232464454,-0.415266840237943,0.473943305166851,0.896706697766974,0.988807467895892,"up","up;unchanged","not_applicable"
"T3_23","Myostatin (GDF8)","gene",TRUE,"ADIPOSE_TRNSCRPT_DA","adipose","transcript-rna-seq","transcript-rna-seq","RNA","tissue_or_blood_cell_context","ENSG00000138379.5","MSTN","exercise_with_controls","EE-CON","post_15_30_45_min",0.131347492893035,-0.365430461021611,0.628125446807682,0.603005711906375,0.936313917980032,"up","up;unchanged","not_applicable"
"T3_23","Myostatin (GDF8)","gene",TRUE,"ADIPOSE_TRNSCRPT_DA","adipose","transcript-rna-seq","transcript-rna-seq","RNA","tissue_or_blood_cell_context","ENSG00000138379.5","MSTN","exercise_with_controls","RE-CON","post_15_30_45_min",0.102009260428581,-0.382514605068485,0.586533125925648,0.678759324831088,0.961154470784051,"up","up;unchanged","not_applicable"
"T3_23","Myostatin (GDF8)","gene",TRUE,"ADIPOSE_TRNSCRPT_DA","adipose","transcript-rna-seq","transcript-rna-seq","RNA","tissue_or_blood_cell_context","ENSG00000138379.5","MSTN","Endur_vs_Resist","EE-RE","post_24_hr",-0.00188311621448412,-0.414002563092445,0.410236330663476,0.992826944632824,0.999827188422841,"down","up;unchanged","not_applicable"
"T3_23","Myostatin (GDF8)","gene",TRUE,"ADIPOSE_TRNSCRPT_DA","adipose","transcript-rna-seq","transcript-rna-seq","RNA","tissue_or_blood_cell_context","ENSG00000138379.5","MSTN","exercise_with_controls","EE-CON","post_3.5_4_hr",-0.404607611809776,-0.803338450915608,-0.00587677270394499,0.0467447566834125,0.711980410742802,"down","up;unchanged","not_applicable"
"T3_24","SPARC","gene",TRUE,"ADIPOSE_TRNSCRPT_DA","adipose","transcript-rna-seq","transcript-rna-seq","RNA","tissue_or_blood_cell_context","ENSG00000113140.11","SPARC","exercise_with_controls","EE-CON","post_15_30_45_min",0.0376864725977768,-0.0958883252769507,0.171261270472504,0.578311468212371,0.93149130414325,"up","up;unchanged","not_applicable"
"T3_24","SPARC","gene",TRUE,"ADIPOSE_TRNSCRPT_DA","adipose","transcript-rna-seq","transcript-rna-seq","RNA","tissue_or_blood_cell_context","ENSG00000113140.11","SPARC","exercise_with_controls","RE-CON","post_24_hr",0.0382135269871249,-0.088592082493995,0.165019136468245,0.552726778605074,0.999660577093274,"up","up;unchanged","not_applicable"
"T3_24","SPARC","gene",TRUE,"ADIPOSE_TRNSCRPT_DA","adipose","transcript-rna-seq","transcript-rna-seq","RNA","tissue_or_blood_cell_context","ENSG00000113140.11","SPARC","Endur_vs_Resist","EE-RE","post_24_hr",-0.016861460309368,-0.126614936087282,0.0928920154685464,0.762071162712372,0.999827188422841,"down","up;unchanged","not_applicable"
"T3_24","SPARC","gene",TRUE,"ADIPOSE_TRNSCRPT_DA","adipose","transcript-rna-seq","transcript-rna-seq","RNA","tissue_or_blood_cell_context","ENSG00000113140.11","SPARC","Endur_vs_Resist","EE-RE","post_3.5_4_hr",-0.0510441081254882,-0.136288638302342,0.0342004220513654,0.238820050170932,0.999161799173372,"down","up;unchanged","not_applicable"
"T3_24","SPARC","gene",TRUE,"ADIPOSE_TRNSCRPT_DA","adipose","transcript-rna-seq","transcript-rna-seq","RNA","tissue_or_blood_cell_context","ENSG00000113140.11","SPARC","Endur_vs_Resist","EE-RE","post_15_30_45_min",0.0191808443507178,-0.0976456975806244,0.13600738628206,0.74627528457094,0.96782437802048,"up","up;unchanged","not_applicable"
"T3_24","SPARC","gene",TRUE,"ADIPOSE_TRNSCRPT_DA","adipose","transcript-rna-seq","transcript-rna-seq","RNA","tissue_or_blood_cell_context","ENSG00000113140.11","SPARC","exercise_with_controls","RE-CON","post_3.5_4_hr",0.00437333253183958,-0.0983579900682527,0.107104655131932,0.933122724669658,0.99513885693437,"up","up;unchanged","not_applicable"
"T3_24","SPARC","gene",TRUE,"ADIPOSE_TRNSCRPT_DA","adipose","transcript-rna-seq","transcript-rna-seq","RNA","tissue_or_blood_cell_context","ENSG00000113140.11","SPARC","exercise_with_controls","EE-CON","post_3.5_4_hr",-0.0466707755936486,-0.153832575243493,0.0604910240561956,0.391134062089893,0.930315503715648,"down","up;unchanged","not_applicable"
"T3_24","SPARC","gene",TRUE,"ADIPOSE_TRNSCRPT_DA","adipose","transcript-rna-seq","transcript-rna-seq","RNA","tissue_or_blood_cell_context","ENSG00000113140.11","SPARC","exercise_with_controls","RE-CON","post_15_30_45_min",0.018505628247059,-0.114924495347196,0.151935751841314,0.784593112547612,0.979255616858019,"up","up;unchanged","not_applicable"
"T3_24","SPARC","gene",TRUE,"ADIPOSE_TRNSCRPT_DA","adipose","transcript-rna-seq","transcript-rna-seq","RNA","tissue_or_blood_cell_context","ENSG00000113140.11","SPARC","exercise_with_controls","EE-CON","post_24_hr",0.0213520666777569,-0.104331871735129,0.147036005090643,0.737772023898653,0.999984488297589,"up","up;unchanged","not_applicable"
"T3_25","SDC4","gene",TRUE,"ADIPOSE_TRNSCRPT_DA","adipose","transcript-rna-seq","transcript-rna-seq","RNA","tissue_or_blood_cell_context","ENSG00000124145.6","SDC4","Endur_vs_Resist","EE-RE","post_15_30_45_min",0.0392163673429433,-0.138283464187766,0.216716198873653,0.663637045842606,0.954634705136839,"up","up","not_applicable"
"T3_25","SDC4","gene",TRUE,"ADIPOSE_TRNSCRPT_DA","adipose","transcript-rna-seq","transcript-rna-seq","RNA","tissue_or_blood_cell_context","ENSG00000124145.6","SDC4","Endur_vs_Resist","EE-RE","post_24_hr",0.0948558363773837,-0.0743051585291458,0.264016831283913,0.270225806256375,0.999827188422841,"up","up","not_applicable"
"T3_25","SDC4","gene",TRUE,"ADIPOSE_TRNSCRPT_DA","adipose","transcript-rna-seq","transcript-rna-seq","RNA","tissue_or_blood_cell_context","ENSG00000124145.6","SDC4","exercise_with_controls","RE-CON","post_3.5_4_hr",0.104703962607359,-0.0531938949873993,0.262601820202117,0.192495917295765,0.769961510433749,"up","up","not_applicable"
"T3_25","SDC4","gene",TRUE,"ADIPOSE_TRNSCRPT_DA","adipose","transcript-rna-seq","transcript-rna-seq","RNA","tissue_or_blood_cell_context","ENSG00000124145.6","SDC4","Endur_vs_Resist","EE-RE","post_3.5_4_hr",0.0515550277673178,-0.0821193611476613,0.185229416682297,0.447832524136468,0.999161799173372,"up","up","not_applicable"
"T3_25","SDC4","gene",TRUE,"ADIPOSE_TRNSCRPT_DA","adipose","transcript-rna-seq","transcript-rna-seq","RNA","tissue_or_blood_cell_context","ENSG00000124145.6","SDC4","exercise_with_controls","EE-CON","post_15_30_45_min",0.14975672870356,-0.055487172519683,0.355000629926802,0.151811887306281,0.753434563985371,"up","up","not_applicable"
"T3_25","SDC4","gene",TRUE,"ADIPOSE_TRNSCRPT_DA","adipose","transcript-rna-seq","transcript-rna-seq","RNA","tissue_or_blood_cell_context","ENSG00000124145.6","SDC4","exercise_with_controls","EE-CON","post_24_hr",0.0604755536587471,-0.134291993248892,0.255243100566386,0.541087618896446,0.999984488297589,"up","up","not_applicable"
"T3_25","SDC4","gene",TRUE,"ADIPOSE_TRNSCRPT_DA","adipose","transcript-rna-seq","transcript-rna-seq","RNA","tissue_or_blood_cell_context","ENSG00000124145.6","SDC4","exercise_with_controls","EE-CON","post_3.5_4_hr",0.156258990374677,-0.00914676457575628,0.32166474532511,0.0639488478214052,0.746571025766166,"up","up","not_applicable"
"T3_25","SDC4","gene",TRUE,"ADIPOSE_TRNSCRPT_DA","adipose","transcript-rna-seq","transcript-rna-seq","RNA","tissue_or_blood_cell_context","ENSG00000124145.6","SDC4","exercise_with_controls","RE-CON","post_24_hr",-0.0343802827186366,-0.227352812110082,0.158592246672809,0.725740992946775,0.999660577093274,"down","up","not_applicable"
"T3_25","SDC4","gene",TRUE,"ADIPOSE_TRNSCRPT_DA","adipose","transcript-rna-seq","transcript-rna-seq","RNA","tissue_or_blood_cell_context","ENSG00000124145.6","SDC4","exercise_with_controls","RE-CON","post_15_30_45_min",0.110540361360616,-0.0947697413533815,0.315850464074614,0.289740927249371,0.862466449488897,"up","up","not_applicable"
"T3_26","TGF-beta1","gene",TRUE,"ADIPOSE_TRNSCRPT_DA","adipose","transcript-rna-seq","transcript-rna-seq","RNA","tissue_or_blood_cell_context","ENSG00000105329.11","TGFB1","Endur_vs_Resist","EE-RE","post_3.5_4_hr",0.0299295494483554,-0.0957592676785623,0.155618366575273,0.639048543170348,0.999161799173372,"up","up","not_applicable"
"T3_26","TGF-beta1","gene",TRUE,"ADIPOSE_TRNSCRPT_DA","adipose","transcript-rna-seq","transcript-rna-seq","RNA","tissue_or_blood_cell_context","ENSG00000105329.11","TGFB1","exercise_with_controls","EE-CON","post_24_hr",-0.0238894934382063,-0.212318680978268,0.164539694101855,0.802802094215601,0.999984488297589,"down","up","not_applicable"
"T3_26","TGF-beta1","gene",TRUE,"ADIPOSE_TRNSCRPT_DA","adipose","transcript-rna-seq","transcript-rna-seq","RNA","tissue_or_blood_cell_context","ENSG00000105329.11","TGFB1","Endur_vs_Resist","EE-RE","post_24_hr",0.0221379029927338,-0.137212923541933,0.1814887295274,0.784375403653546,0.999827188422841,"up","up","not_applicable"
"T3_26","TGF-beta1","gene",TRUE,"ADIPOSE_TRNSCRPT_DA","adipose","transcript-rna-seq","transcript-rna-seq","RNA","tissue_or_blood_cell_context","ENSG00000105329.11","TGFB1","exercise_with_controls","RE-CON","post_24_hr",-0.0460273964309401,-0.234907882966031,0.142853090104151,0.631317436304486,0.999660577093274,"down","up","not_applicable"
"T3_26","TGF-beta1","gene",TRUE,"ADIPOSE_TRNSCRPT_DA","adipose","transcript-rna-seq","transcript-rna-seq","RNA","tissue_or_blood_cell_context","ENSG00000105329.11","TGFB1","exercise_with_controls","RE-CON","post_15_30_45_min",-0.0915535680419426,-0.290634820938531,0.107527684854646,0.365526781964281,0.887479586611541,"down","up","not_applicable"
"T3_26","TGF-beta1","gene",TRUE,"ADIPOSE_TRNSCRPT_DA","adipose","transcript-rna-seq","transcript-rna-seq","RNA","tissue_or_blood_cell_context","ENSG00000105329.11","TGFB1","exercise_with_controls","EE-CON","post_3.5_4_hr",0.000316549592443316,-0.158175555061268,0.158808654246155,0.99686039317249,0.99997047843314,"up","up","not_applicable"
"T3_26","TGF-beta1","gene",TRUE,"ADIPOSE_TRNSCRPT_DA","adipose","transcript-rna-seq","transcript-rna-seq","RNA","tissue_or_blood_cell_context","ENSG00000105329.11","TGFB1","Endur_vs_Resist","EE-RE","post_15_30_45_min",-0.0700170128459829,-0.242458182255563,0.102424156563597,0.424222051607054,0.905275615265525,"down","up","not_applicable"
"T3_26","TGF-beta1","gene",TRUE,"ADIPOSE_TRNSCRPT_DA","adipose","transcript-rna-seq","transcript-rna-seq","RNA","tissue_or_blood_cell_context","ENSG00000105329.11","TGFB1","exercise_with_controls","EE-CON","post_15_30_45_min",-0.161570580887926,-0.362157726784288,0.0390165650084373,0.113769953556326,0.72050854888607,"down","up","not_applicable"
"T3_26","TGF-beta1","gene",TRUE,"ADIPOSE_TRNSCRPT_DA","adipose","transcript-rna-seq","transcript-rna-seq","RNA","tissue_or_blood_cell_context","ENSG00000105329.11","TGFB1","exercise_with_controls","RE-CON","post_3.5_4_hr",-0.029612999855912,-0.181301234090876,0.122075234379052,0.700565439811716,0.961986581500217,"down","up","not_applicable"
"T3_27","TGF-beta2","gene",TRUE,"ADIPOSE_TRNSCRPT_DA","adipose","transcript-rna-seq","transcript-rna-seq","RNA","tissue_or_blood_cell_context","ENSG00000092969.12","TGFB2","exercise_with_controls","RE-CON","post_3.5_4_hr",-0.348026197815883,-0.663435102627858,-0.0326172930039071,0.0307428006268916,0.464447748023019,"down","up","not_applicable"
"T3_27","TGF-beta2","gene",TRUE,"ADIPOSE_TRNSCRPT_DA","adipose","transcript-rna-seq","transcript-rna-seq","RNA","tissue_or_blood_cell_context","ENSG00000092969.12","TGFB2","Endur_vs_Resist","EE-RE","post_15_30_45_min",-0.0940610242535611,-0.437073866321041,0.248951817813919,0.589373585576735,0.943336566602647,"down","up","not_applicable"
"T3_27","TGF-beta2","gene",TRUE,"ADIPOSE_TRNSCRPT_DA","adipose","transcript-rna-seq","transcript-rna-seq","RNA","tissue_or_blood_cell_context","ENSG00000092969.12","TGFB2","exercise_with_controls","EE-CON","post_15_30_45_min",-0.300175451772976,-0.712455220268972,0.11210431672302,0.152718346736097,0.75446739989102,"down","up","not_applicable"
"T3_27","TGF-beta2","gene",TRUE,"ADIPOSE_TRNSCRPT_DA","adipose","transcript-rna-seq","transcript-rna-seq","RNA","tissue_or_blood_cell_context","ENSG00000092969.12","TGFB2","exercise_with_controls","EE-CON","post_3.5_4_hr",-0.346223027958985,-0.674922287829023,-0.017523768088946,0.0390768809045579,0.682396739030786,"down","up","not_applicable"
"T3_27","TGF-beta2","gene",TRUE,"ADIPOSE_TRNSCRPT_DA","adipose","transcript-rna-seq","transcript-rna-seq","RNA","tissue_or_blood_cell_context","ENSG00000092969.12","TGFB2","exercise_with_controls","RE-CON","post_15_30_45_min",-0.206114427519415,-0.610334309862786,0.198105454823956,0.316022156680843,0.871578595811866,"down","up","not_applicable"
"T3_27","TGF-beta2","gene",TRUE,"ADIPOSE_TRNSCRPT_DA","adipose","transcript-rna-seq","transcript-rna-seq","RNA","tissue_or_blood_cell_context","ENSG00000092969.12","TGFB2","exercise_with_controls","EE-CON","post_24_hr",-0.253150470783503,-0.640656095824263,0.134355154257257,0.199201952452595,0.999984488297589,"down","up","not_applicable"
"T3_27","TGF-beta2","gene",TRUE,"ADIPOSE_TRNSCRPT_DA","adipose","transcript-rna-seq","transcript-rna-seq","RNA","tissue_or_blood_cell_context","ENSG00000092969.12","TGFB2","exercise_with_controls","RE-CON","post_24_hr",-0.0803454507469974,-0.45881302832669,0.298122126832695,0.676001654517205,0.999660577093274,"down","up","not_applicable"
"T3_27","TGF-beta2","gene",TRUE,"ADIPOSE_TRNSCRPT_DA","adipose","transcript-rna-seq","transcript-rna-seq","RNA","tissue_or_blood_cell_context","ENSG00000092969.12","TGFB2","Endur_vs_Resist","EE-RE","post_3.5_4_hr",0.00180316985689788,-0.250345869215275,0.25395220892907,0.988760941493981,0.999378308723222,"up","up","not_applicable"
"T3_27","TGF-beta2","gene",TRUE,"ADIPOSE_TRNSCRPT_DA","adipose","transcript-rna-seq","transcript-rna-seq","RNA","tissue_or_blood_cell_context","ENSG00000092969.12","TGFB2","Endur_vs_Resist","EE-RE","post_24_hr",-0.172805020036506,-0.489481328934365,0.143871288861353,0.283263303389872,0.999827188422841,"down","up","not_applicable"
"T3_28","VEGF","gene",TRUE,"ADIPOSE_TRNSCRPT_DA","adipose","transcript-rna-seq","transcript-rna-seq","RNA","tissue_or_blood_cell_context","ENSG00000112715.26","VEGFA","exercise_with_controls","RE-CON","post_3.5_4_hr",0.0507266128128228,-0.163071972981678,0.264525198607324,0.640268652127877,0.953445712873027,"up","up;unchanged","not_applicable"
"T3_28","VEGF","gene",TRUE,"ADIPOSE_TRNSCRPT_DA","adipose","transcript-rna-seq","transcript-rna-seq","RNA","tissue_or_blood_cell_context","ENSG00000112715.26","VEGFA","Endur_vs_Resist","EE-RE","post_15_30_45_min",0.294468747056387,0.0553698487352972,0.533567645377476,0.0160486088841042,0.506944264908261,"up","up;unchanged","not_applicable"
"T3_28","VEGF","gene",TRUE,"ADIPOSE_TRNSCRPT_DA","adipose","transcript-rna-seq","transcript-rna-seq","RNA","tissue_or_blood_cell_context","ENSG00000112715.26","VEGFA","Endur_vs_Resist","EE-RE","post_24_hr",-0.00844932599344794,-0.234568179166387,0.217669527179491,0.94132936608273,0.999827188422841,"down","up;unchanged","not_applicable"
"T3_28","VEGF","gene",TRUE,"ADIPOSE_TRNSCRPT_DA","adipose","transcript-rna-seq","transcript-rna-seq","RNA","tissue_or_blood_cell_context","ENSG00000112715.26","VEGFA","exercise_with_controls","RE-CON","post_24_hr",-0.158922407169793,-0.419019643378137,0.10117482903855,0.229634024416985,0.999660577093274,"down","up;unchanged","not_applicable"
"T3_28","VEGF","gene",TRUE,"ADIPOSE_TRNSCRPT_DA","adipose","transcript-rna-seq","transcript-rna-seq","RNA","tissue_or_blood_cell_context","ENSG00000112715.26","VEGFA","exercise_with_controls","EE-CON","post_3.5_4_hr",0.144659896901531,-0.0780571448799561,0.367376938683018,0.20165536675666,0.884244230692858,"up","up;unchanged","not_applicable"
"T3_28","VEGF","gene",TRUE,"ADIPOSE_TRNSCRPT_DA","adipose","transcript-rna-seq","transcript-rna-seq","RNA","tissue_or_blood_cell_context","ENSG00000112715.26","VEGFA","Endur_vs_Resist","EE-RE","post_3.5_4_hr",0.0939332840887079,-0.0836585217992569,0.271525089976673,0.298067981975391,0.999161799173372,"up","up;unchanged","not_applicable"
"T3_28","VEGF","gene",TRUE,"ADIPOSE_TRNSCRPT_DA","adipose","transcript-rna-seq","transcript-rna-seq","RNA","tissue_or_blood_cell_context","ENSG00000112715.26","VEGFA","exercise_with_controls","RE-CON","post_15_30_45_min",0.178239766237543,-0.0967963284022267,0.453275860877313,0.202725300974774,0.82611588165988,"up","up;unchanged","not_applicable"
"T3_28","VEGF","gene",TRUE,"ADIPOSE_TRNSCRPT_DA","adipose","transcript-rna-seq","transcript-rna-seq","RNA","tissue_or_blood_cell_context","ENSG00000112715.26","VEGFA","exercise_with_controls","EE-CON","post_15_30_45_min",0.47270851329393,0.197845518393509,0.747571508194351,0.000840950580271153,0.149510594315464,"up","up;unchanged","not_applicable"
"T3_28","VEGF","gene",TRUE,"ADIPOSE_TRNSCRPT_DA","adipose","transcript-rna-seq","transcript-rna-seq","RNA","tissue_or_blood_cell_context","ENSG00000112715.26","VEGFA","exercise_with_controls","EE-CON","post_24_hr",-0.167371733163241,-0.425883329146894,0.0911398628204114,0.20314110614164,0.999984488297589,"down","up;unchanged","not_applicable"
"T3_02","Adiponectin","gene",TRUE,"ADIPOSE_PROT_PR_DA","adipose","prot-pr","prot-pr","protein","tissue_or_blood_cell_context","Q15848","ADIPOQ","Endur_vs_Resist","EE-RE","post_3.5_4_hr",-0.0760715260648741,-0.326697389054657,0.174554336924909,0.542307211675444,0.825926977246263,"down","up","not_applicable"
"T3_02","Adiponectin","gene",TRUE,"ADIPOSE_PROT_PR_DA","adipose","prot-pr","prot-pr","protein","tissue_or_blood_cell_context","Q15848","ADIPOQ","exercise_with_controls","RE-CON","post_3.5_4_hr",0.0691235060138546,-0.196700118866071,0.33494713089378,0.601411540728545,0.904275663301795,"up","up","not_applicable"
"T3_02","Adiponectin","gene",TRUE,"ADIPOSE_PROT_PR_DA","adipose","prot-pr","prot-pr","protein","tissue_or_blood_cell_context","Q15848","ADIPOQ","exercise_with_controls","EE-CON","post_3.5_4_hr",-0.00694802005101924,-0.272670689867682,0.258774649765643,0.958031595923772,0.982968000703524,"down","up","not_applicable"
"T3_04","Angiopoietin-like protein 4","gene",TRUE,"ADIPOSE_PROT_PR_DA","adipose","prot-pr","prot-pr","protein","tissue_or_blood_cell_context","Q9BY76","ANGPTL4","Endur_vs_Resist","EE-RE","post_3.5_4_hr",0.156803519487719,-0.182416795536891,0.496023834512328,0.348409172968653,0.705982942981561,"up","up","not_applicable"
"T3_04","Angiopoietin-like protein 4","gene",TRUE,"ADIPOSE_PROT_PR_DA","adipose","prot-pr","prot-pr","protein","tissue_or_blood_cell_context","Q9BY76","ANGPTL4","exercise_with_controls","RE-CON","post_3.5_4_hr",-0.0101712506135082,-0.366360281529302,0.346017780302285,0.953300308408158,0.989043813575645,"down","up","not_applicable"
"T3_04","Angiopoietin-like protein 4","gene",TRUE,"ADIPOSE_PROT_PR_DA","adipose","prot-pr","prot-pr","protein","tissue_or_blood_cell_context","Q9BY76","ANGPTL4","exercise_with_controls","EE-CON","post_3.5_4_hr",0.146632268874211,-0.209468936514826,0.502733474263248,0.402252770901897,0.657012859139765,"up","up","not_applicable"
"T3_08","Fetuin-A","gene",TRUE,"ADIPOSE_PROT_PR_DA","adipose","prot-pr","prot-pr","protein","tissue_or_blood_cell_context","P02765","AHSG","exercise_with_controls","RE-CON","post_3.5_4_hr",0.0192762816163592,-0.338978156290306,0.377530719523024,0.912209890131149,0.984146877716311,"up","down;unchanged","not_applicable"
"T3_08","Fetuin-A","gene",TRUE,"ADIPOSE_PROT_PR_DA","adipose","prot-pr","prot-pr","protein","tissue_or_blood_cell_context","P02765","AHSG","exercise_with_controls","EE-CON","post_3.5_4_hr",-0.0996780314556874,-0.457810471335475,0.2584544084241,0.569851751039829,0.780903856154016,"down","down;unchanged","not_applicable"
"T3_08","Fetuin-A","gene",TRUE,"ADIPOSE_PROT_PR_DA","adipose","prot-pr","prot-pr","protein","tissue_or_blood_cell_context","P02765","AHSG","Endur_vs_Resist","EE-RE","post_3.5_4_hr",-0.118954313072047,-0.458344567648223,0.220435941504129,0.475634450753809,0.789895646721135,"down","down;unchanged","not_applicable"
"T3_11","Follistatin","gene",TRUE,"ADIPOSE_PROT_PR_DA","adipose","prot-pr","prot-pr","protein","tissue_or_blood_cell_context","P19883","FST","exercise_with_controls","EE-CON","post_3.5_4_hr",-0.00490447019464893,-0.36689947498698,0.357090534597682,0.978246350180537,0.99369716266247,"down","up","not_applicable"
"T3_11","Follistatin","gene",TRUE,"ADIPOSE_PROT_PR_DA","adipose","prot-pr","prot-pr","protein","tissue_or_blood_cell_context","P19883","FST","Endur_vs_Resist","EE-RE","post_3.5_4_hr",-0.0526787463124339,-0.394107313685558,0.28874982106069,0.75631857071348,0.92143756262723,"down","up","not_applicable"
"T3_11","Follistatin","gene",TRUE,"ADIPOSE_PROT_PR_DA","adipose","prot-pr","prot-pr","protein","tissue_or_blood_cell_context","P19883","FST","exercise_with_controls","RE-CON","post_3.5_4_hr",0.0477742761177849,-0.314358260141616,0.409906812377186,0.790713116288207,0.956963581529602,"up","up","not_applicable"
"T3_13","HSP72","gene",TRUE,"ADIPOSE_PROT_PR_DA","adipose","prot-pr","prot-pr","protein","tissue_or_blood_cell_context","P0DMV8","HSPA1A","exercise_with_controls","EE-CON","post_3.5_4_hr",0.0573685743968051,-0.22275135336248,0.33748850215609,0.675153498286646,0.842165119957222,"up","up","not_applicable"
"T3_13","HSP72","gene",TRUE,"ADIPOSE_PROT_PR_DA","adipose","prot-pr","prot-pr","protein","tissue_or_blood_cell_context","P0DMV8","HSPA1A","exercise_with_controls","RE-CON","post_3.5_4_hr",-0.00283601992474564,-0.283041819832449,0.277369779982958,0.983442093203595,0.996462236641069,"down","up","not_applicable"
"T3_13","HSP72","gene",TRUE,"ADIPOSE_PROT_PR_DA","adipose","prot-pr","prot-pr","protein","tissue_or_blood_cell_context","P0DMV8","HSPA1A","Endur_vs_Resist","EE-RE","post_3.5_4_hr",0.0602045943215507,-0.205839776791707,0.326248965434808,0.643806939603234,0.876642761024435,"up","up","not_applicable"
"T3_24","SPARC","gene",TRUE,"ADIPOSE_PROT_PR_DA","adipose","prot-pr","prot-pr","protein","tissue_or_blood_cell_context","P09486","SPARC","exercise_with_controls","RE-CON","post_3.5_4_hr",-0.0277939964658414,-0.300658428077113,0.24507043514543,0.834636572142182,0.969862452671198,"down","up;unchanged","not_applicable"
"T3_24","SPARC","gene",TRUE,"ADIPOSE_PROT_PR_DA","adipose","prot-pr","prot-pr","protein","tissue_or_blood_cell_context","P09486","SPARC","Endur_vs_Resist","EE-RE","post_3.5_4_hr",0.0426330102495975,-0.216455874373699,0.301721894872894,0.736419293102116,0.91273046410127,"up","up;unchanged","not_applicable"
"T3_24","SPARC","gene",TRUE,"ADIPOSE_PROT_PR_DA","adipose","prot-pr","prot-pr","protein","tissue_or_blood_cell_context","P09486","SPARC","exercise_with_controls","EE-CON","post_3.5_4_hr",0.014839013783756,-0.257942066089651,0.287620093657163,0.911198737223748,0.959901207800951,"up","up;unchanged","not_applicable"
"T3_08","Fetuin-A","gene",TRUE,"ADIPOSE_PROT_PH_DA","adipose","prot-ph","prot-ph","phosphosite","tissue_or_blood_cell_context","P02765_S138s","AHSG","exercise_with_controls","RE-CON","post_3.5_4_hr",-0.0237133768032196,-0.625488007797255,0.578061254190816,0.935736727186248,0.981795970643991,"down","down;unchanged","not_applicable"
"T3_08","Fetuin-A","gene",TRUE,"ADIPOSE_PROT_PH_DA","adipose","prot-ph","prot-ph","phosphosite","tissue_or_blood_cell_context","P02765_S138s","AHSG","Endur_vs_Resist","EE-RE","post_3.5_4_hr",-0.154425737761615,-0.721024898377499,0.41217342285427,0.578802270349406,0.831875100748483,"down","down;unchanged","not_applicable"
"T3_08","Fetuin-A","gene",TRUE,"ADIPOSE_PROT_PH_DA","adipose","prot-ph","prot-ph","phosphosite","tissue_or_blood_cell_context","P02765_S138s","AHSG","exercise_with_controls","EE-CON","post_3.5_4_hr",-0.178139114564834,-0.779681353138896,0.423403124009228,0.546152394140066,0.777221660659893,"down","down;unchanged","not_applicable"
"T3_08","Fetuin-A","gene",TRUE,"ADIPOSE_PROT_PH_DA","adipose","prot-ph","prot-ph","phosphosite","tissue_or_blood_cell_context","P02765_S328s","AHSG","exercise_with_controls","RE-CON","post_3.5_4_hr",0.448310087946693,0.161152247777158,0.735467928116229,0.0030895232907857,0.142592038439336,"up","down;unchanged","not_applicable"
"T3_08","Fetuin-A","gene",TRUE,"ADIPOSE_PROT_PH_DA","adipose","prot-ph","prot-ph","phosphosite","tissue_or_blood_cell_context","P02765_S328s","AHSG","Endur_vs_Resist","EE-RE","post_3.5_4_hr",0.0765583686397204,-0.19418198237041,0.34729871964985,0.570376228878779,0.828005345255049,"up","down;unchanged","not_applicable"
"T3_08","Fetuin-A","gene",TRUE,"ADIPOSE_PROT_PH_DA","adipose","prot-ph","prot-ph","phosphosite","tissue_or_blood_cell_context","P02765_S328s","AHSG","exercise_with_controls","EE-CON","post_3.5_4_hr",0.524868456586414,0.237819673833913,0.811917239338915,0.000677594308624313,0.0357810861275372,"up","down;unchanged","not_applicable"
"T3_08","Fetuin-A","gene",TRUE,"ADIPOSE_PROT_PH_DA","adipose","prot-ph","prot-ph","phosphosite","tissue_or_blood_cell_context","P02765_S330s","AHSG","exercise_with_controls","RE-CON","post_3.5_4_hr",0.104645040469374,-0.132994067713416,0.342284148652164,0.37215959065058,0.724447389038986,"up","down;unchanged","not_applicable"
"T3_08","Fetuin-A","gene",TRUE,"ADIPOSE_PROT_PH_DA","adipose","prot-ph","prot-ph","phosphosite","tissue_or_blood_cell_context","P02765_S330s","AHSG","exercise_with_controls","EE-CON","post_3.5_4_hr",0.372435980374541,0.134883495619342,0.60998846512974,0.00355040683656266,0.0700523241059613,"up","down;unchanged","not_applicable"
"T3_08","Fetuin-A","gene",TRUE,"ADIPOSE_PROT_PH_DA","adipose","prot-ph","prot-ph","phosphosite","tissue_or_blood_cell_context","P02765_S330s","AHSG","Endur_vs_Resist","EE-RE","post_3.5_4_hr",0.267790939905167,0.043148213706617,0.492433666103717,0.0214471999450787,0.213321293517661,"up","down;unchanged","not_applicable"
"T3_19","Lactate","exact_metabolite",TRUE,"ADIPOSE_METAB_DA","adipose","metab","metab-u-ionpneg","metabolite","tissue_or_blood_cell_context","Lactic acid",NA,"exercise_with_controls","EE-CON","post_15_30_45_min",0.0274799065531184,-0.518157298976303,0.57311711208254,0.921048974556423,0.926801465902086,"up","up","not_applicable"
"T3_19","Lactate","exact_metabolite",TRUE,"ADIPOSE_METAB_DA","adipose","metab","metab-u-ionpneg","metabolite","tissue_or_blood_cell_context","Lactic acid",NA,"exercise_with_controls","EE-CON","post_3.5_4_hr",0.0674103531923436,-0.388600062352562,0.523420768737249,0.771064518392698,0.995278673141109,"up","up","not_applicable"
"T3_19","Lactate","exact_metabolite",TRUE,"ADIPOSE_METAB_DA","adipose","metab","metab-u-ionpneg","metabolite","tissue_or_blood_cell_context","Lactic acid",NA,"exercise_with_controls","EE-CON","post_24_hr",-0.390276548849197,-0.900663908708854,0.120110811010459,0.133271397451997,0.60912091647519,"down","up","not_applicable"
"T3_19","Lactate","exact_metabolite",TRUE,"ADIPOSE_METAB_DA","adipose","metab","metab-u-ionpneg","metabolite","tissue_or_blood_cell_context","Lactic acid",NA,"exercise_with_controls","RE-CON","post_15_30_45_min",0.630680312777024,0.0744821734539532,1.18687845210009,0.0264273110901101,0.295985884209233,"up","up","not_applicable"
"T3_19","Lactate","exact_metabolite",TRUE,"ADIPOSE_METAB_DA","adipose","metab","metab-u-ionpneg","metabolite","tissue_or_blood_cell_context","Lactic acid",NA,"exercise_with_controls","RE-CON","post_3.5_4_hr",0.0992262011017004,-0.336385825964205,0.534838228167606,0.653894603979627,0.963634153233134,"up","up","not_applicable"
"T3_19","Lactate","exact_metabolite",TRUE,"ADIPOSE_METAB_DA","adipose","metab","metab-u-ionpneg","metabolite","tissue_or_blood_cell_context","Lactic acid",NA,"exercise_with_controls","RE-CON","post_24_hr",-0.242888886813315,-0.765167885909036,0.279390112282406,0.360478089802558,0.871384012742745,"down","up","not_applicable"
"T3_19","Lactate","exact_metabolite",TRUE,"ADIPOSE_METAB_DA","adipose","metab","metab-u-ionpneg","metabolite","tissue_or_blood_cell_context","Lactic acid",NA,"Endur_vs_Resist","EE-RE","post_15_30_45_min",-0.603200406223905,-1.09401314103009,-0.112387671417722,0.0162200716992199,0.633806848950687,"down","up","not_applicable"
"T3_19","Lactate","exact_metabolite",TRUE,"ADIPOSE_METAB_DA","adipose","metab","metab-u-ionpneg","metabolite","tissue_or_blood_cell_context","Lactic acid",NA,"Endur_vs_Resist","EE-RE","post_3.5_4_hr",-0.0318158479093569,-0.408184381365548,0.344552685546834,0.867850850763709,0.899993474866069,"down","up","not_applicable"
"T3_19","Lactate","exact_metabolite",TRUE,"ADIPOSE_METAB_DA","adipose","metab","metab-u-ionpneg","metabolite","tissue_or_blood_cell_context","Lactic acid",NA,"Endur_vs_Resist","EE-RE","post_24_hr",-0.147387662035882,-0.593886696585358,0.299111372513593,0.516110054486077,0.825776087177723,"down","up","not_applicable"
