"assay","feature_id","tissue","full_model","contrast","contrast_short","contrast_type","contrast_category","randomGroupCode","Timepoint","logFC","CI.L_calculated","CI.R_calculated","degrees_of_freedom","logLik","t","AveExpr","z.std","p_value","adj_p_value","entrez_gene","gene_symbol","ensembl_gene","uniprot","refmet_name","refmet_id","kegg_id","custom_annotation","relationship_to_gene","flanking_sequence"
"prot-ph","O14745_S269s","adipose","~ 0 + group_timepoint +  BMI + calculatedAge + Sex + (1 | pid)","group_timepointADUEndur.post_3.5_4_hr - group_timepointADUEndur.pre_exercise - group_timepointADUControl.post_3.5_4_hr + group_timepointADUControl.pre_exercise","Endur.post_3.5_4_hr - Control.post_3.5_4_hr (delta-delta)","exercise_with_controls","EE-CON","ADUEndur","post_3.5_4_hr",0.311574605448645,-0.107639915879913,0.730789126777204,24.7910450519107,-17.4870319970043,1.53949550027498,-1.059910853925,1.48461183128246,0.137646679539335,0.404071595769821,"9368","SLC9A3R1","ENSG00000109062","O14745",NA,NA,NA,NA,NA,"GEIQKENsREALAEA"
"prot-ph","O14745_S269s","adipose","~ 0 + group_timepoint +  BMI + calculatedAge + Sex + (1 | pid)","group_timepointADUResist.post_3.5_4_hr - group_timepointADUResist.pre_exercise - group_timepointADUControl.post_3.5_4_hr + group_timepointADUControl.pre_exercise","Resist.post_3.5_4_hr - Control.post_3.5_4_hr (delta-delta)","exercise_with_controls","RE-CON","ADUResist","post_3.5_4_hr",0.31025724370349,-0.109113027324723,0.729627514731702,24.7910450519107,-17.4870319970043,1.53244514695844,-1.059910853925,1.47812252493768,0.139374986042823,0.509437820159585,"9368","SLC9A3R1","ENSG00000109062","O14745",NA,NA,NA,NA,NA,"GEIQKENsREALAEA"
"prot-ph","O14745_S280s","adipose","~ 0 + group_timepoint +  BMI + calculatedAge + Sex + (1 | pid)","group_timepointADUEndur.post_3.5_4_hr - group_timepointADUEndur.pre_exercise - group_timepointADUControl.post_3.5_4_hr + group_timepointADUControl.pre_exercise","Endur.post_3.5_4_hr - Control.post_3.5_4_hr (delta-delta)","exercise_with_controls","EE-CON","ADUEndur","post_3.5_4_hr",1.05826694805403,0.492663807764169,1.62387008834389,33,-25.3796298107508,3.787927623211,-0.503008004868389,3.46624312178867,0.000527785797347831,0.0315973779191896,"9368","SLC9A3R1","ENSG00000109062","O14745",NA,NA,NA,NA,NA,"LAEAALEsPRPALVR"
"prot-ph","O14745_S280s","adipose","~ 0 + group_timepoint +  BMI + calculatedAge + Sex + (1 | pid)","group_timepointADUResist.post_3.5_4_hr - group_timepointADUResist.pre_exercise - group_timepointADUControl.post_3.5_4_hr + group_timepointADUControl.pre_exercise","Resist.post_3.5_4_hr - Control.post_3.5_4_hr (delta-delta)","exercise_with_controls","RE-CON","ADUResist","post_3.5_4_hr",0.760558418531054,0.194740390663683,1.32637644639842,33,-25.3796298107508,2.72128513347645,-0.503008004868389,2.58409372645192,0.00976352577466917,0.206981995315553,"9368","SLC9A3R1","ENSG00000109062","O14745",NA,NA,NA,NA,NA,"LAEAALEsPRPALVR"
"prot-ph","O14745_S290s","adipose","~ 0 + group_timepoint +  BMI + calculatedAge + Sex + (1 | pid)","group_timepointADUEndur.post_3.5_4_hr - group_timepointADUEndur.pre_exercise - group_timepointADUControl.post_3.5_4_hr + group_timepointADUControl.pre_exercise","Endur.post_3.5_4_hr - Control.post_3.5_4_hr (delta-delta)","exercise_with_controls","EE-CON","ADUEndur","post_3.5_4_hr",0.230907538909049,-0.0988341316589368,0.560649209477035,14.5544934091548,-6.91283166877384,1.47037741263989,0.418867368656584,1.40983072972994,0.158589670490512,0.432652902768537,"9368","SLC9A3R1","ENSG00000109062","O14745",NA,NA,NA,NA,NA,"PALVRSAsSDTSEEL"
"prot-ph","O14745_S290s","adipose","~ 0 + group_timepoint +  BMI + calculatedAge + Sex + (1 | pid)","group_timepointADUResist.post_3.5_4_hr - group_timepointADUResist.pre_exercise - group_timepointADUControl.post_3.5_4_hr + group_timepointADUControl.pre_exercise","Resist.post_3.5_4_hr - Control.post_3.5_4_hr (delta-delta)","exercise_with_controls","RE-CON","ADUResist","post_3.5_4_hr",0.062464144789992,-0.26545057592238,0.390378865502364,14.5544934091548,-6.91283166877384,0.399865569299857,0.418867368656584,0.393559903234435,0.693905989434963,0.900553020738012,"9368","SLC9A3R1","ENSG00000109062","O14745",NA,NA,NA,NA,NA,"PALVRSAsSDTSEEL"
"prot-ph","O14745_S291s","adipose","~ 0 + group_timepoint +  BMI + calculatedAge + Sex + (1 | pid)","group_timepointADUEndur.post_3.5_4_hr - group_timepointADUEndur.pre_exercise - group_timepointADUControl.post_3.5_4_hr + group_timepointADUControl.pre_exercise","Endur.post_3.5_4_hr - Control.post_3.5_4_hr (delta-delta)","exercise_with_controls","EE-CON","ADUEndur","post_3.5_4_hr",0.22252066780112,0.0322811074439506,0.41276022815829,17.1862672437891,2.40910908291168,2.42484848502224,0.0556695730315913,2.25847666397522,0.0239159578532662,0.174376352113396,"9368","SLC9A3R1","ENSG00000109062","O14745",NA,NA,NA,NA,NA,"ALVRSASsDTSEELN"
"prot-ph","O14745_S291s","adipose","~ 0 + group_timepoint +  BMI + calculatedAge + Sex + (1 | pid)","group_timepointADUResist.post_3.5_4_hr - group_timepointADUResist.pre_exercise - group_timepointADUControl.post_3.5_4_hr + group_timepointADUControl.pre_exercise","Resist.post_3.5_4_hr - Control.post_3.5_4_hr (delta-delta)","exercise_with_controls","RE-CON","ADUResist","post_3.5_4_hr",0.181918608270362,-0.00834398860924573,0.37218120514997,17.1862672437891,2.40910908291168,1.98219225979079,0.0556695730315913,1.88076253950044,0.0600042280667865,0.391610057541638,"9368","SLC9A3R1","ENSG00000109062","O14745",NA,NA,NA,NA,NA,"ALVRSASsDTSEELN"
"prot-ph","O14745_S291sS294s","adipose","~ 0 + group_timepoint +  BMI + calculatedAge + Sex + (1 | pid)","group_timepointADUResist.post_3.5_4_hr - group_timepointADUResist.pre_exercise - group_timepointADUControl.post_3.5_4_hr + group_timepointADUControl.pre_exercise","Resist.post_3.5_4_hr - Control.post_3.5_4_hr (delta-delta)","exercise_with_controls","RE-CON","ADUResist","post_3.5_4_hr",0.0323072386674249,-0.209161600597389,0.273776077932238,18.7118446075948,-1.95166770546637,0.277127400139208,-0.0819374221441733,0.273831330181124,0.784214245510893,0.933718769739344,"9368","SLC9A3R1","ENSG00000109062","O14745",NA,NA,NA,NA,NA,"ALVRSASsDTSEELN|RSASSDTsEELNSQD"
"prot-ph","O14745_S291sS294s","adipose","~ 0 + group_timepoint +  BMI + calculatedAge + Sex + (1 | pid)","group_timepointADUEndur.post_3.5_4_hr - group_timepointADUEndur.pre_exercise - group_timepointADUControl.post_3.5_4_hr + group_timepointADUControl.pre_exercise","Endur.post_3.5_4_hr - Control.post_3.5_4_hr (delta-delta)","exercise_with_controls","EE-CON","ADUEndur","post_3.5_4_hr",0.150642831464065,-0.0907601610885275,0.392045824016657,18.7118446075948,-1.95166770546637,1.29251358720407,-0.0819374221441733,1.2554945298244,0.209299292621331,0.492073593256787,"9368","SLC9A3R1","ENSG00000109062","O14745",NA,NA,NA,NA,NA,"ALVRSASsDTSEELN|RSASSDTsEELNSQD"
"prot-ph","O14745_T293t","adipose","~ 0 + group_timepoint +  BMI + calculatedAge + Sex + (1 | pid)","group_timepointADUEndur.post_3.5_4_hr - group_timepointADUEndur.pre_exercise - group_timepointADUControl.post_3.5_4_hr + group_timepointADUControl.pre_exercise","Endur.post_3.5_4_hr - Control.post_3.5_4_hr (delta-delta)","exercise_with_controls","EE-CON","ADUEndur","post_3.5_4_hr",-0.269465934088736,-0.54417102095864,0.00523915278116882,33,0.21370626531564,-1.98589105562909,0.756482836369328,-1.92438414738337,0.0543064500168946,0.260700880990194,"9368","SLC9A3R1","ENSG00000109062","O14745",NA,NA,NA,NA,NA,"VRSASSDtSEELNSQ"
"prot-ph","O14745_T293t","adipose","~ 0 + group_timepoint +  BMI + calculatedAge + Sex + (1 | pid)","group_timepointADUResist.post_3.5_4_hr - group_timepointADUResist.pre_exercise - group_timepointADUControl.post_3.5_4_hr + group_timepointADUControl.pre_exercise","Resist.post_3.5_4_hr - Control.post_3.5_4_hr (delta-delta)","exercise_with_controls","RE-CON","ADUResist","post_3.5_4_hr",-0.106984356861425,-0.381793811452201,0.16782509772935,33,0.21370626531564,-0.78814633791835,0.756482836369328,-0.779800624354187,0.435508238806998,0.766391534351056,"9368","SLC9A3R1","ENSG00000109062","O14745",NA,NA,NA,NA,NA,"VRSASSDtSEELNSQ"
"prot-ph","O14874_S31s","adipose","~ 0 + group_timepoint +  BMI + calculatedAge + Sex + (1 | pid)","group_timepointADUResist.post_3.5_4_hr - group_timepointADUResist.pre_exercise - group_timepointADUControl.post_3.5_4_hr + group_timepointADUControl.pre_exercise","Resist.post_3.5_4_hr - Control.post_3.5_4_hr (delta-delta)","exercise_with_controls","RE-CON","ADUResist","post_3.5_4_hr",0.0332794843327511,-0.31840260682249,0.384961575487992,10.994558366616,-5.1360026264289,0.199284175673461,-0.721727036403505,0.196334966451159,0.844347994676759,0.954705697772378,"10295","BCKDK","ENSG00000103507","O14874",NA,NA,NA,NA,NA,"ALALRARsTSATDTH"
"prot-ph","O14874_S31s","adipose","~ 0 + group_timepoint +  BMI + calculatedAge + Sex + (1 | pid)","group_timepointADUEndur.post_3.5_4_hr - group_timepointADUEndur.pre_exercise - group_timepointADUControl.post_3.5_4_hr + group_timepointADUControl.pre_exercise","Endur.post_3.5_4_hr - Control.post_3.5_4_hr (delta-delta)","exercise_with_controls","EE-CON","ADUEndur","post_3.5_4_hr",0.582643672259897,0.20200831903238,0.963279025487414,10.994558366616,-5.1360026264289,3.22519724474103,-0.721727036403505,2.81469738126213,0.00488231851362708,0.0814935655349287,"10295","BCKDK","ENSG00000103507","O14874",NA,NA,NA,NA,NA,"ALALRARsTSATDTH"
"prot-ph","O14874_T32t","adipose","~ 0 + group_timepoint +  BMI + calculatedAge + Sex + (1 | pid)","group_timepointADUResist.post_3.5_4_hr - group_timepointADUResist.pre_exercise - group_timepointADUControl.post_3.5_4_hr + group_timepointADUControl.pre_exercise","Resist.post_3.5_4_hr - Control.post_3.5_4_hr (delta-delta)","exercise_with_controls","RE-CON","ADUResist","post_3.5_4_hr",-0.194258333019623,-0.50417886568843,0.115662199649185,12.5150622381085,-4.28183592937171,-1.31592980174954,-0.478670785769912,-1.26869105668813,0.204551273431023,0.580539167884203,"10295","BCKDK","ENSG00000103507","O14874",NA,NA,NA,NA,NA,"LALRARStSATDTHH"
"prot-ph","O14874_T32t","adipose","~ 0 + group_timepoint +  BMI + calculatedAge + Sex + (1 | pid)","group_timepointADUEndur.post_3.5_4_hr - group_timepointADUEndur.pre_exercise - group_timepointADUControl.post_3.5_4_hr + group_timepointADUControl.pre_exercise","Endur.post_3.5_4_hr - Control.post_3.5_4_hr (delta-delta)","exercise_with_controls","EE-CON","ADUEndur","post_3.5_4_hr",0.0661485296417347,-0.234856700163317,0.367153759446786,12.5150622381085,-4.28183592937171,0.461594043336361,-0.478670785769912,0.453921777774135,0.64988512835349,0.837709855680739,"10295","BCKDK","ENSG00000103507","O14874",NA,NA,NA,NA,NA,"LALRARStSATDTHH"
"prot-ph","O14874_T35t","adipose","~ 0 + group_timepoint +  BMI + calculatedAge + Sex + (1 | pid)","group_timepointADUResist.post_3.5_4_hr - group_timepointADUResist.pre_exercise - group_timepointADUControl.post_3.5_4_hr + group_timepointADUControl.pre_exercise","Resist.post_3.5_4_hr - Control.post_3.5_4_hr (delta-delta)","exercise_with_controls","RE-CON","ADUResist","post_3.5_4_hr",-0.0520427456290155,-0.577786727378243,0.473701236120212,22.8753824701506,-17.8518303320487,-0.206400729920816,-0.481248669576741,-0.203747149209372,0.838551095194704,0.952191911343529,"10295","BCKDK","ENSG00000103507","O14874",NA,NA,NA,NA,NA,"RARSTSAtDTHHVEM"
"prot-ph","O14874_T35t","adipose","~ 0 + group_timepoint +  BMI + calculatedAge + Sex + (1 | pid)","group_timepointADUEndur.post_3.5_4_hr - group_timepointADUEndur.pre_exercise - group_timepointADUControl.post_3.5_4_hr + group_timepointADUControl.pre_exercise","Endur.post_3.5_4_hr - Control.post_3.5_4_hr (delta-delta)","exercise_with_controls","EE-CON","ADUEndur","post_3.5_4_hr",-0.556580571578758,-1.09357910988014,-0.0195820332773731,22.8753824701506,-17.8518303320487,-2.14995187473486,-0.481248669576741,-2.0251284084086,0.0428541805178577,0.235640940376566,"10295","BCKDK","ENSG00000103507","O14874",NA,NA,NA,NA,NA,"RARSTSAtDTHHVEM"
"prot-ph","O95817_S173s","adipose","~ 0 + group_timepoint +  BMI + calculatedAge + Sex + (1 | pid)","group_timepointADUEndur.post_3.5_4_hr - group_timepointADUEndur.pre_exercise - group_timepointADUControl.post_3.5_4_hr + group_timepointADUControl.pre_exercise","Endur.post_3.5_4_hr - Control.post_3.5_4_hr (delta-delta)","exercise_with_controls","EE-CON","ADUEndur","post_3.5_4_hr",-0.191212743916246,-0.365379061631939,-0.0170464262005532,33,19.3358594991898,-2.22264915963021,-0.841641879272119,-2.14098229065242,0.032275466210187,0.205893285049242,"9531","BAG3","ENSG00000151929","O95817",NA,NA,NA,NA,NA,"HGPERSQsPAASDCS"
"prot-ph","O95817_S173s","adipose","~ 0 + group_timepoint +  BMI + calculatedAge + Sex + (1 | pid)","group_timepointADUResist.post_3.5_4_hr - group_timepointADUResist.pre_exercise - group_timepointADUControl.post_3.5_4_hr + group_timepointADUControl.pre_exercise","Resist.post_3.5_4_hr - Control.post_3.5_4_hr (delta-delta)","exercise_with_controls","RE-CON","ADUResist","post_3.5_4_hr",-0.201505841875019,-0.375738329976695,-0.0272733537733431,33,19.3358594991898,-2.34140614967328,-0.841641879272119,-2.24816850712646,0.024565447016002,0.282373007718239,"9531","BAG3","ENSG00000151929","O95817",NA,NA,NA,NA,NA,"HGPERSQsPAASDCS"
"prot-ph","O95817_S180s","adipose","~ 0 + group_timepoint +  BMI + calculatedAge + Sex + (1 | pid)","group_timepointADUResist.post_3.5_4_hr - group_timepointADUResist.pre_exercise - group_timepointADUControl.post_3.5_4_hr + group_timepointADUControl.pre_exercise","Resist.post_3.5_4_hr - Control.post_3.5_4_hr (delta-delta)","exercise_with_controls","RE-CON","ADUResist","post_3.5_4_hr",-0.383478368225073,-0.945046876613729,0.178090140163583,26,-17.7151437551483,-1.39283532688316,-0.989980594895468,-1.36073152135469,0.173598549401559,0.54842790461776,"9531","BAG3","ENSG00000151929","O95817",NA,NA,NA,NA,NA,"SPAASDCsSSSSSAS"
"prot-ph","O95817_S180s","adipose","~ 0 + group_timepoint +  BMI + calculatedAge + Sex + (1 | pid)","group_timepointADUEndur.post_3.5_4_hr - group_timepointADUEndur.pre_exercise - group_timepointADUControl.post_3.5_4_hr + group_timepointADUControl.pre_exercise","Endur.post_3.5_4_hr - Control.post_3.5_4_hr (delta-delta)","exercise_with_controls","EE-CON","ADUEndur","post_3.5_4_hr",-0.428889778313663,-0.999278482133203,0.141498925505878,26,-17.7151437551483,-1.53368591101121,-0.989980594895468,-1.49363656851692,0.135270635999653,0.401427453912253,"9531","BAG3","ENSG00000151929","O95817",NA,NA,NA,NA,NA,"SPAASDCsSSSSSAS"
"prot-ph","O95817_S195s","adipose","~ 0 + group_timepoint +  BMI + calculatedAge + Sex + (1 | pid)","group_timepointADUEndur.post_3.5_4_hr - group_timepointADUEndur.pre_exercise - group_timepointADUControl.post_3.5_4_hr + group_timepointADUControl.pre_exercise","Endur.post_3.5_4_hr - Control.post_3.5_4_hr (delta-delta)","exercise_with_controls","EE-CON","ADUEndur","post_3.5_4_hr",-0.178239376788424,-0.566578302316125,0.210099548739277,32,-11.2150619148545,-0.930032000396277,-0.239455275332865,-0.918431448277468,0.358393032761027,0.639499998862754,"9531","BAG3","ENSG00000151929","O95817",NA,NA,NA,NA,NA,"LPSSGRSsLGSHQLP"
"prot-ph","O95817_S195s","adipose","~ 0 + group_timepoint +  BMI + calculatedAge + Sex + (1 | pid)","group_timepointADUResist.post_3.5_4_hr - group_timepointADUResist.pre_exercise - group_timepointADUControl.post_3.5_4_hr + group_timepointADUControl.pre_exercise","Resist.post_3.5_4_hr - Control.post_3.5_4_hr (delta-delta)","exercise_with_controls","RE-CON","ADUResist","post_3.5_4_hr",-0.0205425086168139,-0.409340833965367,0.368255816731739,32,-11.2150619148545,-0.10706172925011,-0.239455275332865,-0.106331437042351,0.915319389818528,0.974648793191143,"9531","BAG3","ENSG00000151929","O95817",NA,NA,NA,NA,NA,"LPSSGRSsLGSHQLP"
"prot-ph","O95817_S269s","adipose","~ 0 + group_timepoint +  BMI + calculatedAge + Sex + (1 | pid)","group_timepointADUResist.post_3.5_4_hr - group_timepointADUResist.pre_exercise - group_timepointADUControl.post_3.5_4_hr + group_timepointADUControl.pre_exercise","Resist.post_3.5_4_hr - Control.post_3.5_4_hr (delta-delta)","exercise_with_controls","RE-CON","ADUResist","post_3.5_4_hr",0.204458845510604,-0.246547897186295,0.655465588207502,27,-12.8691781253024,0.923490780065471,-1.18205149984803,0.910277442828833,0.362676211541757,0.71750958629293,"9531","BAG3","ENSG00000151929","O95817",NA,NA,NA,NA,NA,"AASPFRSsVQGASSR"
"prot-ph","O95817_S269s","adipose","~ 0 + group_timepoint +  BMI + calculatedAge + Sex + (1 | pid)","group_timepointADUEndur.post_3.5_4_hr - group_timepointADUEndur.pre_exercise - group_timepointADUControl.post_3.5_4_hr + group_timepointADUControl.pre_exercise","Endur.post_3.5_4_hr - Control.post_3.5_4_hr (delta-delta)","exercise_with_controls","EE-CON","ADUEndur","post_3.5_4_hr",0.291573157971657,-0.169309236095127,0.752455552038441,27,-12.8691781253024,1.28874536670232,-1.18205149984803,1.26256969851115,0.206743863350796,0.489632857128429,"9531","BAG3","ENSG00000151929","O95817",NA,NA,NA,NA,NA,"AASPFRSsVQGASSR"
"prot-ph","O95817_S289s","adipose","~ 0 + group_timepoint +  BMI + calculatedAge + Sex + (1 | pid)","group_timepointADUResist.post_3.5_4_hr - group_timepointADUResist.pre_exercise - group_timepointADUControl.post_3.5_4_hr + group_timepointADUControl.pre_exercise","Resist.post_3.5_4_hr - Control.post_3.5_4_hr (delta-delta)","exercise_with_controls","RE-CON","ADUResist","post_3.5_4_hr",-0.230298096201789,-0.734744922068775,0.274148729665197,33,-21.4572660990223,-0.924257973845223,0.724610596485706,-0.913092901801454,0.361193683215906,0.716744404827076,"9531","BAG3","ENSG00000151929","O95817",NA,NA,NA,NA,NA,"RSSTPLHsPSPIRVH"
"prot-ph","O95817_S289s","adipose","~ 0 + group_timepoint +  BMI + calculatedAge + Sex + (1 | pid)","group_timepointADUEndur.post_3.5_4_hr - group_timepointADUEndur.pre_exercise - group_timepointADUControl.post_3.5_4_hr + group_timepointADUControl.pre_exercise","Endur.post_3.5_4_hr - Control.post_3.5_4_hr (delta-delta)","exercise_with_controls","EE-CON","ADUEndur","post_3.5_4_hr",0.698502437274153,0.19424719129868,1.20275768324963,33,-21.4572660990223,2.80437284198644,0.724610596485706,2.65610469035453,0.00790490697408261,0.103106967762248,"9531","BAG3","ENSG00000151929","O95817",NA,NA,NA,NA,NA,"RSSTPLHsPSPIRVH"
"prot-ph","O95817_S377s","adipose","~ 0 + group_timepoint +  BMI + calculatedAge + Sex + (1 | pid)","group_timepointADUResist.post_3.5_4_hr - group_timepointADUResist.pre_exercise - group_timepointADUControl.post_3.5_4_hr + group_timepointADUControl.pre_exercise","Resist.post_3.5_4_hr - Control.post_3.5_4_hr (delta-delta)","exercise_with_controls","RE-CON","ADUResist","post_3.5_4_hr",-0.186534901847303,-0.511007698714796,0.13793789502019,33,-5.94194199695038,-1.16385817799749,-0.0153034931845681,-1.14611167024413,0.251748949419797,0.624036585005602,"9531","BAG3","ENSG00000151929","O95817",NA,NA,NA,NA,NA,"PVPCPPPsPGPSAVP"
"prot-ph","O95817_S377s","adipose","~ 0 + group_timepoint +  BMI + calculatedAge + Sex + (1 | pid)","group_timepointADUEndur.post_3.5_4_hr - group_timepointADUEndur.pre_exercise - group_timepointADUControl.post_3.5_4_hr + group_timepointADUControl.pre_exercise","Endur.post_3.5_4_hr - Control.post_3.5_4_hr (delta-delta)","exercise_with_controls","EE-CON","ADUEndur","post_3.5_4_hr",0.0860130663946096,-0.238336501501981,0.410362634291201,33,-5.94194199695038,0.536870274917368,-0.0153034931845681,0.532337923516125,0.594491970882973,0.804567962457805,"9531","BAG3","ENSG00000151929","O95817",NA,NA,NA,NA,NA,"PVPCPPPsPGPSAVP"
"prot-ph","O95817_S377sS386s","adipose","~ 0 + group_timepoint +  BMI + calculatedAge + Sex + (1 | pid)","group_timepointADUEndur.post_3.5_4_hr - group_timepointADUEndur.pre_exercise - group_timepointADUControl.post_3.5_4_hr + group_timepointADUControl.pre_exercise","Endur.post_3.5_4_hr - Control.post_3.5_4_hr (delta-delta)","exercise_with_controls","EE-CON","ADUEndur","post_3.5_4_hr",0.303832877310581,0.00248475446676577,0.605181000154395,33,-3.24703210427263,2.04119515038973,-0.809202683802065,1.97531603117117,0.0482322950929058,0.247252414989371,"9531","BAG3","ENSG00000151929","O95817",NA,NA,NA,NA,NA,"PVPCPPPsPGPSAVP|GPSAVPSsPKSVATE"
"prot-ph","O95817_S377sS386s","adipose","~ 0 + group_timepoint +  BMI + calculatedAge + Sex + (1 | pid)","group_timepointADUResist.post_3.5_4_hr - group_timepointADUResist.pre_exercise - group_timepointADUControl.post_3.5_4_hr + group_timepointADUControl.pre_exercise","Resist.post_3.5_4_hr - Control.post_3.5_4_hr (delta-delta)","exercise_with_controls","RE-CON","ADUResist","post_3.5_4_hr",-0.114575550136372,-0.41603816309437,0.186887062821625,33,-3.24703210427263,-0.769443515500884,-0.809202683802065,-0.761439762884316,0.446394445055311,0.773153385158658,"9531","BAG3","ENSG00000151929","O95817",NA,NA,NA,NA,NA,"PVPCPPPsPGPSAVP|GPSAVPSsPKSVATE"
"prot-ph","O95817_S381s","adipose","~ 0 + group_timepoint +  BMI + calculatedAge + Sex + (1 | pid)","group_timepointADUEndur.post_3.5_4_hr - group_timepointADUEndur.pre_exercise - group_timepointADUControl.post_3.5_4_hr + group_timepointADUControl.pre_exercise","Endur.post_3.5_4_hr - Control.post_3.5_4_hr (delta-delta)","exercise_with_controls","EE-CON","ADUEndur","post_3.5_4_hr",0.354175930526033,0.0558471547312029,0.652504706320863,26.1912893007587,-4.346918658218,2.45313085426308,-0.00466156309476893,2.29057574300651,0.0219879632116505,0.166409937561967,"9531","BAG3","ENSG00000151929","O95817",NA,NA,NA,NA,NA,"PPPSPGPsAVPSSPK"
"prot-ph","O95817_S381s","adipose","~ 0 + group_timepoint +  BMI + calculatedAge + Sex + (1 | pid)","group_timepointADUResist.post_3.5_4_hr - group_timepointADUResist.pre_exercise - group_timepointADUControl.post_3.5_4_hr + group_timepointADUControl.pre_exercise","Resist.post_3.5_4_hr - Control.post_3.5_4_hr (delta-delta)","exercise_with_controls","RE-CON","ADUResist","post_3.5_4_hr",-0.00533453387513588,-0.303775459195105,0.293106391444833,26.1912893007587,-4.346918658218,-0.0369352659901575,-0.00466156309476893,-0.0365435860002861,0.970848925299509,0.99180448633703,"9531","BAG3","ENSG00000151929","O95817",NA,NA,NA,NA,NA,"PPPSPGPsAVPSSPK"
"prot-ph","O95817_S386s","adipose","~ 0 + group_timepoint +  BMI + calculatedAge + Sex + (1 | pid)","group_timepointADUEndur.post_3.5_4_hr - group_timepointADUEndur.pre_exercise - group_timepointADUControl.post_3.5_4_hr + group_timepointADUControl.pre_exercise","Endur.post_3.5_4_hr - Control.post_3.5_4_hr (delta-delta)","exercise_with_controls","EE-CON","ADUEndur","post_3.5_4_hr",0.39798071160637,0.0737819191702864,0.722179504042453,33,-5.92504006158696,2.48524313748403,-0.177044718244739,2.3766299219981,0.0174716073337442,0.149135169228784,"9531","BAG3","ENSG00000151929","O95817",NA,NA,NA,NA,NA,"GPSAVPSsPKSVATE"
"prot-ph","O95817_S386s","adipose","~ 0 + group_timepoint +  BMI + calculatedAge + Sex + (1 | pid)","group_timepointADUResist.post_3.5_4_hr - group_timepointADUResist.pre_exercise - group_timepointADUControl.post_3.5_4_hr + group_timepointADUControl.pre_exercise","Resist.post_3.5_4_hr - Control.post_3.5_4_hr (delta-delta)","exercise_with_controls","RE-CON","ADUResist","post_3.5_4_hr",0.154101452672751,-0.170220511450672,0.478423416796174,33,-5.92504006158696,0.961941415163303,-0.177044718244739,0.949885600084115,0.342170384445041,0.704639697392966,"9531","BAG3","ENSG00000151929","O95817",NA,NA,NA,NA,NA,"GPSAVPSsPKSVATE"
"prot-ph","O95817_T285t","adipose","~ 0 + group_timepoint +  BMI + calculatedAge + Sex + (1 | pid)","group_timepointADUResist.post_3.5_4_hr - group_timepointADUResist.pre_exercise - group_timepointADUControl.post_3.5_4_hr + group_timepointADUControl.pre_exercise","Resist.post_3.5_4_hr - Control.post_3.5_4_hr (delta-delta)","exercise_with_controls","RE-CON","ADUResist","post_3.5_4_hr",-0.110201234453382,-0.492046381470985,0.27164391256422,20.9719198101877,-17.0407420847595,-0.597703157472923,1.81846585216237,-0.588796453324059,0.55599782532689,0.83389342526147,"9531","BAG3","ENSG00000151929","O95817",NA,NA,NA,NA,NA,"GSPARSStPLHSPSP"
"prot-ph","O95817_T285t","adipose","~ 0 + group_timepoint +  BMI + calculatedAge + Sex + (1 | pid)","group_timepointADUEndur.post_3.5_4_hr - group_timepointADUEndur.pre_exercise - group_timepointADUControl.post_3.5_4_hr + group_timepointADUControl.pre_exercise","Endur.post_3.5_4_hr - Control.post_3.5_4_hr (delta-delta)","exercise_with_controls","EE-CON","ADUEndur","post_3.5_4_hr",0.0816522889891487,-0.300065001960826,0.463369579939124,20.9719198101877,-17.0407420847595,0.442998517263391,1.81846585216237,0.43716904655459,0.661988756089361,0.843631421940412,"9531","BAG3","ENSG00000151929","O95817",NA,NA,NA,NA,NA,"GSPARSStPLHSPSP"
"prot-ph","O95817_T285tS289s","adipose","~ 0 + group_timepoint +  BMI + calculatedAge + Sex + (1 | pid)","group_timepointADUResist.post_3.5_4_hr - group_timepointADUResist.pre_exercise - group_timepointADUControl.post_3.5_4_hr + group_timepointADUControl.pre_exercise","Resist.post_3.5_4_hr - Control.post_3.5_4_hr (delta-delta)","exercise_with_controls","RE-CON","ADUResist","post_3.5_4_hr",-0.201756092843171,-0.604858067289602,0.201345881603259,29.1291383760438,-14.1919736109728,-1.03431816262669,0.56486942421679,-1.01198870447571,0.311543454234484,0.679638987667766,"9531","BAG3","ENSG00000151929","O95817",NA,NA,NA,NA,NA,"GSPARSStPLHSPSP|RSSTPLHsPSPIRVH"
"prot-ph","O95817_T285tS289s","adipose","~ 0 + group_timepoint +  BMI + calculatedAge + Sex + (1 | pid)","group_timepointADUEndur.post_3.5_4_hr - group_timepointADUEndur.pre_exercise - group_timepointADUControl.post_3.5_4_hr + group_timepointADUControl.pre_exercise","Endur.post_3.5_4_hr - Control.post_3.5_4_hr (delta-delta)","exercise_with_controls","EE-CON","ADUEndur","post_3.5_4_hr",-0.216743485754205,-0.619691045961151,0.186204074452741,29.1291383760438,-14.1919736109728,-1.11156608477024,0.56486942421679,-1.08573444537254,0.277596496601749,0.566174689815318,"9531","BAG3","ENSG00000151929","O95817",NA,NA,NA,NA,NA,"GSPARSStPLHSPSP|RSSTPLHsPSPIRVH"
"prot-ph","O95817_T406t","adipose","~ 0 + group_timepoint +  BMI + calculatedAge + Sex + (1 | pid)","group_timepointADUResist.post_3.5_4_hr - group_timepointADUResist.pre_exercise - group_timepointADUControl.post_3.5_4_hr + group_timepointADUControl.pre_exercise","Resist.post_3.5_4_hr - Control.post_3.5_4_hr (delta-delta)","exercise_with_controls","RE-CON","ADUResist","post_3.5_4_hr",0.297460372140481,-0.0730471711160047,0.667967915396967,27,-7.33925705095498,1.63546689308648,0.321205009373998,1.59028672654979,0.111770189193374,0.47205703269116,"9531","BAG3","ENSG00000151929","O95817",NA,NA,NA,NA,NA,"STAPAEAtPPKPGEA"
"prot-ph","O95817_T406t","adipose","~ 0 + group_timepoint +  BMI + calculatedAge + Sex + (1 | pid)","group_timepointADUEndur.post_3.5_4_hr - group_timepointADUEndur.pre_exercise - group_timepointADUControl.post_3.5_4_hr + group_timepointADUControl.pre_exercise","Endur.post_3.5_4_hr - Control.post_3.5_4_hr (delta-delta)","exercise_with_controls","EE-CON","ADUEndur","post_3.5_4_hr",0.221122779565975,-0.165079475879328,0.607325035011278,27,-7.33925705095498,1.16634860328082,0.321205009373998,1.14524115404159,0.252109274926607,0.541975848121274,"9531","BAG3","ENSG00000151929","O95817",NA,NA,NA,NA,NA,"STAPAEAtPPKPGEA"
"prot-ph","P07858_S216s","adipose","~ 0 + group_timepoint +  BMI + calculatedAge + Sex + (1 | pid)","group_timepointADUResist.post_3.5_4_hr - group_timepointADUResist.pre_exercise - group_timepointADUControl.post_3.5_4_hr + group_timepointADUControl.pre_exercise","Resist.post_3.5_4_hr - Control.post_3.5_4_hr (delta-delta)","exercise_with_controls","RE-CON","ADUResist","post_3.5_4_hr",-0.267104597155954,-1.17173131157023,0.637522117258316,19.2766711070554,-49.1123661959079,-0.618007379335531,-0.856484187192903,-0.606911203487787,0.543909842621867,0.824974108447679,"1508","CTSB","ENSG00000164733","P07858",NA,NA,NA,NA,NA,"KICEPGYsPTYKQDK"
"prot-ph","P07858_S216s","adipose","~ 0 + group_timepoint +  BMI + calculatedAge + Sex + (1 | pid)","group_timepointADUEndur.post_3.5_4_hr - group_timepointADUEndur.pre_exercise - group_timepointADUControl.post_3.5_4_hr + group_timepointADUControl.pre_exercise","Endur.post_3.5_4_hr - Control.post_3.5_4_hr (delta-delta)","exercise_with_controls","EE-CON","ADUEndur","post_3.5_4_hr",-1.47990667833499,-2.38425736620136,-0.575555990468625,19.2766711070554,-49.1123661959079,-3.42502107760934,-0.856484187192903,-2.98474298177283,0.00283816687347622,0.0644338514451071,"1508","CTSB","ENSG00000164733","P07858",NA,NA,NA,NA,NA,"KICEPGYsPTYKQDK"
"prot-ph","P08473_S6s","adipose","~ 0 + group_timepoint +  BMI + calculatedAge + Sex + (1 | pid)","group_timepointADUResist.post_3.5_4_hr - group_timepointADUResist.pre_exercise - group_timepointADUControl.post_3.5_4_hr + group_timepointADUControl.pre_exercise","Resist.post_3.5_4_hr - Control.post_3.5_4_hr (delta-delta)","exercise_with_controls","RE-CON","ADUResist","post_3.5_4_hr",0.0489515451996313,-0.280573433020199,0.378476523419462,18.167865710249,-16.532487875231,0.307851590897379,0.267781621706089,0.304096318792238,0.761054511301455,0.925863001024897,"4311","MME","ENSG00000196549","P08473",NA,NA,NA,NA,NA,"--MGKSEsQMDITDI"
"prot-ph","P08473_S6s","adipose","~ 0 + group_timepoint +  BMI + calculatedAge + Sex + (1 | pid)","group_timepointADUEndur.post_3.5_4_hr - group_timepointADUEndur.pre_exercise - group_timepointADUControl.post_3.5_4_hr + group_timepointADUControl.pre_exercise","Endur.post_3.5_4_hr - Control.post_3.5_4_hr (delta-delta)","exercise_with_controls","EE-CON","ADUEndur","post_3.5_4_hr",-0.268608977791173,-0.598053836564373,0.0608358809820261,18.167865710249,-16.532487875231,-1.6896232658384,0.267781621706089,-1.6209002183169,0.105039040040383,0.358837125185145,"4311","MME","ENSG00000196549","P08473",NA,NA,NA,NA,NA,"--MGKSEsQMDITDI"
"prot-ph","P12694_S337s","adipose","~ 0 + group_timepoint +  BMI + calculatedAge + Sex + (1 | pid)","group_timepointADUEndur.post_3.5_4_hr - group_timepointADUEndur.pre_exercise - group_timepointADUControl.post_3.5_4_hr + group_timepointADUControl.pre_exercise","Endur.post_3.5_4_hr - Control.post_3.5_4_hr (delta-delta)","exercise_with_controls","EE-CON","ADUEndur","post_3.5_4_hr",0.213113243412063,-0.138980251913449,0.565206738737575,27.1518973588233,-9.8225667593409,1.26098073657281,-1.01101902825616,1.22243217028965,0.221544239880144,0.504753441453454,"593","BCKDHA","ENSG00000248098","P12694",NA,NA,NA,NA,NA,"TYRIGHHsTSDDSSA"
"prot-ph","P12694_S337s","adipose","~ 0 + group_timepoint +  BMI + calculatedAge + Sex + (1 | pid)","group_timepointADUResist.post_3.5_4_hr - group_timepointADUResist.pre_exercise - group_timepointADUControl.post_3.5_4_hr + group_timepointADUControl.pre_exercise","Resist.post_3.5_4_hr - Control.post_3.5_4_hr (delta-delta)","exercise_with_controls","RE-CON","ADUResist","post_3.5_4_hr",0.0213495666392096,-0.330878992764372,0.373578126042791,27.1518973588233,-9.8225667593409,0.126278163843147,-1.01101902825616,0.124716274987262,0.90074817242546,0.971111730497278,"593","BCKDHA","ENSG00000248098","P12694",NA,NA,NA,NA,NA,"TYRIGHHsTSDDSSA"
"prot-ph","P12694_S339sS347s","adipose","~ 0 + group_timepoint +  BMI + calculatedAge + Sex + (1 | pid)","group_timepointADUResist.post_3.5_4_hr - group_timepointADUResist.pre_exercise - group_timepointADUControl.post_3.5_4_hr + group_timepointADUControl.pre_exercise","Resist.post_3.5_4_hr - Control.post_3.5_4_hr (delta-delta)","exercise_with_controls","RE-CON","ADUResist","post_3.5_4_hr",0.336579541766881,-0.147388302530158,0.82054738606392,33,-20.0330011995392,1.40795722074681,0.767596178219593,1.3809783498085,0.167285617581913,0.542708140596193,"593","BCKDHA","ENSG00000248098","P12694",NA,NA,NA,NA,NA,"RIGHHSTsDDSSAYR|DDSSAYRsVDEVNYW"
"prot-ph","P12694_S339sS347s","adipose","~ 0 + group_timepoint +  BMI + calculatedAge + Sex + (1 | pid)","group_timepointADUEndur.post_3.5_4_hr - group_timepointADUEndur.pre_exercise - group_timepointADUControl.post_3.5_4_hr + group_timepointADUControl.pre_exercise","Endur.post_3.5_4_hr - Control.post_3.5_4_hr (delta-delta)","exercise_with_controls","EE-CON","ADUEndur","post_3.5_4_hr",0.459905079111023,-0.0238789628457654,0.943689121067812,33,-20.0330011995392,1.92457535025969,0.767596178219593,1.86768324784935,0.0618062350224401,0.276730588772107,"593","BCKDHA","ENSG00000248098","P12694",NA,NA,NA,NA,NA,"RIGHHSTsDDSSAYR|DDSSAYRsVDEVNYW"
"prot-ph","P12694_S347s","adipose","~ 0 + group_timepoint +  BMI + calculatedAge + Sex + (1 | pid)","group_timepointADUEndur.post_3.5_4_hr - group_timepointADUEndur.pre_exercise - group_timepointADUControl.post_3.5_4_hr + group_timepointADUControl.pre_exercise","Endur.post_3.5_4_hr - Control.post_3.5_4_hr (delta-delta)","exercise_with_controls","EE-CON","ADUEndur","post_3.5_4_hr",0.141195133258325,-0.174774054726116,0.457164321242766,27,-1.5751488590017,0.910300304539429,-4.75610031804714,0.897441521750403,0.369483364627597,0.648531135374749,"593","BCKDHA","ENSG00000248098","P12694",NA,NA,NA,NA,NA,"DDSSAYRsVDEVNYW"
"prot-ph","P12694_S347s","adipose","~ 0 + group_timepoint +  BMI + calculatedAge + Sex + (1 | pid)","group_timepointADUResist.post_3.5_4_hr - group_timepointADUResist.pre_exercise - group_timepointADUControl.post_3.5_4_hr + group_timepointADUControl.pre_exercise","Resist.post_3.5_4_hr - Control.post_3.5_4_hr (delta-delta)","exercise_with_controls","RE-CON","ADUResist","post_3.5_4_hr",0.0651089322231453,-0.24941507938222,0.37963294382851,27,-1.5751488590017,0.421693067352782,-4.75610031804714,0.41782654184112,0.676073943636165,0.894442777242946,"593","BCKDHA","ENSG00000248098","P12694",NA,NA,NA,NA,NA,"DDSSAYRsVDEVNYW"
"prot-ph","P12694_T338tS339s","adipose","~ 0 + group_timepoint +  BMI + calculatedAge + Sex + (1 | pid)","group_timepointADUEndur.post_3.5_4_hr - group_timepointADUEndur.pre_exercise - group_timepointADUControl.post_3.5_4_hr + group_timepointADUControl.pre_exercise","Endur.post_3.5_4_hr - Control.post_3.5_4_hr (delta-delta)","exercise_with_controls","EE-CON","ADUEndur","post_3.5_4_hr",-0.0407241146791393,-0.533735051519208,0.452286822160929,22.1140597864473,-14.073559121312,-0.174237828962425,-1.18041681050683,-0.171627133727573,0.863730674338424,0.94233987441232,"593","BCKDHA","ENSG00000248098","P12694",NA,NA,NA,NA,NA,"YRIGHHStSDDSSAY|RIGHHSTsDDSSAYR"
"prot-ph","P12694_T338tS339s","adipose","~ 0 + group_timepoint +  BMI + calculatedAge + Sex + (1 | pid)","group_timepointADUResist.post_3.5_4_hr - group_timepointADUResist.pre_exercise - group_timepointADUControl.post_3.5_4_hr + group_timepointADUControl.pre_exercise","Resist.post_3.5_4_hr - Control.post_3.5_4_hr (delta-delta)","exercise_with_controls","RE-CON","ADUResist","post_3.5_4_hr",-0.076502483664537,-0.560845643009031,0.407840675679957,22.1140597864473,-14.073559121312,-0.332388226887674,-1.18041681050683,-0.327191765313842,0.743522848763786,0.917478343192022,"593","BCKDHA","ENSG00000248098","P12694",NA,NA,NA,NA,NA,"YRIGHHStSDDSSAY|RIGHHSTsDDSSAYR"
"prot-ph","P12694_Y345yS347s","adipose","~ 0 + group_timepoint +  BMI + calculatedAge + Sex + (1 | pid)","group_timepointADUEndur.post_3.5_4_hr - group_timepointADUEndur.pre_exercise - group_timepointADUControl.post_3.5_4_hr + group_timepointADUControl.pre_exercise","Endur.post_3.5_4_hr - Control.post_3.5_4_hr (delta-delta)","exercise_with_controls","EE-CON","ADUEndur","post_3.5_4_hr",0.242371589891804,-0.116332180700782,0.60107536048439,18.8656206293479,-17.8185441841795,1.40242698292038,1.03971041694368,1.35651715487427,0.174934680911984,0.453093304038678,"593","BCKDHA","ENSG00000248098","P12694",NA,NA,NA,NA,NA,"TSDDSSAyRSVDEVN|DDSSAYRsVDEVNYW"
"prot-ph","P12694_Y345yS347s","adipose","~ 0 + group_timepoint +  BMI + calculatedAge + Sex + (1 | pid)","group_timepointADUResist.post_3.5_4_hr - group_timepointADUResist.pre_exercise - group_timepointADUControl.post_3.5_4_hr + group_timepointADUControl.pre_exercise","Resist.post_3.5_4_hr - Control.post_3.5_4_hr (delta-delta)","exercise_with_controls","RE-CON","ADUResist","post_3.5_4_hr",-0.101615191816503,-0.460419993529571,0.257189609896565,18.8656206293479,-17.8185441841795,-0.587823948317305,1.03971041694368,-0.578802733425485,0.562722286552912,0.838093722015575,"593","BCKDHA","ENSG00000248098","P12694",NA,NA,NA,NA,NA,"TSDDSSAyRSVDEVN|DDSSAYRsVDEVNYW"
"prot-ph","P15104_S343s","adipose","~ 0 + group_timepoint +  BMI + calculatedAge + Sex + (1 | pid)","group_timepointADUEndur.post_3.5_4_hr - group_timepointADUEndur.pre_exercise - group_timepointADUControl.post_3.5_4_hr + group_timepointADUControl.pre_exercise","Endur.post_3.5_4_hr - Control.post_3.5_4_hr (delta-delta)","exercise_with_controls","EE-CON","ADUEndur","post_3.5_4_hr",0.423343054733394,0.0478337865802638,0.798852322886524,18.5388565191323,-20.4598059276176,2.33252188295824,-5.26940281721945,2.18605102242529,0.0288118726718066,0.193524727499311,"2752","GLUL","ENSG00000135821","P15104",NA,NA,NA,NA,NA,"YFEDRRPsANCDPFS"
"prot-ph","P15104_S343s","adipose","~ 0 + group_timepoint +  BMI + calculatedAge + Sex + (1 | pid)","group_timepointADUResist.post_3.5_4_hr - group_timepointADUResist.pre_exercise - group_timepointADUControl.post_3.5_4_hr + group_timepointADUControl.pre_exercise","Resist.post_3.5_4_hr - Control.post_3.5_4_hr (delta-delta)","exercise_with_controls","RE-CON","ADUResist","post_3.5_4_hr",0.80498737643765,0.42937925697219,1.18059549590311,18.5388565191323,-20.4598059276176,4.43423704079874,-5.26940281721945,3.72937541512957,0.000191954984980284,0.0450731399824678,"2752","GLUL","ENSG00000135821","P15104",NA,NA,NA,NA,NA,"YFEDRRPsANCDPFS"
"prot-ph","P25106_S350s","adipose","~ 0 + group_timepoint +  BMI + calculatedAge + Sex + (1 | pid)","group_timepointADUEndur.post_3.5_4_hr - group_timepointADUEndur.pre_exercise - group_timepointADUControl.post_3.5_4_hr + group_timepointADUControl.pre_exercise","Endur.post_3.5_4_hr - Control.post_3.5_4_hr (delta-delta)","exercise_with_controls","EE-CON","ADUEndur","post_3.5_4_hr",-0.370404936175048,-0.623459429262289,-0.117350443087806,20.3455621141588,-1.5551450672402,-3.02844924991749,1.89768423277605,-2.7483703506443,0.00598923160611643,0.089509734106505,"57007","ACKR3","ENSG00000144476","P25106",NA,NA,NA,NA,NA,"LIDASRVsETEYSAL"
"prot-ph","P25106_S350s","adipose","~ 0 + group_timepoint +  BMI + calculatedAge + Sex + (1 | pid)","group_timepointADUResist.post_3.5_4_hr - group_timepointADUResist.pre_exercise - group_timepointADUControl.post_3.5_4_hr + group_timepointADUControl.pre_exercise","Resist.post_3.5_4_hr - Control.post_3.5_4_hr (delta-delta)","exercise_with_controls","RE-CON","ADUResist","post_3.5_4_hr",-0.138464694167468,-0.391600742736571,0.114671354401634,20.3455621141588,-1.5551450672402,-1.13175707725286,1.89768423277605,-1.1043597938279,0.269437094442689,0.643355824576363,"57007","ACKR3","ENSG00000144476","P25106",NA,NA,NA,NA,NA,"LIDASRVsETEYSAL"
"prot-ph","P40189_S667s","adipose","~ 0 + group_timepoint +  BMI + calculatedAge + Sex + (1 | pid)","group_timepointADUResist.post_3.5_4_hr - group_timepointADUResist.pre_exercise - group_timepointADUControl.post_3.5_4_hr + group_timepointADUControl.pre_exercise","Resist.post_3.5_4_hr - Control.post_3.5_4_hr (delta-delta)","exercise_with_controls","RE-CON","ADUResist","post_3.5_4_hr",-0.00965881729038875,-0.205655331221121,0.186337696640343,33,13.9012166571246,-0.0997685949108134,0.778166336361162,-0.0991069073445889,0.92105338782353,0.976294181034844,"3572","IL6ST","ENSG00000134352","P40189",NA,NA,NA,NA,NA,"KSHIAQWsPHTPPRH"
"prot-ph","P40189_S667s","adipose","~ 0 + group_timepoint +  BMI + calculatedAge + Sex + (1 | pid)","group_timepointADUEndur.post_3.5_4_hr - group_timepointADUEndur.pre_exercise - group_timepointADUControl.post_3.5_4_hr + group_timepointADUControl.pre_exercise","Endur.post_3.5_4_hr - Control.post_3.5_4_hr (delta-delta)","exercise_with_controls","EE-CON","ADUEndur","post_3.5_4_hr",-0.0421727439249949,-0.238094821881576,0.153749334031586,33,13.9012166571246,-0.435779435997127,0.778166336361162,-0.432378491441147,0.665466347920024,0.845959773771107,"3572","IL6ST","ENSG00000134352","P40189",NA,NA,NA,NA,NA,"KSHIAQWsPHTPPRH"
"prot-ph","P40189_S820s","adipose","~ 0 + group_timepoint +  BMI + calculatedAge + Sex + (1 | pid)","group_timepointADUResist.post_3.5_4_hr - group_timepointADUResist.pre_exercise - group_timepointADUControl.post_3.5_4_hr + group_timepointADUControl.pre_exercise","Resist.post_3.5_4_hr - Control.post_3.5_4_hr (delta-delta)","exercise_with_controls","RE-CON","ADUResist","post_3.5_4_hr",-0.293958472503607,-0.550262258883861,-0.0376546861233542,21.5435106635781,-0.9235056611352,-2.37323594934659,-0.0249398911289107,-2.22003175186242,0.0264166123255899,0.293207570946325,"3572","IL6ST","ENSG00000134352","P40189",NA,NA,NA,NA,NA,"QYFKQNCsQHESSPD"
"prot-ph","P40189_S820s","adipose","~ 0 + group_timepoint +  BMI + calculatedAge + Sex + (1 | pid)","group_timepointADUEndur.post_3.5_4_hr - group_timepointADUEndur.pre_exercise - group_timepointADUControl.post_3.5_4_hr + group_timepointADUControl.pre_exercise","Endur.post_3.5_4_hr - Control.post_3.5_4_hr (delta-delta)","exercise_with_controls","EE-CON","ADUEndur","post_3.5_4_hr",-0.247323416727515,-0.503539389519828,0.00889255606479805,21.5435106635781,-0.9235056611352,-1.99737267585932,-0.0249398911289107,-1.89717913626226,0.0578042994923243,0.268040905522417,"3572","IL6ST","ENSG00000134352","P40189",NA,NA,NA,NA,NA,"QYFKQNCsQHESSPD"
"prot-ph","P40189_S825s","adipose","~ 0 + group_timepoint +  BMI + calculatedAge + Sex + (1 | pid)","group_timepointADUEndur.post_3.5_4_hr - group_timepointADUEndur.pre_exercise - group_timepointADUControl.post_3.5_4_hr + group_timepointADUControl.pre_exercise","Endur.post_3.5_4_hr - Control.post_3.5_4_hr (delta-delta)","exercise_with_controls","EE-CON","ADUEndur","post_3.5_4_hr",-0.478244591951631,-0.841923491330553,-0.11456569257271,22.2328715688515,-14.1335114028102,-2.71906097636763,1.29936203693293,-2.50678228510892,0.0121835729718149,0.124812744343327,"3572","IL6ST","ENSG00000134352","P40189",NA,NA,NA,NA,NA,"NCSQHESsPDISHFE"
"prot-ph","P40189_S825s","adipose","~ 0 + group_timepoint +  BMI + calculatedAge + Sex + (1 | pid)","group_timepointADUResist.post_3.5_4_hr - group_timepointADUResist.pre_exercise - group_timepointADUControl.post_3.5_4_hr + group_timepointADUControl.pre_exercise","Resist.post_3.5_4_hr - Control.post_3.5_4_hr (delta-delta)","exercise_with_controls","RE-CON","ADUResist","post_3.5_4_hr",-0.29075909067892,-0.654565466837802,0.0730472854799617,22.2328715688515,-14.1335114028102,-1.65256715796454,1.29936203693293,-1.5897184327778,0.111898286867941,0.472140326140615,"3572","IL6ST","ENSG00000134352","P40189",NA,NA,NA,NA,NA,"NCSQHESsPDISHFE"
"prot-ph","P40189_S839s","adipose","~ 0 + group_timepoint +  BMI + calculatedAge + Sex + (1 | pid)","group_timepointADUResist.post_3.5_4_hr - group_timepointADUResist.pre_exercise - group_timepointADUControl.post_3.5_4_hr + group_timepointADUControl.pre_exercise","Resist.post_3.5_4_hr - Control.post_3.5_4_hr (delta-delta)","exercise_with_controls","RE-CON","ADUResist","post_3.5_4_hr",-0.225438034586645,-0.447939925179014,-0.00293614399427614,27,10.2769794312683,-2.06396903988634,-0.578067963577438,-1.98428687451693,0.0472238685568104,0.3554968599351,"3572","IL6ST","ENSG00000134352","P40189",NA,NA,NA,NA,NA,"ERSKQVSsVNEEDFV"
"prot-ph","P40189_S839s","adipose","~ 0 + group_timepoint +  BMI + calculatedAge + Sex + (1 | pid)","group_timepointADUEndur.post_3.5_4_hr - group_timepointADUEndur.pre_exercise - group_timepointADUControl.post_3.5_4_hr + group_timepointADUControl.pre_exercise","Endur.post_3.5_4_hr - Control.post_3.5_4_hr (delta-delta)","exercise_with_controls","EE-CON","ADUEndur","post_3.5_4_hr",-0.126363197688315,-0.349887440993726,0.0971610456170969,27,10.2769794312683,-1.15161063941962,-0.578067963577438,-1.13106133520309,0.258029276646091,0.547576844614636,"3572","IL6ST","ENSG00000134352","P40189",NA,NA,NA,NA,NA,"ERSKQVSsVNEEDFV"
"prot-ph","P40189_T783t","adipose","~ 0 + group_timepoint +  BMI + calculatedAge + Sex + (1 | pid)","group_timepointADUEndur.post_3.5_4_hr - group_timepointADUEndur.pre_exercise - group_timepointADUControl.post_3.5_4_hr + group_timepointADUControl.pre_exercise","Endur.post_3.5_4_hr - Control.post_3.5_4_hr (delta-delta)","exercise_with_controls","EE-CON","ADUEndur","post_3.5_4_hr",0.0955382140378751,-0.265169604445083,0.456246032520834,27,-4.68665523146448,0.539549453520144,0.78615224836122,0.534132558669104,0.593249825062967,0.804567962457805,"3572","IL6ST","ENSG00000134352","P40189",NA,NA,NA,NA,NA,"VFSRSEStQPLLDSE"
"prot-ph","P40189_T783t","adipose","~ 0 + group_timepoint +  BMI + calculatedAge + Sex + (1 | pid)","group_timepointADUResist.post_3.5_4_hr - group_timepointADUResist.pre_exercise - group_timepointADUControl.post_3.5_4_hr + group_timepointADUControl.pre_exercise","Resist.post_3.5_4_hr - Control.post_3.5_4_hr (delta-delta)","exercise_with_controls","RE-CON","ADUResist","post_3.5_4_hr",0.0724782537288768,-0.297178825636501,0.442135333094255,27,-4.68665523146448,0.399409497453566,0.78615224836122,0.395803577223115,0.692249937647644,0.899739241548348,"3572","IL6ST","ENSG00000134352","P40189",NA,NA,NA,NA,NA,"VFSRSEStQPLLDSE"
"prot-ph","P40763_S727s","adipose","~ 0 + group_timepoint +  BMI + calculatedAge + Sex + (1 | pid)","group_timepointADUEndur.post_3.5_4_hr - group_timepointADUEndur.pre_exercise - group_timepointADUControl.post_3.5_4_hr + group_timepointADUControl.pre_exercise","Endur.post_3.5_4_hr - Control.post_3.5_4_hr (delta-delta)","exercise_with_controls","EE-CON","ADUEndur","post_3.5_4_hr",0.306550432346822,-0.119370780303681,0.732471644997324,33,-15.6211455263432,1.45710522187897,-0.282829909404496,1.42791883066892,0.153315222888208,0.426511985001582,"6774","STAT3","ENSG00000168610","P40763",NA,NA,NA,NA,NA,"NTIDLPMsPRTLDSL"
"prot-ph","P40763_S727s","adipose","~ 0 + group_timepoint +  BMI + calculatedAge + Sex + (1 | pid)","group_timepointADUResist.post_3.5_4_hr - group_timepointADUResist.pre_exercise - group_timepointADUControl.post_3.5_4_hr + group_timepointADUControl.pre_exercise","Resist.post_3.5_4_hr - Control.post_3.5_4_hr (delta-delta)","exercise_with_controls","RE-CON","ADUResist","post_3.5_4_hr",0.0187448142595958,-0.407338217113397,0.444827845632589,33,-15.6211455263432,0.0890646066915143,-0.282829909404496,0.0884750859384987,0.929499085212471,0.980180732664082,"6774","STAT3","ENSG00000168610","P40763",NA,NA,NA,NA,NA,"NTIDLPMsPRTLDSL"
"prot-ph","P40763_T714t","adipose","~ 0 + group_timepoint +  BMI + calculatedAge + Sex + (1 | pid)","group_timepointADUEndur.post_3.5_4_hr - group_timepointADUEndur.pre_exercise - group_timepointADUControl.post_3.5_4_hr + group_timepointADUControl.pre_exercise","Endur.post_3.5_4_hr - Control.post_3.5_4_hr (delta-delta)","exercise_with_controls","EE-CON","ADUEndur","post_3.5_4_hr",-0.0631301574075911,-0.286806665475861,0.160546350660679,21.8065528089928,5.25698729856914,-0.583479261926265,0.152497321447679,-0.575159342335312,0.56518353713013,0.787281240450011,"6774","STAT3","ENSG00000168610","P40763",NA,NA,NA,NA,NA,"KTKFICVtPTTCSNT"
"prot-ph","P40763_T714t","adipose","~ 0 + group_timepoint +  BMI + calculatedAge + Sex + (1 | pid)","group_timepointADUResist.post_3.5_4_hr - group_timepointADUResist.pre_exercise - group_timepointADUControl.post_3.5_4_hr + group_timepointADUControl.pre_exercise","Resist.post_3.5_4_hr - Control.post_3.5_4_hr (delta-delta)","exercise_with_controls","RE-CON","ADUResist","post_3.5_4_hr",-0.148084489381212,-0.371838241701536,0.0756692629391129,21.8065528089928,5.25698729856914,-1.36822500354091,0.152497321447679,-1.32759041318496,0.184313453323251,0.560549464684752,"6774","STAT3","ENSG00000168610","P40763",NA,NA,NA,NA,NA,"KTKFICVtPTTCSNT"
"prot-ph","Q01082_S1168s","adipose","~ 0 + group_timepoint +  BMI + calculatedAge + Sex + (1 | pid)","group_timepointADUResist.post_3.5_4_hr - group_timepointADUResist.pre_exercise - group_timepointADUControl.post_3.5_4_hr + group_timepointADUControl.pre_exercise","Resist.post_3.5_4_hr - Control.post_3.5_4_hr (delta-delta)","exercise_with_controls","RE-CON","ADUResist","post_3.5_4_hr",-0.306801048159181,-0.811015481146534,0.197413384828171,24,-12.6630548158607,-1.24458290805744,-0.0836673099030814,-1.21787644365565,0.223270929129149,0.597146801547027,"6711","SPTBN1","ENSG00000115306","Q01082",NA,NA,NA,NA,NA,"RQNLLSQsHAYQQFL"
"prot-ph","Q01082_S1168s","adipose","~ 0 + group_timepoint +  BMI + calculatedAge + Sex + (1 | pid)","group_timepointADUEndur.post_3.5_4_hr - group_timepointADUEndur.pre_exercise - group_timepointADUControl.post_3.5_4_hr + group_timepointADUControl.pre_exercise","Endur.post_3.5_4_hr - Control.post_3.5_4_hr (delta-delta)","exercise_with_controls","EE-CON","ADUEndur","post_3.5_4_hr",0.0676514031294535,-0.398228484088157,0.533531290347064,24,-12.6630548158607,0.297019603114394,-0.0836673099030814,0.294241793118835,0.768573147087451,0.896457632676939,"6711","SPTBN1","ENSG00000115306","Q01082",NA,NA,NA,NA,NA,"RQNLLSQsHAYQQFL"
"prot-ph","Q01082_S1237s","adipose","~ 0 + group_timepoint +  BMI + calculatedAge + Sex + (1 | pid)","group_timepointADUEndur.post_3.5_4_hr - group_timepointADUEndur.pre_exercise - group_timepointADUControl.post_3.5_4_hr + group_timepointADUControl.pre_exercise","Endur.post_3.5_4_hr - Control.post_3.5_4_hr (delta-delta)","exercise_with_controls","EE-CON","ADUEndur","post_3.5_4_hr",-0.262477475064212,-0.55838581809032,0.0334308679618958,24.29770191888,-4.9389348176577,-1.83403925145811,-0.737236080518651,-1.7535739722824,0.0795035341050509,0.30993928083101,"6711","SPTBN1","ENSG00000115306","Q01082",NA,NA,NA,NA,NA,"ETGRRLVsDGNINSD"
"prot-ph","Q01082_S1237s","adipose","~ 0 + group_timepoint +  BMI + calculatedAge + Sex + (1 | pid)","group_timepointADUResist.post_3.5_4_hr - group_timepointADUResist.pre_exercise - group_timepointADUControl.post_3.5_4_hr + group_timepointADUControl.pre_exercise","Resist.post_3.5_4_hr - Control.post_3.5_4_hr (delta-delta)","exercise_with_controls","RE-CON","ADUResist","post_3.5_4_hr",-0.287258719891273,-0.583275794499502,0.00875835471695674,24.29770191888,-4.9389348176577,-2.00649452683218,-0.737236080518651,-1.90641518126154,0.0565963606203682,0.381122727051535,"6711","SPTBN1","ENSG00000115306","Q01082",NA,NA,NA,NA,NA,"ETGRRLVsDGNINSD"
"prot-ph","Q01082_S1388s","adipose","~ 0 + group_timepoint +  BMI + calculatedAge + Sex + (1 | pid)","group_timepointADUResist.post_3.5_4_hr - group_timepointADUResist.pre_exercise - group_timepointADUControl.post_3.5_4_hr + group_timepointADUControl.pre_exercise","Resist.post_3.5_4_hr - Control.post_3.5_4_hr (delta-delta)","exercise_with_controls","RE-CON","ADUResist","post_3.5_4_hr",-0.429382482004316,-0.774648771352996,-0.0841161926556364,22.1530851705766,-12.2655825527657,-2.57053064004742,0.929616398355309,-2.38699242168258,0.0169868414331857,0.252337388540646,"6711","SPTBN1","ENSG00000115306","Q01082",NA,NA,NA,NA,NA,"KAELFTQsCADLDKW"
"prot-ph","Q01082_S1388s","adipose","~ 0 + group_timepoint +  BMI + calculatedAge + Sex + (1 | pid)","group_timepointADUEndur.post_3.5_4_hr - group_timepointADUEndur.pre_exercise - group_timepointADUControl.post_3.5_4_hr + group_timepointADUControl.pre_exercise","Endur.post_3.5_4_hr - Control.post_3.5_4_hr (delta-delta)","exercise_with_controls","EE-CON","ADUEndur","post_3.5_4_hr",-0.0113489672962992,-0.356494700608339,0.333796766015741,22.1530851705766,-12.2655825527657,-0.0679637653677162,0.929616398355309,-0.067237041144803,0.946392997261942,0.977275250437004,"6711","SPTBN1","ENSG00000115306","Q01082",NA,NA,NA,NA,NA,"KAELFTQsCADLDKW"
"prot-ph","Q01082_S1556s","adipose","~ 0 + group_timepoint +  BMI + calculatedAge + Sex + (1 | pid)","group_timepointADUResist.post_3.5_4_hr - group_timepointADUResist.pre_exercise - group_timepointADUControl.post_3.5_4_hr + group_timepointADUControl.pre_exercise","Resist.post_3.5_4_hr - Control.post_3.5_4_hr (delta-delta)","exercise_with_controls","RE-CON","ADUResist","post_3.5_4_hr",-0.114700291509567,-0.45455978444739,0.225159201428257,33,-7.61839779080246,-0.683255865189879,-0.658642825001779,-0.676699088817531,0.498596894728574,0.802730516426768,"6711","SPTBN1","ENSG00000115306","Q01082",NA,NA,NA,NA,NA,"QNIVTDSsSLSAEAI"
"prot-ph","Q01082_S1556s","adipose","~ 0 + group_timepoint +  BMI + calculatedAge + Sex + (1 | pid)","group_timepointADUEndur.post_3.5_4_hr - group_timepointADUEndur.pre_exercise - group_timepointADUControl.post_3.5_4_hr + group_timepointADUControl.pre_exercise","Endur.post_3.5_4_hr - Control.post_3.5_4_hr (delta-delta)","exercise_with_controls","EE-CON","ADUEndur","post_3.5_4_hr",0.0246970663879874,-0.315033353986701,0.364427486762676,33,-7.61839779080246,0.147173353063916,-0.658642825001779,0.14618601837753,0.883774542703817,0.950754659107465,"6711","SPTBN1","ENSG00000115306","Q01082",NA,NA,NA,NA,NA,"QNIVTDSsSLSAEAI"
"prot-ph","Q01082_S1609s","adipose","~ 0 + group_timepoint +  BMI + calculatedAge + Sex + (1 | pid)","group_timepointADUResist.post_3.5_4_hr - group_timepointADUResist.pre_exercise - group_timepointADUControl.post_3.5_4_hr + group_timepointADUControl.pre_exercise","Resist.post_3.5_4_hr - Control.post_3.5_4_hr (delta-delta)","exercise_with_controls","RE-CON","ADUResist","post_3.5_4_hr",-0.282458791053971,-0.844886808574529,0.279969226466587,24.4166514668989,-28.0552770420686,-1.03787902161351,-0.48320729650884,-1.01538088847897,0.309924299587877,0.678314599926947,"6711","SPTBN1","ENSG00000115306","Q01082",NA,NA,NA,NA,NA,"AEAEAWMsEQELYMM"
"prot-ph","Q01082_S1609s","adipose","~ 0 + group_timepoint +  BMI + calculatedAge + Sex + (1 | pid)","group_timepointADUEndur.post_3.5_4_hr - group_timepointADUEndur.pre_exercise - group_timepointADUControl.post_3.5_4_hr + group_timepointADUControl.pre_exercise","Endur.post_3.5_4_hr - Control.post_3.5_4_hr (delta-delta)","exercise_with_controls","EE-CON","ADUEndur","post_3.5_4_hr",-0.101367919277402,-0.663589170908373,0.460853332353568,24.4166514668989,-28.0552770420686,-0.372601314898034,-0.48320729650884,-0.368104949968225,0.712794980101247,0.870955754693601,"6711","SPTBN1","ENSG00000115306","Q01082",NA,NA,NA,NA,NA,"AEAEAWMsEQELYMM"
"prot-ph","Q01082_S201s","adipose","~ 0 + group_timepoint +  BMI + calculatedAge + Sex + (1 | pid)","group_timepointADUResist.post_3.5_4_hr - group_timepointADUResist.pre_exercise - group_timepointADUControl.post_3.5_4_hr + group_timepointADUControl.pre_exercise","Resist.post_3.5_4_hr - Control.post_3.5_4_hr (delta-delta)","exercise_with_controls","RE-CON","ADUResist","post_3.5_4_hr",-0.545571505439376,-0.930837408540749,-0.160305602338004,18.6203731161937,-21.1827783081786,-2.93060407290153,2.88382657447225,-2.67142348960639,0.0075530288960767,0.189804959956292,"6711","SPTBN1","ENSG00000115306","Q01082",NA,NA,NA,NA,NA,"NIHNFTTsWRDGMAF"
"prot-ph","Q01082_S201s","adipose","~ 0 + group_timepoint +  BMI + calculatedAge + Sex + (1 | pid)","group_timepointADUEndur.post_3.5_4_hr - group_timepointADUEndur.pre_exercise - group_timepointADUControl.post_3.5_4_hr + group_timepointADUControl.pre_exercise","Endur.post_3.5_4_hr - Control.post_3.5_4_hr (delta-delta)","exercise_with_controls","EE-CON","ADUEndur","post_3.5_4_hr",-0.0902688021008307,-0.475431654040394,0.294894049838733,18.6203731161937,-21.1827783081786,-0.485007357120227,2.88382657447225,-0.478505960229068,0.632290133132733,0.827198788286112,"6711","SPTBN1","ENSG00000115306","Q01082",NA,NA,NA,NA,NA,"NIHNFTTsWRDGMAF"
"prot-ph","Q01082_S2041s","adipose","~ 0 + group_timepoint +  BMI + calculatedAge + Sex + (1 | pid)","group_timepointADUResist.post_3.5_4_hr - group_timepointADUResist.pre_exercise - group_timepointADUControl.post_3.5_4_hr + group_timepointADUControl.pre_exercise","Resist.post_3.5_4_hr - Control.post_3.5_4_hr (delta-delta)","exercise_with_controls","RE-CON","ADUResist","post_3.5_4_hr",-0.273703011049981,-0.575494098797415,0.0280880766974534,33,-3.28725894938582,-1.83607922518111,0.293291726042209,-1.78542629255855,0.0741921970597525,0.418702731161735,"6711","SPTBN1","ENSG00000115306","Q01082",NA,NA,NA,NA,NA,"LGQEPYLsSREIGQS"
"prot-ph","Q01082_S2041s","adipose","~ 0 + group_timepoint +  BMI + calculatedAge + Sex + (1 | pid)","group_timepointADUEndur.post_3.5_4_hr - group_timepointADUEndur.pre_exercise - group_timepointADUControl.post_3.5_4_hr + group_timepointADUControl.pre_exercise","Endur.post_3.5_4_hr - Control.post_3.5_4_hr (delta-delta)","exercise_with_controls","EE-CON","ADUEndur","post_3.5_4_hr",-0.105615485341315,-0.407291958225704,0.196060987543073,33,-3.28725894938582,-0.708768502296618,0.293291726042209,-0.701804727235824,0.482800950318179,0.732074403920044,"6711","SPTBN1","ENSG00000115306","Q01082",NA,NA,NA,NA,NA,"LGQEPYLsSREIGQS"
"prot-ph","Q01082_S2048s","adipose","~ 0 + group_timepoint +  BMI + calculatedAge + Sex + (1 | pid)","group_timepointADUResist.post_3.5_4_hr - group_timepointADUResist.pre_exercise - group_timepointADUControl.post_3.5_4_hr + group_timepointADUControl.pre_exercise","Resist.post_3.5_4_hr - Control.post_3.5_4_hr (delta-delta)","exercise_with_controls","RE-CON","ADUResist","post_3.5_4_hr",-0.24911268671605,-0.465688309375885,-0.032537064056215,27,11.3152864014887,-2.3431277553964,-0.0167710055592979,-2.23353241330249,0.0255138552957679,0.289833404422459,"6711","SPTBN1","ENSG00000115306","Q01082",NA,NA,NA,NA,NA,"SSREIGQsVDEVEKL"
"prot-ph","Q01082_S2048s","adipose","~ 0 + group_timepoint +  BMI + calculatedAge + Sex + (1 | pid)","group_timepointADUEndur.post_3.5_4_hr - group_timepointADUEndur.pre_exercise - group_timepointADUControl.post_3.5_4_hr + group_timepointADUControl.pre_exercise","Endur.post_3.5_4_hr - Control.post_3.5_4_hr (delta-delta)","exercise_with_controls","EE-CON","ADUEndur","post_3.5_4_hr",-0.00508366544284988,-0.222654410772515,0.212487079886815,27,11.3152864014887,-0.0475977207555352,-0.0167710055592979,-0.0472258252688799,0.962333244893061,0.982727840010627,"6711","SPTBN1","ENSG00000115306","Q01082",NA,NA,NA,NA,NA,"SSREIGQsVDEVEKL"
"prot-ph","Q01082_S2102s","adipose","~ 0 + group_timepoint +  BMI + calculatedAge + Sex + (1 | pid)","group_timepointADUEndur.post_3.5_4_hr - group_timepointADUEndur.pre_exercise - group_timepointADUControl.post_3.5_4_hr + group_timepointADUControl.pre_exercise","Endur.post_3.5_4_hr - Control.post_3.5_4_hr (delta-delta)","exercise_with_controls","EE-CON","ADUEndur","post_3.5_4_hr",-0.859288617364641,-1.54718988470975,-0.171387350019532,16.7609764457828,-27.9762491581817,-2.62321722990517,-6.73659510398422,-2.38287481286571,0.0171780348691508,0.148043736711089,"6711","SPTBN1","ENSG00000115306","Q01082",NA,NA,NA,NA,NA,"ERKRRPPsPEPSTKV"
"prot-ph","Q01082_S2102s","adipose","~ 0 + group_timepoint +  BMI + calculatedAge + Sex + (1 | pid)","group_timepointADUResist.post_3.5_4_hr - group_timepointADUResist.pre_exercise - group_timepointADUControl.post_3.5_4_hr + group_timepointADUControl.pre_exercise","Resist.post_3.5_4_hr - Control.post_3.5_4_hr (delta-delta)","exercise_with_controls","RE-CON","ADUResist","post_3.5_4_hr",0.278269716610169,-0.376856836811723,0.933396270032061,16.7609764457828,-27.9762491581817,0.894749661621042,-6.73659510398422,0.872089135332285,0.383159752755968,0.731799852205776,"6711","SPTBN1","ENSG00000115306","Q01082",NA,NA,NA,NA,NA,"ERKRRPPsPEPSTKV"
"prot-ph","Q01082_S2122s","adipose","~ 0 + group_timepoint +  BMI + calculatedAge + Sex + (1 | pid)","group_timepointADUResist.post_3.5_4_hr - group_timepointADUResist.pre_exercise - group_timepointADUControl.post_3.5_4_hr + group_timepointADUControl.pre_exercise","Resist.post_3.5_4_hr - Control.post_3.5_4_hr (delta-delta)","exercise_with_controls","RE-CON","ADUResist","post_3.5_4_hr",-0.00281356500313318,-0.203503490580848,0.197876360574582,33,12.8645896563596,-0.0283824337832905,0.333333258739416,-0.0281958908648516,0.977505914537633,0.994355811943767,"6711","SPTBN1","ENSG00000115306","Q01082",NA,NA,NA,NA,NA,"SQQQWDTsKGEQVSQ"
"prot-ph","Q01082_S2122s","adipose","~ 0 + group_timepoint +  BMI + calculatedAge + Sex + (1 | pid)","group_timepointADUEndur.post_3.5_4_hr - group_timepointADUEndur.pre_exercise - group_timepointADUControl.post_3.5_4_hr + group_timepointADUControl.pre_exercise","Endur.post_3.5_4_hr - Control.post_3.5_4_hr (delta-delta)","exercise_with_controls","EE-CON","ADUEndur","post_3.5_4_hr",-0.0696077478279225,-0.270221454957637,0.131005959301792,33,12.8645896563596,-0.702449699273987,0.333333258739416,-0.695588348429884,0.486686665088391,0.734413043456036,"6711","SPTBN1","ENSG00000115306","Q01082",NA,NA,NA,NA,NA,"SQQQWDTsKGEQVSQ"
"prot-ph","Q01082_S2128s","adipose","~ 0 + group_timepoint +  BMI + calculatedAge + Sex + (1 | pid)","group_timepointADUResist.post_3.5_4_hr - group_timepointADUResist.pre_exercise - group_timepointADUControl.post_3.5_4_hr + group_timepointADUControl.pre_exercise","Resist.post_3.5_4_hr - Control.post_3.5_4_hr (delta-delta)","exercise_with_controls","RE-CON","ADUResist","post_3.5_4_hr",-0.0783967918559207,-0.321612323867121,0.16481874015528,33,4.93097534854966,-0.652567193610954,0.169687935655171,-0.646477455088984,0.517970193075617,0.812937292288227,"6711","SPTBN1","ENSG00000115306","Q01082",NA,NA,NA,NA,NA,"TSKGEQVsQNGLPAE"
"prot-ph","Q01082_S2128s","adipose","~ 0 + group_timepoint +  BMI + calculatedAge + Sex + (1 | pid)","group_timepointADUEndur.post_3.5_4_hr - group_timepointADUEndur.pre_exercise - group_timepointADUControl.post_3.5_4_hr + group_timepointADUControl.pre_exercise","Endur.post_3.5_4_hr - Control.post_3.5_4_hr (delta-delta)","exercise_with_controls","EE-CON","ADUEndur","post_3.5_4_hr",-0.156503303404074,-0.399626466501719,0.0866198596935719,33,4.93097534854966,-1.30321305949309,0.169687935655171,-1.28053760265132,0.200356128866776,0.482745980464033,"6711","SPTBN1","ENSG00000115306","Q01082",NA,NA,NA,NA,NA,"TSKGEQVsQNGLPAE"
"prot-ph","Q01082_S2128sS2138s","adipose","~ 0 + group_timepoint +  BMI + calculatedAge + Sex + (1 | pid)","group_timepointADUResist.post_3.5_4_hr - group_timepointADUResist.pre_exercise - group_timepointADUControl.post_3.5_4_hr + group_timepointADUControl.pre_exercise","Resist.post_3.5_4_hr - Control.post_3.5_4_hr (delta-delta)","exercise_with_controls","RE-CON","ADUResist","post_3.5_4_hr",-0.175128202418235,-0.377026604980671,0.0267702001442017,33,12.6041048297354,-1.75606852577366,-0.780222258472217,-1.71064004587521,0.0871475816277447,0.440717433515777,"6711","SPTBN1","ENSG00000115306","Q01082",NA,NA,NA,NA,NA,"TSKGEQVsQNGLPAE|GLPAEQGsPRMAETV"
"prot-ph","Q01082_S2128sS2138s","adipose","~ 0 + group_timepoint +  BMI + calculatedAge + Sex + (1 | pid)","group_timepointADUEndur.post_3.5_4_hr - group_timepointADUEndur.pre_exercise - group_timepointADUControl.post_3.5_4_hr + group_timepointADUControl.pre_exercise","Endur.post_3.5_4_hr - Control.post_3.5_4_hr (delta-delta)","exercise_with_controls","EE-CON","ADUEndur","post_3.5_4_hr",0.147643800918656,-0.0541779242377947,0.349465526075107,33,12.6041048297354,1.48103579412547,-0.780222258472217,1.45072949199526,0.146855199823966,0.41611361172885,"6711","SPTBN1","ENSG00000115306","Q01082",NA,NA,NA,NA,NA,"TSKGEQVsQNGLPAE|GLPAEQGsPRMAETV"
"prot-ph","Q01082_S2138s","adipose","~ 0 + group_timepoint +  BMI + calculatedAge + Sex + (1 | pid)","group_timepointADUResist.post_3.5_4_hr - group_timepointADUResist.pre_exercise - group_timepointADUControl.post_3.5_4_hr + group_timepointADUControl.pre_exercise","Resist.post_3.5_4_hr - Control.post_3.5_4_hr (delta-delta)","exercise_with_controls","RE-CON","ADUResist","post_3.5_4_hr",-0.361376104157902,-0.604093944007123,-0.118658264308681,18.7590785862196,-2.08747169241472,-3.08368632937071,0.271873862040887,-2.78619374494507,0.00533309856679967,0.166393016993417,"6711","SPTBN1","ENSG00000115306","Q01082",NA,NA,NA,NA,NA,"GLPAEQGsPRMAETV"
"prot-ph","Q01082_S2138s","adipose","~ 0 + group_timepoint +  BMI + calculatedAge + Sex + (1 | pid)","group_timepointADUEndur.post_3.5_4_hr - group_timepointADUEndur.pre_exercise - group_timepointADUControl.post_3.5_4_hr + group_timepointADUControl.pre_exercise","Endur.post_3.5_4_hr - Control.post_3.5_4_hr (delta-delta)","exercise_with_controls","EE-CON","ADUEndur","post_3.5_4_hr",-0.122350365734043,-0.365001515694864,0.120300784226779,18.7590785862196,-2.08747169241472,-1.04429685488566,0.271873862040887,-1.02063174938886,0.307428941347037,0.595647846554756,"6711","SPTBN1","ENSG00000115306","Q01082",NA,NA,NA,NA,NA,"GLPAEQGsPRMAETV"
"prot-ph","Q01082_S2161sS2165s","adipose","~ 0 + group_timepoint +  BMI + calculatedAge + Sex + (1 | pid)","group_timepointADUEndur.post_3.5_4_hr - group_timepointADUEndur.pre_exercise - group_timepointADUControl.post_3.5_4_hr + group_timepointADUControl.pre_exercise","Endur.post_3.5_4_hr - Control.post_3.5_4_hr (delta-delta)","exercise_with_controls","EE-CON","ADUEndur","post_3.5_4_hr",-0.197961374233991,-0.543667699862538,0.147744951394557,33,-8.24559759886533,-1.15928812082737,1.54923623163901,-1.14168870356257,0.253583438011208,0.542867934985664,"6711","SPTBN1","ENSG00000115306","Q01082",NA,NA,NA,NA,NA,"ATEQRTSsKESSPIP|RTSSKESsPIPSPTS"
"prot-ph","Q01082_S2161sS2165s","adipose","~ 0 + group_timepoint +  BMI + calculatedAge + Sex + (1 | pid)","group_timepointADUResist.post_3.5_4_hr - group_timepointADUResist.pre_exercise - group_timepointADUControl.post_3.5_4_hr + group_timepointADUControl.pre_exercise","Resist.post_3.5_4_hr - Control.post_3.5_4_hr (delta-delta)","exercise_with_controls","RE-CON","ADUResist","post_3.5_4_hr",-0.287171013737298,-0.63300868233332,0.0586666548587253,33,-8.24559759886533,-1.68107294360435,1.54923623163901,-1.6401937828491,0.100964881595722,0.458180736116422,"6711","SPTBN1","ENSG00000115306","Q01082",NA,NA,NA,NA,NA,"ATEQRTSsKESSPIP|RTSSKESsPIPSPTS"
"prot-ph","Q01082_S2164s","adipose","~ 0 + group_timepoint +  BMI + calculatedAge + Sex + (1 | pid)","group_timepointADUEndur.post_3.5_4_hr - group_timepointADUEndur.pre_exercise - group_timepointADUControl.post_3.5_4_hr + group_timepointADUControl.pre_exercise","Endur.post_3.5_4_hr - Control.post_3.5_4_hr (delta-delta)","exercise_with_controls","EE-CON","ADUEndur","post_3.5_4_hr",-0.88433687443649,-1.17391011300766,-0.594763635865322,15.1124764393478,-1.65235459602673,-6.43092258895719,1.57161440690906,-4.54488326763509,5.49657071403035e-06,0.00342083004509617,"6711","SPTBN1","ENSG00000115306","Q01082",NA,NA,NA,NA,NA,"QRTSSKEsSPIPSPT"
"prot-ph","Q01082_S2164s","adipose","~ 0 + group_timepoint +  BMI + calculatedAge + Sex + (1 | pid)","group_timepointADUResist.post_3.5_4_hr - group_timepointADUResist.pre_exercise - group_timepointADUControl.post_3.5_4_hr + group_timepointADUControl.pre_exercise","Resist.post_3.5_4_hr - Control.post_3.5_4_hr (delta-delta)","exercise_with_controls","RE-CON","ADUResist","post_3.5_4_hr",-0.442519515238901,-0.757014076786788,-0.128024953691013,15.1124764393478,-1.65235459602673,-2.95889198851778,1.57161440690906,-2.63204670946361,0.00848721935129041,0.195796809249067,"6711","SPTBN1","ENSG00000115306","Q01082",NA,NA,NA,NA,NA,"QRTSSKEsSPIPSPT"
"prot-ph","Q01082_S2164sS2165s","adipose","~ 0 + group_timepoint +  BMI + calculatedAge + Sex + (1 | pid)","group_timepointADUEndur.post_3.5_4_hr - group_timepointADUEndur.pre_exercise - group_timepointADUControl.post_3.5_4_hr + group_timepointADUControl.pre_exercise","Endur.post_3.5_4_hr - Control.post_3.5_4_hr (delta-delta)","exercise_with_controls","EE-CON","ADUEndur","post_3.5_4_hr",-0.206239070682773,-0.55346442175703,0.140986280391485,28.3776069080836,-9.1073895031798,-1.22791445108961,2.96351589209648,-1.19585109204829,0.231754673735041,0.516968374872866,"6711","SPTBN1","ENSG00000115306","Q01082",NA,NA,NA,NA,NA,"QRTSSKEsSPIPSPT|RTSSKESsPIPSPTS"
"prot-ph","Q01082_S2164sS2165s","adipose","~ 0 + group_timepoint +  BMI + calculatedAge + Sex + (1 | pid)","group_timepointADUResist.post_3.5_4_hr - group_timepointADUResist.pre_exercise - group_timepointADUControl.post_3.5_4_hr + group_timepointADUControl.pre_exercise","Resist.post_3.5_4_hr - Control.post_3.5_4_hr (delta-delta)","exercise_with_controls","RE-CON","ADUResist","post_3.5_4_hr",-0.287313858101079,-0.63467188673529,0.0600441705331322,28.3776069080836,-9.1073895031798,-1.70998766186225,2.96351589209648,-1.64208044310176,0.100573334082691,0.457928482935999,"6711","SPTBN1","ENSG00000115306","Q01082",NA,NA,NA,NA,NA,"QRTSSKEsSPIPSPT|RTSSKESsPIPSPTS"
"prot-ph","Q01082_S2165s","adipose","~ 0 + group_timepoint +  BMI + calculatedAge + Sex + (1 | pid)","group_timepointADUEndur.post_3.5_4_hr - group_timepointADUEndur.pre_exercise - group_timepointADUControl.post_3.5_4_hr + group_timepointADUControl.pre_exercise","Endur.post_3.5_4_hr - Control.post_3.5_4_hr (delta-delta)","exercise_with_controls","EE-CON","ADUEndur","post_3.5_4_hr",-0.320858888901333,-0.644169719302554,0.00245194149988837,26.9311039629249,-7.06905083807594,-2.05059421777602,0.165898058152361,-1.94625875355418,0.0516236655027477,0.252834308436543,"6711","SPTBN1","ENSG00000115306","Q01082",NA,NA,NA,NA,NA,"RTSSKESsPIPSPTS"
"prot-ph","Q01082_S2165s","adipose","~ 0 + group_timepoint +  BMI + calculatedAge + Sex + (1 | pid)","group_timepointADUResist.post_3.5_4_hr - group_timepointADUResist.pre_exercise - group_timepointADUControl.post_3.5_4_hr + group_timepointADUControl.pre_exercise","Resist.post_3.5_4_hr - Control.post_3.5_4_hr (delta-delta)","exercise_with_controls","RE-CON","ADUResist","post_3.5_4_hr",-0.188836985267903,-0.51227013540143,0.134596164865623,26.9311039629249,-7.06905083807594,-1.20640824639212,0.165898058152361,-1.17580578720183,0.239672493276791,0.61239484865709,"6711","SPTBN1","ENSG00000115306","Q01082",NA,NA,NA,NA,NA,"RTSSKESsPIPSPTS"
"prot-ph","Q01082_S2165sS2169s","adipose","~ 0 + group_timepoint +  BMI + calculatedAge + Sex + (1 | pid)","group_timepointADUEndur.post_3.5_4_hr - group_timepointADUEndur.pre_exercise - group_timepointADUControl.post_3.5_4_hr + group_timepointADUControl.pre_exercise","Endur.post_3.5_4_hr - Control.post_3.5_4_hr (delta-delta)","exercise_with_controls","EE-CON","ADUEndur","post_3.5_4_hr",-0.365996974885638,-0.673796435242582,-0.0581975145286933,33,-4.02763840063278,-2.40728712791923,-0.933451185428262,-2.30719477294608,0.0210439643677695,0.163586382528171,"6711","SPTBN1","ENSG00000115306","Q01082",NA,NA,NA,NA,NA,"RTSSKESsPIPSPTS|KESSPIPsPTSDRKA"
"prot-ph","Q01082_S2165sS2169s","adipose","~ 0 + group_timepoint +  BMI + calculatedAge + Sex + (1 | pid)","group_timepointADUResist.post_3.5_4_hr - group_timepointADUResist.pre_exercise - group_timepointADUControl.post_3.5_4_hr + group_timepointADUControl.pre_exercise","Resist.post_3.5_4_hr - Control.post_3.5_4_hr (delta-delta)","exercise_with_controls","RE-CON","ADUResist","post_3.5_4_hr",-0.353881917740733,-0.661798319245456,-0.0459655162360091,33,-4.02763840063278,-2.32671827683858,-0.933451185428262,-2.23496611895834,0.0254195731500486,0.289517308308984,"6711","SPTBN1","ENSG00000115306","Q01082",NA,NA,NA,NA,NA,"RTSSKESsPIPSPTS|KESSPIPsPTSDRKA"
"prot-ph","Q01082_S2165sS2172s","adipose","~ 0 + group_timepoint +  BMI + calculatedAge + Sex + (1 | pid)","group_timepointADUResist.post_3.5_4_hr - group_timepointADUResist.pre_exercise - group_timepointADUControl.post_3.5_4_hr + group_timepointADUControl.pre_exercise","Resist.post_3.5_4_hr - Control.post_3.5_4_hr (delta-delta)","exercise_with_controls","RE-CON","ADUResist","post_3.5_4_hr",-0.328858687574145,-0.609361122579277,-0.0483562525690135,33,-0.560368291031412,-2.37350928777966,0.355496161511849,-2.2769707192215,0.0227879742080617,0.27650311572589,"6711","SPTBN1","ENSG00000115306","Q01082",NA,NA,NA,NA,NA,"RTSSKESsPIPSPTS|SPIPSPTsDRKAKTA"
"prot-ph","Q01082_S2165sS2172s","adipose","~ 0 + group_timepoint +  BMI + calculatedAge + Sex + (1 | pid)","group_timepointADUEndur.post_3.5_4_hr - group_timepointADUEndur.pre_exercise - group_timepointADUControl.post_3.5_4_hr + group_timepointADUControl.pre_exercise","Endur.post_3.5_4_hr - Control.post_3.5_4_hr (delta-delta)","exercise_with_controls","EE-CON","ADUEndur","post_3.5_4_hr",-0.501926933911767,-0.782322839103817,-0.221531028719718,33,-0.560368291031412,-3.62399079462802,0.355496161511849,-3.33674456652374,0.000847658136418432,0.0396818341549661,"6711","SPTBN1","ENSG00000115306","Q01082",NA,NA,NA,NA,NA,"RTSSKESsPIPSPTS|SPIPSPTsDRKAKTA"
"prot-ph","Q01082_S2169s","adipose","~ 0 + group_timepoint +  BMI + calculatedAge + Sex + (1 | pid)","group_timepointADUEndur.post_3.5_4_hr - group_timepointADUEndur.pre_exercise - group_timepointADUControl.post_3.5_4_hr + group_timepointADUControl.pre_exercise","Endur.post_3.5_4_hr - Control.post_3.5_4_hr (delta-delta)","exercise_with_controls","EE-CON","ADUEndur","post_3.5_4_hr",-0.184305317721158,-0.397811360030845,0.0292007245885296,20.0637495548659,6.0633390314935,-1.78788911665271,-0.913375202565421,-1.70999983967963,0.0872659026942332,0.327453837284605,"6711","SPTBN1","ENSG00000115306","Q01082",NA,NA,NA,NA,NA,"KESSPIPsPTSDRKA"
"prot-ph","Q01082_S2169s","adipose","~ 0 + group_timepoint +  BMI + calculatedAge + Sex + (1 | pid)","group_timepointADUResist.post_3.5_4_hr - group_timepointADUResist.pre_exercise - group_timepointADUControl.post_3.5_4_hr + group_timepointADUControl.pre_exercise","Resist.post_3.5_4_hr - Control.post_3.5_4_hr (delta-delta)","exercise_with_controls","RE-CON","ADUResist","post_3.5_4_hr",-0.141104703106903,-0.354678442596029,0.0724690363822227,20.0637495548659,6.0633390314935,-1.36841460838903,-0.913375202565421,-1.32644285201746,0.184693052676527,0.560549464684752,"6711","SPTBN1","ENSG00000115306","Q01082",NA,NA,NA,NA,NA,"KESSPIPsPTSDRKA"
"prot-ph","Q01082_S2172s","adipose","~ 0 + group_timepoint +  BMI + calculatedAge + Sex + (1 | pid)","group_timepointADUEndur.post_3.5_4_hr - group_timepointADUEndur.pre_exercise - group_timepointADUControl.post_3.5_4_hr + group_timepointADUControl.pre_exercise","Endur.post_3.5_4_hr - Control.post_3.5_4_hr (delta-delta)","exercise_with_controls","EE-CON","ADUEndur","post_3.5_4_hr",-0.193122673843007,-0.564469764899036,0.178224417213022,15.4265029536902,-10.863104364142,-1.0894487311403,1.04193418292576,-1.05865969668049,0.289754789104369,0.578080632764537,"6711","SPTBN1","ENSG00000115306","Q01082",NA,NA,NA,NA,NA,"SPIPSPTsDRKAKTA"
"prot-ph","Q01082_S2172s","adipose","~ 0 + group_timepoint +  BMI + calculatedAge + Sex + (1 | pid)","group_timepointADUResist.post_3.5_4_hr - group_timepointADUResist.pre_exercise - group_timepointADUControl.post_3.5_4_hr + group_timepointADUControl.pre_exercise","Resist.post_3.5_4_hr - Control.post_3.5_4_hr (delta-delta)","exercise_with_controls","RE-CON","ADUResist","post_3.5_4_hr",-0.0542819899835033,-0.406733582575975,0.298169602608968,15.4265029536902,-10.863104364142,-0.323415068648837,1.04193418292576,-0.318529046822036,0.750083664941331,0.92049126514775,"6711","SPTBN1","ENSG00000115306","Q01082",NA,NA,NA,NA,NA,"SPIPSPTsDRKAKTA"
"prot-ph","Q01082_S2184s","adipose","~ 0 + group_timepoint +  BMI + calculatedAge + Sex + (1 | pid)","group_timepointADUResist.post_3.5_4_hr - group_timepointADUResist.pre_exercise - group_timepointADUControl.post_3.5_4_hr + group_timepointADUControl.pre_exercise","Resist.post_3.5_4_hr - Control.post_3.5_4_hr (delta-delta)","exercise_with_controls","RE-CON","ADUResist","post_3.5_4_hr",-0.0319425173788295,-0.4435749804533,0.379689945695641,22.8605417256076,-18.0951113468364,-0.16066750654389,-0.936422844232023,-0.158858755967852,0.873780155939395,0.962234854564039,"6711","SPTBN1","ENSG00000115306","Q01082",NA,NA,NA,NA,NA,"KTALPAQsAATLPAR"
"prot-ph","Q01082_S2184s","adipose","~ 0 + group_timepoint +  BMI + calculatedAge + Sex + (1 | pid)","group_timepointADUEndur.post_3.5_4_hr - group_timepointADUEndur.pre_exercise - group_timepointADUControl.post_3.5_4_hr + group_timepointADUControl.pre_exercise","Endur.post_3.5_4_hr - Control.post_3.5_4_hr (delta-delta)","exercise_with_controls","EE-CON","ADUEndur","post_3.5_4_hr",-0.380919737696118,-0.792404921177144,0.030565445784909,22.8605417256076,-18.0951113468364,-1.91663142881377,-0.936422844232023,-1.82509478899201,0.0679867264307381,0.288228279518007,"6711","SPTBN1","ENSG00000115306","Q01082",NA,NA,NA,NA,NA,"KTALPAQsAATLPAR"
"prot-ph","Q01082_S228s","adipose","~ 0 + group_timepoint +  BMI + calculatedAge + Sex + (1 | pid)","group_timepointADUEndur.post_3.5_4_hr - group_timepointADUEndur.pre_exercise - group_timepointADUControl.post_3.5_4_hr + group_timepointADUControl.pre_exercise","Endur.post_3.5_4_hr - Control.post_3.5_4_hr (delta-delta)","exercise_with_controls","EE-CON","ADUEndur","post_3.5_4_hr",-0.27435765121014,-0.642552211718293,0.0938369092980129,18.1853671293034,-20.7418296694373,-1.54405334011505,1.26756540712341,-1.48843142117466,0.136637155300806,0.403519552509594,"6711","SPTBN1","ENSG00000115306","Q01082",NA,NA,NA,NA,NA,"DFDKLKKsNAHYNLQ"
"prot-ph","Q01082_S228s","adipose","~ 0 + group_timepoint +  BMI + calculatedAge + Sex + (1 | pid)","group_timepointADUResist.post_3.5_4_hr - group_timepointADUResist.pre_exercise - group_timepointADUControl.post_3.5_4_hr + group_timepointADUControl.pre_exercise","Resist.post_3.5_4_hr - Control.post_3.5_4_hr (delta-delta)","exercise_with_controls","RE-CON","ADUResist","post_3.5_4_hr",-0.957334302413399,-1.32561880988172,-0.589049794945073,18.1853671293034,-20.7418296694373,-5.38659099051573,1.26756540712341,-4.26662465739094,1.98452626738171e-05,0.0332428211837991,"6711","SPTBN1","ENSG00000115306","Q01082",NA,NA,NA,NA,NA,"DFDKLKKsNAHYNLQ"
"prot-ph","Q01082_S2314s","adipose","~ 0 + group_timepoint +  BMI + calculatedAge + Sex + (1 | pid)","group_timepointADUResist.post_3.5_4_hr - group_timepointADUResist.pre_exercise - group_timepointADUControl.post_3.5_4_hr + group_timepointADUControl.pre_exercise","Resist.post_3.5_4_hr - Control.post_3.5_4_hr (delta-delta)","exercise_with_controls","RE-CON","ADUResist","post_3.5_4_hr",-0.0264140735251515,-0.524711729617018,0.471883582566715,19.2584710211678,-29.0379635352969,-0.109805003038551,-0.390185904769081,-0.108574996900308,0.913539593073107,0.974255872025212,"6711","SPTBN1","ENSG00000115306","Q01082",NA,NA,NA,NA,NA,"SSDKHEVsASTQSTP"
"prot-ph","Q01082_S2314s","adipose","~ 0 + group_timepoint +  BMI + calculatedAge + Sex + (1 | pid)","group_timepointADUEndur.post_3.5_4_hr - group_timepointADUEndur.pre_exercise - group_timepointADUControl.post_3.5_4_hr + group_timepointADUControl.pre_exercise","Endur.post_3.5_4_hr - Control.post_3.5_4_hr (delta-delta)","exercise_with_controls","EE-CON","ADUEndur","post_3.5_4_hr",-0.0958863502194357,-0.594037337086777,0.402264636647906,19.2584710211678,-29.0379635352969,-0.39871253038623,-0.390185904769081,-0.393608678450164,0.693869972953227,0.861823103968847,"6711","SPTBN1","ENSG00000115306","Q01082",NA,NA,NA,NA,NA,"SSDKHEVsASTQSTP"
"prot-ph","Q01082_S2316s","adipose","~ 0 + group_timepoint +  BMI + calculatedAge + Sex + (1 | pid)","group_timepointADUEndur.post_3.5_4_hr - group_timepointADUEndur.pre_exercise - group_timepointADUControl.post_3.5_4_hr + group_timepointADUControl.pre_exercise","Endur.post_3.5_4_hr - Control.post_3.5_4_hr (delta-delta)","exercise_with_controls","EE-CON","ADUEndur","post_3.5_4_hr",0.0561405785487115,-0.354046478395527,0.46632763549295,21.364044841321,-19.2180752054659,0.283764075668873,1.06287880954755,0.280319945980338,0.779232049304897,0.900891260808618,"6711","SPTBN1","ENSG00000115306","Q01082",NA,NA,NA,NA,NA,"DKHEVSAsTQSTPAS"
"prot-ph","Q01082_S2316s","adipose","~ 0 + group_timepoint +  BMI + calculatedAge + Sex + (1 | pid)","group_timepointADUResist.post_3.5_4_hr - group_timepointADUResist.pre_exercise - group_timepointADUControl.post_3.5_4_hr + group_timepointADUControl.pre_exercise","Resist.post_3.5_4_hr - Control.post_3.5_4_hr (delta-delta)","exercise_with_controls","RE-CON","ADUResist","post_3.5_4_hr",-0.313264325266024,-0.723591697748316,0.0970630472162681,21.364044841321,-19.2180752054659,-1.58290100463266,1.06287880954755,-1.52341981993495,0.127653706478011,0.494599289142133,"6711","SPTBN1","ENSG00000115306","Q01082",NA,NA,NA,NA,NA,"DKHEVSAsTQSTPAS"
"prot-ph","Q01082_S2316sS2319s","adipose","~ 0 + group_timepoint +  BMI + calculatedAge + Sex + (1 | pid)","group_timepointADUResist.post_3.5_4_hr - group_timepointADUResist.pre_exercise - group_timepointADUControl.post_3.5_4_hr + group_timepointADUControl.pre_exercise","Resist.post_3.5_4_hr - Control.post_3.5_4_hr (delta-delta)","exercise_with_controls","RE-CON","ADUResist","post_3.5_4_hr",0.0137060943812328,-0.322266549908691,0.349678738671157,19.9358238504656,-5.41032460276344,0.0850587783751678,-0.93014290994832,0.0840025228643787,0.933054425904693,0.980989513212792,"6711","SPTBN1","ENSG00000115306","Q01082",NA,NA,NA,NA,NA,"DKHEVSAsTQSTPAS|EVSASTQsTPASSRA"
"prot-ph","Q01082_S2316sS2319s","adipose","~ 0 + group_timepoint +  BMI + calculatedAge + Sex + (1 | pid)","group_timepointADUEndur.post_3.5_4_hr - group_timepointADUEndur.pre_exercise - group_timepointADUControl.post_3.5_4_hr + group_timepointADUControl.pre_exercise","Endur.post_3.5_4_hr - Control.post_3.5_4_hr (delta-delta)","exercise_with_controls","EE-CON","ADUEndur","post_3.5_4_hr",-0.230871463243559,-0.575657421729926,0.113914495242808,19.9358238504656,-5.41032460276344,-1.38889792228257,-0.93014290994832,-1.34445361350463,0.178801746797185,0.457532928001138,"6711","SPTBN1","ENSG00000115306","Q01082",NA,NA,NA,NA,NA,"DKHEVSAsTQSTPAS|EVSASTQsTPASSRA"
"prot-ph","Q01082_S2319s","adipose","~ 0 + group_timepoint +  BMI + calculatedAge + Sex + (1 | pid)","group_timepointADUEndur.post_3.5_4_hr - group_timepointADUEndur.pre_exercise - group_timepointADUControl.post_3.5_4_hr + group_timepointADUControl.pre_exercise","Endur.post_3.5_4_hr - Control.post_3.5_4_hr (delta-delta)","exercise_with_controls","EE-CON","ADUEndur","post_3.5_4_hr",0.23138033676284,-0.117094805210829,0.579855478736509,14.53276428234,-9.80475668598176,1.40516122523241,0.527183299514558,1.34478591744058,0.178694379298807,0.457392516695214,"6711","SPTBN1","ENSG00000115306","Q01082",NA,NA,NA,NA,NA,"EVSASTQsTPASSRA"
"prot-ph","Q01082_S2319s","adipose","~ 0 + group_timepoint +  BMI + calculatedAge + Sex + (1 | pid)","group_timepointADUResist.post_3.5_4_hr - group_timepointADUResist.pre_exercise - group_timepointADUControl.post_3.5_4_hr + group_timepointADUControl.pre_exercise","Resist.post_3.5_4_hr - Control.post_3.5_4_hr (delta-delta)","exercise_with_controls","RE-CON","ADUResist","post_3.5_4_hr",-0.206849062332822,-0.536834823529952,0.123136698864309,14.53276428234,-9.80475668598176,-1.32999429752982,0.527183299514558,-1.27484523339139,0.202364026805238,0.578097628050503,"6711","SPTBN1","ENSG00000115306","Q01082",NA,NA,NA,NA,NA,"EVSASTQsTPASSRA"
"prot-ph","Q01082_S2319sT2320t","adipose","~ 0 + group_timepoint +  BMI + calculatedAge + Sex + (1 | pid)","group_timepointADUEndur.post_3.5_4_hr - group_timepointADUEndur.pre_exercise - group_timepointADUControl.post_3.5_4_hr + group_timepointADUControl.pre_exercise","Endur.post_3.5_4_hr - Control.post_3.5_4_hr (delta-delta)","exercise_with_controls","EE-CON","ADUEndur","post_3.5_4_hr",0.116960581786223,-0.709503603899467,0.943424767471914,33,-38.1672099879818,0.286506007903168,0.116907438981144,0.284471025552692,0.776049435470172,0.900362014813796,"6711","SPTBN1","ENSG00000115306","Q01082",NA,NA,NA,NA,NA,"EVSASTQsTPASSRA|VSASTQStPASSRAQ"
"prot-ph","Q01082_S2319sT2320t","adipose","~ 0 + group_timepoint +  BMI + calculatedAge + Sex + (1 | pid)","group_timepointADUResist.post_3.5_4_hr - group_timepointADUResist.pre_exercise - group_timepointADUControl.post_3.5_4_hr + group_timepointADUControl.pre_exercise","Resist.post_3.5_4_hr - Control.post_3.5_4_hr (delta-delta)","exercise_with_controls","RE-CON","ADUResist","post_3.5_4_hr",-0.535868803888196,-1.36264698515513,0.290909377378742,33,-38.1672099879818,-1.31216279542219,0.116907438981144,-1.28914036238899,0.197349293657242,0.572214441143278,"6711","SPTBN1","ENSG00000115306","Q01082",NA,NA,NA,NA,NA,"EVSASTQsTPASSRA|VSASTQStPASSRAQ"
"prot-ph","Q01082_S2340s","adipose","~ 0 + group_timepoint +  BMI + calculatedAge + Sex + (1 | pid)","group_timepointADUEndur.post_3.5_4_hr - group_timepointADUEndur.pre_exercise - group_timepointADUControl.post_3.5_4_hr + group_timepointADUControl.pre_exercise","Endur.post_3.5_4_hr - Control.post_3.5_4_hr (delta-delta)","exercise_with_controls","EE-CON","ADUEndur","post_3.5_4_hr",-0.466069618434084,-0.71452402057714,-0.217615216291028,33,4.07831470664505,-3.79771482110707,0.914663680292292,-3.47390345288373,0.000512945566110685,0.0312538092134434,"6711","SPTBN1","ENSG00000115306","Q01082",NA,NA,NA,NA,NA,"VVTITSEsSPGKREK"
"prot-ph","Q01082_S2340s","adipose","~ 0 + group_timepoint +  BMI + calculatedAge + Sex + (1 | pid)","group_timepointADUResist.post_3.5_4_hr - group_timepointADUResist.pre_exercise - group_timepointADUControl.post_3.5_4_hr + group_timepointADUControl.pre_exercise","Resist.post_3.5_4_hr - Control.post_3.5_4_hr (delta-delta)","exercise_with_controls","RE-CON","ADUResist","post_3.5_4_hr",0.0152545061537857,-0.23329429038139,0.263803302688961,33,4.07831470664505,0.124252386724185,0.914663680292292,0.123423867320155,0.901771458176975,0.971242490137232,"6711","SPTBN1","ENSG00000115306","Q01082",NA,NA,NA,NA,NA,"VVTITSEsSPGKREK"
"prot-ph","Q01082_S2341s","adipose","~ 0 + group_timepoint +  BMI + calculatedAge + Sex + (1 | pid)","group_timepointADUEndur.post_3.5_4_hr - group_timepointADUEndur.pre_exercise - group_timepointADUControl.post_3.5_4_hr + group_timepointADUControl.pre_exercise","Endur.post_3.5_4_hr - Control.post_3.5_4_hr (delta-delta)","exercise_with_controls","EE-CON","ADUEndur","post_3.5_4_hr",-0.141922381110732,-0.409793489479984,0.12594872725852,26.9648457399955,0.317499433293701,-1.09894525240803,0.776118499037252,-1.07203259730088,0.283705391097934,0.572204877925068,"6711","SPTBN1","ENSG00000115306","Q01082",NA,NA,NA,NA,NA,"VTITSESsPGKREKD"
"prot-ph","Q01082_S2341s","adipose","~ 0 + group_timepoint +  BMI + calculatedAge + Sex + (1 | pid)","group_timepointADUResist.post_3.5_4_hr - group_timepointADUResist.pre_exercise - group_timepointADUControl.post_3.5_4_hr + group_timepointADUControl.pre_exercise","Resist.post_3.5_4_hr - Control.post_3.5_4_hr (delta-delta)","exercise_with_controls","RE-CON","ADUResist","post_3.5_4_hr",-0.221069947256787,-0.489043030687052,0.0469031361734778,26.9648457399955,0.317499433293701,-1.71118276895129,0.776118499037252,-1.63928212910939,0.101154516121326,0.458212837521437,"6711","SPTBN1","ENSG00000115306","Q01082",NA,NA,NA,NA,NA,"VTITSESsPGKREKD"
"prot-ph","Q01082_S257s","adipose","~ 0 + group_timepoint +  BMI + calculatedAge + Sex + (1 | pid)","group_timepointADUEndur.post_3.5_4_hr - group_timepointADUEndur.pre_exercise - group_timepointADUControl.post_3.5_4_hr + group_timepointADUControl.pre_exercise","Endur.post_3.5_4_hr - Control.post_3.5_4_hr (delta-delta)","exercise_with_controls","EE-CON","ADUEndur","post_3.5_4_hr",-0.102021412864099,-0.344075631483407,0.14003280575521,20.5261732563602,7.59022074442062,-0.876848065702436,-1.06982860119845,-0.858619541910096,0.390550453021426,0.664752119002868,"6711","SPTBN1","ENSG00000115306","Q01082",NA,NA,NA,NA,NA,"LLDPEDIsVDHPDEK"
"prot-ph","Q01082_S257s","adipose","~ 0 + group_timepoint +  BMI + calculatedAge + Sex + (1 | pid)","group_timepointADUResist.post_3.5_4_hr - group_timepointADUResist.pre_exercise - group_timepointADUControl.post_3.5_4_hr + group_timepointADUControl.pre_exercise","Resist.post_3.5_4_hr - Control.post_3.5_4_hr (delta-delta)","exercise_with_controls","RE-CON","ADUResist","post_3.5_4_hr",-0.0648967675400762,-0.301197630146939,0.171404095066787,20.5261732563602,7.59022074442062,-0.574768555364937,-1.06982860119845,-0.564839929395293,0.572182645269018,0.843843498346134,"6711","SPTBN1","ENSG00000115306","Q01082",NA,NA,NA,NA,NA,"LLDPEDIsVDHPDEK"
"prot-ph","Q01082_S446s","adipose","~ 0 + group_timepoint +  BMI + calculatedAge + Sex + (1 | pid)","group_timepointADUResist.post_3.5_4_hr - group_timepointADUResist.pre_exercise - group_timepointADUControl.post_3.5_4_hr + group_timepointADUControl.pre_exercise","Resist.post_3.5_4_hr - Control.post_3.5_4_hr (delta-delta)","exercise_with_controls","RE-CON","ADUResist","post_3.5_4_hr",0.212598782612992,-0.207072180783434,0.632269746009417,24,-7.8218554720421,1.03617740557296,-0.58784463786643,1.01795176919754,0.308700877433201,0.678047959060049,"6711","SPTBN1","ENSG00000115306","Q01082",NA,NA,NA,NA,NA,"SENQRLVsQDNFGFD"
"prot-ph","Q01082_S446s","adipose","~ 0 + group_timepoint +  BMI + calculatedAge + Sex + (1 | pid)","group_timepointADUEndur.post_3.5_4_hr - group_timepointADUEndur.pre_exercise - group_timepointADUControl.post_3.5_4_hr + group_timepointADUControl.pre_exercise","Endur.post_3.5_4_hr - Control.post_3.5_4_hr (delta-delta)","exercise_with_controls","EE-CON","ADUEndur","post_3.5_4_hr",-0.21832492226257,-0.606089032736926,0.169439188211785,24,-7.8218554720421,-1.15164326016821,-0.58784463786643,-1.1290092251557,0.258893942090732,0.547909379994303,"6711","SPTBN1","ENSG00000115306","Q01082",NA,NA,NA,NA,NA,"SENQRLVsQDNFGFD"
"prot-ph","Q01082_T1453t","adipose","~ 0 + group_timepoint +  BMI + calculatedAge + Sex + (1 | pid)","group_timepointADUResist.post_3.5_4_hr - group_timepointADUResist.pre_exercise - group_timepointADUControl.post_3.5_4_hr + group_timepointADUControl.pre_exercise","Resist.post_3.5_4_hr - Control.post_3.5_4_hr (delta-delta)","exercise_with_controls","RE-CON","ADUResist","post_3.5_4_hr",-0.08082623779349,-0.323537717099182,0.161885241512202,15.4120933059426,3.537652414013,-0.701061855956476,-0.659055476613937,-0.686369033456019,0.492480426720612,0.799414400867781,"6711","SPTBN1","ENSG00000115306","Q01082",NA,NA,NA,NA,NA,"LSQEGKStDEVDSKR"
"prot-ph","Q01082_T1453t","adipose","~ 0 + group_timepoint +  BMI + calculatedAge + Sex + (1 | pid)","group_timepointADUEndur.post_3.5_4_hr - group_timepointADUEndur.pre_exercise - group_timepointADUControl.post_3.5_4_hr + group_timepointADUControl.pre_exercise","Endur.post_3.5_4_hr - Control.post_3.5_4_hr (delta-delta)","exercise_with_controls","EE-CON","ADUEndur","post_3.5_4_hr",-0.221246866234504,-0.476937196436454,0.0344434639674464,15.4120933059426,3.537652414013,-1.81691725266562,-0.659055476613937,-1.71802980664447,0.0857911786838495,0.323872850897912,"6711","SPTBN1","ENSG00000115306","Q01082",NA,NA,NA,NA,NA,"LSQEGKStDEVDSKR"
"prot-ph","Q01082_T2155tT2159t","adipose","~ 0 + group_timepoint +  BMI + calculatedAge + Sex + (1 | pid)","group_timepointADUEndur.post_3.5_4_hr - group_timepointADUEndur.pre_exercise - group_timepointADUControl.post_3.5_4_hr + group_timepointADUControl.pre_exercise","Endur.post_3.5_4_hr - Control.post_3.5_4_hr (delta-delta)","exercise_with_controls","EE-CON","ADUEndur","post_3.5_4_hr",-0.217786800133997,-0.537543488225361,0.101969887957366,33,-5.42278585619502,-1.37889173631565,0.506147001429069,-1.35316092632839,0.176004225044732,0.454108620910498,"6711","SPTBN1","ENSG00000115306","Q01082",NA,NA,NA,NA,NA,"SEMVNGAtEQRTSSK|NGATEQRtSSKESSP"
"prot-ph","Q01082_T2155tT2159t","adipose","~ 0 + group_timepoint +  BMI + calculatedAge + Sex + (1 | pid)","group_timepointADUResist.post_3.5_4_hr - group_timepointADUResist.pre_exercise - group_timepointADUControl.post_3.5_4_hr + group_timepointADUControl.pre_exercise","Resist.post_3.5_4_hr - Control.post_3.5_4_hr (delta-delta)","exercise_with_controls","RE-CON","ADUResist","post_3.5_4_hr",0.165274855833334,-0.154603316272557,0.485153027939225,33,-5.42278585619502,1.04602107156955,0.506147001429069,1.03179035731769,0.302170337456479,0.672537648838762,"6711","SPTBN1","ENSG00000115306","Q01082",NA,NA,NA,NA,NA,"SEMVNGAtEQRTSSK|NGATEQRtSSKESSP"
"prot-ph","Q01082_T2155tT2159tS2165s","adipose","~ 0 + group_timepoint +  BMI + calculatedAge + Sex + (1 | pid)","group_timepointADUEndur.post_3.5_4_hr - group_timepointADUEndur.pre_exercise - group_timepointADUControl.post_3.5_4_hr + group_timepointADUControl.pre_exercise","Endur.post_3.5_4_hr - Control.post_3.5_4_hr (delta-delta)","exercise_with_controls","EE-CON","ADUEndur","post_3.5_4_hr",-0.152585271770325,-0.426262873192956,0.121092329652307,25.8899734578747,-1.11812121512963,-1.15212413257997,1.15845746453934,-1.12431376034686,0.260879942841712,0.550108166016418,"6711","SPTBN1","ENSG00000115306","Q01082",NA,NA,NA,NA,NA,"SEMVNGAtEQRTSSK|NGATEQRtSSKESSP|RTSSKESsPIPSPTS"
"prot-ph","Q01082_T2155tT2159tS2165s","adipose","~ 0 + group_timepoint +  BMI + calculatedAge + Sex + (1 | pid)","group_timepointADUResist.post_3.5_4_hr - group_timepointADUResist.pre_exercise - group_timepointADUControl.post_3.5_4_hr + group_timepointADUControl.pre_exercise","Resist.post_3.5_4_hr - Control.post_3.5_4_hr (delta-delta)","exercise_with_controls","RE-CON","ADUResist","post_3.5_4_hr",-0.20739666583796,-0.481176850916991,0.0663835192410714,25.8899734578747,-1.11812121512963,-1.56542472550283,1.15845746453934,-1.51063226252602,0.130882169339937,0.499960540765212,"6711","SPTBN1","ENSG00000115306","Q01082",NA,NA,NA,NA,NA,"SEMVNGAtEQRTSSK|NGATEQRtSSKESSP|RTSSKESsPIPSPTS"
"prot-ph","Q01082_T2171t","adipose","~ 0 + group_timepoint +  BMI + calculatedAge + Sex + (1 | pid)","group_timepointADUResist.post_3.5_4_hr - group_timepointADUResist.pre_exercise - group_timepointADUControl.post_3.5_4_hr + group_timepointADUControl.pre_exercise","Resist.post_3.5_4_hr - Control.post_3.5_4_hr (delta-delta)","exercise_with_controls","RE-CON","ADUResist","post_3.5_4_hr",-0.0405293318333287,-0.355690913961763,0.274632250295105,24.0094030350328,-1.6171125133374,-0.267526833143647,0.895603145315086,-0.26411925913084,0.791688024028916,0.936242927717259,"6711","SPTBN1","ENSG00000115306","Q01082",NA,NA,NA,NA,NA,"SSPIPSPtSDRKAKT"
"prot-ph","Q01082_T2171t","adipose","~ 0 + group_timepoint +  BMI + calculatedAge + Sex + (1 | pid)","group_timepointADUEndur.post_3.5_4_hr - group_timepointADUEndur.pre_exercise - group_timepointADUControl.post_3.5_4_hr + group_timepointADUControl.pre_exercise","Endur.post_3.5_4_hr - Control.post_3.5_4_hr (delta-delta)","exercise_with_controls","EE-CON","ADUEndur","post_3.5_4_hr",0.0167700232049084,-0.299802675250315,0.333342721660132,24.0094030350328,-1.6171125133374,0.1101517613731,0.895603145315086,0.108835588872576,0.913332895632671,0.962417696770398,"6711","SPTBN1","ENSG00000115306","Q01082",NA,NA,NA,NA,NA,"SSPIPSPtSDRKAKT"
"prot-ph","Q01082_T2178t","adipose","~ 0 + group_timepoint +  BMI + calculatedAge + Sex + (1 | pid)","group_timepointADUEndur.post_3.5_4_hr - group_timepointADUEndur.pre_exercise - group_timepointADUControl.post_3.5_4_hr + group_timepointADUControl.pre_exercise","Endur.post_3.5_4_hr - Control.post_3.5_4_hr (delta-delta)","exercise_with_controls","EE-CON","ADUEndur","post_3.5_4_hr",-0.17356678406073,-0.538740875362455,0.191607307240995,19.2379637682369,-7.54754865233933,-0.987600182792743,1.29679750700755,-0.965215258239092,0.334437006064896,0.619857399243446,"6711","SPTBN1","ENSG00000115306","Q01082",NA,NA,NA,NA,NA,"TSDRKAKtALPAQSA"
"prot-ph","Q01082_T2178t","adipose","~ 0 + group_timepoint +  BMI + calculatedAge + Sex + (1 | pid)","group_timepointADUResist.post_3.5_4_hr - group_timepointADUResist.pre_exercise - group_timepointADUControl.post_3.5_4_hr + group_timepointADUControl.pre_exercise","Resist.post_3.5_4_hr - Control.post_3.5_4_hr (delta-delta)","exercise_with_controls","RE-CON","ADUResist","post_3.5_4_hr",-0.212807427521461,-0.561665215082108,0.136050360039186,19.2379637682369,-7.54754865233933,-1.27073617295397,1.29679750700755,-1.23159485328036,0.218100464459671,0.592365756495361,"6711","SPTBN1","ENSG00000115306","Q01082",NA,NA,NA,NA,NA,"TSDRKAKtALPAQSA"
"prot-ph","Q01082_T2187t","adipose","~ 0 + group_timepoint +  BMI + calculatedAge + Sex + (1 | pid)","group_timepointADUResist.post_3.5_4_hr - group_timepointADUResist.pre_exercise - group_timepointADUControl.post_3.5_4_hr + group_timepointADUControl.pre_exercise","Resist.post_3.5_4_hr - Control.post_3.5_4_hr (delta-delta)","exercise_with_controls","RE-CON","ADUResist","post_3.5_4_hr",-0.489198997874676,-0.754466693181143,-0.223931302568208,26.9000277251972,0.727940719754434,-3.82822369558193,0.701690454322154,-3.30864210970479,0.000937495931963374,0.0917797983729986,"6711","SPTBN1","ENSG00000115306","Q01082",NA,NA,NA,NA,NA,"LPAQSAAtLPARTQE"
"prot-ph","Q01082_T2187t","adipose","~ 0 + group_timepoint +  BMI + calculatedAge + Sex + (1 | pid)","group_timepointADUEndur.post_3.5_4_hr - group_timepointADUEndur.pre_exercise - group_timepointADUControl.post_3.5_4_hr + group_timepointADUControl.pre_exercise","Endur.post_3.5_4_hr - Control.post_3.5_4_hr (delta-delta)","exercise_with_controls","EE-CON","ADUEndur","post_3.5_4_hr",-0.523254738817549,-0.788421416239228,-0.25808806139587,26.9000277251972,0.727940719754434,-4.09622000831855,0.701690454322154,-3.48613037063893,0.000490062110786261,0.0302830579523453,"6711","SPTBN1","ENSG00000115306","Q01082",NA,NA,NA,NA,NA,"LPAQSAAtLPARTQE"
"prot-ph","Q01082_T2195t","adipose","~ 0 + group_timepoint +  BMI + calculatedAge + Sex + (1 | pid)","group_timepointADUEndur.post_3.5_4_hr - group_timepointADUEndur.pre_exercise - group_timepointADUControl.post_3.5_4_hr + group_timepointADUControl.pre_exercise","Endur.post_3.5_4_hr - Control.post_3.5_4_hr (delta-delta)","exercise_with_controls","EE-CON","ADUEndur","post_3.5_4_hr",-0.187679565577064,-0.389066559766067,0.0137074286119379,21.6584430243666,10.6954234355348,-1.94229869429936,0.419282167654878,-1.83759256413971,0.0661224653420585,0.284877438678139,"6711","SPTBN1","ENSG00000115306","Q01082",NA,NA,NA,NA,NA,"LPARTQEtPSAQMEG"
"prot-ph","Q01082_T2195t","adipose","~ 0 + group_timepoint +  BMI + calculatedAge + Sex + (1 | pid)","group_timepointADUResist.post_3.5_4_hr - group_timepointADUResist.pre_exercise - group_timepointADUControl.post_3.5_4_hr + group_timepointADUControl.pre_exercise","Resist.post_3.5_4_hr - Control.post_3.5_4_hr (delta-delta)","exercise_with_controls","RE-CON","ADUResist","post_3.5_4_hr",0.0232851154867166,-0.178172517068145,0.224742748041578,21.6584430243666,10.6954234355348,0.240900526125509,0.419282167654878,0.237778680300025,0.812052755140079,0.944396109921985,"6711","SPTBN1","ENSG00000115306","Q01082",NA,NA,NA,NA,NA,"LPARTQEtPSAQMEG"
"prot-ph","Q01082_T2317tS2319s","adipose","~ 0 + group_timepoint +  BMI + calculatedAge + Sex + (1 | pid)","group_timepointADUResist.post_3.5_4_hr - group_timepointADUResist.pre_exercise - group_timepointADUControl.post_3.5_4_hr + group_timepointADUControl.pre_exercise","Resist.post_3.5_4_hr - Control.post_3.5_4_hr (delta-delta)","exercise_with_controls","RE-CON","ADUResist","post_3.5_4_hr",-0.77601668486925,-1.35403954594439,-0.197993823794112,33,-26.1054096858779,-2.71796772655979,-0.902245793173005,-2.58120744459097,0.00984554002293636,0.208214053931661,"6711","SPTBN1","ENSG00000115306","Q01082",NA,NA,NA,NA,NA,"KHEVSAStQSTPASS|EVSASTQsTPASSRA"
"prot-ph","Q01082_T2317tS2319s","adipose","~ 0 + group_timepoint +  BMI + calculatedAge + Sex + (1 | pid)","group_timepointADUEndur.post_3.5_4_hr - group_timepointADUEndur.pre_exercise - group_timepointADUControl.post_3.5_4_hr + group_timepointADUControl.pre_exercise","Endur.post_3.5_4_hr - Control.post_3.5_4_hr (delta-delta)","exercise_with_controls","EE-CON","ADUEndur","post_3.5_4_hr",-0.408366564852737,-0.986169903172772,0.169436773467297,33,-26.1054096858779,-1.43083113568841,-0.902245793173005,-1.40284020196181,0.160664495824409,0.435012353050986,"6711","SPTBN1","ENSG00000115306","Q01082",NA,NA,NA,NA,NA,"KHEVSAStQSTPASS|EVSASTQsTPASSRA"
"prot-ph","Q01082_T2317tS2319sT2320t","adipose","~ 0 + group_timepoint +  BMI + calculatedAge + Sex + (1 | pid)","group_timepointADUResist.post_3.5_4_hr - group_timepointADUResist.pre_exercise - group_timepointADUControl.post_3.5_4_hr + group_timepointADUControl.pre_exercise","Resist.post_3.5_4_hr - Control.post_3.5_4_hr (delta-delta)","exercise_with_controls","RE-CON","ADUResist","post_3.5_4_hr",-0.526438336914616,-1.16241007459698,0.109533400767748,19.0994855571328,-25.5140887209175,-1.72683596961624,-0.849896536324827,-1.64664672033342,0.0996306814270668,0.457928482935999,"6711","SPTBN1","ENSG00000115306","Q01082",NA,NA,NA,NA,NA,"KHEVSAStQSTPASS|EVSASTQsTPASSRA|VSASTQStPASSRAQ"
"prot-ph","Q01082_T2317tS2319sT2320t","adipose","~ 0 + group_timepoint +  BMI + calculatedAge + Sex + (1 | pid)","group_timepointADUEndur.post_3.5_4_hr - group_timepointADUEndur.pre_exercise - group_timepointADUControl.post_3.5_4_hr + group_timepointADUControl.pre_exercise","Endur.post_3.5_4_hr - Control.post_3.5_4_hr (delta-delta)","exercise_with_controls","EE-CON","ADUEndur","post_3.5_4_hr",-0.0168460527450487,-0.682591306503615,0.648899201013518,19.0994855571328,-25.5140887209175,-0.0526468858568769,-0.849896536324827,-0.0520176888083498,0.958514598863571,0.981607551083469,"6711","SPTBN1","ENSG00000115306","Q01082",NA,NA,NA,NA,NA,"KHEVSAStQSTPASS|EVSASTQsTPASSRA|VSASTQStPASSRAQ"
"prot-ph","Q01082_T2320t","adipose","~ 0 + group_timepoint +  BMI + calculatedAge + Sex + (1 | pid)","group_timepointADUEndur.post_3.5_4_hr - group_timepointADUEndur.pre_exercise - group_timepointADUControl.post_3.5_4_hr + group_timepointADUControl.pre_exercise","Endur.post_3.5_4_hr - Control.post_3.5_4_hr (delta-delta)","exercise_with_controls","EE-CON","ADUEndur","post_3.5_4_hr",-0.587538867935872,-1.04622852104047,-0.128849214831279,22.9519779635662,-21.7830666523015,-2.66053976960148,-0.037006956798476,-2.44514185796917,0.0144795177112954,0.135074986957727,"6711","SPTBN1","ENSG00000115306","Q01082",NA,NA,NA,NA,NA,"VSASTQStPASSRAQ"
"prot-ph","Q01082_T2320t","adipose","~ 0 + group_timepoint +  BMI + calculatedAge + Sex + (1 | pid)","group_timepointADUResist.post_3.5_4_hr - group_timepointADUResist.pre_exercise - group_timepointADUControl.post_3.5_4_hr + group_timepointADUControl.pre_exercise","Resist.post_3.5_4_hr - Control.post_3.5_4_hr (delta-delta)","exercise_with_controls","RE-CON","ADUResist","post_3.5_4_hr",-0.398733229466637,-0.857588649851444,0.0601221909181697,22.9519779635662,-21.7830666523015,-1.80496568702335,-0.037006956798476,-1.72151633409797,0.0851571707597426,0.440602392416649,"6711","SPTBN1","ENSG00000115306","Q01082",NA,NA,NA,NA,NA,"VSASTQStPASSRAQ"
"prot-ph","Q01082_T2328t","adipose","~ 0 + group_timepoint +  BMI + calculatedAge + Sex + (1 | pid)","group_timepointADUResist.post_3.5_4_hr - group_timepointADUResist.pre_exercise - group_timepointADUControl.post_3.5_4_hr + group_timepointADUControl.pre_exercise","Resist.post_3.5_4_hr - Control.post_3.5_4_hr (delta-delta)","exercise_with_controls","RE-CON","ADUResist","post_3.5_4_hr",0.35392981274677,0.0254391022271029,0.682420523266438,13.2508129071565,-4.75551905495685,2.26702571512984,2.34462875111313,2.09445273555124,0.036219669232618,0.322842013653861,"6711","SPTBN1","ENSG00000115306","Q01082",NA,NA,NA,NA,NA,"PASSRAQtLPTSVVT"
"prot-ph","Q01082_T2328t","adipose","~ 0 + group_timepoint +  BMI + calculatedAge + Sex + (1 | pid)","group_timepointADUEndur.post_3.5_4_hr - group_timepointADUEndur.pre_exercise - group_timepointADUControl.post_3.5_4_hr + group_timepointADUControl.pre_exercise","Endur.post_3.5_4_hr - Control.post_3.5_4_hr (delta-delta)","exercise_with_controls","EE-CON","ADUEndur","post_3.5_4_hr",-0.0434844193401038,-0.345277392798395,0.258308554118187,13.2508129071565,-4.75551905495685,-0.303492222677417,2.34462875111313,-0.298766824030626,0.765117965978719,0.894828568801688,"6711","SPTBN1","ENSG00000115306","Q01082",NA,NA,NA,NA,NA,"PASSRAQtLPTSVVT"
"prot-ph","Q01082_T2331t","adipose","~ 0 + group_timepoint +  BMI + calculatedAge + Sex + (1 | pid)","group_timepointADUEndur.post_3.5_4_hr - group_timepointADUEndur.pre_exercise - group_timepointADUControl.post_3.5_4_hr + group_timepointADUControl.pre_exercise","Endur.post_3.5_4_hr - Control.post_3.5_4_hr (delta-delta)","exercise_with_controls","EE-CON","ADUEndur","post_3.5_4_hr",0.149028909049193,-0.338447767322384,0.63650558542077,33,-20.2946842930387,0.618920592641911,-0.228246133791818,0.613315818959716,0.539667535625971,0.773394280296521,"6711","SPTBN1","ENSG00000115306","Q01082",NA,NA,NA,NA,NA,"SRAQTLPtSVVTITS"
"prot-ph","Q01082_T2331t","adipose","~ 0 + group_timepoint +  BMI + calculatedAge + Sex + (1 | pid)","group_timepointADUResist.post_3.5_4_hr - group_timepointADUResist.pre_exercise - group_timepointADUControl.post_3.5_4_hr + group_timepointADUControl.pre_exercise","Resist.post_3.5_4_hr - Control.post_3.5_4_hr (delta-delta)","exercise_with_controls","RE-CON","ADUResist","post_3.5_4_hr",-0.0656056662198173,-0.553267547861026,0.422056215421391,33,-20.2946842930387,-0.272358411113978,-0.228246133791818,-0.270437950145585,0.786823347397047,0.934835632115608,"6711","SPTBN1","ENSG00000115306","Q01082",NA,NA,NA,NA,NA,"SRAQTLPtSVVTITS"
"prot-ph","Q01082_T349t","adipose","~ 0 + group_timepoint +  BMI + calculatedAge + Sex + (1 | pid)","group_timepointADUEndur.post_3.5_4_hr - group_timepointADUEndur.pre_exercise - group_timepointADUControl.post_3.5_4_hr + group_timepointADUControl.pre_exercise","Endur.post_3.5_4_hr - Control.post_3.5_4_hr (delta-delta)","exercise_with_controls","EE-CON","ADUEndur","post_3.5_4_hr",0.0181826768255248,-0.351659661839765,0.388025015490815,16.9556143826012,-9.27075261139294,0.102603369999296,0.421455567480067,0.10130625393014,0.919307351819426,0.964793150811321,"6711","SPTBN1","ENSG00000115306","Q01082",NA,NA,NA,NA,NA,"QAFNTYRtVEKPPKF"
"prot-ph","Q01082_T349t","adipose","~ 0 + group_timepoint +  BMI + calculatedAge + Sex + (1 | pid)","group_timepointADUResist.post_3.5_4_hr - group_timepointADUResist.pre_exercise - group_timepointADUControl.post_3.5_4_hr + group_timepointADUControl.pre_exercise","Resist.post_3.5_4_hr - Control.post_3.5_4_hr (delta-delta)","exercise_with_controls","RE-CON","ADUResist","post_3.5_4_hr",0.0961047748469844,-0.256060387751327,0.448269937445296,16.9556143826012,-9.27075261139294,0.571006445696252,0.421455567480067,0.561204715165681,0.574657988951728,0.845649913123804,"6711","SPTBN1","ENSG00000115306","Q01082",NA,NA,NA,NA,NA,"QAFNTYRtVEKPPKF"
"prot-ph","Q01082_Y1805y","adipose","~ 0 + group_timepoint +  BMI + calculatedAge + Sex + (1 | pid)","group_timepointADUResist.post_3.5_4_hr - group_timepointADUResist.pre_exercise - group_timepointADUControl.post_3.5_4_hr + group_timepointADUControl.pre_exercise","Resist.post_3.5_4_hr - Control.post_3.5_4_hr (delta-delta)","exercise_with_controls","RE-CON","ADUResist","post_3.5_4_hr",-0.20636725871807,-0.542694165902697,0.129959648466558,17.6230375883802,-5.5030523663687,-1.30064812625451,0.0979504393904084,-1.24867851166508,0.211782683391408,0.587276714054722,"6711","SPTBN1","ENSG00000115306","Q01082",NA,NA,NA,NA,NA,"TQILAASyELHKFYH"
"prot-ph","Q01082_Y1805y","adipose","~ 0 + group_timepoint +  BMI + calculatedAge + Sex + (1 | pid)","group_timepointADUEndur.post_3.5_4_hr - group_timepointADUEndur.pre_exercise - group_timepointADUControl.post_3.5_4_hr + group_timepointADUControl.pre_exercise","Endur.post_3.5_4_hr - Control.post_3.5_4_hr (delta-delta)","exercise_with_controls","EE-CON","ADUEndur","post_3.5_4_hr",-0.0299632499180877,-0.371449047264881,0.311522547428706,17.6230375883802,-5.5030523663687,-0.186465404831776,0.0979504393904084,-0.183388078636675,0.854493529117257,0.937919138221045,"6711","SPTBN1","ENSG00000115306","Q01082",NA,NA,NA,NA,NA,"TQILAASyELHKFYH"
"prot-ph","Q01082-3_S10s","adipose","~ 0 + group_timepoint +  BMI + calculatedAge + Sex + (1 | pid)","group_timepointADUEndur.post_3.5_4_hr - group_timepointADUEndur.pre_exercise - group_timepointADUControl.post_3.5_4_hr + group_timepointADUControl.pre_exercise","Endur.post_3.5_4_hr - Control.post_3.5_4_hr (delta-delta)","exercise_with_controls","EE-CON","ADUEndur","post_3.5_4_hr",0.158498197806111,-0.0926497296506658,0.409646125262887,22.6798406965748,0.768784871734211,1.30611496887032,0.782957387438159,1.26874824667715,0.204530868782655,0.487569238297914,"6711","SPTBN1","ENSG00000115306","Q01082-3",NA,NA,NA,NA,NA,"LQRTSSIsGPLSPAY"
"prot-ph","Q01082-3_S10s","adipose","~ 0 + group_timepoint +  BMI + calculatedAge + Sex + (1 | pid)","group_timepointADUResist.post_3.5_4_hr - group_timepointADUResist.pre_exercise - group_timepointADUControl.post_3.5_4_hr + group_timepointADUControl.pre_exercise","Resist.post_3.5_4_hr - Control.post_3.5_4_hr (delta-delta)","exercise_with_controls","RE-CON","ADUResist","post_3.5_4_hr",0.0907686928071978,-0.16046862038261,0.342006005997005,22.6798406965748,0.768784871734211,0.747735155599121,0.782957387438159,0.735127330654106,0.462261950810501,0.782361792834004,"6711","SPTBN1","ENSG00000115306","Q01082-3",NA,NA,NA,NA,NA,"LQRTSSIsGPLSPAY"
"prot-ph","Q8IVF2_S2666s","adipose","~ 0 + group_timepoint +  BMI + calculatedAge + Sex + (1 | pid)","group_timepointADUResist.post_3.5_4_hr - group_timepointADUResist.pre_exercise - group_timepointADUControl.post_3.5_4_hr + group_timepointADUControl.pre_exercise","Resist.post_3.5_4_hr - Control.post_3.5_4_hr (delta-delta)","exercise_with_controls","RE-CON","ADUResist","post_3.5_4_hr",0.268378915444659,-0.0877731143136647,0.624530945202984,15.8634051422347,-8.21556726025432,1.59222317914476,-0.078447316296523,1.51365618233793,0.130113063738953,0.498641584677609,"113146","AHNAK2","ENSG00000185567","Q8IVF2",NA,NA,NA,NA,NA,"RVSAPGEsIEALVDV"
"prot-ph","Q8IVF2_S2666s","adipose","~ 0 + group_timepoint +  BMI + calculatedAge + Sex + (1 | pid)","group_timepointADUEndur.post_3.5_4_hr - group_timepointADUEndur.pre_exercise - group_timepointADUControl.post_3.5_4_hr + group_timepointADUControl.pre_exercise","Endur.post_3.5_4_hr - Control.post_3.5_4_hr (delta-delta)","exercise_with_controls","EE-CON","ADUEndur","post_3.5_4_hr",-0.497020939268647,-0.857956655655195,-0.136085222882099,15.8634051422347,-8.21556726025432,-2.9158603720136,-0.078447316296523,-2.5761764273833,0.00998996584391084,0.113632601041769,"113146","AHNAK2","ENSG00000185567","Q8IVF2",NA,NA,NA,NA,NA,"RVSAPGEsIEALVDV"
"prot-ph","Q8IVF2_S280s","adipose","~ 0 + group_timepoint +  BMI + calculatedAge + Sex + (1 | pid)","group_timepointADUResist.post_3.5_4_hr - group_timepointADUResist.pre_exercise - group_timepointADUControl.post_3.5_4_hr + group_timepointADUControl.pre_exercise","Resist.post_3.5_4_hr - Control.post_3.5_4_hr (delta-delta)","exercise_with_controls","RE-CON","ADUResist","post_3.5_4_hr",0.333242804942107,-0.151635439171579,0.818121049055793,20.3087742325091,-26.3656042503271,1.42590781834827,-1.66594769965384,1.37855836757511,0.168030960185763,0.543449798106367,"113146","AHNAK2","ENSG00000185567","Q8IVF2",NA,NA,NA,NA,NA,"PGPQRSHsSSEAYEP"
"prot-ph","Q8IVF2_S280s","adipose","~ 0 + group_timepoint +  BMI + calculatedAge + Sex + (1 | pid)","group_timepointADUEndur.post_3.5_4_hr - group_timepointADUEndur.pre_exercise - group_timepointADUControl.post_3.5_4_hr + group_timepointADUControl.pre_exercise","Endur.post_3.5_4_hr - Control.post_3.5_4_hr (delta-delta)","exercise_with_controls","EE-CON","ADUEndur","post_3.5_4_hr",-0.112381099015841,-0.597102171835978,0.372339973804296,20.3087742325091,-26.3656042503271,-0.481008723386748,-1.66594769965384,-0.4742925357622,0.635291313549087,0.828140816121064,"113146","AHNAK2","ENSG00000185567","Q8IVF2",NA,NA,NA,NA,NA,"PGPQRSHsSSEAYEP"
"prot-ph","Q8IVF2_S294s","adipose","~ 0 + group_timepoint +  BMI + calculatedAge + Sex + (1 | pid)","group_timepointADUResist.post_3.5_4_hr - group_timepointADUResist.pre_exercise - group_timepointADUControl.post_3.5_4_hr + group_timepointADUControl.pre_exercise","Resist.post_3.5_4_hr - Control.post_3.5_4_hr (delta-delta)","exercise_with_controls","RE-CON","ADUResist","post_3.5_4_hr",0.0997653434020134,-0.151857286065789,0.351387972869815,20.8140675568034,-0.791433600178141,0.820479962709198,-1.34324414561048,0.805697959038598,0.420417026618397,0.753722953276974,"113146","AHNAK2","ENSG00000185567","Q8IVF2",NA,NA,NA,NA,NA,"PRDAHDVsPTSTDTE"
"prot-ph","Q8IVF2_S294s","adipose","~ 0 + group_timepoint +  BMI + calculatedAge + Sex + (1 | pid)","group_timepointADUEndur.post_3.5_4_hr - group_timepointADUEndur.pre_exercise - group_timepointADUControl.post_3.5_4_hr + group_timepointADUControl.pre_exercise","Endur.post_3.5_4_hr - Control.post_3.5_4_hr (delta-delta)","exercise_with_controls","EE-CON","ADUEndur","post_3.5_4_hr",-0.52421033204041,-0.775749584184448,-0.272671079896372,20.8140675568034,-0.791433600178141,-4.31248306287033,-1.34324414561048,-3.65098430822302,0.000261237202281466,0.0210755531803557,"113146","AHNAK2","ENSG00000185567","Q8IVF2",NA,NA,NA,NA,NA,"PRDAHDVsPTSTDTE"
"prot-ph","Q8IVF2_S332s","adipose","~ 0 + group_timepoint +  BMI + calculatedAge + Sex + (1 | pid)","group_timepointADUResist.post_3.5_4_hr - group_timepointADUResist.pre_exercise - group_timepointADUControl.post_3.5_4_hr + group_timepointADUControl.pre_exercise","Resist.post_3.5_4_hr - Control.post_3.5_4_hr (delta-delta)","exercise_with_controls","RE-CON","ADUResist","post_3.5_4_hr",0.22050677651877,-0.419615586680143,0.860629139717683,33,-29.5637672869811,0.69739237162487,-1.34550320975824,0.690612223074242,0.489809264049312,0.799014961559203,"113146","AHNAK2","ENSG00000185567","Q8IVF2",NA,NA,NA,NA,NA,"NLRFRTGsGQGPSST"
"prot-ph","Q8IVF2_S332s","adipose","~ 0 + group_timepoint +  BMI + calculatedAge + Sex + (1 | pid)","group_timepointADUEndur.post_3.5_4_hr - group_timepointADUEndur.pre_exercise - group_timepointADUControl.post_3.5_4_hr + group_timepointADUControl.pre_exercise","Endur.post_3.5_4_hr - Control.post_3.5_4_hr (delta-delta)","exercise_with_controls","EE-CON","ADUEndur","post_3.5_4_hr",-0.646369055131983,-1.28624831129433,-0.00648979896963942,33,-29.5637672869811,-2.0450351501128,-1.34550320975824,-1.97884496172878,0.0478334645357749,0.246757238898879,"113146","AHNAK2","ENSG00000185567","Q8IVF2",NA,NA,NA,NA,NA,"NLRFRTGsGQGPSST"
"prot-ph","Q8IVF2_S365s","adipose","~ 0 + group_timepoint +  BMI + calculatedAge + Sex + (1 | pid)","group_timepointADUEndur.post_3.5_4_hr - group_timepointADUEndur.pre_exercise - group_timepointADUControl.post_3.5_4_hr + group_timepointADUControl.pre_exercise","Endur.post_3.5_4_hr - Control.post_3.5_4_hr (delta-delta)","exercise_with_controls","EE-CON","ADUEndur","post_3.5_4_hr",0.363690383359827,-0.0493385992092105,0.776719365928864,21.7697562227018,-14.0696681873815,1.83840055940239,0.245405949423523,1.74429500179262,0.0811076627601711,0.313052495689906,"113146","AHNAK2","ENSG00000185567","Q8IVF2",NA,NA,NA,NA,NA,"ELGPWGDsLEETGAA"
"prot-ph","Q8IVF2_S365s","adipose","~ 0 + group_timepoint +  BMI + calculatedAge + Sex + (1 | pid)","group_timepointADUResist.post_3.5_4_hr - group_timepointADUResist.pre_exercise - group_timepointADUControl.post_3.5_4_hr + group_timepointADUControl.pre_exercise","Resist.post_3.5_4_hr - Control.post_3.5_4_hr (delta-delta)","exercise_with_controls","RE-CON","ADUResist","post_3.5_4_hr",0.634499520152828,0.226394991706876,1.04260404859878,21.7697562227018,-14.0696681873815,3.2434418068826,0.245405949423523,2.87216037004798,0.00407676024815595,0.155880464395567,"113146","AHNAK2","ENSG00000185567","Q8IVF2",NA,NA,NA,NA,NA,"ELGPWGDsLEETGAA"
"prot-ph","Q8IVF2_S447s","adipose","~ 0 + group_timepoint +  BMI + calculatedAge + Sex + (1 | pid)","group_timepointADUResist.post_3.5_4_hr - group_timepointADUResist.pre_exercise - group_timepointADUControl.post_3.5_4_hr + group_timepointADUControl.pre_exercise","Resist.post_3.5_4_hr - Control.post_3.5_4_hr (delta-delta)","exercise_with_controls","RE-CON","ADUResist","post_3.5_4_hr",0.30255349751978,-0.074127558731247,0.679234553770807,21.9330175108689,-15.6694786869846,1.6607821813581,1.7431762800679,1.59722543641291,0.110215464674382,0.46933529195856,"113146","AHNAK2","ENSG00000185567","Q8IVF2",NA,NA,NA,NA,NA,"AQPTPGMsREGEGEG"
"prot-ph","Q8IVF2_S447s","adipose","~ 0 + group_timepoint +  BMI + calculatedAge + Sex + (1 | pid)","group_timepointADUEndur.post_3.5_4_hr - group_timepointADUEndur.pre_exercise - group_timepointADUControl.post_3.5_4_hr + group_timepointADUControl.pre_exercise","Endur.post_3.5_4_hr - Control.post_3.5_4_hr (delta-delta)","exercise_with_controls","EE-CON","ADUEndur","post_3.5_4_hr",-0.256498721969764,-0.633049100289734,0.120051656350207,21.9330175108689,-15.6694786869846,-1.40843583774294,1.7431762800679,-1.36497962437901,0.172259454188365,0.449117228443475,"113146","AHNAK2","ENSG00000185567","Q8IVF2",NA,NA,NA,NA,NA,"AQPTPGMsREGEGEG"
"prot-ph","Q8IVF2_S5128s","adipose","~ 0 + group_timepoint +  BMI + calculatedAge + Sex + (1 | pid)","group_timepointADUResist.post_3.5_4_hr - group_timepointADUResist.pre_exercise - group_timepointADUControl.post_3.5_4_hr + group_timepointADUControl.pre_exercise","Resist.post_3.5_4_hr - Control.post_3.5_4_hr (delta-delta)","exercise_with_controls","RE-CON","ADUResist","post_3.5_4_hr",0.23716749580122,-0.236419472782582,0.710754464385021,27,-14.5437093859451,1.02015254843067,-1.22273290204223,1.00411779911078,0.315321837103631,0.682848770858873,"113146","AHNAK2","ENSG00000185567","Q8IVF2",NA,NA,NA,NA,NA,"PLPKHDLsTEGDSRG"
"prot-ph","Q8IVF2_S5128s","adipose","~ 0 + group_timepoint +  BMI + calculatedAge + Sex + (1 | pid)","group_timepointADUEndur.post_3.5_4_hr - group_timepointADUEndur.pre_exercise - group_timepointADUControl.post_3.5_4_hr + group_timepointADUControl.pre_exercise","Endur.post_3.5_4_hr - Control.post_3.5_4_hr (delta-delta)","exercise_with_controls","EE-CON","ADUEndur","post_3.5_4_hr",-0.128008853047227,-0.621656981797855,0.365639275703401,27,-14.5437093859451,-0.52824112077864,-1.22273290204223,-0.52298669233924,0.600983514020072,0.808873545209248,"113146","AHNAK2","ENSG00000185567","Q8IVF2",NA,NA,NA,NA,NA,"PLPKHDLsTEGDSRG"
"prot-ph","Q8IVF2_S842s","adipose","~ 0 + group_timepoint +  BMI + calculatedAge + Sex + (1 | pid)","group_timepointADUResist.post_3.5_4_hr - group_timepointADUResist.pre_exercise - group_timepointADUControl.post_3.5_4_hr + group_timepointADUControl.pre_exercise","Resist.post_3.5_4_hr - Control.post_3.5_4_hr (delta-delta)","exercise_with_controls","RE-CON","ADUResist","post_3.5_4_hr",0.578056698943324,0.0269160802375381,1.12919731764911,26.2709280895768,-26.3401622800983,2.16666508446326,1.10081101921339,2.04768379328678,0.0405909928690495,0.334287673756089,"113146","AHNAK2","ENSG00000185567","Q8IVF2",NA,NA,NA,NA,NA,"MPKFKMPsFGVSAPG"
"prot-ph","Q8IVF2_S842s","adipose","~ 0 + group_timepoint +  BMI + calculatedAge + Sex + (1 | pid)","group_timepointADUEndur.post_3.5_4_hr - group_timepointADUEndur.pre_exercise - group_timepointADUControl.post_3.5_4_hr + group_timepointADUControl.pre_exercise","Endur.post_3.5_4_hr - Control.post_3.5_4_hr (delta-delta)","exercise_with_controls","EE-CON","ADUEndur","post_3.5_4_hr",0.335202607996064,-0.215730840593321,0.886136056585449,26.2709280895768,-26.3401622800983,1.25685687528839,1.10081101921339,1.22360042848319,0.221102997898425,0.504707995988729,"113146","AHNAK2","ENSG00000185567","Q8IVF2",NA,NA,NA,NA,NA,"MPKFKMPsFGVSAPG"
"prot-ph","Q8IVF2_T5715t","adipose","~ 0 + group_timepoint +  BMI + calculatedAge + Sex + (1 | pid)","group_timepointADUEndur.post_3.5_4_hr - group_timepointADUEndur.pre_exercise - group_timepointADUControl.post_3.5_4_hr + group_timepointADUControl.pre_exercise","Endur.post_3.5_4_hr - Control.post_3.5_4_hr (delta-delta)","exercise_with_controls","EE-CON","ADUEndur","post_3.5_4_hr",-0.877918391525403,-1.29073504100569,-0.465101742045115,17.2891228548385,-12.2715764959511,-4.4177844444571,-0.737277971527017,-3.68304027227408,0.000230468732573835,0.0204905517032227,"113146","AHNAK2","ENSG00000185567","Q8IVF2",NA,NA,NA,NA,NA,"PTKKSKStEDGAELE"
"prot-ph","Q8IVF2_T5715t","adipose","~ 0 + group_timepoint +  BMI + calculatedAge + Sex + (1 | pid)","group_timepointADUResist.post_3.5_4_hr - group_timepointADUResist.pre_exercise - group_timepointADUControl.post_3.5_4_hr + group_timepointADUControl.pre_exercise","Resist.post_3.5_4_hr - Control.post_3.5_4_hr (delta-delta)","exercise_with_controls","RE-CON","ADUResist","post_3.5_4_hr",-0.345589823666639,-0.74554991651582,0.0543702691825431,17.2891228548385,-12.2715764959511,-1.80474570972789,-0.737277971527017,-1.7141511317085,0.0865009731758669,0.440717433515777,"113146","AHNAK2","ENSG00000185567","Q8IVF2",NA,NA,NA,NA,NA,"PTKKSKStEDGAELE"
"prot-ph","Q8N3J5_S248s","adipose","~ 0 + group_timepoint +  BMI + calculatedAge + Sex + (1 | pid)","group_timepointADUResist.post_3.5_4_hr - group_timepointADUResist.pre_exercise - group_timepointADUControl.post_3.5_4_hr + group_timepointADUControl.pre_exercise","Resist.post_3.5_4_hr - Control.post_3.5_4_hr (delta-delta)","exercise_with_controls","RE-CON","ADUResist","post_3.5_4_hr",0.0447994266259517,-0.305446496356946,0.39504534960885,33,-8.69996943559376,0.258951015765197,0.125257564916169,0.257137117910412,0.79707292468721,0.938271334292024,"152926","PPM1K","ENSG00000163644","Q8N3J5",NA,NA,NA,NA,NA,"GGFVAWNsLGQPHVN"
"prot-ph","Q8N3J5_S248s","adipose","~ 0 + group_timepoint +  BMI + calculatedAge + Sex + (1 | pid)","group_timepointADUEndur.post_3.5_4_hr - group_timepointADUEndur.pre_exercise - group_timepointADUControl.post_3.5_4_hr + group_timepointADUControl.pre_exercise","Endur.post_3.5_4_hr - Control.post_3.5_4_hr (delta-delta)","exercise_with_controls","EE-CON","ADUEndur","post_3.5_4_hr",-0.250933368843751,-0.601046274682913,0.0991795369954107,33,-8.69996943559376,-1.45100379753665,0.125257564916169,-1.42209818454713,0.154997749757002,0.428530836949178,"152926","PPM1K","ENSG00000163644","Q8N3J5",NA,NA,NA,NA,NA,"GGFVAWNsLGQPHVN"
"prot-ph","Q8WZ42-12_S14683s","adipose","~ 0 + group_timepoint +  BMI + calculatedAge + Sex + (1 | pid)","group_timepointADUResist.post_3.5_4_hr - group_timepointADUResist.pre_exercise - group_timepointADUControl.post_3.5_4_hr + group_timepointADUControl.pre_exercise","Resist.post_3.5_4_hr - Control.post_3.5_4_hr (delta-delta)","exercise_with_controls","RE-CON","ADUResist","post_3.5_4_hr",-0.445941546680737,-0.703354266136017,-0.188528827225457,24,3.27009429506643,-3.54348174381119,-4.09588865272598,-3.20250639505765,0.00136237275264402,0.109239665776169,"7273","TTN","ENSG00000155657","Q8WZ42-12",NA,NA,NA,NA,NA,"KLVRPLHsVEVMETE"
"prot-ph","Q8WZ42-12_S14683s","adipose","~ 0 + group_timepoint +  BMI + calculatedAge + Sex + (1 | pid)","group_timepointADUEndur.post_3.5_4_hr - group_timepointADUEndur.pre_exercise - group_timepointADUControl.post_3.5_4_hr + group_timepointADUControl.pre_exercise","Endur.post_3.5_4_hr - Control.post_3.5_4_hr (delta-delta)","exercise_with_controls","EE-CON","ADUEndur","post_3.5_4_hr",-0.310779059224354,-0.572403047671062,-0.0491550707776446,24,3.27009429506643,-2.42972125040961,-4.09588865272598,-2.29824075446335,0.021548090335878,0.165126219082239,"7273","TTN","ENSG00000155657","Q8WZ42-12",NA,NA,NA,NA,NA,"KLVRPLHsVEVMETE"
"prot-ph","Q8WZ42-12_S265s","adipose","~ 0 + group_timepoint +  BMI + calculatedAge + Sex + (1 | pid)","group_timepointADUResist.post_3.5_4_hr - group_timepointADUResist.pre_exercise - group_timepointADUControl.post_3.5_4_hr + group_timepointADUControl.pre_exercise","Resist.post_3.5_4_hr - Control.post_3.5_4_hr (delta-delta)","exercise_with_controls","RE-CON","ADUResist","post_3.5_4_hr",0.18276691742031,-0.485924196448225,0.851458031288846,27,-24.2953548252963,0.556777567793456,-5.67866776167836,0.551107071817489,0.581560277904174,0.84846303172704,"7273","TTN","ENSG00000155657","Q8WZ42-12",NA,NA,NA,NA,NA,"PPKPKSRsPTPPSIA"
"prot-ph","Q8WZ42-12_S265s","adipose","~ 0 + group_timepoint +  BMI + calculatedAge + Sex + (1 | pid)","group_timepointADUEndur.post_3.5_4_hr - group_timepointADUEndur.pre_exercise - group_timepointADUControl.post_3.5_4_hr + group_timepointADUControl.pre_exercise","Endur.post_3.5_4_hr - Control.post_3.5_4_hr (delta-delta)","exercise_with_controls","EE-CON","ADUEndur","post_3.5_4_hr",0.538113912086544,-0.158902980207789,1.23513080438088,27,-24.2953548252963,1.57268089594728,-5.67866776167836,1.53149108081948,0.125648069103013,0.389476460055946,"7273","TTN","ENSG00000155657","Q8WZ42-12",NA,NA,NA,NA,NA,"PPKPKSRsPTPPSIA"
"prot-ph","Q8WZ42-12_T34639tS34641s","adipose","~ 0 + group_timepoint +  BMI + calculatedAge + Sex + (1 | pid)","group_timepointADUResist.post_3.5_4_hr - group_timepointADUResist.pre_exercise - group_timepointADUControl.post_3.5_4_hr + group_timepointADUControl.pre_exercise","Resist.post_3.5_4_hr - Control.post_3.5_4_hr (delta-delta)","exercise_with_controls","RE-CON","ADUResist","post_3.5_4_hr",0.0425079411417388,-0.354184909503285,0.439200791786763,33,-13.118810580962,0.216937159296835,-1.21617738513985,0.215445844833936,0.829419730107241,0.949236759545361,"7273","TTN","ENSG00000155657","Q8WZ42-12",NA,NA,NA,NA,NA,"VRPARRRtPSPDYDF|PARRRTPsPDYDFYY"
"prot-ph","Q8WZ42-12_T34639tS34641s","adipose","~ 0 + group_timepoint +  BMI + calculatedAge + Sex + (1 | pid)","group_timepointADUEndur.post_3.5_4_hr - group_timepointADUEndur.pre_exercise - group_timepointADUControl.post_3.5_4_hr + group_timepointADUControl.pre_exercise","Endur.post_3.5_4_hr - Control.post_3.5_4_hr (delta-delta)","exercise_with_controls","EE-CON","ADUEndur","post_3.5_4_hr",0.159766821422894,-0.236775372365119,0.556309015210907,33,-13.118810580962,0.815671788961679,-1.21617738513985,0.806803650863964,0.419779615430878,0.688413286137633,"7273","TTN","ENSG00000155657","Q8WZ42-12",NA,NA,NA,NA,NA,"VRPARRRtPSPDYDF|PARRRTPsPDYDFYY"
"prot-ph","Q9H2X6_S827s","adipose","~ 0 + group_timepoint +  BMI + calculatedAge + Sex + (1 | pid)","group_timepointADUEndur.post_3.5_4_hr - group_timepointADUEndur.pre_exercise - group_timepointADUControl.post_3.5_4_hr + group_timepointADUControl.pre_exercise","Endur.post_3.5_4_hr - Control.post_3.5_4_hr (delta-delta)","exercise_with_controls","EE-CON","ADUEndur","post_3.5_4_hr",-0.0173741881951868,-0.293160563889035,0.258412187498661,27,3.29809430427791,-0.128333904713611,-0.641042460341976,-0.127317077467087,0.898689444434142,0.956965001652606,"28996","HIPK2","ENSG00000064393","Q9H2X6",NA,NA,NA,NA,NA,"SSSQAISsPQRSKRV"
"prot-ph","Q9H2X6_S827s","adipose","~ 0 + group_timepoint +  BMI + calculatedAge + Sex + (1 | pid)","group_timepointADUResist.post_3.5_4_hr - group_timepointADUResist.pre_exercise - group_timepointADUControl.post_3.5_4_hr + group_timepointADUControl.pre_exercise","Resist.post_3.5_4_hr - Control.post_3.5_4_hr (delta-delta)","exercise_with_controls","RE-CON","ADUResist","post_3.5_4_hr",-0.187294664612351,-0.451873472947185,0.0772841437224826,27,3.29809430427791,-1.44204908858568,-0.641042460341976,-1.40836314664956,0.159023566028322,0.534409134467159,"28996","HIPK2","ENSG00000064393","Q9H2X6",NA,NA,NA,NA,NA,"SSSQAISsPQRSKRV"
"prot-ph","Q9H2X6_Y361y","adipose","~ 0 + group_timepoint +  BMI + calculatedAge + Sex + (1 | pid)","group_timepointADUEndur.post_3.5_4_hr - group_timepointADUEndur.pre_exercise - group_timepointADUControl.post_3.5_4_hr + group_timepointADUControl.pre_exercise","Endur.post_3.5_4_hr - Control.post_3.5_4_hr (delta-delta)","exercise_with_controls","EE-CON","ADUEndur","post_3.5_4_hr",-0.452102150069712,-1.02186557812061,0.117661277981185,21.2773948511187,-19.9006649620615,-1.65312597999763,-0.301263242785961,-1.58215253959094,0.113614751942244,0.370342436839796,"28996","HIPK2","ENSG00000064393","Q9H2X6",NA,NA,NA,NA,NA,"SKAVCSTyLQSRYYR"
"prot-ph","Q9H2X6_Y361y","adipose","~ 0 + group_timepoint +  BMI + calculatedAge + Sex + (1 | pid)","group_timepointADUResist.post_3.5_4_hr - group_timepointADUResist.pre_exercise - group_timepointADUControl.post_3.5_4_hr + group_timepointADUControl.pre_exercise","Resist.post_3.5_4_hr - Control.post_3.5_4_hr (delta-delta)","exercise_with_controls","RE-CON","ADUResist","post_3.5_4_hr",-0.351947712087725,-0.897786805233751,0.193891381058301,21.2773948511187,-19.9006649620615,-1.34748281088982,-0.301263242785961,-1.30081650070271,0.193321272519041,0.569634172288943,"28996","HIPK2","ENSG00000064393","Q9H2X6",NA,NA,NA,NA,NA,"SKAVCSTyLQSRYYR"
