"assay","feature_id","tissue","full_model","contrast","contrast_short","contrast_type","contrast_category","randomGroupCode","Timepoint","logFC","CI.L_calculated","CI.R_calculated","degrees_of_freedom","logLik","t","AveExpr","z.std","p_value","adj_p_value","entrez_gene","gene_symbol","ensembl_gene","uniprot","refmet_name","refmet_id","kegg_id","custom_annotation","relationship_to_gene","flanking_sequence"
"transcript-rna-seq","ENSG00000006210.7","adipose","~ 0 + group_timepoint +  Batch + BMI + calculatedAge + codedsiteid + pct_umi_dup + RIN + Sex + (1 | pid)","group_timepointADUEndur.post_15_30_45_min - group_timepointADUEndur.pre_exercise - group_timepointADUControl.post_15_30_45_min + group_timepointADUControl.pre_exercise","Endur.post_15_30_45_min - Control.post_15_30_45_min (delta-delta)","exercise_with_controls","EE-CON","ADUEndur","post_15_30_45_min",0.587781011563855,0.30693987842247,0.868622144705241,171.247596197119,-177.100495249166,4.12547071294278,5.91227384202339,4.04186176240063,5.30284925264155e-05,0.0273164721757869,"6376","CX3CL1","ENSG00000006210",NA,NA,NA,NA,NA,NA,NA
"transcript-rna-seq","ENSG00000006210.7","adipose","~ 0 + group_timepoint +  Batch + BMI + calculatedAge + codedsiteid + pct_umi_dup + RIN + Sex + (1 | pid)","group_timepointADUResist.post_24_hr - group_timepointADUResist.pre_exercise - group_timepointADUControl.post_24_hr + group_timepointADUControl.pre_exercise","Resist.post_24_hr - Control.post_24_hr (delta-delta)","exercise_with_controls","RE-CON","ADUResist","post_24_hr",-0.0271805145064974,-0.29090248868024,0.236541459667245,171.247596197119,-177.100495249166,-0.203170108519936,5.91227384202339,-0.202919389166411,0.83919803918343,0.999660577093274,"6376","CX3CL1","ENSG00000006210",NA,NA,NA,NA,NA,NA,NA
"transcript-rna-seq","ENSG00000006210.7","adipose","~ 0 + group_timepoint +  Batch + BMI + calculatedAge + codedsiteid + pct_umi_dup + RIN + Sex + (1 | pid)","group_timepointADUEndur.post_3.5_4_hr - group_timepointADUEndur.pre_exercise - group_timepointADUControl.post_3.5_4_hr + group_timepointADUControl.pre_exercise","Endur.post_3.5_4_hr - Control.post_3.5_4_hr (delta-delta)","exercise_with_controls","EE-CON","ADUEndur","post_3.5_4_hr",-0.143809043507776,-0.370618567878202,0.0830004808626496,171.247596197119,-177.100495249166,-1.2502852954112,5.91227384202339,-1.24629444686521,0.212656315824484,0.888364674728322,"6376","CX3CL1","ENSG00000006210",NA,NA,NA,NA,NA,NA,NA
"transcript-rna-seq","ENSG00000006210.7","adipose","~ 0 + group_timepoint +  Batch + BMI + calculatedAge + codedsiteid + pct_umi_dup + RIN + Sex + (1 | pid)","group_timepointADUResist.post_15_30_45_min - group_timepointADUResist.pre_exercise - group_timepointADUControl.post_15_30_45_min + group_timepointADUControl.pre_exercise","Resist.post_15_30_45_min - Control.post_15_30_45_min (delta-delta)","exercise_with_controls","RE-CON","ADUResist","post_15_30_45_min",0.190877406829512,-0.0915962529354457,0.473351066594469,171.247596197119,-177.100495249166,1.33199337822024,5.91227384202339,1.32766915758218,0.184287426820571,0.813732442243683,"6376","CX3CL1","ENSG00000006210",NA,NA,NA,NA,NA,NA,NA
"transcript-rna-seq","ENSG00000006210.7","adipose","~ 0 + group_timepoint +  Batch + BMI + calculatedAge + codedsiteid + pct_umi_dup + RIN + Sex + (1 | pid)","group_timepointADUEndur.post_24_hr - group_timepointADUEndur.pre_exercise - group_timepointADUControl.post_24_hr + group_timepointADUControl.pre_exercise","Endur.post_24_hr - Control.post_24_hr (delta-delta)","exercise_with_controls","EE-CON","ADUEndur","post_24_hr",0.0116369962341265,-0.250715211068297,0.27398920353655,171.247596197119,-177.100495249166,0.087440700376424,5.91227384202339,0.0873359022998,0.930404517127667,0.999984488297589,"6376","CX3CL1","ENSG00000006210",NA,NA,NA,NA,NA,NA,NA
"transcript-rna-seq","ENSG00000006210.7","adipose","~ 0 + group_timepoint +  Batch + BMI + calculatedAge + codedsiteid + pct_umi_dup + RIN + Sex + (1 | pid)","group_timepointADUResist.post_3.5_4_hr - group_timepointADUResist.pre_exercise - group_timepointADUControl.post_3.5_4_hr + group_timepointADUControl.pre_exercise","Resist.post_3.5_4_hr - Control.post_3.5_4_hr (delta-delta)","exercise_with_controls","RE-CON","ADUResist","post_3.5_4_hr",-0.11047199289556,-0.326832191550985,0.105888205759865,171.247596197119,-177.100495249166,-1.00689325162145,5.91227384202339,-1.00434158512278,0.315213995846786,0.849831176353012,"6376","CX3CL1","ENSG00000006210",NA,NA,NA,NA,NA,NA,NA
"transcript-rna-seq","ENSG00000064393.16","adipose","~ 0 + group_timepoint +  Batch + BMI + calculatedAge + codedsiteid + pct_umi_dup + RIN + Sex + (1 | pid)","group_timepointADUResist.post_3.5_4_hr - group_timepointADUResist.pre_exercise - group_timepointADUControl.post_3.5_4_hr + group_timepointADUControl.pre_exercise","Resist.post_3.5_4_hr - Control.post_3.5_4_hr (delta-delta)","exercise_with_controls","RE-CON","ADUResist","post_3.5_4_hr",0.0355750420522121,-0.0934187579108024,0.164568842015227,164.346299305313,-33.8540940738138,0.544012771190852,8.05939186268959,0.543083055960085,0.587072618315685,0.941991575578559,"28996","HIPK2","ENSG00000064393",NA,NA,NA,NA,NA,NA,NA
"transcript-rna-seq","ENSG00000064393.16","adipose","~ 0 + group_timepoint +  Batch + BMI + calculatedAge + codedsiteid + pct_umi_dup + RIN + Sex + (1 | pid)","group_timepointADUEndur.post_15_30_45_min - group_timepointADUEndur.pre_exercise - group_timepointADUControl.post_15_30_45_min + group_timepointADUControl.pre_exercise","Endur.post_15_30_45_min - Control.post_15_30_45_min (delta-delta)","exercise_with_controls","EE-CON","ADUEndur","post_15_30_45_min",0.0689178664131518,-0.0969523405401175,0.234788073366421,164.346299305313,-33.8540940738138,0.819295938513324,8.05939186268959,0.817591733013381,0.413590349614085,0.888122553934702,"28996","HIPK2","ENSG00000064393",NA,NA,NA,NA,NA,NA,NA
"transcript-rna-seq","ENSG00000064393.16","adipose","~ 0 + group_timepoint +  Batch + BMI + calculatedAge + codedsiteid + pct_umi_dup + RIN + Sex + (1 | pid)","group_timepointADUResist.post_15_30_45_min - group_timepointADUResist.pre_exercise - group_timepointADUControl.post_15_30_45_min + group_timepointADUControl.pre_exercise","Resist.post_15_30_45_min - Control.post_15_30_45_min (delta-delta)","exercise_with_controls","RE-CON","ADUResist","post_15_30_45_min",-0.0370556213023718,-0.202806586687586,0.128695344082843,164.346299305313,-33.8540940738138,-0.440835578541163,8.05939186268959,-0.440179381938357,0.659807191534644,0.961154470784051,"28996","HIPK2","ENSG00000064393",NA,NA,NA,NA,NA,NA,NA
"transcript-rna-seq","ENSG00000064393.16","adipose","~ 0 + group_timepoint +  Batch + BMI + calculatedAge + codedsiteid + pct_umi_dup + RIN + Sex + (1 | pid)","group_timepointADUEndur.post_24_hr - group_timepointADUEndur.pre_exercise - group_timepointADUControl.post_24_hr + group_timepointADUControl.pre_exercise","Endur.post_24_hr - Control.post_24_hr (delta-delta)","exercise_with_controls","EE-CON","ADUEndur","post_24_hr",-0.0391974356960905,-0.195286963500747,0.116892092108566,164.346299305313,-33.8540940738138,-0.495206235379966,8.05939186268959,-0.49443088718481,0.621001904912775,0.999984488297589,"28996","HIPK2","ENSG00000064393",NA,NA,NA,NA,NA,NA,NA
"transcript-rna-seq","ENSG00000064393.16","adipose","~ 0 + group_timepoint +  Batch + BMI + calculatedAge + codedsiteid + pct_umi_dup + RIN + Sex + (1 | pid)","group_timepointADUResist.post_24_hr - group_timepointADUResist.pre_exercise - group_timepointADUControl.post_24_hr + group_timepointADUControl.pre_exercise","Resist.post_24_hr - Control.post_24_hr (delta-delta)","exercise_with_controls","RE-CON","ADUResist","post_24_hr",-0.193592318156579,-0.350821212797314,-0.0363634235158443,164.346299305313,-33.8540940738138,-2.42798720150365,8.05939186268959,-2.40732140081712,0.0160700202639423,0.999660577093274,"28996","HIPK2","ENSG00000064393",NA,NA,NA,NA,NA,NA,NA
"transcript-rna-seq","ENSG00000064393.16","adipose","~ 0 + group_timepoint +  Batch + BMI + calculatedAge + codedsiteid + pct_umi_dup + RIN + Sex + (1 | pid)","group_timepointADUEndur.post_3.5_4_hr - group_timepointADUEndur.pre_exercise - group_timepointADUControl.post_3.5_4_hr + group_timepointADUControl.pre_exercise","Endur.post_3.5_4_hr - Control.post_3.5_4_hr (delta-delta)","exercise_with_controls","EE-CON","ADUEndur","post_3.5_4_hr",0.0722738842762816,-0.0621675623822576,0.206715330934821,164.346299305313,-33.8540940738138,1.06037714110365,8.05939186268959,1.05743351142234,0.290313784121678,0.905633441170455,"28996","HIPK2","ENSG00000064393",NA,NA,NA,NA,NA,NA,NA
"transcript-rna-seq","ENSG00000083123.15","adipose","~ 0 + group_timepoint +  Batch + BMI + calculatedAge + codedsiteid + pct_umi_dup + RIN + Sex + (1 | pid)","group_timepointADUResist.post_3.5_4_hr - group_timepointADUResist.pre_exercise - group_timepointADUControl.post_3.5_4_hr + group_timepointADUControl.pre_exercise","Resist.post_3.5_4_hr - Control.post_3.5_4_hr (delta-delta)","exercise_with_controls","RE-CON","ADUResist","post_3.5_4_hr",-0.0303334943840046,-0.159234612171733,0.098567623403724,158.899248620759,-77.7231962232334,-0.464407242772725,4.36833108742584,-0.463609189318795,0.642927769415487,0.95357076602365,"594","BCKDHB","ENSG00000083123",NA,NA,NA,NA,NA,NA,NA
"transcript-rna-seq","ENSG00000083123.15","adipose","~ 0 + group_timepoint +  Batch + BMI + calculatedAge + codedsiteid + pct_umi_dup + RIN + Sex + (1 | pid)","group_timepointADUEndur.post_24_hr - group_timepointADUEndur.pre_exercise - group_timepointADUControl.post_24_hr + group_timepointADUControl.pre_exercise","Endur.post_24_hr - Control.post_24_hr (delta-delta)","exercise_with_controls","EE-CON","ADUEndur","post_24_hr",-0.0771137415502112,-0.230471863982363,0.076244380881941,158.899248620759,-77.7231962232334,-0.99215529257152,4.36833108742584,-0.989449805260676,0.322443116832847,0.999984488297589,"594","BCKDHB","ENSG00000083123",NA,NA,NA,NA,NA,NA,NA
"transcript-rna-seq","ENSG00000083123.15","adipose","~ 0 + group_timepoint +  Batch + BMI + calculatedAge + codedsiteid + pct_umi_dup + RIN + Sex + (1 | pid)","group_timepointADUEndur.post_3.5_4_hr - group_timepointADUEndur.pre_exercise - group_timepointADUControl.post_3.5_4_hr + group_timepointADUControl.pre_exercise","Endur.post_3.5_4_hr - Control.post_3.5_4_hr (delta-delta)","exercise_with_controls","EE-CON","ADUEndur","post_3.5_4_hr",0.0409969401159547,-0.0939903053947597,0.175984185626669,158.899248620759,-77.7231962232334,0.599337228727848,4.36833108742584,0.598193961675081,0.549710520030259,0.961443726228488,"594","BCKDHB","ENSG00000083123",NA,NA,NA,NA,NA,NA,NA
"transcript-rna-seq","ENSG00000083123.15","adipose","~ 0 + group_timepoint +  Batch + BMI + calculatedAge + codedsiteid + pct_umi_dup + RIN + Sex + (1 | pid)","group_timepointADUResist.post_15_30_45_min - group_timepointADUResist.pre_exercise - group_timepointADUControl.post_15_30_45_min + group_timepointADUControl.pre_exercise","Resist.post_15_30_45_min - Control.post_15_30_45_min (delta-delta)","exercise_with_controls","RE-CON","ADUResist","post_15_30_45_min",-0.050484565018702,-0.218738712812607,0.117769582775203,158.899248620759,-77.7231962232334,-0.592003355708281,4.36833108742584,-0.590911922296802,0.554579437251345,0.939354413768617,"594","BCKDHB","ENSG00000083123",NA,NA,NA,NA,NA,NA,NA
"transcript-rna-seq","ENSG00000083123.15","adipose","~ 0 + group_timepoint +  Batch + BMI + calculatedAge + codedsiteid + pct_umi_dup + RIN + Sex + (1 | pid)","group_timepointADUEndur.post_15_30_45_min - group_timepointADUEndur.pre_exercise - group_timepointADUControl.post_15_30_45_min + group_timepointADUControl.pre_exercise","Endur.post_15_30_45_min - Control.post_15_30_45_min (delta-delta)","exercise_with_controls","EE-CON","ADUEndur","post_15_30_45_min",0.200220796753316,0.0331390811484298,0.367302512358203,158.899248620759,-77.7231962232334,2.36428788945628,4.36833108742584,2.34339914203776,0.0191089279621166,0.522310697631186,"594","BCKDHB","ENSG00000083123",NA,NA,NA,NA,NA,NA,NA
"transcript-rna-seq","ENSG00000083123.15","adipose","~ 0 + group_timepoint +  Batch + BMI + calculatedAge + codedsiteid + pct_umi_dup + RIN + Sex + (1 | pid)","group_timepointADUResist.post_24_hr - group_timepointADUResist.pre_exercise - group_timepointADUControl.post_24_hr + group_timepointADUControl.pre_exercise","Resist.post_24_hr - Control.post_24_hr (delta-delta)","exercise_with_controls","RE-CON","ADUResist","post_24_hr",-0.0761185641832878,-0.230530611566237,0.078293483199661,158.899248620759,-77.7231962232334,-0.972653603158282,4.36833108742584,-0.970057480603163,0.33201784141423,0.999660577093274,"594","BCKDHB","ENSG00000083123",NA,NA,NA,NA,NA,NA,NA
"transcript-rna-seq","ENSG00000092969.12","adipose","~ 0 + group_timepoint +  Batch + BMI + calculatedAge + codedsiteid + pct_umi_dup + RIN + Sex + (1 | pid)","group_timepointADUEndur.post_24_hr - group_timepointADUEndur.pre_exercise - group_timepointADUControl.post_24_hr + group_timepointADUControl.pre_exercise","Endur.post_24_hr - Control.post_24_hr (delta-delta)","exercise_with_controls","EE-CON","ADUEndur","post_24_hr",-0.253150470783503,-0.640656095824263,0.134355154257257,172.673321786952,-291.155722432957,-1.28795865413658,1.42929827767901,-1.28382854782238,0.199201952452595,0.999984488297589,"7042","TGFB2","ENSG00000092969",NA,NA,NA,NA,NA,NA,NA
"transcript-rna-seq","ENSG00000092969.12","adipose","~ 0 + group_timepoint +  Batch + BMI + calculatedAge + codedsiteid + pct_umi_dup + RIN + Sex + (1 | pid)","group_timepointADUResist.post_24_hr - group_timepointADUResist.pre_exercise - group_timepointADUControl.post_24_hr + group_timepointADUControl.pre_exercise","Resist.post_24_hr - Control.post_24_hr (delta-delta)","exercise_with_controls","RE-CON","ADUResist","post_24_hr",-0.0803454507469974,-0.45881302832669,0.298122126832695,172.673321786952,-291.155722432957,-0.418515173220278,1.42929827767901,-0.417925408804059,0.676001654517205,0.999660577093274,"7042","TGFB2","ENSG00000092969",NA,NA,NA,NA,NA,NA,NA
"transcript-rna-seq","ENSG00000092969.12","adipose","~ 0 + group_timepoint +  Batch + BMI + calculatedAge + codedsiteid + pct_umi_dup + RIN + Sex + (1 | pid)","group_timepointADUResist.post_15_30_45_min - group_timepointADUResist.pre_exercise - group_timepointADUControl.post_15_30_45_min + group_timepointADUControl.pre_exercise","Resist.post_15_30_45_min - Control.post_15_30_45_min (delta-delta)","exercise_with_controls","RE-CON","ADUResist","post_15_30_45_min",-0.206114427519415,-0.610334309862786,0.198105454823956,172.673321786952,-291.155722432957,-1.00497614183479,1.42929827767901,-1.00266575779073,0.316022156680843,0.871578595811866,"7042","TGFB2","ENSG00000092969",NA,NA,NA,NA,NA,NA,NA
"transcript-rna-seq","ENSG00000092969.12","adipose","~ 0 + group_timepoint +  Batch + BMI + calculatedAge + codedsiteid + pct_umi_dup + RIN + Sex + (1 | pid)","group_timepointADUResist.post_3.5_4_hr - group_timepointADUResist.pre_exercise - group_timepointADUControl.post_3.5_4_hr + group_timepointADUControl.pre_exercise","Resist.post_3.5_4_hr - Control.post_3.5_4_hr (delta-delta)","exercise_with_controls","RE-CON","ADUResist","post_3.5_4_hr",-0.348026197815883,-0.663435102627858,-0.0326172930039071,172.673321786952,-291.155722432957,-2.17592904961504,1.42929827767901,-2.16038599615217,0.0307428006268916,0.464447748023019,"7042","TGFB2","ENSG00000092969",NA,NA,NA,NA,NA,NA,NA
"transcript-rna-seq","ENSG00000092969.12","adipose","~ 0 + group_timepoint +  Batch + BMI + calculatedAge + codedsiteid + pct_umi_dup + RIN + Sex + (1 | pid)","group_timepointADUEndur.post_15_30_45_min - group_timepointADUEndur.pre_exercise - group_timepointADUControl.post_15_30_45_min + group_timepointADUControl.pre_exercise","Endur.post_15_30_45_min - Control.post_15_30_45_min (delta-delta)","exercise_with_controls","EE-CON","ADUEndur","post_15_30_45_min",-0.300175451772976,-0.712455220268972,0.11210431672302,172.673321786952,-291.155722432957,-1.4350337486791,1.42929827767901,-1.42999537415983,0.152718346736097,0.75446739989102,"7042","TGFB2","ENSG00000092969",NA,NA,NA,NA,NA,NA,NA
"transcript-rna-seq","ENSG00000092969.12","adipose","~ 0 + group_timepoint +  Batch + BMI + calculatedAge + codedsiteid + pct_umi_dup + RIN + Sex + (1 | pid)","group_timepointADUEndur.post_3.5_4_hr - group_timepointADUEndur.pre_exercise - group_timepointADUControl.post_3.5_4_hr + group_timepointADUControl.pre_exercise","Endur.post_3.5_4_hr - Control.post_3.5_4_hr (delta-delta)","exercise_with_controls","EE-CON","ADUEndur","post_3.5_4_hr",-0.346223027958985,-0.674922287829023,-0.017523768088946,172.673321786952,-291.155722432957,-2.07700930075284,1.42929827767901,-2.06337639462578,0.0390768809045579,0.682396739030786,"7042","TGFB2","ENSG00000092969",NA,NA,NA,NA,NA,NA,NA
"transcript-rna-seq","ENSG00000103507.14","adipose","~ 0 + group_timepoint +  Batch + BMI + calculatedAge + codedsiteid + pct_umi_dup + RIN + Sex + (1 | pid)","group_timepointADUEndur.post_3.5_4_hr - group_timepointADUEndur.pre_exercise - group_timepointADUControl.post_3.5_4_hr + group_timepointADUControl.pre_exercise","Endur.post_3.5_4_hr - Control.post_3.5_4_hr (delta-delta)","exercise_with_controls","EE-CON","ADUEndur","post_3.5_4_hr",0.0651926953541802,-0.00842383302734433,0.138809223735705,161.362780985659,142.638842162774,1.74723933502163,5.35354851559723,1.73764834655817,0.0822727954257956,0.770705515504463,"10295","BCKDK","ENSG00000103507",NA,NA,NA,NA,NA,NA,NA
"transcript-rna-seq","ENSG00000103507.14","adipose","~ 0 + group_timepoint +  Batch + BMI + calculatedAge + codedsiteid + pct_umi_dup + RIN + Sex + (1 | pid)","group_timepointADUResist.post_3.5_4_hr - group_timepointADUResist.pre_exercise - group_timepointADUControl.post_3.5_4_hr + group_timepointADUControl.pre_exercise","Resist.post_3.5_4_hr - Control.post_3.5_4_hr (delta-delta)","exercise_with_controls","RE-CON","ADUResist","post_3.5_4_hr",0.0476392282484719,-0.0225916689650835,0.117870125462027,161.362780985659,142.638842162774,1.33840153677073,5.35354851559723,1.33328692982102,0.182437661209661,0.760870998388136,"10295","BCKDK","ENSG00000103507",NA,NA,NA,NA,NA,NA,NA
"transcript-rna-seq","ENSG00000103507.14","adipose","~ 0 + group_timepoint +  Batch + BMI + calculatedAge + codedsiteid + pct_umi_dup + RIN + Sex + (1 | pid)","group_timepointADUEndur.post_24_hr - group_timepointADUEndur.pre_exercise - group_timepointADUControl.post_24_hr + group_timepointADUControl.pre_exercise","Endur.post_24_hr - Control.post_24_hr (delta-delta)","exercise_with_controls","EE-CON","ADUEndur","post_24_hr",0.00636891332640754,-0.0790713313653733,0.0918091580181884,161.362780985659,142.638842162774,0.14703946413927,5.35354851559723,0.146841388008559,0.883257215845489,0.999984488297589,"10295","BCKDK","ENSG00000103507",NA,NA,NA,NA,NA,NA,NA
"transcript-rna-seq","ENSG00000103507.14","adipose","~ 0 + group_timepoint +  Batch + BMI + calculatedAge + codedsiteid + pct_umi_dup + RIN + Sex + (1 | pid)","group_timepointADUResist.post_15_30_45_min - group_timepointADUResist.pre_exercise - group_timepointADUControl.post_15_30_45_min + group_timepointADUControl.pre_exercise","Resist.post_15_30_45_min - Control.post_15_30_45_min (delta-delta)","exercise_with_controls","RE-CON","ADUResist","post_15_30_45_min",-0.0739275770777832,-0.164890594419848,0.0170354402642819,161.362780985659,142.638842162774,-1.60304870837962,5.35354851559723,-1.5956176217104,0.110574190784652,0.75088187657963,"10295","BCKDK","ENSG00000103507",NA,NA,NA,NA,NA,NA,NA
"transcript-rna-seq","ENSG00000103507.14","adipose","~ 0 + group_timepoint +  Batch + BMI + calculatedAge + codedsiteid + pct_umi_dup + RIN + Sex + (1 | pid)","group_timepointADUResist.post_24_hr - group_timepointADUResist.pre_exercise - group_timepointADUControl.post_24_hr + group_timepointADUControl.pre_exercise","Resist.post_24_hr - Control.post_24_hr (delta-delta)","exercise_with_controls","RE-CON","ADUResist","post_24_hr",-0.0266325103371612,-0.111969104820391,0.0587040841460686,161.362780985659,142.638842162774,-0.615609885716839,5.35354851559723,-0.614492072929556,0.538890209761921,0.999660577093274,"10295","BCKDK","ENSG00000103507",NA,NA,NA,NA,NA,NA,NA
"transcript-rna-seq","ENSG00000103507.14","adipose","~ 0 + group_timepoint +  Batch + BMI + calculatedAge + codedsiteid + pct_umi_dup + RIN + Sex + (1 | pid)","group_timepointADUEndur.post_15_30_45_min - group_timepointADUEndur.pre_exercise - group_timepointADUControl.post_15_30_45_min + group_timepointADUControl.pre_exercise","Endur.post_15_30_45_min - Control.post_15_30_45_min (delta-delta)","exercise_with_controls","EE-CON","ADUEndur","post_15_30_45_min",-0.0232315161701564,-0.11456932286828,0.0681062905279674,161.362780985659,142.638842162774,-0.501681425973537,5.35354851559723,-0.500862594965073,0.616467828932592,0.937782902190734,"10295","BCKDK","ENSG00000103507",NA,NA,NA,NA,NA,NA,NA
"transcript-rna-seq","ENSG00000107562.17","adipose","~ 0 + group_timepoint +  Batch + BMI + calculatedAge + codedsiteid + pct_umi_dup + RIN + Sex + (1 | pid)","group_timepointADUEndur.post_15_30_45_min - group_timepointADUEndur.pre_exercise - group_timepointADUControl.post_15_30_45_min + group_timepointADUControl.pre_exercise","Endur.post_15_30_45_min - Control.post_15_30_45_min (delta-delta)","exercise_with_controls","EE-CON","ADUEndur","post_15_30_45_min",-0.0678439839837619,-0.231635209463862,0.0959472414963384,158.714326410882,-63.5784520294286,-0.817273092548475,8.3041417167486,-0.815403678931588,0.414841279183713,0.888122553934702,"6387","CXCL12","ENSG00000107562",NA,NA,NA,NA,NA,NA,NA
"transcript-rna-seq","ENSG00000107562.17","adipose","~ 0 + group_timepoint +  Batch + BMI + calculatedAge + codedsiteid + pct_umi_dup + RIN + Sex + (1 | pid)","group_timepointADUEndur.post_24_hr - group_timepointADUEndur.pre_exercise - group_timepointADUControl.post_24_hr + group_timepointADUControl.pre_exercise","Endur.post_24_hr - Control.post_24_hr (delta-delta)","exercise_with_controls","EE-CON","ADUEndur","post_24_hr",0.161016835968722,0.00718777222943576,0.314845899708008,158.714326410882,-63.5784520294286,2.06537176665789,8.3041417167486,2.05050848381559,0.0403148367626979,0.999984488297589,"6387","CXCL12","ENSG00000107562",NA,NA,NA,NA,NA,NA,NA
"transcript-rna-seq","ENSG00000107562.17","adipose","~ 0 + group_timepoint +  Batch + BMI + calculatedAge + codedsiteid + pct_umi_dup + RIN + Sex + (1 | pid)","group_timepointADUEndur.post_3.5_4_hr - group_timepointADUEndur.pre_exercise - group_timepointADUControl.post_3.5_4_hr + group_timepointADUControl.pre_exercise","Endur.post_3.5_4_hr - Control.post_3.5_4_hr (delta-delta)","exercise_with_controls","EE-CON","ADUEndur","post_3.5_4_hr",-0.00357309702477693,-0.134930425118258,0.127784231068704,158.714326410882,-63.5784520294286,-0.0536820944220122,8.3041417167486,-0.0536058227019063,0.957249217339331,0.997046571494407,"6387","CXCL12","ENSG00000107562",NA,NA,NA,NA,NA,NA,NA
"transcript-rna-seq","ENSG00000107562.17","adipose","~ 0 + group_timepoint +  Batch + BMI + calculatedAge + codedsiteid + pct_umi_dup + RIN + Sex + (1 | pid)","group_timepointADUResist.post_15_30_45_min - group_timepointADUResist.pre_exercise - group_timepointADUControl.post_15_30_45_min + group_timepointADUControl.pre_exercise","Resist.post_15_30_45_min - Control.post_15_30_45_min (delta-delta)","exercise_with_controls","RE-CON","ADUResist","post_15_30_45_min",0.0605783789993044,-0.102848326611305,0.224005084609913,158.714326410882,-63.5784520294286,0.731381911207922,8.3041417167486,0.729840276511319,0.465487822045775,0.919167943861916,"6387","CXCL12","ENSG00000107562",NA,NA,NA,NA,NA,NA,NA
"transcript-rna-seq","ENSG00000107562.17","adipose","~ 0 + group_timepoint +  Batch + BMI + calculatedAge + codedsiteid + pct_umi_dup + RIN + Sex + (1 | pid)","group_timepointADUResist.post_24_hr - group_timepointADUResist.pre_exercise - group_timepointADUControl.post_24_hr + group_timepointADUControl.pre_exercise","Resist.post_24_hr - Control.post_24_hr (delta-delta)","exercise_with_controls","RE-CON","ADUResist","post_24_hr",0.13186745861208,-0.023106158435002,0.286841075659161,158.714326410882,-63.5784520294286,1.67894012781538,8.3041417167486,1.67017125619867,0.0948854852507192,0.999660577093274,"6387","CXCL12","ENSG00000107562",NA,NA,NA,NA,NA,NA,NA
"transcript-rna-seq","ENSG00000107562.17","adipose","~ 0 + group_timepoint +  Batch + BMI + calculatedAge + codedsiteid + pct_umi_dup + RIN + Sex + (1 | pid)","group_timepointADUResist.post_3.5_4_hr - group_timepointADUResist.pre_exercise - group_timepointADUControl.post_3.5_4_hr + group_timepointADUControl.pre_exercise","Resist.post_3.5_4_hr - Control.post_3.5_4_hr (delta-delta)","exercise_with_controls","RE-CON","ADUResist","post_3.5_4_hr",-0.0563631108532796,-0.182257500619122,0.0695312789125627,158.714326410882,-63.5784520294286,-0.883572205273125,8.3041417167486,-0.881335901465538,0.378136039833654,0.877635595259548,"6387","CXCL12","ENSG00000107562",NA,NA,NA,NA,NA,NA,NA
"transcript-rna-seq","ENSG00000109062.12","adipose","~ 0 + group_timepoint +  Batch + BMI + calculatedAge + codedsiteid + pct_umi_dup + RIN + Sex + (1 | pid)","group_timepointADUEndur.post_3.5_4_hr - group_timepointADUEndur.pre_exercise - group_timepointADUControl.post_3.5_4_hr + group_timepointADUControl.pre_exercise","Endur.post_3.5_4_hr - Control.post_3.5_4_hr (delta-delta)","exercise_with_controls","EE-CON","ADUEndur","post_3.5_4_hr",-0.117144901436618,-0.291414395594105,0.0571245927208687,160.533082585463,-132.468248273978,-1.32619640084978,4.73426375126011,-1.32126257673723,0.186413827523701,0.867583291530367,"9368","SLC9A3R1","ENSG00000109062",NA,NA,NA,NA,NA,NA,NA
"transcript-rna-seq","ENSG00000109062.12","adipose","~ 0 + group_timepoint +  Batch + BMI + calculatedAge + codedsiteid + pct_umi_dup + RIN + Sex + (1 | pid)","group_timepointADUResist.post_24_hr - group_timepointADUResist.pre_exercise - group_timepointADUControl.post_24_hr + group_timepointADUControl.pre_exercise","Resist.post_24_hr - Control.post_24_hr (delta-delta)","exercise_with_controls","RE-CON","ADUResist","post_24_hr",0.0413357915133554,-0.160157883456114,0.242829466482825,160.533082585463,-132.468248273978,0.4046582909839,4.73426375126011,0.40403911921714,0.686183952818318,0.999660577093274,"9368","SLC9A3R1","ENSG00000109062",NA,NA,NA,NA,NA,NA,NA
"transcript-rna-seq","ENSG00000109062.12","adipose","~ 0 + group_timepoint +  Batch + BMI + calculatedAge + codedsiteid + pct_umi_dup + RIN + Sex + (1 | pid)","group_timepointADUResist.post_3.5_4_hr - group_timepointADUResist.pre_exercise - group_timepointADUControl.post_3.5_4_hr + group_timepointADUControl.pre_exercise","Resist.post_3.5_4_hr - Control.post_3.5_4_hr (delta-delta)","exercise_with_controls","RE-CON","ADUResist","post_3.5_4_hr",-0.0622364968453937,-0.22765223355913,0.103179239868343,160.533082585463,-132.468248273978,-0.742317412379541,4.73426375126011,-0.74075168070061,0.458844017462674,0.906204453921327,"9368","SLC9A3R1","ENSG00000109062",NA,NA,NA,NA,NA,NA,NA
"transcript-rna-seq","ENSG00000109062.12","adipose","~ 0 + group_timepoint +  Batch + BMI + calculatedAge + codedsiteid + pct_umi_dup + RIN + Sex + (1 | pid)","group_timepointADUResist.post_15_30_45_min - group_timepointADUResist.pre_exercise - group_timepointADUControl.post_15_30_45_min + group_timepointADUControl.pre_exercise","Resist.post_15_30_45_min - Control.post_15_30_45_min (delta-delta)","exercise_with_controls","RE-CON","ADUResist","post_15_30_45_min",-0.085804779244838,-0.299742478701315,0.128132920211639,160.533082585463,-132.468248273978,-0.791132259577211,4.73426375126011,-0.789441714934986,0.429853882918764,0.909748289497513,"9368","SLC9A3R1","ENSG00000109062",NA,NA,NA,NA,NA,NA,NA
"transcript-rna-seq","ENSG00000109062.12","adipose","~ 0 + group_timepoint +  Batch + BMI + calculatedAge + codedsiteid + pct_umi_dup + RIN + Sex + (1 | pid)","group_timepointADUEndur.post_24_hr - group_timepointADUEndur.pre_exercise - group_timepointADUControl.post_24_hr + group_timepointADUControl.pre_exercise","Endur.post_24_hr - Control.post_24_hr (delta-delta)","exercise_with_controls","EE-CON","ADUEndur","post_24_hr",0.0542755006950113,-0.147419265384955,0.255970266774978,160.533082585463,-132.468248273978,0.530804871438382,4.73426375126011,0.529909831040066,0.596174449619281,0.999984488297589,"9368","SLC9A3R1","ENSG00000109062",NA,NA,NA,NA,NA,NA,NA
"transcript-rna-seq","ENSG00000109062.12","adipose","~ 0 + group_timepoint +  Batch + BMI + calculatedAge + codedsiteid + pct_umi_dup + RIN + Sex + (1 | pid)","group_timepointADUEndur.post_15_30_45_min - group_timepointADUEndur.pre_exercise - group_timepointADUControl.post_15_30_45_min + group_timepointADUControl.pre_exercise","Endur.post_15_30_45_min - Control.post_15_30_45_min (delta-delta)","exercise_with_controls","EE-CON","ADUEndur","post_15_30_45_min",-0.0327049866386835,-0.24526509795919,0.179855124681823,160.533082585463,-132.468248273978,-0.303499548722482,4.73426375126011,-0.303063350956329,0.761841583183459,0.963617439628532,"9368","SLC9A3R1","ENSG00000109062",NA,NA,NA,NA,NA,NA,NA
"transcript-rna-seq","ENSG00000110422.12","adipose","~ 0 + group_timepoint +  Batch + BMI + calculatedAge + codedsiteid + pct_umi_dup + RIN + Sex + (1 | pid)","group_timepointADUResist.post_24_hr - group_timepointADUResist.pre_exercise - group_timepointADUControl.post_24_hr + group_timepointADUControl.pre_exercise","Resist.post_24_hr - Control.post_24_hr (delta-delta)","exercise_with_controls","RE-CON","ADUResist","post_24_hr",-0.0410581474279761,-0.165382652038961,0.0832663571830087,184.462543345856,72.2113922325322,-0.650757051488449,7.33155903104682,-0.649735133866882,0.515863325218179,0.999660577093274,"10114","HIPK3","ENSG00000110422",NA,NA,NA,NA,NA,NA,NA
"transcript-rna-seq","ENSG00000110422.12","adipose","~ 0 + group_timepoint +  Batch + BMI + calculatedAge + codedsiteid + pct_umi_dup + RIN + Sex + (1 | pid)","group_timepointADUResist.post_3.5_4_hr - group_timepointADUResist.pre_exercise - group_timepointADUControl.post_3.5_4_hr + group_timepointADUControl.pre_exercise","Resist.post_3.5_4_hr - Control.post_3.5_4_hr (delta-delta)","exercise_with_controls","RE-CON","ADUResist","post_3.5_4_hr",0.0712227140824586,-0.0319146474176276,0.174360075582545,184.462543345856,72.2113922325322,1.36138822499352,7.33155903104682,1.35674494241481,0.174862267024079,0.755945171826633,"10114","HIPK3","ENSG00000110422",NA,NA,NA,NA,NA,NA,NA
"transcript-rna-seq","ENSG00000110422.12","adipose","~ 0 + group_timepoint +  Batch + BMI + calculatedAge + codedsiteid + pct_umi_dup + RIN + Sex + (1 | pid)","group_timepointADUEndur.post_3.5_4_hr - group_timepointADUEndur.pre_exercise - group_timepointADUControl.post_3.5_4_hr + group_timepointADUControl.pre_exercise","Endur.post_3.5_4_hr - Control.post_3.5_4_hr (delta-delta)","exercise_with_controls","EE-CON","ADUEndur","post_3.5_4_hr",0.0948417527565217,-0.0125501219991666,0.20223362751221,184.462543345856,72.2113922325322,1.74092915059578,7.33155903104682,1.73265199191992,0.083157542256501,0.771299641705034,"10114","HIPK3","ENSG00000110422",NA,NA,NA,NA,NA,NA,NA
"transcript-rna-seq","ENSG00000110422.12","adipose","~ 0 + group_timepoint +  Batch + BMI + calculatedAge + codedsiteid + pct_umi_dup + RIN + Sex + (1 | pid)","group_timepointADUEndur.post_24_hr - group_timepointADUEndur.pre_exercise - group_timepointADUControl.post_24_hr + group_timepointADUControl.pre_exercise","Endur.post_24_hr - Control.post_24_hr (delta-delta)","exercise_with_controls","EE-CON","ADUEndur","post_24_hr",-0.0288547686822866,-0.15265367280866,0.094944135444087,184.462543345856,72.2113922325322,-0.459297058777709,7.33155903104682,-0.45867892612303,0.646464749579718,0.999984488297589,"10114","HIPK3","ENSG00000110422",NA,NA,NA,NA,NA,NA,NA
"transcript-rna-seq","ENSG00000110422.12","adipose","~ 0 + group_timepoint +  Batch + BMI + calculatedAge + codedsiteid + pct_umi_dup + RIN + Sex + (1 | pid)","group_timepointADUResist.post_15_30_45_min - group_timepointADUResist.pre_exercise - group_timepointADUControl.post_15_30_45_min + group_timepointADUControl.pre_exercise","Resist.post_15_30_45_min - Control.post_15_30_45_min (delta-delta)","exercise_with_controls","RE-CON","ADUResist","post_15_30_45_min",0.0743859760808689,-0.0564876614982508,0.205259613659989,184.462543345856,72.2113922325322,1.11992218695833,7.33155903104682,1.11717406576819,0.263919907018023,0.851429450048607,"10114","HIPK3","ENSG00000110422",NA,NA,NA,NA,NA,NA,NA
"transcript-rna-seq","ENSG00000110422.12","adipose","~ 0 + group_timepoint +  Batch + BMI + calculatedAge + codedsiteid + pct_umi_dup + RIN + Sex + (1 | pid)","group_timepointADUEndur.post_15_30_45_min - group_timepointADUEndur.pre_exercise - group_timepointADUControl.post_15_30_45_min + group_timepointADUControl.pre_exercise","Endur.post_15_30_45_min - Control.post_15_30_45_min (delta-delta)","exercise_with_controls","EE-CON","ADUEndur","post_15_30_45_min",0.105265199949247,-0.0258136682133136,0.236344068111807,184.462543345856,72.2113922325322,1.58237502416441,7.33155903104682,1.57633423133451,0.114948796650451,0.721743104669116,"10114","HIPK3","ENSG00000110422",NA,NA,NA,NA,NA,NA,NA
"transcript-rna-seq","ENSG00000112293.15","adipose","~ 0 + group_timepoint +  Batch + BMI + calculatedAge + codedsiteid + pct_umi_dup + RIN + Sex + (1 | pid)","group_timepointADUResist.post_15_30_45_min - group_timepointADUResist.pre_exercise - group_timepointADUControl.post_15_30_45_min + group_timepointADUControl.pre_exercise","Resist.post_15_30_45_min - Control.post_15_30_45_min (delta-delta)","exercise_with_controls","RE-CON","ADUResist","post_15_30_45_min",-0.0806393107277348,-0.294366901143326,0.133088279687856,157.854974553124,-166.036219116063,-0.744711181959827,4.95842738874205,-0.743038508677358,0.45745836644512,0.916869598234473,"2822","GPLD1","ENSG00000112293",NA,NA,NA,NA,NA,NA,NA
"transcript-rna-seq","ENSG00000112293.15","adipose","~ 0 + group_timepoint +  Batch + BMI + calculatedAge + codedsiteid + pct_umi_dup + RIN + Sex + (1 | pid)","group_timepointADUEndur.post_24_hr - group_timepointADUEndur.pre_exercise - group_timepointADUControl.post_24_hr + group_timepointADUControl.pre_exercise","Endur.post_24_hr - Control.post_24_hr (delta-delta)","exercise_with_controls","EE-CON","ADUEndur","post_24_hr",-0.0438056500293431,-0.243797750403813,0.156186450345127,157.854974553124,-166.036219116063,-0.432343723907601,4.95842738874205,-0.431599277196282,0.666032683875059,0.999984488297589,"2822","GPLD1","ENSG00000112293",NA,NA,NA,NA,NA,NA,NA
"transcript-rna-seq","ENSG00000112293.15","adipose","~ 0 + group_timepoint +  Batch + BMI + calculatedAge + codedsiteid + pct_umi_dup + RIN + Sex + (1 | pid)","group_timepointADUResist.post_3.5_4_hr - group_timepointADUResist.pre_exercise - group_timepointADUControl.post_3.5_4_hr + group_timepointADUControl.pre_exercise","Resist.post_3.5_4_hr - Control.post_3.5_4_hr (delta-delta)","exercise_with_controls","RE-CON","ADUResist","post_3.5_4_hr",-0.167648410921506,-0.331746158024706,-0.00355066381830671,157.854974553124,-166.036219116063,-2.01687232694863,4.95842738874205,-2.00187581903853,0.0452980889300282,0.526947658717004,"2822","GPLD1","ENSG00000112293",NA,NA,NA,NA,NA,NA,NA
"transcript-rna-seq","ENSG00000112293.15","adipose","~ 0 + group_timepoint +  Batch + BMI + calculatedAge + codedsiteid + pct_umi_dup + RIN + Sex + (1 | pid)","group_timepointADUEndur.post_15_30_45_min - group_timepointADUEndur.pre_exercise - group_timepointADUControl.post_15_30_45_min + group_timepointADUControl.pre_exercise","Endur.post_15_30_45_min - Control.post_15_30_45_min (delta-delta)","exercise_with_controls","EE-CON","ADUEndur","post_15_30_45_min",0.0350948717842599,-0.179104736877737,0.249294480446257,157.854974553124,-166.036219116063,0.323385493668402,4.95842738874205,0.322869969670318,0.746793720034402,0.962106312395225,"2822","GPLD1","ENSG00000112293",NA,NA,NA,NA,NA,NA,NA
"transcript-rna-seq","ENSG00000112293.15","adipose","~ 0 + group_timepoint +  Batch + BMI + calculatedAge + codedsiteid + pct_umi_dup + RIN + Sex + (1 | pid)","group_timepointADUEndur.post_3.5_4_hr - group_timepointADUEndur.pre_exercise - group_timepointADUControl.post_3.5_4_hr + group_timepointADUControl.pre_exercise","Endur.post_3.5_4_hr - Control.post_3.5_4_hr (delta-delta)","exercise_with_controls","EE-CON","ADUEndur","post_3.5_4_hr",-0.111901795310066,-0.284623940998153,0.0608203503780203,157.854974553124,-166.036219116063,-1.27894862643295,4.95842738874205,-1.2739937945866,0.2026656153782,0.884485253641694,"2822","GPLD1","ENSG00000112293",NA,NA,NA,NA,NA,NA,NA
"transcript-rna-seq","ENSG00000112293.15","adipose","~ 0 + group_timepoint +  Batch + BMI + calculatedAge + codedsiteid + pct_umi_dup + RIN + Sex + (1 | pid)","group_timepointADUResist.post_24_hr - group_timepointADUResist.pre_exercise - group_timepointADUControl.post_24_hr + group_timepointADUControl.pre_exercise","Resist.post_24_hr - Control.post_24_hr (delta-delta)","exercise_with_controls","RE-CON","ADUResist","post_24_hr",-0.0940193286404707,-0.295885797928122,0.107847140647181,157.854974553124,-166.036219116063,-0.919298152890707,4.95842738874205,-0.916847818306622,0.359222391105927,0.999660577093274,"2822","GPLD1","ENSG00000112293",NA,NA,NA,NA,NA,NA,NA
"transcript-rna-seq","ENSG00000115306.16","adipose","~ 0 + group_timepoint +  Batch + BMI + calculatedAge + codedsiteid + pct_umi_dup + RIN + Sex + (1 | pid)","group_timepointADUEndur.post_24_hr - group_timepointADUEndur.pre_exercise - group_timepointADUControl.post_24_hr + group_timepointADUControl.pre_exercise","Endur.post_24_hr - Control.post_24_hr (delta-delta)","exercise_with_controls","EE-CON","ADUEndur","post_24_hr",-0.0213115275839524,-0.121975376186329,0.0793523210184244,163.593500402101,101.202915515163,-0.417499671998214,11.5741254485312,-0.416880172825251,0.676766056663991,0.999984488297589,"6711","SPTBN1","ENSG00000115306",NA,NA,NA,NA,NA,NA,NA
"transcript-rna-seq","ENSG00000115306.16","adipose","~ 0 + group_timepoint +  Batch + BMI + calculatedAge + codedsiteid + pct_umi_dup + RIN + Sex + (1 | pid)","group_timepointADUResist.post_24_hr - group_timepointADUResist.pre_exercise - group_timepointADUControl.post_24_hr + group_timepointADUControl.pre_exercise","Resist.post_24_hr - Control.post_24_hr (delta-delta)","exercise_with_controls","RE-CON","ADUResist","post_24_hr",-0.0695496833337597,-0.171003368368582,0.0319040017010622,163.593500402101,101.202915515163,-1.35185101716632,11.5741254485312,-1.3470631911193,0.177959881777223,0.999660577093274,"6711","SPTBN1","ENSG00000115306",NA,NA,NA,NA,NA,NA,NA
"transcript-rna-seq","ENSG00000115306.16","adipose","~ 0 + group_timepoint +  Batch + BMI + calculatedAge + codedsiteid + pct_umi_dup + RIN + Sex + (1 | pid)","group_timepointADUResist.post_15_30_45_min - group_timepointADUResist.pre_exercise - group_timepointADUControl.post_15_30_45_min + group_timepointADUControl.pre_exercise","Resist.post_15_30_45_min - Control.post_15_30_45_min (delta-delta)","exercise_with_controls","RE-CON","ADUResist","post_15_30_45_min",0.0356843923390766,-0.0710696262843501,0.142438410962503,163.593500402101,101.202915515163,0.659154810700413,11.5741254485312,0.65797026473026,0.510557238451567,0.930264367902411,"6711","SPTBN1","ENSG00000115306",NA,NA,NA,NA,NA,NA,NA
"transcript-rna-seq","ENSG00000115306.16","adipose","~ 0 + group_timepoint +  Batch + BMI + calculatedAge + codedsiteid + pct_umi_dup + RIN + Sex + (1 | pid)","group_timepointADUEndur.post_3.5_4_hr - group_timepointADUEndur.pre_exercise - group_timepointADUControl.post_3.5_4_hr + group_timepointADUControl.pre_exercise","Endur.post_3.5_4_hr - Control.post_3.5_4_hr (delta-delta)","exercise_with_controls","EE-CON","ADUEndur","post_3.5_4_hr",-0.0190486040199733,-0.105501750064477,0.0674045420245308,163.593500402101,101.202915515163,-0.434612687023682,11.5741254485312,-0.43393420954995,0.664336216870782,0.976716963334477,"6711","SPTBN1","ENSG00000115306",NA,NA,NA,NA,NA,NA,NA
"transcript-rna-seq","ENSG00000115306.16","adipose","~ 0 + group_timepoint +  Batch + BMI + calculatedAge + codedsiteid + pct_umi_dup + RIN + Sex + (1 | pid)","group_timepointADUResist.post_3.5_4_hr - group_timepointADUResist.pre_exercise - group_timepointADUControl.post_3.5_4_hr + group_timepointADUControl.pre_exercise","Resist.post_3.5_4_hr - Control.post_3.5_4_hr (delta-delta)","exercise_with_controls","RE-CON","ADUResist","post_3.5_4_hr",-0.044379832149291,-0.127376180342222,0.0386165160436397,163.593500402101,101.202915515163,-1.05478928631853,11.5741254485312,-1.05184920555761,0.29286873943823,0.83947760858692,"6711","SPTBN1","ENSG00000115306",NA,NA,NA,NA,NA,NA,NA
"transcript-rna-seq","ENSG00000115306.16","adipose","~ 0 + group_timepoint +  Batch + BMI + calculatedAge + codedsiteid + pct_umi_dup + RIN + Sex + (1 | pid)","group_timepointADUEndur.post_15_30_45_min - group_timepointADUEndur.pre_exercise - group_timepointADUControl.post_15_30_45_min + group_timepointADUControl.pre_exercise","Endur.post_15_30_45_min - Control.post_15_30_45_min (delta-delta)","exercise_with_controls","EE-CON","ADUEndur","post_15_30_45_min",0.0170542564933687,-0.0897785242813169,0.123887037268054,163.593500402101,101.202915515163,0.314789765256163,11.5741254485312,0.314356254992034,0.753250476721583,0.963173139104265,"6711","SPTBN1","ENSG00000115306",NA,NA,NA,NA,NA,NA,NA
"transcript-rna-seq","ENSG00000120885.22","adipose","~ 0 + group_timepoint +  Batch + BMI + calculatedAge + codedsiteid + pct_umi_dup + RIN + Sex + (1 | pid)","group_timepointADUResist.post_3.5_4_hr - group_timepointADUResist.pre_exercise - group_timepointADUControl.post_3.5_4_hr + group_timepointADUControl.pre_exercise","Resist.post_3.5_4_hr - Control.post_3.5_4_hr (delta-delta)","exercise_with_controls","RE-CON","ADUResist","post_3.5_4_hr",-0.0168605125388499,-0.116576717907576,0.082855692829876,156.37961474166,-60.3399332738347,-0.333855835296797,9.78230263121521,-0.33329259992456,0.738913424782795,0.965429513107805,"1191","CLU","ENSG00000120885",NA,NA,NA,NA,NA,NA,NA
"transcript-rna-seq","ENSG00000120885.22","adipose","~ 0 + group_timepoint +  Batch + BMI + calculatedAge + codedsiteid + pct_umi_dup + RIN + Sex + (1 | pid)","group_timepointADUEndur.post_24_hr - group_timepointADUEndur.pre_exercise - group_timepointADUControl.post_24_hr + group_timepointADUControl.pre_exercise","Endur.post_24_hr - Control.post_24_hr (delta-delta)","exercise_with_controls","EE-CON","ADUEndur","post_24_hr",0.0401824037631631,-0.0823579539469605,0.162722761473287,156.37961474166,-60.3399332738347,0.64740223597424,9.78230263121521,0.646024341590158,0.518263591405662,0.999984488297589,"1191","CLU","ENSG00000120885",NA,NA,NA,NA,NA,NA,NA
"transcript-rna-seq","ENSG00000120885.22","adipose","~ 0 + group_timepoint +  Batch + BMI + calculatedAge + codedsiteid + pct_umi_dup + RIN + Sex + (1 | pid)","group_timepointADUEndur.post_3.5_4_hr - group_timepointADUEndur.pre_exercise - group_timepointADUControl.post_3.5_4_hr + group_timepointADUControl.pre_exercise","Endur.post_3.5_4_hr - Control.post_3.5_4_hr (delta-delta)","exercise_with_controls","EE-CON","ADUEndur","post_3.5_4_hr",0.0635972963006157,-0.0405013408325896,0.167695933433821,156.37961474166,-60.3399332738347,1.20626098743997,9.78230263121521,1.20178985137423,0.22944495843093,0.892109419710416,"1191","CLU","ENSG00000120885",NA,NA,NA,NA,NA,NA,NA
"transcript-rna-seq","ENSG00000120885.22","adipose","~ 0 + group_timepoint +  Batch + BMI + calculatedAge + codedsiteid + pct_umi_dup + RIN + Sex + (1 | pid)","group_timepointADUResist.post_24_hr - group_timepointADUResist.pre_exercise - group_timepointADUControl.post_24_hr + group_timepointADUControl.pre_exercise","Resist.post_24_hr - Control.post_24_hr (delta-delta)","exercise_with_controls","RE-CON","ADUResist","post_24_hr",0.0807811395789884,-0.0428037703351399,0.204366049493117,156.37961474166,-60.3399332738347,1.29049439480078,9.78230263121521,1.28536253797912,0.198665625789311,0.999660577093274,"1191","CLU","ENSG00000120885",NA,NA,NA,NA,NA,NA,NA
"transcript-rna-seq","ENSG00000120885.22","adipose","~ 0 + group_timepoint +  Batch + BMI + calculatedAge + codedsiteid + pct_umi_dup + RIN + Sex + (1 | pid)","group_timepointADUEndur.post_15_30_45_min - group_timepointADUEndur.pre_exercise - group_timepointADUControl.post_15_30_45_min + group_timepointADUControl.pre_exercise","Endur.post_15_30_45_min - Control.post_15_30_45_min (delta-delta)","exercise_with_controls","EE-CON","ADUEndur","post_15_30_45_min",-0.0641450813773972,-0.194248037465765,0.0659578747109707,156.37961474166,-60.3399332738347,-0.973388126513599,9.78230263121521,-0.970555634406499,0.331769607845989,0.86606110926798,"1191","CLU","ENSG00000120885",NA,NA,NA,NA,NA,NA,NA
"transcript-rna-seq","ENSG00000120885.22","adipose","~ 0 + group_timepoint +  Batch + BMI + calculatedAge + codedsiteid + pct_umi_dup + RIN + Sex + (1 | pid)","group_timepointADUResist.post_15_30_45_min - group_timepointADUResist.pre_exercise - group_timepointADUControl.post_15_30_45_min + group_timepointADUControl.pre_exercise","Resist.post_15_30_45_min - Control.post_15_30_45_min (delta-delta)","exercise_with_controls","RE-CON","ADUResist","post_15_30_45_min",-0.0510791879794379,-0.180896901111024,0.0787385251521487,156.37961474166,-60.3399332738347,-0.776825034336895,9.78230263121521,-0.774960234468628,0.438363157510063,0.911668305836146,"1191","CLU","ENSG00000120885",NA,NA,NA,NA,NA,NA,NA
"transcript-rna-seq","ENSG00000121966.7","adipose","~ 0 + group_timepoint +  Batch + BMI + calculatedAge + codedsiteid + pct_umi_dup + RIN + Sex + (1 | pid)","group_timepointADUResist.post_15_30_45_min - group_timepointADUResist.pre_exercise - group_timepointADUControl.post_15_30_45_min + group_timepointADUControl.pre_exercise","Resist.post_15_30_45_min - Control.post_15_30_45_min (delta-delta)","exercise_with_controls","RE-CON","ADUResist","post_15_30_45_min",-0.441148428952161,-0.956717102536837,0.0744202446325158,176.892492563158,-362.723822251434,-1.68600070154665,2.13101802563685,-1.67894071224957,0.0931635990181355,0.732377108645461,"7852","CXCR4","ENSG00000121966",NA,NA,NA,NA,NA,NA,NA
"transcript-rna-seq","ENSG00000121966.7","adipose","~ 0 + group_timepoint +  Batch + BMI + calculatedAge + codedsiteid + pct_umi_dup + RIN + Sex + (1 | pid)","group_timepointADUEndur.post_24_hr - group_timepointADUEndur.pre_exercise - group_timepointADUControl.post_24_hr + group_timepointADUControl.pre_exercise","Endur.post_24_hr - Control.post_24_hr (delta-delta)","exercise_with_controls","EE-CON","ADUEndur","post_24_hr",-0.00270832062952886,-0.519307629941043,0.513890988681985,176.892492563158,-362.723822251434,-0.010333442003555,2.13101802563685,-0.0103214365202982,0.991764831373642,0.999984488297589,"7852","CXCR4","ENSG00000121966",NA,NA,NA,NA,NA,NA,NA
"transcript-rna-seq","ENSG00000121966.7","adipose","~ 0 + group_timepoint +  Batch + BMI + calculatedAge + codedsiteid + pct_umi_dup + RIN + Sex + (1 | pid)","group_timepointADUResist.post_3.5_4_hr - group_timepointADUResist.pre_exercise - group_timepointADUControl.post_3.5_4_hr + group_timepointADUControl.pre_exercise","Resist.post_3.5_4_hr - Control.post_3.5_4_hr (delta-delta)","exercise_with_controls","RE-CON","ADUResist","post_3.5_4_hr",-0.307136157870093,-0.695133015195975,0.0808606994557886,176.892492563158,-362.723822251434,-1.56057176990551,2.13101802563685,-1.55416867022263,0.120144188557072,0.685028190963678,"7852","CXCR4","ENSG00000121966",NA,NA,NA,NA,NA,NA,NA
"transcript-rna-seq","ENSG00000121966.7","adipose","~ 0 + group_timepoint +  Batch + BMI + calculatedAge + codedsiteid + pct_umi_dup + RIN + Sex + (1 | pid)","group_timepointADUResist.post_24_hr - group_timepointADUResist.pre_exercise - group_timepointADUControl.post_24_hr + group_timepointADUControl.pre_exercise","Resist.post_24_hr - Control.post_24_hr (delta-delta)","exercise_with_controls","RE-CON","ADUResist","post_24_hr",0.00447297444285244,-0.503422985589883,0.512368934475588,176.892492563158,-362.723822251434,0.0173591329901472,2.13101802563685,0.0173388985454815,0.986166253709632,0.999660577093274,"7852","CXCR4","ENSG00000121966",NA,NA,NA,NA,NA,NA,NA
"transcript-rna-seq","ENSG00000121966.7","adipose","~ 0 + group_timepoint +  Batch + BMI + calculatedAge + codedsiteid + pct_umi_dup + RIN + Sex + (1 | pid)","group_timepointADUEndur.post_3.5_4_hr - group_timepointADUEndur.pre_exercise - group_timepointADUControl.post_3.5_4_hr + group_timepointADUControl.pre_exercise","Endur.post_3.5_4_hr - Control.post_3.5_4_hr (delta-delta)","exercise_with_controls","EE-CON","ADUEndur","post_3.5_4_hr",-0.178211278425153,-0.589516268274218,0.233093711423911,176.892492563158,-362.723822251434,-0.854127370056557,2.13101802563685,-0.852376625922858,0.394005089048776,0.930315503715648,"7852","CXCR4","ENSG00000121966",NA,NA,NA,NA,NA,NA,NA
"transcript-rna-seq","ENSG00000121966.7","adipose","~ 0 + group_timepoint +  Batch + BMI + calculatedAge + codedsiteid + pct_umi_dup + RIN + Sex + (1 | pid)","group_timepointADUEndur.post_15_30_45_min - group_timepointADUEndur.pre_exercise - group_timepointADUControl.post_15_30_45_min + group_timepointADUControl.pre_exercise","Endur.post_15_30_45_min - Control.post_15_30_45_min (delta-delta)","exercise_with_controls","EE-CON","ADUEndur","post_15_30_45_min",-0.340585103393302,-0.847872070935578,0.166701864148974,176.892492563158,-362.723822251434,-1.32293975862341,2.13101802563685,-1.3189506632482,0.187185607017577,0.781820965692957,"7852","CXCR4","ENSG00000121966",NA,NA,NA,NA,NA,NA,NA
"transcript-rna-seq","ENSG00000130513.7","adipose","~ 0 + group_timepoint +  Batch + BMI + calculatedAge + codedsiteid + pct_umi_dup + RIN + Sex + (1 | pid)","group_timepointADUEndur.post_15_30_45_min - group_timepointADUEndur.pre_exercise - group_timepointADUControl.post_15_30_45_min + group_timepointADUControl.pre_exercise","Endur.post_15_30_45_min - Control.post_15_30_45_min (delta-delta)","exercise_with_controls","EE-CON","ADUEndur","post_15_30_45_min",-0.699972461351127,-1.56936942190954,0.169424499207288,186.266829042153,-564.247682944491,-1.58666826676506,-0.539183584438985,-1.58041534000806,0.114011780831698,0.72050854888607,"9518","GDF15","ENSG00000130513",NA,NA,NA,NA,NA,NA,NA
"transcript-rna-seq","ENSG00000130513.7","adipose","~ 0 + group_timepoint +  Batch + BMI + calculatedAge + codedsiteid + pct_umi_dup + RIN + Sex + (1 | pid)","group_timepointADUEndur.post_3.5_4_hr - group_timepointADUEndur.pre_exercise - group_timepointADUControl.post_3.5_4_hr + group_timepointADUControl.pre_exercise","Endur.post_3.5_4_hr - Control.post_3.5_4_hr (delta-delta)","exercise_with_controls","EE-CON","ADUEndur","post_3.5_4_hr",0.0212049302211849,-0.71029995296399,0.75270981340636,186.266829042153,-564.247682944491,0.0571471175505451,-0.539183584438985,0.057078456553814,0.95448269761956,0.996621336487072,"9518","GDF15","ENSG00000130513",NA,NA,NA,NA,NA,NA,NA
"transcript-rna-seq","ENSG00000130513.7","adipose","~ 0 + group_timepoint +  Batch + BMI + calculatedAge + codedsiteid + pct_umi_dup + RIN + Sex + (1 | pid)","group_timepointADUResist.post_24_hr - group_timepointADUResist.pre_exercise - group_timepointADUControl.post_24_hr + group_timepointADUControl.pre_exercise","Resist.post_24_hr - Control.post_24_hr (delta-delta)","exercise_with_controls","RE-CON","ADUResist","post_24_hr",0.794339858805904,-0.131510006773089,1.7201897243849,186.266829042153,-564.247682944491,1.6908626527362,-0.539183584438985,1.68349927905691,0.0922784788239576,0.999660577093274,"9518","GDF15","ENSG00000130513",NA,NA,NA,NA,NA,NA,NA
"transcript-rna-seq","ENSG00000130513.7","adipose","~ 0 + group_timepoint +  Batch + BMI + calculatedAge + codedsiteid + pct_umi_dup + RIN + Sex + (1 | pid)","group_timepointADUEndur.post_24_hr - group_timepointADUEndur.pre_exercise - group_timepointADUControl.post_24_hr + group_timepointADUControl.pre_exercise","Endur.post_24_hr - Control.post_24_hr (delta-delta)","exercise_with_controls","EE-CON","ADUEndur","post_24_hr",0.534804919834001,-0.429476399793542,1.49908623946154,186.266829042153,-564.247682944491,1.09307646883198,-0.539183584438985,1.09034045051237,0.275563202916862,0.999984488297589,"9518","GDF15","ENSG00000130513",NA,NA,NA,NA,NA,NA,NA
"transcript-rna-seq","ENSG00000130513.7","adipose","~ 0 + group_timepoint +  Batch + BMI + calculatedAge + codedsiteid + pct_umi_dup + RIN + Sex + (1 | pid)","group_timepointADUResist.post_15_30_45_min - group_timepointADUResist.pre_exercise - group_timepointADUControl.post_15_30_45_min + group_timepointADUControl.pre_exercise","Resist.post_15_30_45_min - Control.post_15_30_45_min (delta-delta)","exercise_with_controls","RE-CON","ADUResist","post_15_30_45_min",-1.23123174173486,-2.07474287593256,-0.387720607537148,186.266829042153,-564.247682944491,-2.87714704366917,-0.539183584438985,-2.8465514180818,0.00441955912533,0.372255032263931,"9518","GDF15","ENSG00000130513",NA,NA,NA,NA,NA,NA,NA
"transcript-rna-seq","ENSG00000130513.7","adipose","~ 0 + group_timepoint +  Batch + BMI + calculatedAge + codedsiteid + pct_umi_dup + RIN + Sex + (1 | pid)","group_timepointADUResist.post_3.5_4_hr - group_timepointADUResist.pre_exercise - group_timepointADUControl.post_3.5_4_hr + group_timepointADUControl.pre_exercise","Resist.post_3.5_4_hr - Control.post_3.5_4_hr (delta-delta)","exercise_with_controls","RE-CON","ADUResist","post_3.5_4_hr",0.0890565622789979,-0.589055723493054,0.767168848051049,186.266829042153,-564.247682944491,0.258909320030391,-0.539183584438985,0.258577367625534,0.795961347496125,0.977673271016851,"9518","GDF15","ENSG00000130513",NA,NA,NA,NA,NA,NA,NA
"transcript-rna-seq","ENSG00000134352.20","adipose","~ 0 + group_timepoint +  Batch + BMI + calculatedAge + codedsiteid + pct_umi_dup + RIN + Sex + (1 | pid)","group_timepointADUResist.post_3.5_4_hr - group_timepointADUResist.pre_exercise - group_timepointADUControl.post_3.5_4_hr + group_timepointADUControl.pre_exercise","Resist.post_3.5_4_hr - Control.post_3.5_4_hr (delta-delta)","exercise_with_controls","RE-CON","ADUResist","post_3.5_4_hr",0.0328429335063358,-0.0649064462245299,0.130592313237202,174.063442527501,76.2936187822135,0.662546634596568,8.63185124016715,0.661354454693679,0.508385027024748,0.921344996287665,"3572","IL6ST","ENSG00000134352",NA,NA,NA,NA,NA,NA,NA
"transcript-rna-seq","ENSG00000134352.20","adipose","~ 0 + group_timepoint +  Batch + BMI + calculatedAge + codedsiteid + pct_umi_dup + RIN + Sex + (1 | pid)","group_timepointADUResist.post_15_30_45_min - group_timepointADUResist.pre_exercise - group_timepointADUControl.post_15_30_45_min + group_timepointADUControl.pre_exercise","Resist.post_15_30_45_min - Control.post_15_30_45_min (delta-delta)","exercise_with_controls","RE-CON","ADUResist","post_15_30_45_min",0.0786099877231479,-0.0461171824100176,0.203337157856313,174.063442527501,76.2936187822135,1.2422303174883,8.63185124016715,1.23859083548528,0.215497063724749,0.832040412218141,"3572","IL6ST","ENSG00000134352",NA,NA,NA,NA,NA,NA,NA
"transcript-rna-seq","ENSG00000134352.20","adipose","~ 0 + group_timepoint +  Batch + BMI + calculatedAge + codedsiteid + pct_umi_dup + RIN + Sex + (1 | pid)","group_timepointADUResist.post_24_hr - group_timepointADUResist.pre_exercise - group_timepointADUControl.post_24_hr + group_timepointADUControl.pre_exercise","Resist.post_24_hr - Control.post_24_hr (delta-delta)","exercise_with_controls","RE-CON","ADUResist","post_24_hr",0.0366007032086912,-0.081878870965573,0.155080277382956,174.063442527501,76.2936187822135,0.608907434671879,8.63185124016715,0.60793571464387,0.54323011113539,0.999660577093274,"3572","IL6ST","ENSG00000134352",NA,NA,NA,NA,NA,NA,NA
"transcript-rna-seq","ENSG00000134352.20","adipose","~ 0 + group_timepoint +  Batch + BMI + calculatedAge + codedsiteid + pct_umi_dup + RIN + Sex + (1 | pid)","group_timepointADUEndur.post_24_hr - group_timepointADUEndur.pre_exercise - group_timepointADUControl.post_24_hr + group_timepointADUControl.pre_exercise","Endur.post_24_hr - Control.post_24_hr (delta-delta)","exercise_with_controls","EE-CON","ADUEndur","post_24_hr",0.0657890049140537,-0.0519712904671797,0.183549300295287,174.063442527501,76.2936187822135,1.1012242134553,8.63185124016715,1.09837391050683,0.272041249871656,0.999984488297589,"3572","IL6ST","ENSG00000134352",NA,NA,NA,NA,NA,NA,NA
"transcript-rna-seq","ENSG00000134352.20","adipose","~ 0 + group_timepoint +  Batch + BMI + calculatedAge + codedsiteid + pct_umi_dup + RIN + Sex + (1 | pid)","group_timepointADUEndur.post_3.5_4_hr - group_timepointADUEndur.pre_exercise - group_timepointADUControl.post_3.5_4_hr + group_timepointADUControl.pre_exercise","Endur.post_3.5_4_hr - Control.post_3.5_4_hr (delta-delta)","exercise_with_controls","EE-CON","ADUEndur","post_3.5_4_hr",0.0246050443672292,-0.0772255430773668,0.126435631811825,174.063442527501,76.2936187822135,0.476441509793405,8.63185124016715,0.475717071571825,0.63427595701782,0.973540242281016,"3572","IL6ST","ENSG00000134352",NA,NA,NA,NA,NA,NA,NA
"transcript-rna-seq","ENSG00000134352.20","adipose","~ 0 + group_timepoint +  Batch + BMI + calculatedAge + codedsiteid + pct_umi_dup + RIN + Sex + (1 | pid)","group_timepointADUEndur.post_15_30_45_min - group_timepointADUEndur.pre_exercise - group_timepointADUControl.post_15_30_45_min + group_timepointADUControl.pre_exercise","Endur.post_15_30_45_min - Control.post_15_30_45_min (delta-delta)","exercise_with_controls","EE-CON","ADUEndur","post_15_30_45_min",0.0350465582504302,-0.08990593532998,0.15999905183084,174.063442527501,76.2936187822135,0.552828319392128,8.63185124016715,0.551993212625947,0.580953003528052,0.932116567453804,"3572","IL6ST","ENSG00000134352",NA,NA,NA,NA,NA,NA,NA
"transcript-rna-seq","ENSG00000134363.12","adipose","~ 0 + group_timepoint +  Batch + BMI + calculatedAge + codedsiteid + pct_umi_dup + RIN + Sex + (1 | pid)","group_timepointADUEndur.post_24_hr - group_timepointADUEndur.pre_exercise - group_timepointADUControl.post_24_hr + group_timepointADUControl.pre_exercise","Endur.post_24_hr - Control.post_24_hr (delta-delta)","exercise_with_controls","EE-CON","ADUEndur","post_24_hr",-0.0345716878339983,-0.330832212949836,0.26168883728184,169.600139070304,-226.416782890076,-0.230034542502559,3.61250338470402,-0.229747753821528,0.818287785101676,0.999984488297589,"10468","FST","ENSG00000134363",NA,NA,NA,NA,NA,NA,NA
"transcript-rna-seq","ENSG00000134363.12","adipose","~ 0 + group_timepoint +  Batch + BMI + calculatedAge + codedsiteid + pct_umi_dup + RIN + Sex + (1 | pid)","group_timepointADUResist.post_3.5_4_hr - group_timepointADUResist.pre_exercise - group_timepointADUControl.post_3.5_4_hr + group_timepointADUControl.pre_exercise","Resist.post_3.5_4_hr - Control.post_3.5_4_hr (delta-delta)","exercise_with_controls","RE-CON","ADUResist","post_3.5_4_hr",0.0586771142596532,-0.193209982604863,0.310564211124169,169.600139070304,-226.416782890076,0.459359126912749,3.61250338470402,0.458662962226545,0.646476215152024,0.953704262727286,"10468","FST","ENSG00000134363",NA,NA,NA,NA,NA,NA,NA
"transcript-rna-seq","ENSG00000134363.12","adipose","~ 0 + group_timepoint +  Batch + BMI + calculatedAge + codedsiteid + pct_umi_dup + RIN + Sex + (1 | pid)","group_timepointADUResist.post_15_30_45_min - group_timepointADUResist.pre_exercise - group_timepointADUControl.post_15_30_45_min + group_timepointADUControl.pre_exercise","Resist.post_15_30_45_min - Control.post_15_30_45_min (delta-delta)","exercise_with_controls","RE-CON","ADUResist","post_15_30_45_min",0.249564567933751,-0.0755483190487371,0.57467745491624,169.600139070304,-226.416782890076,1.51302133029723,3.61250338470402,1.50727257418729,0.13174080444367,0.774089978589138,"10468","FST","ENSG00000134363",NA,NA,NA,NA,NA,NA,NA
"transcript-rna-seq","ENSG00000134363.12","adipose","~ 0 + group_timepoint +  Batch + BMI + calculatedAge + codedsiteid + pct_umi_dup + RIN + Sex + (1 | pid)","group_timepointADUResist.post_24_hr - group_timepointADUResist.pre_exercise - group_timepointADUControl.post_24_hr + group_timepointADUControl.pre_exercise","Resist.post_24_hr - Control.post_24_hr (delta-delta)","exercise_with_controls","RE-CON","ADUResist","post_24_hr",0.0669728647390837,-0.229773276311225,0.363719005789392,169.600139070304,-226.416782890076,0.444890168615082,3.61250338470402,0.444261070269578,0.656853843557791,0.999660577093274,"10468","FST","ENSG00000134363",NA,NA,NA,NA,NA,NA,NA
"transcript-rna-seq","ENSG00000134363.12","adipose","~ 0 + group_timepoint +  Batch + BMI + calculatedAge + codedsiteid + pct_umi_dup + RIN + Sex + (1 | pid)","group_timepointADUEndur.post_3.5_4_hr - group_timepointADUEndur.pre_exercise - group_timepointADUControl.post_3.5_4_hr + group_timepointADUControl.pre_exercise","Endur.post_3.5_4_hr - Control.post_3.5_4_hr (delta-delta)","exercise_with_controls","EE-CON","ADUEndur","post_3.5_4_hr",-0.0611405050172267,-0.324376800512159,0.202095790477706,169.600139070304,-226.416782890076,-0.457986484158471,3.61250338470402,-0.457298379649905,0.647456594213946,0.974581537297033,"10468","FST","ENSG00000134363",NA,NA,NA,NA,NA,NA,NA
"transcript-rna-seq","ENSG00000134363.12","adipose","~ 0 + group_timepoint +  Batch + BMI + calculatedAge + codedsiteid + pct_umi_dup + RIN + Sex + (1 | pid)","group_timepointADUEndur.post_15_30_45_min - group_timepointADUEndur.pre_exercise - group_timepointADUControl.post_15_30_45_min + group_timepointADUControl.pre_exercise","Endur.post_15_30_45_min - Control.post_15_30_45_min (delta-delta)","exercise_with_controls","EE-CON","ADUEndur","post_15_30_45_min",0.0137612320503067,-0.314306127494021,0.341828591594634,169.600139070304,-226.416782890076,0.0826827427639596,3.61250338470402,0.0825851768970569,0.934181388130707,0.990683061802512,"10468","FST","ENSG00000134363",NA,NA,NA,NA,NA,NA,NA
"transcript-rna-seq","ENSG00000135821.19","adipose","~ 0 + group_timepoint +  Batch + BMI + calculatedAge + codedsiteid + pct_umi_dup + RIN + Sex + (1 | pid)","group_timepointADUResist.post_24_hr - group_timepointADUResist.pre_exercise - group_timepointADUControl.post_24_hr + group_timepointADUControl.pre_exercise","Resist.post_24_hr - Control.post_24_hr (delta-delta)","exercise_with_controls","RE-CON","ADUResist","post_24_hr",-0.110980270290009,-0.371186845224524,0.149226304644506,157.47448827117,-245.321602005429,-0.841730035665616,9.94814260866211,-0.839691156715773,0.401081573588498,0.999660577093274,"2752","GLUL","ENSG00000135821",NA,NA,NA,NA,NA,NA,NA
"transcript-rna-seq","ENSG00000135821.19","adipose","~ 0 + group_timepoint +  Batch + BMI + calculatedAge + codedsiteid + pct_umi_dup + RIN + Sex + (1 | pid)","group_timepointADUResist.post_3.5_4_hr - group_timepointADUResist.pre_exercise - group_timepointADUControl.post_3.5_4_hr + group_timepointADUControl.pre_exercise","Resist.post_3.5_4_hr - Control.post_3.5_4_hr (delta-delta)","exercise_with_controls","RE-CON","ADUResist","post_3.5_4_hr",0.282921095880049,0.0714661435548505,0.494376048205247,157.47448827117,-245.321602005429,2.64099494813952,9.94814260866211,2.61095594140245,0.00902895251999156,0.332828726837854,"2752","GLUL","ENSG00000135821",NA,NA,NA,NA,NA,NA,NA
"transcript-rna-seq","ENSG00000135821.19","adipose","~ 0 + group_timepoint +  Batch + BMI + calculatedAge + codedsiteid + pct_umi_dup + RIN + Sex + (1 | pid)","group_timepointADUResist.post_15_30_45_min - group_timepointADUResist.pre_exercise - group_timepointADUControl.post_15_30_45_min + group_timepointADUControl.pre_exercise","Resist.post_15_30_45_min - Control.post_15_30_45_min (delta-delta)","exercise_with_controls","RE-CON","ADUResist","post_15_30_45_min",0.145485631246709,-0.128439407163798,0.419410669657216,157.47448827117,-245.321602005429,1.04817334855113,9.94814260866211,1.04505829357497,0.29599602829967,0.864530486132773,"2752","GLUL","ENSG00000135821",NA,NA,NA,NA,NA,NA,NA
"transcript-rna-seq","ENSG00000135821.19","adipose","~ 0 + group_timepoint +  Batch + BMI + calculatedAge + codedsiteid + pct_umi_dup + RIN + Sex + (1 | pid)","group_timepointADUEndur.post_24_hr - group_timepointADUEndur.pre_exercise - group_timepointADUControl.post_24_hr + group_timepointADUControl.pre_exercise","Endur.post_24_hr - Control.post_24_hr (delta-delta)","exercise_with_controls","EE-CON","ADUEndur","post_24_hr",-0.2521148496848,-0.510152329150817,0.00592262978121738,157.47448827117,-245.321602005429,-1.92828082802556,9.94814260866211,-1.91545137668017,0.0554349644279553,0.999984488297589,"2752","GLUL","ENSG00000135821",NA,NA,NA,NA,NA,NA,NA
"transcript-rna-seq","ENSG00000135821.19","adipose","~ 0 + group_timepoint +  Batch + BMI + calculatedAge + codedsiteid + pct_umi_dup + RIN + Sex + (1 | pid)","group_timepointADUEndur.post_3.5_4_hr - group_timepointADUEndur.pre_exercise - group_timepointADUControl.post_3.5_4_hr + group_timepointADUControl.pre_exercise","Endur.post_3.5_4_hr - Control.post_3.5_4_hr (delta-delta)","exercise_with_controls","EE-CON","ADUEndur","post_3.5_4_hr",0.233368095211812,0.0128839944776694,0.453852195945955,157.47448827117,-245.321602005429,2.08916921594246,9.94814260866211,2.07311260468229,0.0381618012207989,0.682396739030786,"2752","GLUL","ENSG00000135821",NA,NA,NA,NA,NA,NA,NA
"transcript-rna-seq","ENSG00000135821.19","adipose","~ 0 + group_timepoint +  Batch + BMI + calculatedAge + codedsiteid + pct_umi_dup + RIN + Sex + (1 | pid)","group_timepointADUEndur.post_15_30_45_min - group_timepointADUEndur.pre_exercise - group_timepointADUControl.post_15_30_45_min + group_timepointADUControl.pre_exercise","Endur.post_15_30_45_min - Control.post_15_30_45_min (delta-delta)","exercise_with_controls","EE-CON","ADUEndur","post_15_30_45_min",0.274191918046267,-0.000121146649026127,0.548504982741559,157.47448827117,-245.321602005429,1.97264182648049,9.94814260866211,1.95910777254851,0.0501001667506363,0.646354137636778,"2752","GLUL","ENSG00000135821",NA,NA,NA,NA,NA,NA,NA
"transcript-rna-seq","ENSG00000136244.12","adipose","~ 0 + group_timepoint +  Batch + BMI + calculatedAge + codedsiteid + pct_umi_dup + RIN + Sex + (1 | pid)","group_timepointADUEndur.post_24_hr - group_timepointADUEndur.pre_exercise - group_timepointADUControl.post_24_hr + group_timepointADUControl.pre_exercise","Endur.post_24_hr - Control.post_24_hr (delta-delta)","exercise_with_controls","EE-CON","ADUEndur","post_24_hr",1.15436144439266,-0.400672996599193,2.7093958853845,211.619344452971,-651.752743706569,1.46263341778925,-2.23694533103497,1.45767751012516,0.144929453802985,0.999984488297589,"3569","IL6","ENSG00000136244",NA,NA,NA,NA,NA,NA,NA
"transcript-rna-seq","ENSG00000136244.12","adipose","~ 0 + group_timepoint +  Batch + BMI + calculatedAge + codedsiteid + pct_umi_dup + RIN + Sex + (1 | pid)","group_timepointADUEndur.post_3.5_4_hr - group_timepointADUEndur.pre_exercise - group_timepointADUControl.post_3.5_4_hr + group_timepointADUControl.pre_exercise","Endur.post_3.5_4_hr - Control.post_3.5_4_hr (delta-delta)","exercise_with_controls","EE-CON","ADUEndur","post_3.5_4_hr",0.223478463225614,-0.788244623810106,1.23520155026133,211.619344452971,-651.752743706569,0.435176126398739,-2.23694533103497,0.43462577358398,0.66383408397158,0.976716963334477,"3569","IL6","ENSG00000136244",NA,NA,NA,NA,NA,NA,NA
"transcript-rna-seq","ENSG00000136244.12","adipose","~ 0 + group_timepoint +  Batch + BMI + calculatedAge + codedsiteid + pct_umi_dup + RIN + Sex + (1 | pid)","group_timepointADUResist.post_15_30_45_min - group_timepointADUResist.pre_exercise - group_timepointADUControl.post_15_30_45_min + group_timepointADUControl.pre_exercise","Resist.post_15_30_45_min - Control.post_15_30_45_min (delta-delta)","exercise_with_controls","RE-CON","ADUResist","post_15_30_45_min",1.33517345142893,-0.0112404014936249,2.68158730435148,211.619344452971,-651.752743706569,1.95260867785517,-2.23694533103497,1.94371933960626,0.051929305155818,0.673605707594175,"3569","IL6","ENSG00000136244",NA,NA,NA,NA,NA,NA,NA
"transcript-rna-seq","ENSG00000136244.12","adipose","~ 0 + group_timepoint +  Batch + BMI + calculatedAge + codedsiteid + pct_umi_dup + RIN + Sex + (1 | pid)","group_timepointADUEndur.post_15_30_45_min - group_timepointADUEndur.pre_exercise - group_timepointADUControl.post_15_30_45_min + group_timepointADUControl.pre_exercise","Endur.post_15_30_45_min - Control.post_15_30_45_min (delta-delta)","exercise_with_controls","EE-CON","ADUEndur","post_15_30_45_min",0.721186184348191,-0.66741043446085,2.10978280315723,211.619344452971,-651.752743706569,1.02278168439352,-2.23694533103497,1.02073673858081,0.307379183514185,0.855269916861411,"3569","IL6","ENSG00000136244",NA,NA,NA,NA,NA,NA,NA
"transcript-rna-seq","ENSG00000136244.12","adipose","~ 0 + group_timepoint +  Batch + BMI + calculatedAge + codedsiteid + pct_umi_dup + RIN + Sex + (1 | pid)","group_timepointADUResist.post_24_hr - group_timepointADUResist.pre_exercise - group_timepointADUControl.post_24_hr + group_timepointADUControl.pre_exercise","Resist.post_24_hr - Control.post_24_hr (delta-delta)","exercise_with_controls","RE-CON","ADUResist","post_24_hr",0.338347589120533,-1.25919719816373,1.9358923764048,211.619344452971,-651.752743706569,0.417344192195994,-2.23694533103497,0.416801528140082,0.676823584592975,0.999660577093274,"3569","IL6","ENSG00000136244",NA,NA,NA,NA,NA,NA,NA
"transcript-rna-seq","ENSG00000136244.12","adipose","~ 0 + group_timepoint +  Batch + BMI + calculatedAge + codedsiteid + pct_umi_dup + RIN + Sex + (1 | pid)","group_timepointADUResist.post_3.5_4_hr - group_timepointADUResist.pre_exercise - group_timepointADUControl.post_3.5_4_hr + group_timepointADUControl.pre_exercise","Resist.post_3.5_4_hr - Control.post_3.5_4_hr (delta-delta)","exercise_with_controls","RE-CON","ADUResist","post_3.5_4_hr",0.680361482454801,-0.248777501869492,1.60950046677909,211.619344452971,-651.752743706569,1.44277315971746,-2.23694533103497,1.43796268882557,0.150444640926713,0.728136053446972,"3569","IL6","ENSG00000136244",NA,NA,NA,NA,NA,NA,NA
"transcript-rna-seq","ENSG00000142871.18","adipose","~ 0 + group_timepoint +  Batch + BMI + calculatedAge + codedsiteid + pct_umi_dup + RIN + Sex + (1 | pid)","group_timepointADUResist.post_24_hr - group_timepointADUResist.pre_exercise - group_timepointADUControl.post_24_hr + group_timepointADUControl.pre_exercise","Resist.post_24_hr - Control.post_24_hr (delta-delta)","exercise_with_controls","RE-CON","ADUResist","post_24_hr",-0.0645020492020096,-0.517018066843389,0.38801396843937,180.181834013658,-328.076244939286,-0.280894653525009,4.96767077681001,-0.280556203948771,0.77905081146833,0.999660577093274,"3491","CCN1","ENSG00000142871",NA,NA,NA,NA,NA,NA,NA
"transcript-rna-seq","ENSG00000142871.18","adipose","~ 0 + group_timepoint +  Batch + BMI + calculatedAge + codedsiteid + pct_umi_dup + RIN + Sex + (1 | pid)","group_timepointADUEndur.post_24_hr - group_timepointADUEndur.pre_exercise - group_timepointADUControl.post_24_hr + group_timepointADUControl.pre_exercise","Endur.post_24_hr - Control.post_24_hr (delta-delta)","exercise_with_controls","EE-CON","ADUEndur","post_24_hr",0.0249430611119008,-0.427509693796758,0.47739581602056,180.181834013658,-328.076244939286,0.108638648350207,4.96767077681001,0.108515678251651,0.913586644506859,0.999984488297589,"3491","CCN1","ENSG00000142871",NA,NA,NA,NA,NA,NA,NA
"transcript-rna-seq","ENSG00000142871.18","adipose","~ 0 + group_timepoint +  Batch + BMI + calculatedAge + codedsiteid + pct_umi_dup + RIN + Sex + (1 | pid)","group_timepointADUResist.post_3.5_4_hr - group_timepointADUResist.pre_exercise - group_timepointADUControl.post_3.5_4_hr + group_timepointADUControl.pre_exercise","Resist.post_3.5_4_hr - Control.post_3.5_4_hr (delta-delta)","exercise_with_controls","RE-CON","ADUResist","post_3.5_4_hr",0.140749359080897,-0.238887219319501,0.520385937481296,180.181834013658,-328.076244939286,0.730920523478572,4.96767077681001,0.729569639851332,0.465653285635038,0.90715380084499,"3491","CCN1","ENSG00000142871",NA,NA,NA,NA,NA,NA,NA
"transcript-rna-seq","ENSG00000142871.18","adipose","~ 0 + group_timepoint +  Batch + BMI + calculatedAge + codedsiteid + pct_umi_dup + RIN + Sex + (1 | pid)","group_timepointADUResist.post_15_30_45_min - group_timepointADUResist.pre_exercise - group_timepointADUControl.post_15_30_45_min + group_timepointADUControl.pre_exercise","Resist.post_15_30_45_min - Control.post_15_30_45_min (delta-delta)","exercise_with_controls","RE-CON","ADUResist","post_15_30_45_min",1.01470498396633,0.54857177100094,1.48083819693171,180.181834013658,-328.076244939286,4.28920561643809,4.96767077681001,4.20213917076746,2.6440449114147e-05,0.0230951575088353,"3491","CCN1","ENSG00000142871",NA,NA,NA,NA,NA,NA,NA
"transcript-rna-seq","ENSG00000142871.18","adipose","~ 0 + group_timepoint +  Batch + BMI + calculatedAge + codedsiteid + pct_umi_dup + RIN + Sex + (1 | pid)","group_timepointADUEndur.post_15_30_45_min - group_timepointADUEndur.pre_exercise - group_timepointADUControl.post_15_30_45_min + group_timepointADUControl.pre_exercise","Endur.post_15_30_45_min - Control.post_15_30_45_min (delta-delta)","exercise_with_controls","EE-CON","ADUEndur","post_15_30_45_min",1.69054685589425,1.22863470734412,2.15245900444438,180.181834013658,-328.076244939286,7.21130658326131,4.96767077681001,6.83880663397336,7.98555851530555e-12,1.24038175363968e-07,"3491","CCN1","ENSG00000142871",NA,NA,NA,NA,NA,NA,NA
"transcript-rna-seq","ENSG00000142871.18","adipose","~ 0 + group_timepoint +  Batch + BMI + calculatedAge + codedsiteid + pct_umi_dup + RIN + Sex + (1 | pid)","group_timepointADUEndur.post_3.5_4_hr - group_timepointADUEndur.pre_exercise - group_timepointADUControl.post_3.5_4_hr + group_timepointADUControl.pre_exercise","Endur.post_3.5_4_hr - Control.post_3.5_4_hr (delta-delta)","exercise_with_controls","EE-CON","ADUEndur","post_3.5_4_hr",0.0816514210191928,-0.317444721209891,0.480747563248276,180.181834013658,-328.076244939286,0.40332037045127,4.96767077681001,0.402761293180966,0.687123838479621,0.978038953840012,"3491","CCN1","ENSG00000142871",NA,NA,NA,NA,NA,NA,NA
"transcript-rna-seq","ENSG00000144476.6","adipose","~ 0 + group_timepoint +  Batch + BMI + calculatedAge + codedsiteid + pct_umi_dup + RIN + Sex + (1 | pid)","group_timepointADUResist.post_3.5_4_hr - group_timepointADUResist.pre_exercise - group_timepointADUControl.post_3.5_4_hr + group_timepointADUControl.pre_exercise","Resist.post_3.5_4_hr - Control.post_3.5_4_hr (delta-delta)","exercise_with_controls","RE-CON","ADUResist","post_3.5_4_hr",0.082772604050442,-0.109776000784823,0.275321208885706,184.123869759293,-118.788064773311,0.847449747048675,5.63435847748369,0.845712890571109,0.397712930251182,0.885030111399025,"57007","ACKR3","ENSG00000144476",NA,NA,NA,NA,NA,NA,NA
"transcript-rna-seq","ENSG00000144476.6","adipose","~ 0 + group_timepoint +  Batch + BMI + calculatedAge + codedsiteid + pct_umi_dup + RIN + Sex + (1 | pid)","group_timepointADUEndur.post_24_hr - group_timepointADUEndur.pre_exercise - group_timepointADUControl.post_24_hr + group_timepointADUControl.pre_exercise","Endur.post_24_hr - Control.post_24_hr (delta-delta)","exercise_with_controls","EE-CON","ADUEndur","post_24_hr",0.154882923502995,-0.0730459693519931,0.382811816357982,184.123869759293,-118.788064773311,1.33905443348356,5.63435847748369,1.33490858575804,0.181906267386987,0.999984488297589,"57007","ACKR3","ENSG00000144476",NA,NA,NA,NA,NA,NA,NA
"transcript-rna-seq","ENSG00000144476.6","adipose","~ 0 + group_timepoint +  Batch + BMI + calculatedAge + codedsiteid + pct_umi_dup + RIN + Sex + (1 | pid)","group_timepointADUEndur.post_15_30_45_min - group_timepointADUEndur.pre_exercise - group_timepointADUControl.post_15_30_45_min + group_timepointADUControl.pre_exercise","Endur.post_15_30_45_min - Control.post_15_30_45_min (delta-delta)","exercise_with_controls","EE-CON","ADUEndur","post_15_30_45_min",0.320649437986143,0.0792807899416761,0.56201808603061,184.123869759293,-118.788064773311,2.61759246285271,5.63435847748369,2.59546713649762,0.00944624359887875,0.425902484976003,"57007","ACKR3","ENSG00000144476",NA,NA,NA,NA,NA,NA,NA
"transcript-rna-seq","ENSG00000144476.6","adipose","~ 0 + group_timepoint +  Batch + BMI + calculatedAge + codedsiteid + pct_umi_dup + RIN + Sex + (1 | pid)","group_timepointADUEndur.post_3.5_4_hr - group_timepointADUEndur.pre_exercise - group_timepointADUControl.post_3.5_4_hr + group_timepointADUControl.pre_exercise","Endur.post_3.5_4_hr - Control.post_3.5_4_hr (delta-delta)","exercise_with_controls","EE-CON","ADUEndur","post_3.5_4_hr",0.0608264981251878,-0.139991542298575,0.261644538548951,184.123869759293,-118.788064773311,0.597082923562121,5.63435847748369,0.596124967272147,0.551091746033822,0.961443726228488,"57007","ACKR3","ENSG00000144476",NA,NA,NA,NA,NA,NA,NA
"transcript-rna-seq","ENSG00000144476.6","adipose","~ 0 + group_timepoint +  Batch + BMI + calculatedAge + codedsiteid + pct_umi_dup + RIN + Sex + (1 | pid)","group_timepointADUResist.post_24_hr - group_timepointADUResist.pre_exercise - group_timepointADUControl.post_24_hr + group_timepointADUControl.pre_exercise","Resist.post_24_hr - Control.post_24_hr (delta-delta)","exercise_with_controls","RE-CON","ADUResist","post_24_hr",0.122677562309381,-0.105766030201274,0.351121154820036,184.123869759293,-118.788064773311,1.05819643426137,5.63435847748369,1.05572104065261,0.291095681414386,0.999660577093274,"57007","ACKR3","ENSG00000144476",NA,NA,NA,NA,NA,NA,NA
"transcript-rna-seq","ENSG00000144476.6","adipose","~ 0 + group_timepoint +  Batch + BMI + calculatedAge + codedsiteid + pct_umi_dup + RIN + Sex + (1 | pid)","group_timepointADUResist.post_15_30_45_min - group_timepointADUResist.pre_exercise - group_timepointADUControl.post_15_30_45_min + group_timepointADUControl.pre_exercise","Resist.post_15_30_45_min - Control.post_15_30_45_min (delta-delta)","exercise_with_controls","RE-CON","ADUResist","post_15_30_45_min",0.239187291242554,-0.00158918792882123,0.479963770413929,184.123869759293,-118.788064773311,1.95735276991695,5.63435847748369,1.94713454617698,0.0515186062876859,0.673605707594175,"57007","ACKR3","ENSG00000144476",NA,NA,NA,NA,NA,NA,NA
"transcript-rna-seq","ENSG00000151929.10","adipose","~ 0 + group_timepoint +  Batch + BMI + calculatedAge + codedsiteid + pct_umi_dup + RIN + Sex + (1 | pid)","group_timepointADUEndur.post_3.5_4_hr - group_timepointADUEndur.pre_exercise - group_timepointADUControl.post_3.5_4_hr + group_timepointADUControl.pre_exercise","Endur.post_3.5_4_hr - Control.post_3.5_4_hr (delta-delta)","exercise_with_controls","EE-CON","ADUEndur","post_3.5_4_hr",0.0391832477292038,-0.0810255846357709,0.159392080094178,160.136106573016,-19.4067358829379,0.64317988013825,6.003890170513,0.641922865741429,0.520923266866222,0.9580614559101,"9531","BAG3","ENSG00000151929",NA,NA,NA,NA,NA,NA,NA
"transcript-rna-seq","ENSG00000151929.10","adipose","~ 0 + group_timepoint +  Batch + BMI + calculatedAge + codedsiteid + pct_umi_dup + RIN + Sex + (1 | pid)","group_timepointADUEndur.post_15_30_45_min - group_timepointADUEndur.pre_exercise - group_timepointADUControl.post_15_30_45_min + group_timepointADUControl.pre_exercise","Endur.post_15_30_45_min - Control.post_15_30_45_min (delta-delta)","exercise_with_controls","EE-CON","ADUEndur","post_15_30_45_min",0.131420681861258,-0.0175106671365228,0.280352030859038,160.136106573016,-19.4067358829379,1.7407389097339,6.003890170513,1.73147378147279,0.0833672971840123,0.699798102169691,"9531","BAG3","ENSG00000151929",NA,NA,NA,NA,NA,NA,NA
"transcript-rna-seq","ENSG00000151929.10","adipose","~ 0 + group_timepoint +  Batch + BMI + calculatedAge + codedsiteid + pct_umi_dup + RIN + Sex + (1 | pid)","group_timepointADUEndur.post_24_hr - group_timepointADUEndur.pre_exercise - group_timepointADUControl.post_24_hr + group_timepointADUControl.pre_exercise","Endur.post_24_hr - Control.post_24_hr (delta-delta)","exercise_with_controls","EE-CON","ADUEndur","post_24_hr",0.00496557777031637,-0.134976241092314,0.144907396632947,160.136106573016,-19.4067358829379,0.0700004781901292,6.003890170513,0.0699061394524362,0.944268366510408,0.999984488297589,"9531","BAG3","ENSG00000151929",NA,NA,NA,NA,NA,NA,NA
"transcript-rna-seq","ENSG00000151929.10","adipose","~ 0 + group_timepoint +  Batch + BMI + calculatedAge + codedsiteid + pct_umi_dup + RIN + Sex + (1 | pid)","group_timepointADUResist.post_15_30_45_min - group_timepointADUResist.pre_exercise - group_timepointADUControl.post_15_30_45_min + group_timepointADUControl.pre_exercise","Resist.post_15_30_45_min - Control.post_15_30_45_min (delta-delta)","exercise_with_controls","RE-CON","ADUResist","post_15_30_45_min",0.011691564623181,-0.136833459519045,0.160216588765407,160.136106573016,-19.4067358829379,0.155286947892636,6.003890170513,0.155074932596107,0.876762243988709,0.989392432833408,"9531","BAG3","ENSG00000151929",NA,NA,NA,NA,NA,NA,NA
"transcript-rna-seq","ENSG00000151929.10","adipose","~ 0 + group_timepoint +  Batch + BMI + calculatedAge + codedsiteid + pct_umi_dup + RIN + Sex + (1 | pid)","group_timepointADUResist.post_24_hr - group_timepointADUResist.pre_exercise - group_timepointADUControl.post_24_hr + group_timepointADUControl.pre_exercise","Resist.post_24_hr - Control.post_24_hr (delta-delta)","exercise_with_controls","RE-CON","ADUResist","post_24_hr",-0.109642075910148,-0.250452750018758,0.031168598198463,160.136106573016,-19.4067358829379,-1.5360780044625,6.003890170513,-1.52921275544578,0.126211709473872,0.999660577093274,"9531","BAG3","ENSG00000151929",NA,NA,NA,NA,NA,NA,NA
"transcript-rna-seq","ENSG00000151929.10","adipose","~ 0 + group_timepoint +  Batch + BMI + calculatedAge + codedsiteid + pct_umi_dup + RIN + Sex + (1 | pid)","group_timepointADUResist.post_3.5_4_hr - group_timepointADUResist.pre_exercise - group_timepointADUControl.post_3.5_4_hr + group_timepointADUControl.pre_exercise","Resist.post_3.5_4_hr - Control.post_3.5_4_hr (delta-delta)","exercise_with_controls","RE-CON","ADUResist","post_3.5_4_hr",0.0586971952662694,-0.0559899725590723,0.173384363091611,160.136106573016,-19.4067358829379,1.00992401375247,6.003890170513,1.00709074366983,0.313891168955126,0.848578228907846,"9531","BAG3","ENSG00000151929",NA,NA,NA,NA,NA,NA,NA
"transcript-rna-seq","ENSG00000155657.29","adipose","~ 0 + group_timepoint +  Batch + BMI + calculatedAge + codedsiteid + pct_umi_dup + RIN + Sex + (1 | pid)","group_timepointADUEndur.post_24_hr - group_timepointADUEndur.pre_exercise - group_timepointADUControl.post_24_hr + group_timepointADUControl.pre_exercise","Endur.post_24_hr - Control.post_24_hr (delta-delta)","exercise_with_controls","EE-CON","ADUEndur","post_24_hr",-0.292109786132529,-0.615743910618677,0.0315243383536192,220.06875496157,-216.32107831167,-1.77744014271485,3.96526090395566,-1.77027496846612,0.0766813458720523,0.999984488297589,"7273","TTN","ENSG00000155657",NA,NA,NA,NA,NA,NA,NA
"transcript-rna-seq","ENSG00000155657.29","adipose","~ 0 + group_timepoint +  Batch + BMI + calculatedAge + codedsiteid + pct_umi_dup + RIN + Sex + (1 | pid)","group_timepointADUResist.post_15_30_45_min - group_timepointADUResist.pre_exercise - group_timepointADUControl.post_15_30_45_min + group_timepointADUControl.pre_exercise","Resist.post_15_30_45_min - Control.post_15_30_45_min (delta-delta)","exercise_with_controls","RE-CON","ADUResist","post_15_30_45_min",0.0617276531417499,-0.295543824472519,0.418999130756019,220.06875496157,-216.32107831167,0.34020986738384,3.96526090395566,0.339846694092583,0.733971981678964,0.969477182392669,"7273","TTN","ENSG00000155657",NA,NA,NA,NA,NA,NA,NA
"transcript-rna-seq","ENSG00000155657.29","adipose","~ 0 + group_timepoint +  Batch + BMI + calculatedAge + codedsiteid + pct_umi_dup + RIN + Sex + (1 | pid)","group_timepointADUResist.post_24_hr - group_timepointADUResist.pre_exercise - group_timepointADUControl.post_24_hr + group_timepointADUControl.pre_exercise","Resist.post_24_hr - Control.post_24_hr (delta-delta)","exercise_with_controls","RE-CON","ADUResist","post_24_hr",-0.194691272113151,-0.51794923372165,0.128566689495347,220.06875496157,-216.32107831167,-1.18597819767306,3.96526090395566,-1.18323434013809,0.236716286840923,0.999660577093274,"7273","TTN","ENSG00000155657",NA,NA,NA,NA,NA,NA,NA
"transcript-rna-seq","ENSG00000155657.29","adipose","~ 0 + group_timepoint +  Batch + BMI + calculatedAge + codedsiteid + pct_umi_dup + RIN + Sex + (1 | pid)","group_timepointADUEndur.post_15_30_45_min - group_timepointADUEndur.pre_exercise - group_timepointADUControl.post_15_30_45_min + group_timepointADUControl.pre_exercise","Endur.post_15_30_45_min - Control.post_15_30_45_min (delta-delta)","exercise_with_controls","EE-CON","ADUEndur","post_15_30_45_min",-0.0150958893844804,-0.373655281225624,0.343463502456663,220.06875496157,-216.32107831167,-0.0829061867644839,3.96526090395566,-0.0828253703404777,0.933990395818547,0.990683061802512,"7273","TTN","ENSG00000155657",NA,NA,NA,NA,NA,NA,NA
"transcript-rna-seq","ENSG00000155657.29","adipose","~ 0 + group_timepoint +  Batch + BMI + calculatedAge + codedsiteid + pct_umi_dup + RIN + Sex + (1 | pid)","group_timepointADUEndur.post_3.5_4_hr - group_timepointADUEndur.pre_exercise - group_timepointADUControl.post_3.5_4_hr + group_timepointADUControl.pre_exercise","Endur.post_3.5_4_hr - Control.post_3.5_4_hr (delta-delta)","exercise_with_controls","EE-CON","ADUEndur","post_3.5_4_hr",0.10089190800094,-0.193181985012587,0.394965801014467,220.06875496157,-216.32107831167,0.675869821579166,3.96526090395566,0.674836253624199,0.499779804393077,0.955399517670844,"7273","TTN","ENSG00000155657",NA,NA,NA,NA,NA,NA,NA
"transcript-rna-seq","ENSG00000155657.29","adipose","~ 0 + group_timepoint +  Batch + BMI + calculatedAge + codedsiteid + pct_umi_dup + RIN + Sex + (1 | pid)","group_timepointADUResist.post_3.5_4_hr - group_timepointADUResist.pre_exercise - group_timepointADUControl.post_3.5_4_hr + group_timepointADUControl.pre_exercise","Resist.post_3.5_4_hr - Control.post_3.5_4_hr (delta-delta)","exercise_with_controls","RE-CON","ADUResist","post_3.5_4_hr",-0.0101643703713146,-0.293693424140002,0.273364683397373,220.06875496157,-216.32107831167,-0.0706286946640007,3.96526090395566,-0.0705529626827832,0.943753547409823,0.996178200104362,"7273","TTN","ENSG00000155657",NA,NA,NA,NA,NA,NA,NA
"transcript-rna-seq","ENSG00000160097.20","adipose","~ 0 + group_timepoint +  Batch + BMI + calculatedAge + codedsiteid + pct_umi_dup + RIN + Sex + (1 | pid)","group_timepointADUEndur.post_24_hr - group_timepointADUEndur.pre_exercise - group_timepointADUControl.post_24_hr + group_timepointADUControl.pre_exercise","Endur.post_24_hr - Control.post_24_hr (delta-delta)","exercise_with_controls","EE-CON","ADUEndur","post_24_hr",-0.253230106809119,-0.617113028709912,0.110652815091674,166.850927655101,-309.759864267237,-1.37245707559453,0.950891298582985,-1.36741963086183,0.171493812625805,0.999984488297589,"252995","FNDC5","ENSG00000160097",NA,NA,NA,NA,NA,NA,NA
"transcript-rna-seq","ENSG00000160097.20","adipose","~ 0 + group_timepoint +  Batch + BMI + calculatedAge + codedsiteid + pct_umi_dup + RIN + Sex + (1 | pid)","group_timepointADUResist.post_3.5_4_hr - group_timepointADUResist.pre_exercise - group_timepointADUControl.post_3.5_4_hr + group_timepointADUControl.pre_exercise","Resist.post_3.5_4_hr - Control.post_3.5_4_hr (delta-delta)","exercise_with_controls","RE-CON","ADUResist","post_3.5_4_hr",-0.0485014817788822,-0.355881207993081,0.258878244435316,166.850927655101,-309.759864267237,-0.311276844581894,0.950891298582985,-0.310820877310532,0.755936797469938,0.96817405006128,"252995","FNDC5","ENSG00000160097",NA,NA,NA,NA,NA,NA,NA
"transcript-rna-seq","ENSG00000160097.20","adipose","~ 0 + group_timepoint +  Batch + BMI + calculatedAge + codedsiteid + pct_umi_dup + RIN + Sex + (1 | pid)","group_timepointADUResist.post_24_hr - group_timepointADUResist.pre_exercise - group_timepointADUControl.post_24_hr + group_timepointADUControl.pre_exercise","Resist.post_24_hr - Control.post_24_hr (delta-delta)","exercise_with_controls","RE-CON","ADUResist","post_24_hr",-0.0568101876754832,-0.415850220613159,0.302229845262192,166.850927655101,-309.759864267237,-0.312029898125809,0.950891298582985,-0.311597547807781,0.755346398087296,0.999660577093274,"252995","FNDC5","ENSG00000160097",NA,NA,NA,NA,NA,NA,NA
"transcript-rna-seq","ENSG00000160097.20","adipose","~ 0 + group_timepoint +  Batch + BMI + calculatedAge + codedsiteid + pct_umi_dup + RIN + Sex + (1 | pid)","group_timepointADUEndur.post_15_30_45_min - group_timepointADUEndur.pre_exercise - group_timepointADUControl.post_15_30_45_min + group_timepointADUControl.pre_exercise","Endur.post_15_30_45_min - Control.post_15_30_45_min (delta-delta)","exercise_with_controls","EE-CON","ADUEndur","post_15_30_45_min",0.198966001050821,-0.218630011383885,0.616562013485528,166.850927655101,-309.759864267237,0.939583311191269,0.950891298582985,0.937353008748902,0.348577004198879,0.871442510497197,"252995","FNDC5","ENSG00000160097",NA,NA,NA,NA,NA,NA,NA
"transcript-rna-seq","ENSG00000160097.20","adipose","~ 0 + group_timepoint +  Batch + BMI + calculatedAge + codedsiteid + pct_umi_dup + RIN + Sex + (1 | pid)","group_timepointADUResist.post_15_30_45_min - group_timepointADUResist.pre_exercise - group_timepointADUControl.post_15_30_45_min + group_timepointADUControl.pre_exercise","Resist.post_15_30_45_min - Control.post_15_30_45_min (delta-delta)","exercise_with_controls","RE-CON","ADUResist","post_15_30_45_min",0.27157822927073,-0.138269933602759,0.681426392144219,166.850927655101,-309.759864267237,1.30670018273051,0.950891298582985,1.30226327991637,0.192826399700306,0.817798160327631,"252995","FNDC5","ENSG00000160097",NA,NA,NA,NA,NA,NA,NA
"transcript-rna-seq","ENSG00000160097.20","adipose","~ 0 + group_timepoint +  Batch + BMI + calculatedAge + codedsiteid + pct_umi_dup + RIN + Sex + (1 | pid)","group_timepointADUEndur.post_3.5_4_hr - group_timepointADUEndur.pre_exercise - group_timepointADUControl.post_3.5_4_hr + group_timepointADUControl.pre_exercise","Endur.post_3.5_4_hr - Control.post_3.5_4_hr (delta-delta)","exercise_with_controls","EE-CON","ADUEndur","post_3.5_4_hr",0.0593164299582978,-0.261809263488276,0.380442123404871,166.850927655101,-309.759864267237,0.364371146620168,0.950891298582985,0.363824457461918,0.715989098053776,0.978452671761758,"252995","FNDC5","ENSG00000160097",NA,NA,NA,NA,NA,NA,NA
"transcript-rna-seq","ENSG00000160712.13","adipose","~ 0 + group_timepoint +  Batch + BMI + calculatedAge + codedsiteid + pct_umi_dup + RIN + Sex + (1 | pid)","group_timepointADUResist.post_3.5_4_hr - group_timepointADUResist.pre_exercise - group_timepointADUControl.post_3.5_4_hr + group_timepointADUControl.pre_exercise","Resist.post_3.5_4_hr - Control.post_3.5_4_hr (delta-delta)","exercise_with_controls","RE-CON","ADUResist","post_3.5_4_hr",0.0648655164643968,-0.143701977198585,0.273433010127379,186.40702380384,-144.026201747213,0.61308653327728,4.72396455528091,0.612084926912219,0.540481569648462,0.932188943207479,"3570","IL6R","ENSG00000160712",NA,NA,NA,NA,NA,NA,NA
"transcript-rna-seq","ENSG00000160712.13","adipose","~ 0 + group_timepoint +  Batch + BMI + calculatedAge + codedsiteid + pct_umi_dup + RIN + Sex + (1 | pid)","group_timepointADUResist.post_24_hr - group_timepointADUResist.pre_exercise - group_timepointADUControl.post_24_hr + group_timepointADUControl.pre_exercise","Resist.post_24_hr - Control.post_24_hr (delta-delta)","exercise_with_controls","RE-CON","ADUResist","post_24_hr",-0.0513149098643746,-0.303495120614751,0.200865300886002,186.40702380384,-144.026201747213,-0.400973952111771,4.72396455528091,-0.40045867514211,0.688818715062518,0.999660577093274,"3570","IL6R","ENSG00000160712",NA,NA,NA,NA,NA,NA,NA
"transcript-rna-seq","ENSG00000160712.13","adipose","~ 0 + group_timepoint +  Batch + BMI + calculatedAge + codedsiteid + pct_umi_dup + RIN + Sex + (1 | pid)","group_timepointADUEndur.post_3.5_4_hr - group_timepointADUEndur.pre_exercise - group_timepointADUControl.post_3.5_4_hr + group_timepointADUControl.pre_exercise","Endur.post_3.5_4_hr - Control.post_3.5_4_hr (delta-delta)","exercise_with_controls","EE-CON","ADUEndur","post_3.5_4_hr",0.198370224165305,-0.0194806878946971,0.416221136225306,186.40702380384,-144.026201747213,1.79489383468209,4.72396455528091,1.78607075857826,0.0740878020490141,0.764499026854346,"3570","IL6R","ENSG00000160712",NA,NA,NA,NA,NA,NA,NA
"transcript-rna-seq","ENSG00000160712.13","adipose","~ 0 + group_timepoint +  Batch + BMI + calculatedAge + codedsiteid + pct_umi_dup + RIN + Sex + (1 | pid)","group_timepointADUEndur.post_15_30_45_min - group_timepointADUEndur.pre_exercise - group_timepointADUControl.post_15_30_45_min + group_timepointADUControl.pre_exercise","Endur.post_15_30_45_min - Control.post_15_30_45_min (delta-delta)","exercise_with_controls","EE-CON","ADUEndur","post_15_30_45_min",-0.357370174173776,-0.624612059461284,-0.0901282888862683,186.40702380384,-144.026201747213,-2.63480816089417,4.72396455528091,-2.61245048025063,0.00898957144645206,0.416007700000108,"3570","IL6R","ENSG00000160712",NA,NA,NA,NA,NA,NA,NA
"transcript-rna-seq","ENSG00000160712.13","adipose","~ 0 + group_timepoint +  Batch + BMI + calculatedAge + codedsiteid + pct_umi_dup + RIN + Sex + (1 | pid)","group_timepointADUResist.post_15_30_45_min - group_timepointADUResist.pre_exercise - group_timepointADUControl.post_15_30_45_min + group_timepointADUControl.pre_exercise","Resist.post_15_30_45_min - Control.post_15_30_45_min (delta-delta)","exercise_with_controls","RE-CON","ADUResist","post_15_30_45_min",-0.370998366266069,-0.635076879646276,-0.106919852885862,186.40702380384,-144.026201747213,-2.76795359305408,4.72396455528091,-2.74254893346362,0.00609643657171318,0.399572533511227,"3570","IL6R","ENSG00000160712",NA,NA,NA,NA,NA,NA,NA
"transcript-rna-seq","ENSG00000160712.13","adipose","~ 0 + group_timepoint +  Batch + BMI + calculatedAge + codedsiteid + pct_umi_dup + RIN + Sex + (1 | pid)","group_timepointADUEndur.post_24_hr - group_timepointADUEndur.pre_exercise - group_timepointADUControl.post_24_hr + group_timepointADUControl.pre_exercise","Endur.post_24_hr - Control.post_24_hr (delta-delta)","exercise_with_controls","EE-CON","ADUEndur","post_24_hr",0.0331928131815893,-0.219944777668774,0.286330404031952,186.40702380384,-144.026201747213,0.258391474971635,4.72396455528091,0.258085350684296,0.796341037158725,0.999984488297589,"3570","IL6R","ENSG00000160712",NA,NA,NA,NA,NA,NA,NA
"transcript-rna-seq","ENSG00000163430.12","adipose","~ 0 + group_timepoint +  Batch + BMI + calculatedAge + codedsiteid + pct_umi_dup + RIN + Sex + (1 | pid)","group_timepointADUResist.post_15_30_45_min - group_timepointADUResist.pre_exercise - group_timepointADUControl.post_15_30_45_min + group_timepointADUControl.pre_exercise","Resist.post_15_30_45_min - Control.post_15_30_45_min (delta-delta)","exercise_with_controls","RE-CON","ADUResist","post_15_30_45_min",0.0900663597541627,-0.0483142781751134,0.228446997683439,158.700691082386,-12.0382496196358,1.28418156453831,9.27354699772091,1.27953952620719,0.200707129904993,0.825212630800369,"11167","FSTL1","ENSG00000163430",NA,NA,NA,NA,NA,NA,NA
"transcript-rna-seq","ENSG00000163430.12","adipose","~ 0 + group_timepoint +  Batch + BMI + calculatedAge + codedsiteid + pct_umi_dup + RIN + Sex + (1 | pid)","group_timepointADUEndur.post_3.5_4_hr - group_timepointADUEndur.pre_exercise - group_timepointADUControl.post_3.5_4_hr + group_timepointADUControl.pre_exercise","Endur.post_3.5_4_hr - Control.post_3.5_4_hr (delta-delta)","exercise_with_controls","EE-CON","ADUEndur","post_3.5_4_hr",0.0521071088107465,-0.0593531866344812,0.163567404255974,158.700691082386,-12.0382496196358,0.922575635256419,9.27354699772091,0.920171368046237,0.357483214042244,0.925680548209083,"11167","FSTL1","ENSG00000163430",NA,NA,NA,NA,NA,NA,NA
"transcript-rna-seq","ENSG00000163430.12","adipose","~ 0 + group_timepoint +  Batch + BMI + calculatedAge + codedsiteid + pct_umi_dup + RIN + Sex + (1 | pid)","group_timepointADUResist.post_3.5_4_hr - group_timepointADUResist.pre_exercise - group_timepointADUControl.post_3.5_4_hr + group_timepointADUControl.pre_exercise","Resist.post_3.5_4_hr - Control.post_3.5_4_hr (delta-delta)","exercise_with_controls","RE-CON","ADUResist","post_3.5_4_hr",0.0659665688590731,-0.040870370194756,0.172803507912902,158.700691082386,-12.0382496196358,1.21854526650489,9.27354699772091,1.21426981300402,0.224644709011882,0.793216600746117,"11167","FSTL1","ENSG00000163430",NA,NA,NA,NA,NA,NA,NA
"transcript-rna-seq","ENSG00000163430.12","adipose","~ 0 + group_timepoint +  Batch + BMI + calculatedAge + codedsiteid + pct_umi_dup + RIN + Sex + (1 | pid)","group_timepointADUResist.post_24_hr - group_timepointADUResist.pre_exercise - group_timepointADUControl.post_24_hr + group_timepointADUControl.pre_exercise","Resist.post_24_hr - Control.post_24_hr (delta-delta)","exercise_with_controls","RE-CON","ADUResist","post_24_hr",0.0574660187302172,-0.0738173833156761,0.18874942077611,158.700691082386,-12.0382496196358,0.863665963442538,9.27354699772091,0.861599843691254,0.388907757056059,0.999660577093274,"11167","FSTL1","ENSG00000163430",NA,NA,NA,NA,NA,NA,NA
"transcript-rna-seq","ENSG00000163430.12","adipose","~ 0 + group_timepoint +  Batch + BMI + calculatedAge + codedsiteid + pct_umi_dup + RIN + Sex + (1 | pid)","group_timepointADUEndur.post_24_hr - group_timepointADUEndur.pre_exercise - group_timepointADUControl.post_24_hr + group_timepointADUControl.pre_exercise","Endur.post_24_hr - Control.post_24_hr (delta-delta)","exercise_with_controls","EE-CON","ADUEndur","post_24_hr",0.0573047776361317,-0.0730048178758522,0.187614373148116,158.700691082386,-12.0382496196358,0.867699690775567,9.27354699772091,0.86560814448687,0.386705087723919,0.999984488297589,"11167","FSTL1","ENSG00000163430",NA,NA,NA,NA,NA,NA,NA
"transcript-rna-seq","ENSG00000163430.12","adipose","~ 0 + group_timepoint +  Batch + BMI + calculatedAge + codedsiteid + pct_umi_dup + RIN + Sex + (1 | pid)","group_timepointADUEndur.post_15_30_45_min - group_timepointADUEndur.pre_exercise - group_timepointADUControl.post_15_30_45_min + group_timepointADUControl.pre_exercise","Endur.post_15_30_45_min - Control.post_15_30_45_min (delta-delta)","exercise_with_controls","EE-CON","ADUEndur","post_15_30_45_min",0.105818571301635,-0.0327428166499265,0.244379959253196,158.700691082386,-12.0382496196358,1.50679778861652,9.27354699772091,1.50009383342792,0.133590098088265,0.73888303893328,"11167","FSTL1","ENSG00000163430",NA,NA,NA,NA,NA,NA,NA
"transcript-rna-seq","ENSG00000163644.15","adipose","~ 0 + group_timepoint +  Batch + BMI + calculatedAge + codedsiteid + pct_umi_dup + RIN + Sex + (1 | pid)","group_timepointADUEndur.post_24_hr - group_timepointADUEndur.pre_exercise - group_timepointADUControl.post_24_hr + group_timepointADUControl.pre_exercise","Endur.post_24_hr - Control.post_24_hr (delta-delta)","exercise_with_controls","EE-CON","ADUEndur","post_24_hr",0.0783099909262885,-0.0747780597271079,0.231398041579685,165.663423442521,-31.406337279615,1.00863310419413,3.73375157668079,1.00612168069541,0.314357040626803,0.999984488297589,"152926","PPM1K","ENSG00000163644",NA,NA,NA,NA,NA,NA,NA
"transcript-rna-seq","ENSG00000163644.15","adipose","~ 0 + group_timepoint +  Batch + BMI + calculatedAge + codedsiteid + pct_umi_dup + RIN + Sex + (1 | pid)","group_timepointADUResist.post_15_30_45_min - group_timepointADUResist.pre_exercise - group_timepointADUControl.post_15_30_45_min + group_timepointADUControl.pre_exercise","Resist.post_15_30_45_min - Control.post_15_30_45_min (delta-delta)","exercise_with_controls","RE-CON","ADUResist","post_15_30_45_min",0.0517720663763472,-0.116131649946733,0.219675782699428,165.663423442521,-31.406337279615,0.607935638627754,3.73375157668079,0.60692030269086,0.543903803720413,0.936997819817054,"152926","PPM1K","ENSG00000163644",NA,NA,NA,NA,NA,NA,NA
"transcript-rna-seq","ENSG00000163644.15","adipose","~ 0 + group_timepoint +  Batch + BMI + calculatedAge + codedsiteid + pct_umi_dup + RIN + Sex + (1 | pid)","group_timepointADUEndur.post_3.5_4_hr - group_timepointADUEndur.pre_exercise - group_timepointADUControl.post_3.5_4_hr + group_timepointADUControl.pre_exercise","Endur.post_3.5_4_hr - Control.post_3.5_4_hr (delta-delta)","exercise_with_controls","EE-CON","ADUEndur","post_3.5_4_hr",0.0122122484308083,-0.118869797857324,0.143294294718941,165.663423442521,-31.406337279615,0.183740451001415,3.73375157668079,0.18349705379289,0.854408030261667,0.987109432340483,"152926","PPM1K","ENSG00000163644",NA,NA,NA,NA,NA,NA,NA
"transcript-rna-seq","ENSG00000163644.15","adipose","~ 0 + group_timepoint +  Batch + BMI + calculatedAge + codedsiteid + pct_umi_dup + RIN + Sex + (1 | pid)","group_timepointADUEndur.post_15_30_45_min - group_timepointADUEndur.pre_exercise - group_timepointADUControl.post_15_30_45_min + group_timepointADUControl.pre_exercise","Endur.post_15_30_45_min - Control.post_15_30_45_min (delta-delta)","exercise_with_controls","EE-CON","ADUEndur","post_15_30_45_min",0.146715791469809,-0.0206051166907112,0.314036699630329,165.663423442521,-31.406337279615,1.72880993381439,3.73375157668079,1.72045780814031,0.0853492567432982,0.700344801583748,"152926","PPM1K","ENSG00000163644",NA,NA,NA,NA,NA,NA,NA
"transcript-rna-seq","ENSG00000163644.15","adipose","~ 0 + group_timepoint +  Batch + BMI + calculatedAge + codedsiteid + pct_umi_dup + RIN + Sex + (1 | pid)","group_timepointADUResist.post_24_hr - group_timepointADUResist.pre_exercise - group_timepointADUControl.post_24_hr + group_timepointADUControl.pre_exercise","Resist.post_24_hr - Control.post_24_hr (delta-delta)","exercise_with_controls","RE-CON","ADUResist","post_24_hr",0.0593489921130477,-0.0932629547153177,0.211960938941413,165.663423442521,-31.406337279615,0.766805808989473,3.73375157668079,0.765299617984365,0.44409315147716,0.999660577093274,"152926","PPM1K","ENSG00000163644",NA,NA,NA,NA,NA,NA,NA
"transcript-rna-seq","ENSG00000163644.15","adipose","~ 0 + group_timepoint +  Batch + BMI + calculatedAge + codedsiteid + pct_umi_dup + RIN + Sex + (1 | pid)","group_timepointADUResist.post_3.5_4_hr - group_timepointADUResist.pre_exercise - group_timepointADUControl.post_3.5_4_hr + group_timepointADUControl.pre_exercise","Resist.post_3.5_4_hr - Control.post_3.5_4_hr (delta-delta)","exercise_with_controls","RE-CON","ADUResist","post_3.5_4_hr",-0.0130522387892436,-0.137254310138563,0.111149832560076,165.663423442521,-31.406337279615,-0.207273652795202,3.73375157668079,-0.206993010682223,0.836015316964897,0.985125992918019,"152926","PPM1K","ENSG00000163644",NA,NA,NA,NA,NA,NA,NA
"transcript-rna-seq","ENSG00000163737.5","adipose","~ 0 + group_timepoint +  Batch + BMI + calculatedAge + codedsiteid + pct_umi_dup + RIN + Sex + (1 | pid)","group_timepointADUResist.post_24_hr - group_timepointADUResist.pre_exercise - group_timepointADUControl.post_24_hr + group_timepointADUControl.pre_exercise","Resist.post_24_hr - Control.post_24_hr (delta-delta)","exercise_with_controls","RE-CON","ADUResist","post_24_hr",-0.701674931558604,-2.49760554180897,1.09425567869177,204.492634914486,-783.082885920224,-0.76941604158364,-3.14551060054595,-0.768216306790634,0.442358687155785,0.999660577093274,"5196","PF4","ENSG00000163737",NA,NA,NA,NA,NA,NA,NA
"transcript-rna-seq","ENSG00000163737.5","adipose","~ 0 + group_timepoint +  Batch + BMI + calculatedAge + codedsiteid + pct_umi_dup + RIN + Sex + (1 | pid)","group_timepointADUEndur.post_24_hr - group_timepointADUEndur.pre_exercise - group_timepointADUControl.post_24_hr + group_timepointADUControl.pre_exercise","Endur.post_24_hr - Control.post_24_hr (delta-delta)","exercise_with_controls","EE-CON","ADUEndur","post_24_hr",0.214906271483628,-1.53542821870685,1.9652407616741,204.492634914486,-783.082885920224,0.2417645456219,-3.14551060054595,0.241519811423161,0.809152263591324,0.999984488297589,"5196","PF4","ENSG00000163737",NA,NA,NA,NA,NA,NA,NA
"transcript-rna-seq","ENSG00000163737.5","adipose","~ 0 + group_timepoint +  Batch + BMI + calculatedAge + codedsiteid + pct_umi_dup + RIN + Sex + (1 | pid)","group_timepointADUResist.post_15_30_45_min - group_timepointADUResist.pre_exercise - group_timepointADUControl.post_15_30_45_min + group_timepointADUControl.pre_exercise","Resist.post_15_30_45_min - Control.post_15_30_45_min (delta-delta)","exercise_with_controls","RE-CON","ADUResist","post_15_30_45_min",-1.68251012255961,-3.63058878566111,0.265568540541893,204.492634914486,-783.082885920224,-1.70023723634702,-3.14551060054595,-1.69427112238304,0.090213775344904,0.732254848434682,"5196","PF4","ENSG00000163737",NA,NA,NA,NA,NA,NA,NA
"transcript-rna-seq","ENSG00000163737.5","adipose","~ 0 + group_timepoint +  Batch + BMI + calculatedAge + codedsiteid + pct_umi_dup + RIN + Sex + (1 | pid)","group_timepointADUEndur.post_3.5_4_hr - group_timepointADUEndur.pre_exercise - group_timepointADUControl.post_3.5_4_hr + group_timepointADUControl.pre_exercise","Endur.post_3.5_4_hr - Control.post_3.5_4_hr (delta-delta)","exercise_with_controls","EE-CON","ADUEndur","post_3.5_4_hr",-1.06132301211585,-2.66589336975942,0.543247345527727,204.492634914486,-783.082885920224,-1.3030735199145,-3.14551060054595,-1.29936381201779,0.193819104625503,0.878390459128204,"5196","PF4","ENSG00000163737",NA,NA,NA,NA,NA,NA,NA
"transcript-rna-seq","ENSG00000163737.5","adipose","~ 0 + group_timepoint +  Batch + BMI + calculatedAge + codedsiteid + pct_umi_dup + RIN + Sex + (1 | pid)","group_timepointADUResist.post_3.5_4_hr - group_timepointADUResist.pre_exercise - group_timepointADUControl.post_3.5_4_hr + group_timepointADUControl.pre_exercise","Resist.post_3.5_4_hr - Control.post_3.5_4_hr (delta-delta)","exercise_with_controls","RE-CON","ADUResist","post_3.5_4_hr",-0.607364494145235,-2.02391924893983,0.809190260649358,204.492634914486,-783.082885920224,-0.844473898313781,-3.14551060054595,-0.843019408763376,0.399217589067249,0.886369901343003,"5196","PF4","ENSG00000163737",NA,NA,NA,NA,NA,NA,NA
"transcript-rna-seq","ENSG00000163737.5","adipose","~ 0 + group_timepoint +  Batch + BMI + calculatedAge + codedsiteid + pct_umi_dup + RIN + Sex + (1 | pid)","group_timepointADUEndur.post_15_30_45_min - group_timepointADUEndur.pre_exercise - group_timepointADUControl.post_15_30_45_min + group_timepointADUControl.pre_exercise","Endur.post_15_30_45_min - Control.post_15_30_45_min (delta-delta)","exercise_with_controls","EE-CON","ADUEndur","post_15_30_45_min",-2.72424457809429,-4.78298239506912,-0.665506761119458,204.492634914486,-783.082885920224,-2.6055790879843,-3.14551060054595,-2.5864658693668,0.00969657730779491,0.431786981511379,"5196","PF4","ENSG00000163737",NA,NA,NA,NA,NA,NA,NA
"transcript-rna-seq","ENSG00000164733.22","adipose","~ 0 + group_timepoint +  Batch + BMI + calculatedAge + codedsiteid + pct_umi_dup + RIN + Sex + (1 | pid)","group_timepointADUEndur.post_24_hr - group_timepointADUEndur.pre_exercise - group_timepointADUControl.post_24_hr + group_timepointADUControl.pre_exercise","Endur.post_24_hr - Control.post_24_hr (delta-delta)","exercise_with_controls","EE-CON","ADUEndur","post_24_hr",0.0909795742552735,-0.143077060963507,0.325036209474054,162.37110705815,-166.418632216238,0.766666706935776,9.09505040056039,0.765090383779602,0.444217725633698,0.999984488297589,"1508","CTSB","ENSG00000164733",NA,NA,NA,NA,NA,NA,NA
"transcript-rna-seq","ENSG00000164733.22","adipose","~ 0 + group_timepoint +  Batch + BMI + calculatedAge + codedsiteid + pct_umi_dup + RIN + Sex + (1 | pid)","group_timepointADUEndur.post_15_30_45_min - group_timepointADUEndur.pre_exercise - group_timepointADUControl.post_15_30_45_min + group_timepointADUControl.pre_exercise","Endur.post_15_30_45_min - Control.post_15_30_45_min (delta-delta)","exercise_with_controls","EE-CON","ADUEndur","post_15_30_45_min",-0.148746039830566,-0.397018817477164,0.0995267378160307,162.37110705815,-166.418632216238,-1.18161225008717,9.09505040056039,-1.17798592882705,0.238802215962706,0.819708547497352,"1508","CTSB","ENSG00000164733",NA,NA,NA,NA,NA,NA,NA
"transcript-rna-seq","ENSG00000164733.22","adipose","~ 0 + group_timepoint +  Batch + BMI + calculatedAge + codedsiteid + pct_umi_dup + RIN + Sex + (1 | pid)","group_timepointADUEndur.post_3.5_4_hr - group_timepointADUEndur.pre_exercise - group_timepointADUControl.post_3.5_4_hr + group_timepointADUControl.pre_exercise","Endur.post_3.5_4_hr - Control.post_3.5_4_hr (delta-delta)","exercise_with_controls","EE-CON","ADUEndur","post_3.5_4_hr",0.135873247427501,-0.0651645417157366,0.336911036570738,162.37110705815,-166.418632216238,1.33333274275461,9.09505040056039,1.32837930958896,0.184052831140486,0.866200728241235,"1508","CTSB","ENSG00000164733",NA,NA,NA,NA,NA,NA,NA
"transcript-rna-seq","ENSG00000164733.22","adipose","~ 0 + group_timepoint +  Batch + BMI + calculatedAge + codedsiteid + pct_umi_dup + RIN + Sex + (1 | pid)","group_timepointADUResist.post_24_hr - group_timepointADUResist.pre_exercise - group_timepointADUControl.post_24_hr + group_timepointADUControl.pre_exercise","Resist.post_24_hr - Control.post_24_hr (delta-delta)","exercise_with_controls","RE-CON","ADUResist","post_24_hr",-0.0491938329943302,-0.284846522015506,0.186458856026845,162.37110705815,-166.418632216238,-0.411727504815113,9.09505040056039,-0.411106209839721,0.680994656734864,0.999660577093274,"1508","CTSB","ENSG00000164733",NA,NA,NA,NA,NA,NA,NA
"transcript-rna-seq","ENSG00000164733.22","adipose","~ 0 + group_timepoint +  Batch + BMI + calculatedAge + codedsiteid + pct_umi_dup + RIN + Sex + (1 | pid)","group_timepointADUResist.post_3.5_4_hr - group_timepointADUResist.pre_exercise - group_timepointADUControl.post_3.5_4_hr + group_timepointADUControl.pre_exercise","Resist.post_3.5_4_hr - Control.post_3.5_4_hr (delta-delta)","exercise_with_controls","RE-CON","ADUResist","post_3.5_4_hr",0.00247791920645035,-0.190355884445055,0.195311722857955,162.37110705815,-166.418632216238,0.0253516226908938,9.09505040056039,0.0253173251804413,0.979801854864675,0.999170357840102,"1508","CTSB","ENSG00000164733",NA,NA,NA,NA,NA,NA,NA
"transcript-rna-seq","ENSG00000164733.22","adipose","~ 0 + group_timepoint +  Batch + BMI + calculatedAge + codedsiteid + pct_umi_dup + RIN + Sex + (1 | pid)","group_timepointADUResist.post_15_30_45_min - group_timepointADUResist.pre_exercise - group_timepointADUControl.post_15_30_45_min + group_timepointADUControl.pre_exercise","Resist.post_15_30_45_min - Control.post_15_30_45_min (delta-delta)","exercise_with_controls","RE-CON","ADUResist","post_15_30_45_min",-0.222302998894444,-0.470057304033747,0.0254513062448603,162.37110705815,-166.418632216238,-1.76964253868456,9.09505040056039,-1.76031081177063,0.0783551220051828,0.71600279736855,"1508","CTSB","ENSG00000164733",NA,NA,NA,NA,NA,NA,NA
"transcript-rna-seq","ENSG00000168329.14","adipose","~ 0 + group_timepoint +  Batch + BMI + calculatedAge + codedsiteid + pct_umi_dup + RIN + Sex + (1 | pid)","group_timepointADUEndur.post_3.5_4_hr - group_timepointADUEndur.pre_exercise - group_timepointADUControl.post_3.5_4_hr + group_timepointADUControl.pre_exercise","Endur.post_3.5_4_hr - Control.post_3.5_4_hr (delta-delta)","exercise_with_controls","EE-CON","ADUEndur","post_3.5_4_hr",-0.033340703790685,-0.513890546689096,0.447209139107726,180.915300142822,-431.315728702991,-0.136717402246715,1.51966822130233,-0.136562937033481,0.891376273927519,0.989624970499987,"1524","CX3CR1","ENSG00000168329",NA,NA,NA,NA,NA,NA,NA
"transcript-rna-seq","ENSG00000168329.14","adipose","~ 0 + group_timepoint +  Batch + BMI + calculatedAge + codedsiteid + pct_umi_dup + RIN + Sex + (1 | pid)","group_timepointADUResist.post_24_hr - group_timepointADUResist.pre_exercise - group_timepointADUControl.post_24_hr + group_timepointADUControl.pre_exercise","Resist.post_24_hr - Control.post_24_hr (delta-delta)","exercise_with_controls","RE-CON","ADUResist","post_24_hr",0.266570331951347,-0.288888872853589,0.822029536756282,180.915300142822,-431.315728702991,0.945515549448273,1.51966822130233,0.94359844247324,0.345374888468674,0.999660577093274,"1524","CX3CR1","ENSG00000168329",NA,NA,NA,NA,NA,NA,NA
"transcript-rna-seq","ENSG00000168329.14","adipose","~ 0 + group_timepoint +  Batch + BMI + calculatedAge + codedsiteid + pct_umi_dup + RIN + Sex + (1 | pid)","group_timepointADUEndur.post_24_hr - group_timepointADUEndur.pre_exercise - group_timepointADUControl.post_24_hr + group_timepointADUControl.pre_exercise","Endur.post_24_hr - Control.post_24_hr (delta-delta)","exercise_with_controls","EE-CON","ADUEndur","post_24_hr",-0.0674813802419771,-0.650030238719024,0.51506747823507,180.915300142822,-431.315728702991,-0.228238707452365,1.51966822130233,-0.227978042999424,0.819663310225515,0.999984488297589,"1524","CX3CR1","ENSG00000168329",NA,NA,NA,NA,NA,NA,NA
"transcript-rna-seq","ENSG00000168329.14","adipose","~ 0 + group_timepoint +  Batch + BMI + calculatedAge + codedsiteid + pct_umi_dup + RIN + Sex + (1 | pid)","group_timepointADUResist.post_15_30_45_min - group_timepointADUResist.pre_exercise - group_timepointADUControl.post_15_30_45_min + group_timepointADUControl.pre_exercise","Resist.post_15_30_45_min - Control.post_15_30_45_min (delta-delta)","exercise_with_controls","RE-CON","ADUResist","post_15_30_45_min",-0.584735925836802,-1.29360724924815,0.124135397574542,180.915300142822,-431.315728702991,-1.62534515397784,1.51966822130233,-1.61890944332544,0.105466748746177,0.740832625772864,"1524","CX3CR1","ENSG00000168329",NA,NA,NA,NA,NA,NA,NA
"transcript-rna-seq","ENSG00000168329.14","adipose","~ 0 + group_timepoint +  Batch + BMI + calculatedAge + codedsiteid + pct_umi_dup + RIN + Sex + (1 | pid)","group_timepointADUResist.post_3.5_4_hr - group_timepointADUResist.pre_exercise - group_timepointADUControl.post_3.5_4_hr + group_timepointADUControl.pre_exercise","Resist.post_3.5_4_hr - Control.post_3.5_4_hr (delta-delta)","exercise_with_controls","RE-CON","ADUResist","post_3.5_4_hr",-0.497537600343944,-0.954129328114699,-0.040945872573189,180.915300142822,-431.315728702991,-2.14747852181716,1.51966822130233,-2.13400011974135,0.0328427710165964,0.478052729555167,"1524","CX3CR1","ENSG00000168329",NA,NA,NA,NA,NA,NA,NA
"transcript-rna-seq","ENSG00000168329.14","adipose","~ 0 + group_timepoint +  Batch + BMI + calculatedAge + codedsiteid + pct_umi_dup + RIN + Sex + (1 | pid)","group_timepointADUEndur.post_15_30_45_min - group_timepointADUEndur.pre_exercise - group_timepointADUControl.post_15_30_45_min + group_timepointADUControl.pre_exercise","Endur.post_15_30_45_min - Control.post_15_30_45_min (delta-delta)","exercise_with_controls","EE-CON","ADUEndur","post_15_30_45_min",-0.42381817682828,-1.10066992947405,0.253033575817493,180.915300142822,-431.315728702991,-1.23381687036435,1.51966822130233,-1.23040811575023,0.218544315761238,0.804361558402368,"1524","CX3CR1","ENSG00000168329",NA,NA,NA,NA,NA,NA,NA
"transcript-rna-seq","ENSG00000168610.16","adipose","~ 0 + group_timepoint +  Batch + BMI + calculatedAge + codedsiteid + pct_umi_dup + RIN + Sex + (1 | pid)","group_timepointADUEndur.post_24_hr - group_timepointADUEndur.pre_exercise - group_timepointADUControl.post_24_hr + group_timepointADUControl.pre_exercise","Endur.post_24_hr - Control.post_24_hr (delta-delta)","exercise_with_controls","EE-CON","ADUEndur","post_24_hr",-0.0574319784392792,-0.142359621763253,0.0274956648846946,160.252632751547,137.462320463808,-1.33398380810388,7.79147166422433,-1.32908813942282,0.183818892819021,0.999984488297589,"6774","STAT3","ENSG00000168610",NA,NA,NA,NA,NA,NA,NA
"transcript-rna-seq","ENSG00000168610.16","adipose","~ 0 + group_timepoint +  Batch + BMI + calculatedAge + codedsiteid + pct_umi_dup + RIN + Sex + (1 | pid)","group_timepointADUResist.post_24_hr - group_timepointADUResist.pre_exercise - group_timepointADUControl.post_24_hr + group_timepointADUControl.pre_exercise","Resist.post_24_hr - Control.post_24_hr (delta-delta)","exercise_with_controls","RE-CON","ADUResist","post_24_hr",-0.0871249164447532,-0.172558954494974,-0.0016908783945324,160.252632751547,137.462320463808,-2.01162650628847,7.79147166422433,-1.99835118427872,0.0456786000061832,0.999660577093274,"6774","STAT3","ENSG00000168610",NA,NA,NA,NA,NA,NA,NA
"transcript-rna-seq","ENSG00000168610.16","adipose","~ 0 + group_timepoint +  Batch + BMI + calculatedAge + codedsiteid + pct_umi_dup + RIN + Sex + (1 | pid)","group_timepointADUEndur.post_15_30_45_min - group_timepointADUEndur.pre_exercise - group_timepointADUControl.post_15_30_45_min + group_timepointADUControl.pre_exercise","Endur.post_15_30_45_min - Control.post_15_30_45_min (delta-delta)","exercise_with_controls","EE-CON","ADUEndur","post_15_30_45_min",0.0289261497524445,-0.0614372770769304,0.119289576581819,160.252632751547,137.462320463808,0.631426133660367,7.79147166422433,0.630264985656115,0.528521227610844,0.920722666927211,"6774","STAT3","ENSG00000168610",NA,NA,NA,NA,NA,NA,NA
"transcript-rna-seq","ENSG00000168610.16","adipose","~ 0 + group_timepoint +  Batch + BMI + calculatedAge + codedsiteid + pct_umi_dup + RIN + Sex + (1 | pid)","group_timepointADUResist.post_3.5_4_hr - group_timepointADUResist.pre_exercise - group_timepointADUControl.post_3.5_4_hr + group_timepointADUControl.pre_exercise","Resist.post_3.5_4_hr - Control.post_3.5_4_hr (delta-delta)","exercise_with_controls","RE-CON","ADUResist","post_3.5_4_hr",0.044372314865349,-0.0254366489395091,0.114181278670207,160.252632751547,137.462320463808,1.25414556506154,7.79147166422433,1.24972972293328,0.211398295730538,0.783771706698127,"6774","STAT3","ENSG00000168610",NA,NA,NA,NA,NA,NA,NA
"transcript-rna-seq","ENSG00000168610.16","adipose","~ 0 + group_timepoint +  Batch + BMI + calculatedAge + codedsiteid + pct_umi_dup + RIN + Sex + (1 | pid)","group_timepointADUResist.post_15_30_45_min - group_timepointADUResist.pre_exercise - group_timepointADUControl.post_15_30_45_min + group_timepointADUControl.pre_exercise","Resist.post_15_30_45_min - Control.post_15_30_45_min (delta-delta)","exercise_with_controls","RE-CON","ADUResist","post_15_30_45_min",0.0647879444272048,-0.0254283509511468,0.155004239805556,160.252632751547,137.462320463808,1.41656337724513,7.79147166422433,1.41098114584313,0.158250173446288,0.795402976648089,"6774","STAT3","ENSG00000168610",NA,NA,NA,NA,NA,NA,NA
"transcript-rna-seq","ENSG00000168610.16","adipose","~ 0 + group_timepoint +  Batch + BMI + calculatedAge + codedsiteid + pct_umi_dup + RIN + Sex + (1 | pid)","group_timepointADUEndur.post_3.5_4_hr - group_timepointADUEndur.pre_exercise - group_timepointADUControl.post_3.5_4_hr + group_timepointADUControl.pre_exercise","Endur.post_3.5_4_hr - Control.post_3.5_4_hr (delta-delta)","exercise_with_controls","EE-CON","ADUEndur","post_3.5_4_hr",0.0570841430608393,-0.0157791508111129,0.129947436932791,160.252632751547,137.462320463808,1.54574163282769,7.79147166422433,1.53862921125579,0.123894842962741,0.824236774855405,"6774","STAT3","ENSG00000168610",NA,NA,NA,NA,NA,NA,NA
"transcript-rna-seq","ENSG00000176697.20","adipose","~ 0 + group_timepoint +  Batch + BMI + calculatedAge + codedsiteid + pct_umi_dup + RIN + Sex + (1 | pid)","group_timepointADUEndur.post_3.5_4_hr - group_timepointADUEndur.pre_exercise - group_timepointADUControl.post_3.5_4_hr + group_timepointADUControl.pre_exercise","Endur.post_3.5_4_hr - Control.post_3.5_4_hr (delta-delta)","exercise_with_controls","EE-CON","ADUEndur","post_3.5_4_hr",-0.249686640615272,-0.79510938012128,0.295736098890735,308,-411.586151587041,-0.900767178440822,-1.14195264015637,-0.899450379963489,0.368412814601898,0.925680548209083,"627","BDNF","ENSG00000176697",NA,NA,NA,NA,NA,NA,NA
"transcript-rna-seq","ENSG00000176697.20","adipose","~ 0 + group_timepoint +  Batch + BMI + calculatedAge + codedsiteid + pct_umi_dup + RIN + Sex + (1 | pid)","group_timepointADUResist.post_3.5_4_hr - group_timepointADUResist.pre_exercise - group_timepointADUControl.post_3.5_4_hr + group_timepointADUControl.pre_exercise","Resist.post_3.5_4_hr - Control.post_3.5_4_hr (delta-delta)","exercise_with_controls","RE-CON","ADUResist","post_3.5_4_hr",0.222790814329752,-0.301799925909957,0.747381554569461,308,-411.586151587041,0.83565525371345,-1.14195264015637,0.834509709015982,0.403993818529592,0.889957762646722,"627","BDNF","ENSG00000176697",NA,NA,NA,NA,NA,NA,NA
"transcript-rna-seq","ENSG00000176697.20","adipose","~ 0 + group_timepoint +  Batch + BMI + calculatedAge + codedsiteid + pct_umi_dup + RIN + Sex + (1 | pid)","group_timepointADUEndur.post_24_hr - group_timepointADUEndur.pre_exercise - group_timepointADUControl.post_24_hr + group_timepointADUControl.pre_exercise","Endur.post_24_hr - Control.post_24_hr (delta-delta)","exercise_with_controls","EE-CON","ADUEndur","post_24_hr",-0.636367074081709,-1.29871051879504,0.0259763706316208,308,-411.586151587041,-1.89049244436038,-1.14195264015637,-1.8835449050174,0.0596265602942119,0.999984488297589,"627","BDNF","ENSG00000176697",NA,NA,NA,NA,NA,NA,NA
"transcript-rna-seq","ENSG00000176697.20","adipose","~ 0 + group_timepoint +  Batch + BMI + calculatedAge + codedsiteid + pct_umi_dup + RIN + Sex + (1 | pid)","group_timepointADUEndur.post_15_30_45_min - group_timepointADUEndur.pre_exercise - group_timepointADUControl.post_15_30_45_min + group_timepointADUControl.pre_exercise","Endur.post_15_30_45_min - Control.post_15_30_45_min (delta-delta)","exercise_with_controls","EE-CON","ADUEndur","post_15_30_45_min",-0.983372187676462,-1.68752034740876,-0.279224027944164,308,-411.586151587041,-2.74792173987719,-1.14195264015637,-2.7291694637814,0.00634940657974166,0.374767257530755,"627","BDNF","ENSG00000176697",NA,NA,NA,NA,NA,NA,NA
"transcript-rna-seq","ENSG00000176697.20","adipose","~ 0 + group_timepoint +  Batch + BMI + calculatedAge + codedsiteid + pct_umi_dup + RIN + Sex + (1 | pid)","group_timepointADUResist.post_24_hr - group_timepointADUResist.pre_exercise - group_timepointADUControl.post_24_hr + group_timepointADUControl.pre_exercise","Resist.post_24_hr - Control.post_24_hr (delta-delta)","exercise_with_controls","RE-CON","ADUResist","post_24_hr",-0.435759670936235,-1.09593073019566,0.224411388323187,308,-411.586151587041,-1.2987962918858,-1.14195264015637,-1.29598370916879,0.194981097488272,0.999660577093274,"627","BDNF","ENSG00000176697",NA,NA,NA,NA,NA,NA,NA
"transcript-rna-seq","ENSG00000176697.20","adipose","~ 0 + group_timepoint +  Batch + BMI + calculatedAge + codedsiteid + pct_umi_dup + RIN + Sex + (1 | pid)","group_timepointADUResist.post_15_30_45_min - group_timepointADUResist.pre_exercise - group_timepointADUControl.post_15_30_45_min + group_timepointADUControl.pre_exercise","Resist.post_15_30_45_min - Control.post_15_30_45_min (delta-delta)","exercise_with_controls","RE-CON","ADUResist","post_15_30_45_min",-1.07722821529432,-1.7967474967384,-0.357708933850226,308,-411.586151587041,-2.94588487785299,-1.14195264015637,-2.92317537153792,0.00346481308563517,0.342651124327946,"627","BDNF","ENSG00000176697",NA,NA,NA,NA,NA,NA,NA
"transcript-rna-seq","ENSG00000181092.10","adipose","~ 0 + group_timepoint +  Batch + BMI + calculatedAge + codedsiteid + pct_umi_dup + RIN + Sex + (1 | pid)","group_timepointADUEndur.post_15_30_45_min - group_timepointADUEndur.pre_exercise - group_timepointADUControl.post_15_30_45_min + group_timepointADUControl.pre_exercise","Endur.post_15_30_45_min - Control.post_15_30_45_min (delta-delta)","exercise_with_controls","EE-CON","ADUEndur","post_15_30_45_min",0.122087314337712,-0.0455337737078403,0.289708402383264,159.660919463702,-62.2652651765417,1.43692519123066,11.3640373851691,1.43101936283012,0.152424665846367,0.75446739989102,"9370","ADIPOQ","ENSG00000181092",NA,NA,NA,NA,NA,NA,NA
"transcript-rna-seq","ENSG00000181092.10","adipose","~ 0 + group_timepoint +  Batch + BMI + calculatedAge + codedsiteid + pct_umi_dup + RIN + Sex + (1 | pid)","group_timepointADUResist.post_3.5_4_hr - group_timepointADUResist.pre_exercise - group_timepointADUControl.post_3.5_4_hr + group_timepointADUControl.pre_exercise","Resist.post_3.5_4_hr - Control.post_3.5_4_hr (delta-delta)","exercise_with_controls","RE-CON","ADUResist","post_3.5_4_hr",0.0725276947325657,-0.057221004390549,0.20227639385568,159.660919463702,-62.2652651765417,1.10308444855205,11.3640373851691,1.09966504333534,0.271478090856902,0.826293087309309,"9370","ADIPOQ","ENSG00000181092",NA,NA,NA,NA,NA,NA,NA
"transcript-rna-seq","ENSG00000181092.10","adipose","~ 0 + group_timepoint +  Batch + BMI + calculatedAge + codedsiteid + pct_umi_dup + RIN + Sex + (1 | pid)","group_timepointADUEndur.post_24_hr - group_timepointADUEndur.pre_exercise - group_timepointADUControl.post_24_hr + group_timepointADUControl.pre_exercise","Endur.post_24_hr - Control.post_24_hr (delta-delta)","exercise_with_controls","EE-CON","ADUEndur","post_24_hr",-0.0466519301035557,-0.204456316737167,0.111152456530055,159.660919463702,-62.2652651765417,-0.58325925153786,11.3640373851691,-0.582199557943475,0.560432271093371,0.999984488297589,"9370","ADIPOQ","ENSG00000181092",NA,NA,NA,NA,NA,NA,NA
"transcript-rna-seq","ENSG00000181092.10","adipose","~ 0 + group_timepoint +  Batch + BMI + calculatedAge + codedsiteid + pct_umi_dup + RIN + Sex + (1 | pid)","group_timepointADUResist.post_15_30_45_min - group_timepointADUResist.pre_exercise - group_timepointADUControl.post_15_30_45_min + group_timepointADUControl.pre_exercise","Resist.post_15_30_45_min - Control.post_15_30_45_min (delta-delta)","exercise_with_controls","RE-CON","ADUResist","post_15_30_45_min",0.00229527088034764,-0.165211206700678,0.169801748461373,159.660919463702,-62.2652651765417,0.0270332312856682,11.3640373851691,0.0269967343249141,0.978462338714697,0.998124596710913,"9370","ADIPOQ","ENSG00000181092",NA,NA,NA,NA,NA,NA,NA
"transcript-rna-seq","ENSG00000181092.10","adipose","~ 0 + group_timepoint +  Batch + BMI + calculatedAge + codedsiteid + pct_umi_dup + RIN + Sex + (1 | pid)","group_timepointADUResist.post_24_hr - group_timepointADUResist.pre_exercise - group_timepointADUControl.post_24_hr + group_timepointADUControl.pre_exercise","Resist.post_24_hr - Control.post_24_hr (delta-delta)","exercise_with_controls","RE-CON","ADUResist","post_24_hr",-0.113099325332108,-0.272187303345996,0.0459886526817803,159.660919463702,-62.2652651765417,-1.40256142063226,11.3640373851691,-1.39696533835629,0.162423994611182,0.999660577093274,"9370","ADIPOQ","ENSG00000181092",NA,NA,NA,NA,NA,NA,NA
"transcript-rna-seq","ENSG00000181092.10","adipose","~ 0 + group_timepoint +  Batch + BMI + calculatedAge + codedsiteid + pct_umi_dup + RIN + Sex + (1 | pid)","group_timepointADUEndur.post_3.5_4_hr - group_timepointADUEndur.pre_exercise - group_timepointADUControl.post_3.5_4_hr + group_timepointADUControl.pre_exercise","Endur.post_3.5_4_hr - Control.post_3.5_4_hr (delta-delta)","exercise_with_controls","EE-CON","ADUEndur","post_3.5_4_hr",0.077526488140796,-0.0576841496186742,0.212737125900266,159.660919463702,-62.2652651765417,1.13144079131105,11.3640373851691,1.12785238379178,0.259382266144614,0.89471489041411,"9370","ADIPOQ","ENSG00000181092",NA,NA,NA,NA,NA,NA,NA
"transcript-rna-seq","ENSG00000183091.21","adipose","~ 0 + group_timepoint +  Batch + BMI + calculatedAge + codedsiteid + pct_umi_dup + RIN + Sex + (1 | pid)","group_timepointADUResist.post_15_30_45_min - group_timepointADUResist.pre_exercise - group_timepointADUControl.post_15_30_45_min + group_timepointADUControl.pre_exercise","Resist.post_15_30_45_min - Control.post_15_30_45_min (delta-delta)","exercise_with_controls","RE-CON","ADUResist","post_15_30_45_min",0.198060092620831,-0.515088892578266,0.911209077819927,226.122462927544,-436.381092807329,0.54671706732443,0.770778998501102,0.546077934265458,0.585012366893858,0.946056210590072,"4703","NEB","ENSG00000183091",NA,NA,NA,NA,NA,NA,NA
"transcript-rna-seq","ENSG00000183091.21","adipose","~ 0 + group_timepoint +  Batch + BMI + calculatedAge + codedsiteid + pct_umi_dup + RIN + Sex + (1 | pid)","group_timepointADUResist.post_24_hr - group_timepointADUResist.pre_exercise - group_timepointADUControl.post_24_hr + group_timepointADUControl.pre_exercise","Resist.post_24_hr - Control.post_24_hr (delta-delta)","exercise_with_controls","RE-CON","ADUResist","post_24_hr",-0.669391001143017,-1.2784910692452,-0.0602909330408307,226.122462927544,-436.381092807329,-2.16342972663194,0.770778998501102,-2.15242255146959,0.0313640891163412,0.999660577093274,"4703","NEB","ENSG00000183091",NA,NA,NA,NA,NA,NA,NA
"transcript-rna-seq","ENSG00000183091.21","adipose","~ 0 + group_timepoint +  Batch + BMI + calculatedAge + codedsiteid + pct_umi_dup + RIN + Sex + (1 | pid)","group_timepointADUResist.post_3.5_4_hr - group_timepointADUResist.pre_exercise - group_timepointADUControl.post_3.5_4_hr + group_timepointADUControl.pre_exercise","Resist.post_3.5_4_hr - Control.post_3.5_4_hr (delta-delta)","exercise_with_controls","RE-CON","ADUResist","post_3.5_4_hr",-0.0315085418897131,-0.595910037685523,0.532892953906097,226.122462927544,-436.381092807329,-0.109947360203128,0.770778998501102,-0.109836718299459,0.912538870211443,0.993534670453248,"4703","NEB","ENSG00000183091",NA,NA,NA,NA,NA,NA,NA
"transcript-rna-seq","ENSG00000183091.21","adipose","~ 0 + group_timepoint +  Batch + BMI + calculatedAge + codedsiteid + pct_umi_dup + RIN + Sex + (1 | pid)","group_timepointADUEndur.post_3.5_4_hr - group_timepointADUEndur.pre_exercise - group_timepointADUControl.post_3.5_4_hr + group_timepointADUControl.pre_exercise","Endur.post_3.5_4_hr - Control.post_3.5_4_hr (delta-delta)","exercise_with_controls","EE-CON","ADUEndur","post_3.5_4_hr",0.0428106483502242,-0.543851937930106,0.629473234630555,226.122462927544,-436.381092807329,0.14370699075254,0.770778998501102,0.143563246493453,0.885845364987152,0.989202341005765,"4703","NEB","ENSG00000183091",NA,NA,NA,NA,NA,NA,NA
"transcript-rna-seq","ENSG00000183091.21","adipose","~ 0 + group_timepoint +  Batch + BMI + calculatedAge + codedsiteid + pct_umi_dup + RIN + Sex + (1 | pid)","group_timepointADUEndur.post_24_hr - group_timepointADUEndur.pre_exercise - group_timepointADUControl.post_24_hr + group_timepointADUControl.pre_exercise","Endur.post_24_hr - Control.post_24_hr (delta-delta)","exercise_with_controls","EE-CON","ADUEndur","post_24_hr",-1.05694593729079,-1.66677015259062,-0.447121721990964,226.122462927544,-436.381092807329,-3.41214189904917,0.770778998501102,-3.3734742600216,0.000742259859066426,0.999984488297589,"4703","NEB","ENSG00000183091",NA,NA,NA,NA,NA,NA,NA
"transcript-rna-seq","ENSG00000183091.21","adipose","~ 0 + group_timepoint +  Batch + BMI + calculatedAge + codedsiteid + pct_umi_dup + RIN + Sex + (1 | pid)","group_timepointADUEndur.post_15_30_45_min - group_timepointADUEndur.pre_exercise - group_timepointADUControl.post_15_30_45_min + group_timepointADUControl.pre_exercise","Endur.post_15_30_45_min - Control.post_15_30_45_min (delta-delta)","exercise_with_controls","EE-CON","ADUEndur","post_15_30_45_min",-0.209060116464864,-0.937878702381001,0.519758469451274,226.122462927544,-436.381092807329,-0.564723426211637,0.770778998501102,-0.564039658664534,0.572727142345129,0.930339565196787,"4703","NEB","ENSG00000183091",NA,NA,NA,NA,NA,NA,NA
"transcript-rna-seq","ENSG00000184557.4","adipose","~ 0 + group_timepoint +  Batch + BMI + calculatedAge + codedsiteid + pct_umi_dup + RIN + Sex + (1 | pid)","group_timepointADUResist.post_24_hr - group_timepointADUResist.pre_exercise - group_timepointADUControl.post_24_hr + group_timepointADUControl.pre_exercise","Resist.post_24_hr - Control.post_24_hr (delta-delta)","exercise_with_controls","RE-CON","ADUResist","post_24_hr",0.0264823288554159,-0.468925346370753,0.521890004081585,220.366783972535,-337.909035931714,0.105295495676376,3.25516787007438,0.105186030560345,0.916228195225499,0.999660577093274,"9021","SOCS3","ENSG00000184557",NA,NA,NA,NA,NA,NA,NA
"transcript-rna-seq","ENSG00000184557.4","adipose","~ 0 + group_timepoint +  Batch + BMI + calculatedAge + codedsiteid + pct_umi_dup + RIN + Sex + (1 | pid)","group_timepointADUResist.post_15_30_45_min - group_timepointADUResist.pre_exercise - group_timepointADUControl.post_15_30_45_min + group_timepointADUControl.pre_exercise","Resist.post_15_30_45_min - Control.post_15_30_45_min (delta-delta)","exercise_with_controls","RE-CON","ADUResist","post_15_30_45_min",0.683316974903584,0.159498992142164,1.207134957665,220.366783972535,-337.909035931714,2.56912789139203,3.25516787007438,2.54996866984328,0.0107732600077383,0.462574610367429,"9021","SOCS3","ENSG00000184557",NA,NA,NA,NA,NA,NA,NA
"transcript-rna-seq","ENSG00000184557.4","adipose","~ 0 + group_timepoint +  Batch + BMI + calculatedAge + codedsiteid + pct_umi_dup + RIN + Sex + (1 | pid)","group_timepointADUEndur.post_3.5_4_hr - group_timepointADUEndur.pre_exercise - group_timepointADUControl.post_3.5_4_hr + group_timepointADUControl.pre_exercise","Endur.post_3.5_4_hr - Control.post_3.5_4_hr (delta-delta)","exercise_with_controls","EE-CON","ADUEndur","post_3.5_4_hr",-0.0374854438457728,-0.465768967455883,0.390798079764337,220.366783972535,-337.909035931714,-0.172463064416573,3.25516787007438,-0.172268003816997,0.863226837533784,0.987109432340483,"9021","SOCS3","ENSG00000184557",NA,NA,NA,NA,NA,NA,NA
"transcript-rna-seq","ENSG00000184557.4","adipose","~ 0 + group_timepoint +  Batch + BMI + calculatedAge + codedsiteid + pct_umi_dup + RIN + Sex + (1 | pid)","group_timepointADUResist.post_3.5_4_hr - group_timepointADUResist.pre_exercise - group_timepointADUControl.post_3.5_4_hr + group_timepointADUControl.pre_exercise","Resist.post_3.5_4_hr - Control.post_3.5_4_hr (delta-delta)","exercise_with_controls","RE-CON","ADUResist","post_3.5_4_hr",0.262418183435903,-0.129801415922787,0.654637782794593,220.366783972535,-337.909035931714,1.31833399869199,3.25516787007438,1.3143886550548,0.18871544633367,0.767826008053776,"9021","SOCS3","ENSG00000184557",NA,NA,NA,NA,NA,NA,NA
"transcript-rna-seq","ENSG00000184557.4","adipose","~ 0 + group_timepoint +  Batch + BMI + calculatedAge + codedsiteid + pct_umi_dup + RIN + Sex + (1 | pid)","group_timepointADUEndur.post_24_hr - group_timepointADUEndur.pre_exercise - group_timepointADUControl.post_24_hr + group_timepointADUControl.pre_exercise","Endur.post_24_hr - Control.post_24_hr (delta-delta)","exercise_with_controls","EE-CON","ADUEndur","post_24_hr",0.0832718312136516,-0.424828257245515,0.591371919672818,220.366783972535,-337.909035931714,0.322832942526366,3.25516787007438,0.322464313405984,0.747100968809116,0.999984488297589,"9021","SOCS3","ENSG00000184557",NA,NA,NA,NA,NA,NA,NA
"transcript-rna-seq","ENSG00000184557.4","adipose","~ 0 + group_timepoint +  Batch + BMI + calculatedAge + codedsiteid + pct_umi_dup + RIN + Sex + (1 | pid)","group_timepointADUEndur.post_15_30_45_min - group_timepointADUEndur.pre_exercise - group_timepointADUControl.post_15_30_45_min + group_timepointADUControl.pre_exercise","Endur.post_15_30_45_min - Control.post_15_30_45_min (delta-delta)","exercise_with_controls","EE-CON","ADUEndur","post_15_30_45_min",0.416646662626267,-0.120467880990795,0.953761206243329,220.366783972535,-337.909035931714,1.52795319743432,3.25516787007438,1.52275379545676,0.127820313584324,0.73870894246175,"9021","SOCS3","ENSG00000184557",NA,NA,NA,NA,NA,NA,NA
"transcript-rna-seq","ENSG00000185567.7","adipose","~ 0 + group_timepoint +  Batch + BMI + calculatedAge + codedsiteid + pct_umi_dup + RIN + Sex + (1 | pid)","group_timepointADUResist.post_24_hr - group_timepointADUResist.pre_exercise - group_timepointADUControl.post_24_hr + group_timepointADUControl.pre_exercise","Resist.post_24_hr - Control.post_24_hr (delta-delta)","exercise_with_controls","RE-CON","ADUResist","post_24_hr",0.209702748031265,-0.059646897322234,0.479052393384765,160.108089590614,-225.619169097918,1.53602644647346,5.05679628991586,1.52906690497739,0.126247858725486,0.999660577093274,"113146","AHNAK2","ENSG00000185567",NA,NA,NA,NA,NA,NA,NA
"transcript-rna-seq","ENSG00000185567.7","adipose","~ 0 + group_timepoint +  Batch + BMI + calculatedAge + codedsiteid + pct_umi_dup + RIN + Sex + (1 | pid)","group_timepointADUResist.post_3.5_4_hr - group_timepointADUResist.pre_exercise - group_timepointADUControl.post_3.5_4_hr + group_timepointADUControl.pre_exercise","Resist.post_3.5_4_hr - Control.post_3.5_4_hr (delta-delta)","exercise_with_controls","RE-CON","ADUResist","post_3.5_4_hr",-0.138020782144062,-0.357680088194695,0.0816385239065718,160.108089590614,-225.619169097918,-1.23995627149829,5.05679628991586,-1.23555502765962,0.216624010143865,0.788121788451075,"113146","AHNAK2","ENSG00000185567",NA,NA,NA,NA,NA,NA,NA
"transcript-rna-seq","ENSG00000185567.7","adipose","~ 0 + group_timepoint +  Batch + BMI + calculatedAge + codedsiteid + pct_umi_dup + RIN + Sex + (1 | pid)","group_timepointADUEndur.post_24_hr - group_timepointADUEndur.pre_exercise - group_timepointADUControl.post_24_hr + group_timepointADUControl.pre_exercise","Endur.post_24_hr - Control.post_24_hr (delta-delta)","exercise_with_controls","EE-CON","ADUEndur","post_24_hr",0.262183549402924,-0.0066008504155114,0.53096794922136,160.108089590614,-225.619169097918,1.92450249054546,5.05679628991586,1.91231347428627,0.0558359985831956,0.999984488297589,"113146","AHNAK2","ENSG00000185567",NA,NA,NA,NA,NA,NA,NA
"transcript-rna-seq","ENSG00000185567.7","adipose","~ 0 + group_timepoint +  Batch + BMI + calculatedAge + codedsiteid + pct_umi_dup + RIN + Sex + (1 | pid)","group_timepointADUEndur.post_15_30_45_min - group_timepointADUEndur.pre_exercise - group_timepointADUControl.post_15_30_45_min + group_timepointADUControl.pre_exercise","Endur.post_15_30_45_min - Control.post_15_30_45_min (delta-delta)","exercise_with_controls","EE-CON","ADUEndur","post_15_30_45_min",-0.000858065876329306,-0.289503390393904,0.287787258641245,160.108089590614,-225.619169097918,-0.00586475122538285,5.05679628991586,-0.00585684475209014,0.995326940713674,0.998848141421805,"113146","AHNAK2","ENSG00000185567",NA,NA,NA,NA,NA,NA,NA
"transcript-rna-seq","ENSG00000185567.7","adipose","~ 0 + group_timepoint +  Batch + BMI + calculatedAge + codedsiteid + pct_umi_dup + RIN + Sex + (1 | pid)","group_timepointADUResist.post_15_30_45_min - group_timepointADUResist.pre_exercise - group_timepointADUControl.post_15_30_45_min + group_timepointADUControl.pre_exercise","Resist.post_15_30_45_min - Control.post_15_30_45_min (delta-delta)","exercise_with_controls","RE-CON","ADUResist","post_15_30_45_min",0.345979228278251,0.0605964887918565,0.631361967764646,160.108089590614,-225.619169097918,2.39170706423827,5.05679628991586,2.37041937896627,0.0177679184813957,0.535247778169047,"113146","AHNAK2","ENSG00000185567",NA,NA,NA,NA,NA,NA,NA
"transcript-rna-seq","ENSG00000185567.7","adipose","~ 0 + group_timepoint +  Batch + BMI + calculatedAge + codedsiteid + pct_umi_dup + RIN + Sex + (1 | pid)","group_timepointADUEndur.post_3.5_4_hr - group_timepointADUEndur.pre_exercise - group_timepointADUControl.post_3.5_4_hr + group_timepointADUControl.pre_exercise","Endur.post_3.5_4_hr - Control.post_3.5_4_hr (delta-delta)","exercise_with_controls","EE-CON","ADUEndur","post_3.5_4_hr",-0.0776781011087788,-0.306375154617336,0.151018952399779,160.108089590614,-225.619169097918,-0.670243427201427,5.05679628991586,-0.668888724641323,0.503566463290684,0.955399517670844,"113146","AHNAK2","ENSG00000185567",NA,NA,NA,NA,NA,NA,NA
"transcript-rna-seq","ENSG00000196549.13","adipose","~ 0 + group_timepoint +  Batch + BMI + calculatedAge + codedsiteid + pct_umi_dup + RIN + Sex + (1 | pid)","group_timepointADUEndur.post_3.5_4_hr - group_timepointADUEndur.pre_exercise - group_timepointADUControl.post_3.5_4_hr + group_timepointADUControl.pre_exercise","Endur.post_3.5_4_hr - Control.post_3.5_4_hr (delta-delta)","exercise_with_controls","EE-CON","ADUEndur","post_3.5_4_hr",0.0529452862587139,-0.0962168904119739,0.202107462929402,157.316101581384,-127.654209671081,0.700671764613843,7.71768879094358,0.69914040120278,0.484464292132811,0.951877503823795,"4311","MME","ENSG00000196549",NA,NA,NA,NA,NA,NA,NA
"transcript-rna-seq","ENSG00000196549.13","adipose","~ 0 + group_timepoint +  Batch + BMI + calculatedAge + codedsiteid + pct_umi_dup + RIN + Sex + (1 | pid)","group_timepointADUResist.post_3.5_4_hr - group_timepointADUResist.pre_exercise - group_timepointADUControl.post_3.5_4_hr + group_timepointADUControl.pre_exercise","Resist.post_3.5_4_hr - Control.post_3.5_4_hr (delta-delta)","exercise_with_controls","RE-CON","ADUResist","post_3.5_4_hr",0.05933232392006,-0.0837517041003331,0.202416351940453,157.316101581384,-127.654209671081,0.818571801264399,7.71768879094358,0.816561899917357,0.414178835766467,0.892091815753112,"4311","MME","ENSG00000196549",NA,NA,NA,NA,NA,NA,NA
"transcript-rna-seq","ENSG00000196549.13","adipose","~ 0 + group_timepoint +  Batch + BMI + calculatedAge + codedsiteid + pct_umi_dup + RIN + Sex + (1 | pid)","group_timepointADUResist.post_15_30_45_min - group_timepointADUResist.pre_exercise - group_timepointADUControl.post_15_30_45_min + group_timepointADUControl.pre_exercise","Resist.post_15_30_45_min - Control.post_15_30_45_min (delta-delta)","exercise_with_controls","RE-CON","ADUResist","post_15_30_45_min",-0.086344067830737,-0.271355185890157,0.0986670502286828,157.316101581384,-127.654209671081,-0.921127787864223,7.71768879094358,-0.918682701332993,0.358261560522206,0.884854901008393,"4311","MME","ENSG00000196549",NA,NA,NA,NA,NA,NA,NA
"transcript-rna-seq","ENSG00000196549.13","adipose","~ 0 + group_timepoint +  Batch + BMI + calculatedAge + codedsiteid + pct_umi_dup + RIN + Sex + (1 | pid)","group_timepointADUResist.post_24_hr - group_timepointADUResist.pre_exercise - group_timepointADUControl.post_24_hr + group_timepointADUControl.pre_exercise","Resist.post_24_hr - Control.post_24_hr (delta-delta)","exercise_with_controls","RE-CON","ADUResist","post_24_hr",-0.0454179247542514,-0.220194024253356,0.129358174744853,157.316101581384,-127.654209671081,-0.512899814266018,7.71768879094358,-0.511967636772025,0.608673659745986,0.999660577093274,"4311","MME","ENSG00000196549",NA,NA,NA,NA,NA,NA,NA
"transcript-rna-seq","ENSG00000196549.13","adipose","~ 0 + group_timepoint +  Batch + BMI + calculatedAge + codedsiteid + pct_umi_dup + RIN + Sex + (1 | pid)","group_timepointADUEndur.post_24_hr - group_timepointADUEndur.pre_exercise - group_timepointADUControl.post_24_hr + group_timepointADUControl.pre_exercise","Endur.post_24_hr - Control.post_24_hr (delta-delta)","exercise_with_controls","EE-CON","ADUEndur","post_24_hr",-0.00204009945293748,-0.175550393951834,0.171470195045959,157.316101581384,-127.654209671081,-0.0232071073202806,7.71768879094358,-0.0231735984437076,0.981511798340646,0.999984488297589,"4311","MME","ENSG00000196549",NA,NA,NA,NA,NA,NA,NA
"transcript-rna-seq","ENSG00000196549.13","adipose","~ 0 + group_timepoint +  Batch + BMI + calculatedAge + codedsiteid + pct_umi_dup + RIN + Sex + (1 | pid)","group_timepointADUEndur.post_15_30_45_min - group_timepointADUEndur.pre_exercise - group_timepointADUControl.post_15_30_45_min + group_timepointADUControl.pre_exercise","Endur.post_15_30_45_min - Control.post_15_30_45_min (delta-delta)","exercise_with_controls","EE-CON","ADUEndur","post_15_30_45_min",0.138779208583563,-0.0466526231175915,0.324211040284718,157.316101581384,-127.654209671081,1.47713267552835,7.71768879094358,1.47042087656798,0.141447800663183,0.743276511369862,"4311","MME","ENSG00000196549",NA,NA,NA,NA,NA,NA,NA
"transcript-rna-seq","ENSG00000248098.12","adipose","~ 0 + group_timepoint +  Batch + BMI + calculatedAge + codedsiteid + pct_umi_dup + RIN + Sex + (1 | pid)","group_timepointADUResist.post_3.5_4_hr - group_timepointADUResist.pre_exercise - group_timepointADUControl.post_3.5_4_hr + group_timepointADUControl.pre_exercise","Resist.post_3.5_4_hr - Control.post_3.5_4_hr (delta-delta)","exercise_with_controls","RE-CON","ADUResist","post_3.5_4_hr",0.0306313253915178,-0.0474042425049043,0.10866689328794,157.425996940441,61.574370467847,0.774812504910177,5.54831122318705,0.773008508134064,0.439517345388279,0.899633567891037,"593","BCKDHA","ENSG00000248098",NA,NA,NA,NA,NA,NA,NA
"transcript-rna-seq","ENSG00000248098.12","adipose","~ 0 + group_timepoint +  Batch + BMI + calculatedAge + codedsiteid + pct_umi_dup + RIN + Sex + (1 | pid)","group_timepointADUResist.post_24_hr - group_timepointADUResist.pre_exercise - group_timepointADUControl.post_24_hr + group_timepointADUControl.pre_exercise","Resist.post_24_hr - Control.post_24_hr (delta-delta)","exercise_with_controls","RE-CON","ADUResist","post_24_hr",-0.028883268615826,-0.124589291897296,0.0668227546656444,157.425996940441,61.574370467847,-0.595610030534487,5.54831122318705,-0.594461468673371,0.5522035062497,0.999660577093274,"593","BCKDHA","ENSG00000248098",NA,NA,NA,NA,NA,NA,NA
"transcript-rna-seq","ENSG00000248098.12","adipose","~ 0 + group_timepoint +  Batch + BMI + calculatedAge + codedsiteid + pct_umi_dup + RIN + Sex + (1 | pid)","group_timepointADUEndur.post_15_30_45_min - group_timepointADUEndur.pre_exercise - group_timepointADUControl.post_15_30_45_min + group_timepointADUControl.pre_exercise","Endur.post_15_30_45_min - Control.post_15_30_45_min (delta-delta)","exercise_with_controls","EE-CON","ADUEndur","post_15_30_45_min",0.0343213004086076,-0.0670956552131918,0.135738256030407,157.425996940441,61.574370467847,0.667877475075794,5.54831122318705,0.666508156497122,0.505086351959497,0.913150492014437,"593","BCKDHA","ENSG00000248098",NA,NA,NA,NA,NA,NA,NA
"transcript-rna-seq","ENSG00000248098.12","adipose","~ 0 + group_timepoint +  Batch + BMI + calculatedAge + codedsiteid + pct_umi_dup + RIN + Sex + (1 | pid)","group_timepointADUEndur.post_24_hr - group_timepointADUEndur.pre_exercise - group_timepointADUControl.post_24_hr + group_timepointADUControl.pre_exercise","Endur.post_24_hr - Control.post_24_hr (delta-delta)","exercise_with_controls","EE-CON","ADUEndur","post_24_hr",0.0233371954364827,-0.0722299334820539,0.118904324355019,157.425996940441,61.574370467847,0.481943122078489,5.54831122318705,0.481097371692052,0.630447295995836,0.999984488297589,"593","BCKDHA","ENSG00000248098",NA,NA,NA,NA,NA,NA,NA
"transcript-rna-seq","ENSG00000248098.12","adipose","~ 0 + group_timepoint +  Batch + BMI + calculatedAge + codedsiteid + pct_umi_dup + RIN + Sex + (1 | pid)","group_timepointADUResist.post_15_30_45_min - group_timepointADUResist.pre_exercise - group_timepointADUControl.post_15_30_45_min + group_timepointADUControl.pre_exercise","Resist.post_15_30_45_min - Control.post_15_30_45_min (delta-delta)","exercise_with_controls","RE-CON","ADUResist","post_15_30_45_min",-0.051760331955272,-0.152661290850258,0.0491406269397143,157.425996940441,61.574370467847,-1.01240144277832,5.54831122318705,-1.00949178987514,0.312738837118664,0.870210974752627,"593","BCKDHA","ENSG00000248098",NA,NA,NA,NA,NA,NA,NA
"transcript-rna-seq","ENSG00000248098.12","adipose","~ 0 + group_timepoint +  Batch + BMI + calculatedAge + codedsiteid + pct_umi_dup + RIN + Sex + (1 | pid)","group_timepointADUEndur.post_3.5_4_hr - group_timepointADUEndur.pre_exercise - group_timepointADUControl.post_3.5_4_hr + group_timepointADUControl.pre_exercise","Endur.post_3.5_4_hr - Control.post_3.5_4_hr (delta-delta)","exercise_with_controls","EE-CON","ADUEndur","post_3.5_4_hr",0.0461600469576684,-0.0354730749246012,0.127793168839938,157.425996940441,61.574370467847,1.1161209825775,5.54831122318705,1.11249453405576,0.26592557899313,0.897755669652378,"593","BCKDHA","ENSG00000248098",NA,NA,NA,NA,NA,NA,NA
"transcript-rna-seq","ENSG00000250722.6","adipose","~ 0 + group_timepoint +  Batch + BMI + calculatedAge + codedsiteid + pct_umi_dup + RIN + Sex + (1 | pid)","group_timepointADUResist.post_3.5_4_hr - group_timepointADUResist.pre_exercise - group_timepointADUControl.post_3.5_4_hr + group_timepointADUControl.pre_exercise","Resist.post_3.5_4_hr - Control.post_3.5_4_hr (delta-delta)","exercise_with_controls","RE-CON","ADUResist","post_3.5_4_hr",-0.0278797473278338,-0.118276493551604,0.0625169988959361,158.611412952492,39.3683163731359,-0.60865424852342,8.77959407257652,-0.607474944547482,0.543535765510426,0.932619852655061,"6414","SELENOP","ENSG00000250722",NA,NA,NA,NA,NA,NA,NA
"transcript-rna-seq","ENSG00000250722.6","adipose","~ 0 + group_timepoint +  Batch + BMI + calculatedAge + codedsiteid + pct_umi_dup + RIN + Sex + (1 | pid)","group_timepointADUEndur.post_15_30_45_min - group_timepointADUEndur.pre_exercise - group_timepointADUControl.post_15_30_45_min + group_timepointADUControl.pre_exercise","Endur.post_15_30_45_min - Control.post_15_30_45_min (delta-delta)","exercise_with_controls","EE-CON","ADUEndur","post_15_30_45_min",0.0144961051297461,-0.102574173191855,0.131566383451347,158.611412952492,39.3683163731359,0.244309490875518,8.77959407257652,0.243955356091579,0.80726539606212,0.972766423157869,"6414","SELENOP","ENSG00000250722",NA,NA,NA,NA,NA,NA,NA
"transcript-rna-seq","ENSG00000250722.6","adipose","~ 0 + group_timepoint +  Batch + BMI + calculatedAge + codedsiteid + pct_umi_dup + RIN + Sex + (1 | pid)","group_timepointADUResist.post_24_hr - group_timepointADUResist.pre_exercise - group_timepointADUControl.post_24_hr + group_timepointADUControl.pre_exercise","Resist.post_24_hr - Control.post_24_hr (delta-delta)","exercise_with_controls","RE-CON","ADUResist","post_24_hr",0.0664022506521285,-0.0444264464907634,0.17723094779502,158.611412952492,39.3683163731359,1.18215092924556,8.77959407257652,1.17827676956551,0.238686285826266,0.999660577093274,"6414","SELENOP","ENSG00000250722",NA,NA,NA,NA,NA,NA,NA
"transcript-rna-seq","ENSG00000250722.6","adipose","~ 0 + group_timepoint +  Batch + BMI + calculatedAge + codedsiteid + pct_umi_dup + RIN + Sex + (1 | pid)","group_timepointADUEndur.post_3.5_4_hr - group_timepointADUEndur.pre_exercise - group_timepointADUControl.post_3.5_4_hr + group_timepointADUControl.pre_exercise","Endur.post_3.5_4_hr - Control.post_3.5_4_hr (delta-delta)","exercise_with_controls","EE-CON","ADUEndur","post_3.5_4_hr",-0.00265392028329536,-0.0969401886659386,0.0916323480993479,158.611412952492,39.3683163731359,-0.0555469549605809,8.77959407257652,-0.0554684939018976,0.955765229516742,0.996746442119568,"6414","SELENOP","ENSG00000250722",NA,NA,NA,NA,NA,NA,NA
"transcript-rna-seq","ENSG00000250722.6","adipose","~ 0 + group_timepoint +  Batch + BMI + calculatedAge + codedsiteid + pct_umi_dup + RIN + Sex + (1 | pid)","group_timepointADUEndur.post_24_hr - group_timepointADUEndur.pre_exercise - group_timepointADUControl.post_24_hr + group_timepointADUControl.pre_exercise","Endur.post_24_hr - Control.post_24_hr (delta-delta)","exercise_with_controls","EE-CON","ADUEndur","post_24_hr",0.0387174989857986,-0.0713457118695191,0.148780709841116,158.611412952492,39.3683163731359,0.694092660815333,8.77959407257652,0.692678800231083,0.48851114609392,0.999984488297589,"6414","SELENOP","ENSG00000250722",NA,NA,NA,NA,NA,NA,NA
"transcript-rna-seq","ENSG00000250722.6","adipose","~ 0 + group_timepoint +  Batch + BMI + calculatedAge + codedsiteid + pct_umi_dup + RIN + Sex + (1 | pid)","group_timepointADUResist.post_15_30_45_min - group_timepointADUResist.pre_exercise - group_timepointADUControl.post_15_30_45_min + group_timepointADUControl.pre_exercise","Resist.post_15_30_45_min - Control.post_15_30_45_min (delta-delta)","exercise_with_controls","RE-CON","ADUResist","post_15_30_45_min",-0.036300874208326,-0.153146631666264,0.0805448832496119,158.611412952492,39.3683163731359,-0.612976876450541,8.77959407257652,-0.611822255398332,0.540655363407201,0.936202328775953,"6414","SELENOP","ENSG00000250722",NA,NA,NA,NA,NA,NA,NA
