"tissue","assay","platform","full_model","contrast","contrast_short","contrast_type","contrast_category","randomGroupCode","Timepoint","feature_id","logFC","CI.L_calculated","CI.R_calculated","degrees_of_freedom","logLik","t","AveExpr","z.std","p_value","adj_p_value"
"blood","metab","metab-u-hilicpos","~ 0 + group_timepoint +  BMI + calculatedAge + codedsiteid + raw_intensity_post + Sex + (1 | pid)","group_timepointADUEndur.during_20_min - group_timepointADUEndur.pre_exercise - group_timepointADUControl.during_20_min + group_timepointADUControl.pre_exercise","Endur.during_20_min - Control.during_20_min (delta-delta)","exercise_with_controls","EE-CON","ADUEndur","during_20_min","gamma-Aminobutyric acid",-0.174486830997804,-0.246763839490087,-0.102209822505521,684.066320208915,169.962847578404,-4.73999580098676,21.7907234352887,-4.70012657914835,2.60000281332913e-06,6.0666732311013e-05
"blood","metab","metab-u-hilicpos","~ 0 + group_timepoint +  BMI + calculatedAge + codedsiteid + raw_intensity_post + Sex + (1 | pid)","group_timepointADUEndur.during_20_min - group_timepointADUEndur.pre_exercise - group_timepointADUControl.during_20_min + group_timepointADUControl.pre_exercise","Endur.during_20_min - Control.during_20_min (delta-delta)","exercise_with_controls","EE-CON","ADUEndur","during_20_min","Valine",-0.0770928842641077,-0.110762435305083,-0.0434233332231325,684.089667472187,832.578401127051,-4.49564691319164,27.9105149694428,-4.46142060172325,8.14181122334238e-06,0.000167625525186461
"blood","metab","metab-u-hilicpos","~ 0 + group_timepoint +  BMI + calculatedAge + codedsiteid + raw_intensity_post + Sex + (1 | pid)","group_timepointADUEndur.during_20_min - group_timepointADUEndur.pre_exercise - group_timepointADUControl.during_20_min + group_timepointADUControl.pre_exercise","Endur.during_20_min - Control.during_20_min (delta-delta)","exercise_with_controls","EE-CON","ADUEndur","during_20_min","Alloisoleucine",0.510798512307467,0.242609914870886,0.778987109744048,692.718219947717,-737.419796376855,3.73956137776141,17.9555258964123,3.71945269103793,0.00019965493779055,0.00258811956395158
"blood","metab","metab-u-hilicpos","~ 0 + group_timepoint +  BMI + calculatedAge + codedsiteid + raw_intensity_post + Sex + (1 | pid)","group_timepointADUEndur.during_20_min - group_timepointADUEndur.pre_exercise - group_timepointADUControl.during_20_min + group_timepointADUControl.pre_exercise","Endur.during_20_min - Control.during_20_min (delta-delta)","exercise_with_controls","EE-CON","ADUEndur","during_20_min","Kynurenic acid",0.161100610880883,0.0134211611808039,0.308780060580962,684.982229528938,-324.318301838401,2.14185644494732,13.2879862705878,2.13751978981775,0.0325557378622783,0.100836356210596
"blood","metab","metab-u-hilicpos","~ 0 + group_timepoint +  BMI + calculatedAge + codedsiteid + raw_intensity_post + Sex + (1 | pid)","group_timepointADUEndur.during_20_min - group_timepointADUEndur.pre_exercise - group_timepointADUControl.during_20_min + group_timepointADUControl.pre_exercise","Endur.during_20_min - Control.during_20_min (delta-delta)","exercise_with_controls","EE-CON","ADUEndur","during_20_min","Carnitine",-0.0442017534163206,-0.0848596172520334,-0.00354388958060782,684.17696877825,698.712606770019,-2.13456940080911,24.8388232268695,-2.13025974642122,0.0331501748779306,0.101776852695401
"blood","metab","metab-u-hilicpos","~ 0 + group_timepoint +  BMI + calculatedAge + codedsiteid + raw_intensity_post + Sex + (1 | pid)","group_timepointADUEndur.during_20_min - group_timepointADUEndur.pre_exercise - group_timepointADUControl.during_20_min + group_timepointADUControl.pre_exercise","Endur.during_20_min - Control.during_20_min (delta-delta)","exercise_with_controls","EE-CON","ADUEndur","during_20_min","Leucine",-0.031954509750868,-0.0747466438371302,0.0108376243353942,684.438149407449,692.044270020507,-1.46616589758886,28.0774673391846,-1.46448581782305,0.143061255277172,0.289430285242835
"blood","metab","metab-u-hilicpos","~ 0 + group_timepoint +  BMI + calculatedAge + codedsiteid + raw_intensity_post + Sex + (1 | pid)","group_timepointADUEndur.during_20_min - group_timepointADUEndur.pre_exercise - group_timepointADUControl.during_20_min + group_timepointADUControl.pre_exercise","Endur.during_20_min - Control.during_20_min (delta-delta)","exercise_with_controls","EE-CON","ADUEndur","during_20_min","Isoleucine",-0.0346448840798494,-0.0827773653035694,0.0134875971438705,684.450286101806,592.968142846959,-1.41323761148383,27.128907915646,-1.41169752363749,0.158039042828577,0.312506581864417
"blood","metab","metab-u-hilicpos","~ 0 + group_timepoint +  BMI + calculatedAge + codedsiteid + raw_intensity_post + Sex + (1 | pid)","group_timepointADUEndur.during_20_min - group_timepointADUEndur.pre_exercise - group_timepointADUControl.during_20_min + group_timepointADUControl.pre_exercise","Endur.during_20_min - Control.during_20_min (delta-delta)","exercise_with_controls","EE-CON","ADUEndur","during_20_min","Aminobutyric acid",-0.0499614201848697,-0.120209181016278,0.0202863406465382,684.041221920767,174.87740693532,-1.39642499586139,12.7022443048987,-1.39492521125939,0.163038393635647,0.318790155153499
"blood","metab","metab-u-hilicpos","~ 0 + group_timepoint +  BMI + calculatedAge + codedsiteid + raw_intensity_post + Sex + (1 | pid)","group_timepointADUEndur.during_20_min - group_timepointADUEndur.pre_exercise - group_timepointADUControl.during_20_min + group_timepointADUControl.pre_exercise","Endur.during_20_min - Control.during_20_min (delta-delta)","exercise_with_controls","EE-CON","ADUEndur","during_20_min","beta-Leucine",-0.0380917718631437,-0.0941386400721905,0.0179550963459031,684.697301522083,481.506249028655,-1.33442403147328,19.6064808304402,-1.33307520334843,0.18250712585956,0.345283751626195
"blood","metab","metab-u-hilicpos","~ 0 + group_timepoint +  BMI + calculatedAge + codedsiteid + raw_intensity_post + Sex + (1 | pid)","group_timepointADUEndur.during_20_min - group_timepointADUEndur.pre_exercise - group_timepointADUControl.during_20_min + group_timepointADUControl.pre_exercise","Endur.during_20_min - Control.during_20_min (delta-delta)","exercise_with_controls","EE-CON","ADUEndur","during_20_min","Aminoisobutyric acid",-0.0742281675664316,-0.194729217485506,0.0462728823526425,684.184993570412,-220.840973408169,-1.20946361197237,20.6698163032554,-1.20837937842475,0.226901368150548,0.401088277033797
"blood","metab","metab-u-hilicpos","~ 0 + group_timepoint +  BMI + calculatedAge + codedsiteid + raw_intensity_post + Sex + (1 | pid)","group_timepointADUEndur.during_20_min - group_timepointADUEndur.pre_exercise - group_timepointADUControl.during_20_min + group_timepointADUControl.pre_exercise","Endur.during_20_min - Control.during_20_min (delta-delta)","exercise_with_controls","EE-CON","ADUEndur","during_20_min","3-Dehydroxycarnitine",0.0249416056780731,-0.0246079232975066,0.0744911346536529,684.159868899113,526.032563141952,0.988324224240616,19.6690573847404,0.987613150819204,0.323342143196778,0.494191048554028
"blood","metab","metab-u-hilicpos","~ 0 + group_timepoint +  BMI + calculatedAge + codedsiteid + raw_intensity_post + Sex + (1 | pid)","group_timepointADUEndur.during_20_min - group_timepointADUEndur.pre_exercise - group_timepointADUControl.during_20_min + group_timepointADUControl.pre_exercise","Endur.during_20_min - Control.during_20_min (delta-delta)","exercise_with_controls","EE-CON","ADUEndur","during_20_min","alpha-N-Phenylacetylglutamine",0.178400324864604,-0.206361736549104,0.563162386278313,685.896645394234,-1105.61441690855,0.910375053603125,22.611659963848,0.90976715727645,0.362945318476587,0.538266362147481
"blood","metab","metab-u-hilicpos","~ 0 + group_timepoint +  BMI + calculatedAge + codedsiteid + raw_intensity_post + Sex + (1 | pid)","group_timepointADUEndur.during_20_min - group_timepointADUEndur.pre_exercise - group_timepointADUControl.during_20_min + group_timepointADUControl.pre_exercise","Endur.during_20_min - Control.during_20_min (delta-delta)","exercise_with_controls","EE-CON","ADUEndur","during_20_min","Phenylalanine",-0.00706516997772866,-0.0462328020858209,0.0321024621303636,684.13753168396,720.368303123891,-0.354169159603656,27.570982626962,-0.354023849279941,0.723321010070333,0.828551061937085
"blood","metab","metab-u-hilicpos","~ 0 + group_timepoint +  BMI + calculatedAge + codedsiteid + raw_intensity_post + Sex + (1 | pid)","group_timepointADUEndur.during_20_min - group_timepointADUEndur.pre_exercise - group_timepointADUControl.during_20_min + group_timepointADUControl.pre_exercise","Endur.during_20_min - Control.during_20_min (delta-delta)","exercise_with_controls","EE-CON","ADUEndur","during_20_min","N-Acetylvaline",0.00132842229127128,-0.162500861204168,0.165157705786711,684.122000065595,-497.257888398796,0.0159206768947523,11.8397238981492,0.0159148601190559,0.987302314843414,0.992976466078147
"blood","metab","metab-u-ionpneg","~ 0 + group_timepoint +  BMI + calculatedAge + codedsiteid + raw_intensity_post + Sex + (1 | pid)","group_timepointADUEndur.during_20_min - group_timepointADUEndur.pre_exercise - group_timepointADUControl.during_20_min + group_timepointADUControl.pre_exercise","Endur.during_20_min - Control.during_20_min (delta-delta)","exercise_with_controls","EE-CON","ADUEndur","during_20_min","Lactic acid",1.14577591956137,0.989125769651708,1.30242606947102,682.187970423505,-267.209070073292,14.3613221192676,26.2936137800976,13.4126028620439,5.1016367387469e-41,1.5559992053178e-39
"blood","metab","metab-u-ionpneg","~ 0 + group_timepoint +  BMI + calculatedAge + codedsiteid + raw_intensity_post + Sex + (1 | pid)","group_timepointADUEndur.during_20_min - group_timepointADUEndur.pre_exercise - group_timepointADUControl.during_20_min + group_timepointADUControl.pre_exercise","Endur.during_20_min - Control.during_20_min (delta-delta)","exercise_with_controls","EE-CON","ADUEndur","during_20_min","Phenylpyruvic acid",0.491658518730969,0.341396605008701,0.641920432453237,675.58213974674,-269.637743370541,6.42455356591103,19.1690046032281,6.32703877220756,2.49910578276995e-10,2.54075754581612e-09
"blood","metab","metab-u-lrppos","~ 0 + group_timepoint +  BMI + calculatedAge + codedsiteid + raw_intensity_post + Sex + (1 | pid)","group_timepointADUEndur.during_20_min - group_timepointADUEndur.pre_exercise - group_timepointADUControl.during_20_min + group_timepointADUControl.pre_exercise","Endur.during_20_min - Control.during_20_min (delta-delta)","exercise_with_controls","EE-CON","ADUEndur","during_20_min","N,N-Diphenylguanidine",0.0016607205225192,-0.805508361059343,0.808829802104381,734.340302327908,-1593.5656645101,0.00403956554818781,19.6507328233614,0.00403811738352544,0.996778057241355,0.999758303764555
"blood","metab","metab-u-rpneg","~ 0 + group_timepoint +  BMI + calculatedAge + codedsiteid + raw_intensity_post + Sex + (1 | pid)","group_timepointADUEndur.during_20_min - group_timepointADUEndur.pre_exercise - group_timepointADUControl.during_20_min + group_timepointADUControl.pre_exercise","Endur.during_20_min - Control.during_20_min (delta-delta)","exercise_with_controls","EE-CON","ADUEndur","during_20_min","2-Hydroxybutyric acid",-0.969875769394609,-1.27415562422011,-0.66559591456911,675.768506939005,-875.604085897731,-6.2584092729604,20.7668498296894,-6.16881993081182,6.88015248351361e-10,7.01775553318389e-08
"blood","metab","metab-u-rpneg","~ 0 + group_timepoint +  BMI + calculatedAge + codedsiteid + raw_intensity_post + Sex + (1 | pid)","group_timepointADUEndur.during_20_min - group_timepointADUEndur.pre_exercise - group_timepointADUControl.during_20_min + group_timepointADUControl.pre_exercise","Endur.during_20_min - Control.during_20_min (delta-delta)","exercise_with_controls","EE-CON","ADUEndur","during_20_min","Ketoleucine",0.284185424223526,0.167687956642764,0.400682891804289,679.854141729317,-32.4173204992083,4.78973071352713,23.2592791537668,4.74810254648297,2.05333925763956e-06,2.9920086325605e-05
"blood","metab","metab-u-rpneg","~ 0 + group_timepoint +  BMI + calculatedAge + codedsiteid + raw_intensity_post + Sex + (1 | pid)","group_timepointADUEndur.during_20_min - group_timepointADUEndur.pre_exercise - group_timepointADUControl.during_20_min + group_timepointADUControl.pre_exercise","Endur.during_20_min - Control.during_20_min (delta-delta)","exercise_with_controls","EE-CON","ADUEndur","during_20_min","3-Hydroxybutyric acid",-0.254750197471825,-0.392332773918428,-0.117167621025222,673.977057577016,-253.542609700115,-3.63560496041014,22.4899588648771,-3.61670200568051,0.00029838047616387,0.00202898723791431
"blood","metab","metab-u-rpneg","~ 0 + group_timepoint +  BMI + calculatedAge + codedsiteid + raw_intensity_post + Sex + (1 | pid)","group_timepointADUEndur.during_20_min - group_timepointADUEndur.pre_exercise - group_timepointADUControl.during_20_min + group_timepointADUControl.pre_exercise","Endur.during_20_min - Control.during_20_min (delta-delta)","exercise_with_controls","EE-CON","ADUEndur","during_20_min","gamma-Glutamylisoleucine",-0.0917810369332823,-0.305977352248915,0.12241527838235,685.090106323577,-520.948034432795,-0.841310192627535,14.1065324247605,-0.840786739323654,0.400467417291875,0.617143394386684
"blood","metab","metab-u-rpneg","~ 0 + group_timepoint +  BMI + calculatedAge + codedsiteid + raw_intensity_post + Sex + (1 | pid)","group_timepointADUEndur.during_20_min - group_timepointADUEndur.pre_exercise - group_timepointADUControl.during_20_min + group_timepointADUControl.pre_exercise","Endur.during_20_min - Control.during_20_min (delta-delta)","exercise_with_controls","EE-CON","ADUEndur","during_20_min","gamma-Glutamylleucine",-0.120306378558713,-0.414677499075063,0.174064741957638,701.320034630674,-751.470138826929,-0.802424795316441,16.5346900207371,-0.801946892444985,0.422583679266993,0.63387551890049
"blood","metab","metab-u-rpneg","~ 0 + group_timepoint +  BMI + calculatedAge + codedsiteid + raw_intensity_post + Sex + (1 | pid)","group_timepointADUEndur.during_20_min - group_timepointADUEndur.pre_exercise - group_timepointADUControl.during_20_min + group_timepointADUControl.pre_exercise","Endur.during_20_min - Control.during_20_min (delta-delta)","exercise_with_controls","EE-CON","ADUEndur","during_20_min","Hydroxyphenyllactic acid",-0.111346385701946,-0.500488898012746,0.277796126608854,686.042256139846,-1016.50705986946,-0.561810207015398,18.9895043717175,-0.561538411768399,0.574430552280116,0.764089676268736
"blood","metab","metab-u-rpneg","~ 0 + group_timepoint +  BMI + calculatedAge + codedsiteid + raw_intensity_post + Sex + (1 | pid)","group_timepointADUEndur.during_20_min - group_timepointADUEndur.pre_exercise - group_timepointADUControl.during_20_min + group_timepointADUControl.pre_exercise","Endur.during_20_min - Control.during_20_min (delta-delta)","exercise_with_controls","EE-CON","ADUEndur","during_20_min","Leucine/Isoleucine",0.0157269130641389,-0.0724830788181396,0.103936904946417,676.792101791428,179.846831650876,0.350065305591457,22.2566062933702,0.349920570015426,0.726398309147244,0.821188558786048
"blood","metab","metab-u-rpneg","~ 0 + group_timepoint +  BMI + calculatedAge + codedsiteid + raw_intensity_post + Sex + (1 | pid)","group_timepointADUEndur.during_20_min - group_timepointADUEndur.pre_exercise - group_timepointADUControl.during_20_min + group_timepointADUControl.pre_exercise","Endur.during_20_min - Control.during_20_min (delta-delta)","exercise_with_controls","EE-CON","ADUEndur","during_20_min","Phenylacetic acid",-0.0258081429118047,-0.174075439357526,0.122459153533917,674.508245539638,-298.642576091638,-0.341771169835092,16.274749105315,-0.341630463791526,0.732629008328729,0.821188558786048
"blood","metab","metab-u-rpneg","~ 0 + group_timepoint +  BMI + calculatedAge + codedsiteid + raw_intensity_post + Sex + (1 | pid)","group_timepointADUEndur.during_20_min - group_timepointADUEndur.pre_exercise - group_timepointADUControl.during_20_min + group_timepointADUControl.pre_exercise","Endur.during_20_min - Control.during_20_min (delta-delta)","exercise_with_controls","EE-CON","ADUEndur","during_20_min","Phenyllactic acid",0.00292603407884684,-0.200340069511117,0.206192137668811,673.370079387047,-621.104056736497,0.0282642693666302,17.3939250509258,0.028253850653608,0.977459687733848,0.979986272464065
"blood","metab","metab-u-rppos","~ 0 + group_timepoint +  BMI + calculatedAge + codedsiteid + raw_intensity_post + Sex + (1 | pid)","group_timepointADUEndur.during_20_min - group_timepointADUEndur.pre_exercise - group_timepointADUControl.during_20_min + group_timepointADUControl.pre_exercise","Endur.during_20_min - Control.during_20_min (delta-delta)","exercise_with_controls","EE-CON","ADUEndur","during_20_min","N-Acetylleucine",0.372944686536769,0.178175193217682,0.567714179855857,682.708348789867,-451.058454758308,3.75964022894113,14.8937247851881,3.73892014026032,0.00018481242033375,0.00496353357467786
"blood","metab","metab-u-rppos","~ 0 + group_timepoint +  BMI + calculatedAge + codedsiteid + raw_intensity_post + Sex + (1 | pid)","group_timepointADUEndur.during_20_min - group_timepointADUEndur.pre_exercise - group_timepointADUControl.during_20_min + group_timepointADUControl.pre_exercise","Endur.during_20_min - Control.during_20_min (delta-delta)","exercise_with_controls","EE-CON","ADUEndur","during_20_min","Kynurenine",0.117185829900553,0.0154242300166163,0.218947429784489,672.821492945058,-14.5933393829796,2.26108904039157,19.3574929289604,2.255996558376,0.0240708466712267,0.137130884066383
"blood","metab","metab-u-rppos","~ 0 + group_timepoint +  BMI + calculatedAge + codedsiteid + raw_intensity_post + Sex + (1 | pid)","group_timepointADUEndur.during_20_min - group_timepointADUEndur.pre_exercise - group_timepointADUControl.during_20_min + group_timepointADUControl.pre_exercise","Endur.during_20_min - Control.during_20_min (delta-delta)","exercise_with_controls","EE-CON","ADUEndur","during_20_min","Indolelactic acid",0.119705468379802,0.0116321982148687,0.227778738544736,672.623255548135,-76.412333339818,2.17481587365298,18.3381484658351,2.17022119784251,0.0299900929672589,0.152382093995802
"blood","metab","metab-u-rppos","~ 0 + group_timepoint +  BMI + calculatedAge + codedsiteid + raw_intensity_post + Sex + (1 | pid)","group_timepointADUEndur.during_20_min - group_timepointADUEndur.pre_exercise - group_timepointADUControl.during_20_min + group_timepointADUControl.pre_exercise","Endur.during_20_min - Control.during_20_min (delta-delta)","exercise_with_controls","EE-CON","ADUEndur","during_20_min","2-Hydroxy-3-methylbutyric acid",-0.0587416427549527,-0.198795644396072,0.0813123588861662,679.653022643168,-189.716915982779,-0.823520096548055,16.8519397547098,-0.823011050079019,0.410501709611382,0.760544245913059
"blood","metab","metab-u-rppos","~ 0 + group_timepoint +  BMI + calculatedAge + codedsiteid + raw_intensity_post + Sex + (1 | pid)","group_timepointADUEndur.during_20_min - group_timepointADUEndur.pre_exercise - group_timepointADUControl.during_20_min + group_timepointADUControl.pre_exercise","Endur.during_20_min - Control.during_20_min (delta-delta)","exercise_with_controls","EE-CON","ADUEndur","during_20_min","3-Hydroxyphenyl valeric acid",-0.0906362577469189,-0.333872646393117,0.152600130899279,672.220710185339,-796.373433843247,-0.731644332553951,15.3674328910659,-0.731228971119784,0.464639307144984,0.786956664353667
"blood","metab","metab-u-hilicpos","~ 0 + group_timepoint +  BMI + calculatedAge + codedsiteid + raw_intensity_post + Sex + (1 | pid)","group_timepointADUEndur.during_40_min - group_timepointADUEndur.pre_exercise - group_timepointADUControl.during_40_min + group_timepointADUControl.pre_exercise","Endur.during_40_min - Control.during_40_min (delta-delta)","exercise_with_controls","EE-CON","ADUEndur","during_40_min","gamma-Aminobutyric acid",-0.245054726388464,-0.317840872012388,-0.17226858076454,684.066320208915,169.962847578404,-6.61042823351718,21.7907234352887,-6.50625242465615,7.70487170826862e-11,1.68544068618376e-09
"blood","metab","metab-u-hilicpos","~ 0 + group_timepoint +  BMI + calculatedAge + codedsiteid + raw_intensity_post + Sex + (1 | pid)","group_timepointADUEndur.during_40_min - group_timepointADUEndur.pre_exercise - group_timepointADUControl.during_40_min + group_timepointADUControl.pre_exercise","Endur.during_40_min - Control.during_40_min (delta-delta)","exercise_with_controls","EE-CON","ADUEndur","during_40_min","Valine",-0.0932736301717725,-0.12717992318026,-0.0593673371632852,684.089667472187,832.578401127051,-5.40124055969828,27.9105149694428,-5.34316539866565,9.13373498372001e-08,1.10234732562138e-06
"blood","metab","metab-u-hilicpos","~ 0 + group_timepoint +  BMI + calculatedAge + codedsiteid + raw_intensity_post + Sex + (1 | pid)","group_timepointADUEndur.during_40_min - group_timepointADUEndur.pre_exercise - group_timepointADUControl.during_40_min + group_timepointADUControl.pre_exercise","Endur.during_40_min - Control.during_40_min (delta-delta)","exercise_with_controls","EE-CON","ADUEndur","during_40_min","Kynurenic acid",0.31989491550514,0.171207700301172,0.468582130709107,684.982229528938,-324.318301838401,4.22421597755614,13.2879862705878,4.19569624768604,2.72034623191685e-05,0.000216391177538841
"blood","metab","metab-u-hilicpos","~ 0 + group_timepoint +  BMI + calculatedAge + codedsiteid + raw_intensity_post + Sex + (1 | pid)","group_timepointADUEndur.during_40_min - group_timepointADUEndur.pre_exercise - group_timepointADUControl.during_40_min + group_timepointADUControl.pre_exercise","Endur.during_40_min - Control.during_40_min (delta-delta)","exercise_with_controls","EE-CON","ADUEndur","during_40_min","Alloisoleucine",0.521289222941018,0.251408799446219,0.791169646435817,692.718219947717,-737.419796376855,3.79242286612749,17.9555258964123,3.77154755298098,0.000162238231509878,0.0010919880967011
"blood","metab","metab-u-hilicpos","~ 0 + group_timepoint +  BMI + calculatedAge + codedsiteid + raw_intensity_post + Sex + (1 | pid)","group_timepointADUEndur.during_40_min - group_timepointADUEndur.pre_exercise - group_timepointADUControl.during_40_min + group_timepointADUControl.pre_exercise","Endur.during_40_min - Control.during_40_min (delta-delta)","exercise_with_controls","EE-CON","ADUEndur","during_40_min","Aminobutyric acid",-0.128095760321555,-0.19883954625658,-0.0573519743865307,684.041221920767,174.87740693532,-3.55518000401499,12.7022443048987,-3.53767521355523,0.00040366626099355,0.00235471985579571
"blood","metab","metab-u-hilicpos","~ 0 + group_timepoint +  BMI + calculatedAge + codedsiteid + raw_intensity_post + Sex + (1 | pid)","group_timepointADUEndur.during_40_min - group_timepointADUEndur.pre_exercise - group_timepointADUControl.during_40_min + group_timepointADUControl.pre_exercise","Endur.during_40_min - Control.during_40_min (delta-delta)","exercise_with_controls","EE-CON","ADUEndur","during_40_min","3-Dehydroxycarnitine",0.0765469453156591,0.0266505419742539,0.126443348657064,684.159868899113,526.032563141952,3.01212383948363,19.6690573847404,3.00115384706533,0.00268958639574634,0.0115173122827701
"blood","metab","metab-u-hilicpos","~ 0 + group_timepoint +  BMI + calculatedAge + codedsiteid + raw_intensity_post + Sex + (1 | pid)","group_timepointADUEndur.during_40_min - group_timepointADUEndur.pre_exercise - group_timepointADUControl.during_40_min + group_timepointADUControl.pre_exercise","Endur.during_40_min - Control.during_40_min (delta-delta)","exercise_with_controls","EE-CON","ADUEndur","during_40_min","Aminoisobutyric acid",-0.179580747667533,-0.300924258305551,-0.0582372370295145,684.184993570412,-220.840973408169,-2.90574654268306,20.6698163032554,-2.89581652665889,0.00378173431706141,0.0157572263210892
"blood","metab","metab-u-hilicpos","~ 0 + group_timepoint +  BMI + calculatedAge + codedsiteid + raw_intensity_post + Sex + (1 | pid)","group_timepointADUEndur.during_40_min - group_timepointADUEndur.pre_exercise - group_timepointADUControl.during_40_min + group_timepointADUControl.pre_exercise","Endur.during_40_min - Control.during_40_min (delta-delta)","exercise_with_controls","EE-CON","ADUEndur","during_40_min","Carnitine",-0.0561745349278908,-0.097116767554094,-0.0152323023016876,684.17696877825,698.712606770019,-2.69390900416398,24.8388232268695,-2.68584723732832,0.00723461574892753,0.0281346168013848
"blood","metab","metab-u-hilicpos","~ 0 + group_timepoint +  BMI + calculatedAge + codedsiteid + raw_intensity_post + Sex + (1 | pid)","group_timepointADUEndur.during_40_min - group_timepointADUEndur.pre_exercise - group_timepointADUControl.during_40_min + group_timepointADUControl.pre_exercise","Endur.during_40_min - Control.during_40_min (delta-delta)","exercise_with_controls","EE-CON","ADUEndur","during_40_min","Phenylalanine",0.0478719098830247,0.00842973540344367,0.0873140843626057,684.13753168396,720.368303123891,2.38306017781889,27.570982626962,2.37728352461838,0.0174406767131672,0.0533318327756478
"blood","metab","metab-u-hilicpos","~ 0 + group_timepoint +  BMI + calculatedAge + codedsiteid + raw_intensity_post + Sex + (1 | pid)","group_timepointADUEndur.during_40_min - group_timepointADUEndur.pre_exercise - group_timepointADUControl.during_40_min + group_timepointADUControl.pre_exercise","Endur.during_40_min - Control.during_40_min (delta-delta)","exercise_with_controls","EE-CON","ADUEndur","during_40_min","Isoleucine",-0.0572296655902278,-0.105695151288351,-0.00876417989210423,684.450286101806,592.968142846959,-2.31847477543674,27.128907915646,-2.3131184590885,0.0207161270882776,0.0594315121385013
"blood","metab","metab-u-hilicpos","~ 0 + group_timepoint +  BMI + calculatedAge + codedsiteid + raw_intensity_post + Sex + (1 | pid)","group_timepointADUEndur.during_40_min - group_timepointADUEndur.pre_exercise - group_timepointADUControl.during_40_min + group_timepointADUControl.pre_exercise","Endur.during_40_min - Control.during_40_min (delta-delta)","exercise_with_controls","EE-CON","ADUEndur","during_40_min","Leucine",-0.0479931694244264,-0.0910814772740581,-0.00490486157479481,684.438149407449,692.044270020507,-2.18692711726911,28.0774673391846,-2.18233884618383,0.0290845340434942,0.0789115264745966
"blood","metab","metab-u-hilicpos","~ 0 + group_timepoint +  BMI + calculatedAge + codedsiteid + raw_intensity_post + Sex + (1 | pid)","group_timepointADUEndur.during_40_min - group_timepointADUEndur.pre_exercise - group_timepointADUControl.during_40_min + group_timepointADUControl.pre_exercise","Endur.during_40_min - Control.during_40_min (delta-delta)","exercise_with_controls","EE-CON","ADUEndur","during_40_min","beta-Leucine",-0.0603122861965275,-0.11674418148696,-0.00388039090609531,684.697301522083,481.506249028655,-2.09842990582325,19.6064808304402,-2.09432021595074,0.036231464658955,0.0932427399311341
"blood","metab","metab-u-hilicpos","~ 0 + group_timepoint +  BMI + calculatedAge + codedsiteid + raw_intensity_post + Sex + (1 | pid)","group_timepointADUEndur.during_40_min - group_timepointADUEndur.pre_exercise - group_timepointADUControl.during_40_min + group_timepointADUControl.pre_exercise","Endur.during_40_min - Control.during_40_min (delta-delta)","exercise_with_controls","EE-CON","ADUEndur","during_40_min","alpha-N-Phenylacetylglutamine",0.294572988317785,-0.0927722390285681,0.681918215664139,685.896645394234,-1105.61441690855,1.49317436681733,22.611659963848,1.49141793577324,0.135851802042379,0.235386785716993
"blood","metab","metab-u-hilicpos","~ 0 + group_timepoint +  BMI + calculatedAge + codedsiteid + raw_intensity_post + Sex + (1 | pid)","group_timepointADUEndur.during_40_min - group_timepointADUEndur.pre_exercise - group_timepointADUControl.during_40_min + group_timepointADUControl.pre_exercise","Endur.during_40_min - Control.during_40_min (delta-delta)","exercise_with_controls","EE-CON","ADUEndur","during_40_min","N-Acetylvaline",0.0735907947243319,-0.0913879184977898,0.238569507946454,684.122000065595,-497.257888398796,0.87581456778315,11.8397238981492,0.875249736776164,0.381438036275578,0.540499241686041
"blood","metab","metab-u-ionpneg","~ 0 + group_timepoint +  BMI + calculatedAge + codedsiteid + raw_intensity_post + Sex + (1 | pid)","group_timepointADUEndur.during_40_min - group_timepointADUEndur.pre_exercise - group_timepointADUControl.during_40_min + group_timepointADUControl.pre_exercise","Endur.during_40_min - Control.during_40_min (delta-delta)","exercise_with_controls","EE-CON","ADUEndur","during_40_min","Lactic acid",1.10235146666247,0.944254634074809,1.26044829925012,682.187970423505,-267.209070073292,13.6905580061443,26.2936137800976,12.8593582226358,7.62067485771161e-38,2.32430583160204e-36
"blood","metab","metab-u-ionpneg","~ 0 + group_timepoint +  BMI + calculatedAge + codedsiteid + raw_intensity_post + Sex + (1 | pid)","group_timepointADUEndur.during_40_min - group_timepointADUEndur.pre_exercise - group_timepointADUControl.during_40_min + group_timepointADUControl.pre_exercise","Endur.during_40_min - Control.during_40_min (delta-delta)","exercise_with_controls","EE-CON","ADUEndur","during_40_min","Phenylpyruvic acid",0.387338273578909,0.23566374032361,0.539012806834207,675.58213974674,-269.637743370541,5.01424076104812,19.1690046032281,4.96663717944338,6.8123869401324e-07,4.15555603348076e-06
"blood","metab","metab-u-lrppos","~ 0 + group_timepoint +  BMI + calculatedAge + codedsiteid + raw_intensity_post + Sex + (1 | pid)","group_timepointADUEndur.during_40_min - group_timepointADUEndur.pre_exercise - group_timepointADUControl.during_40_min + group_timepointADUControl.pre_exercise","Endur.during_40_min - Control.during_40_min (delta-delta)","exercise_with_controls","EE-CON","ADUEndur","during_40_min","N,N-Diphenylguanidine",-0.109886262186677,-0.919203975575961,0.699431451202607,734.340302327908,-1593.5656645101,-0.266580313578639,19.6507328233614,-0.266477810090157,0.789871246749643,0.958940199877863
"blood","metab","metab-u-rpneg","~ 0 + group_timepoint +  BMI + calculatedAge + codedsiteid + raw_intensity_post + Sex + (1 | pid)","group_timepointADUEndur.during_40_min - group_timepointADUEndur.pre_exercise - group_timepointADUControl.during_40_min + group_timepointADUControl.pre_exercise","Endur.during_40_min - Control.during_40_min (delta-delta)","exercise_with_controls","EE-CON","ADUEndur","during_40_min","2-Hydroxybutyric acid",-0.731809040223354,-1.03572355616671,-0.427894524279999,675.768506939005,-875.604085897731,-4.72789134111368,20.7668498296894,-4.68802646088141,2.75852357301928e-06,9.37898014826555e-05
"blood","metab","metab-u-rpneg","~ 0 + group_timepoint +  BMI + calculatedAge + codedsiteid + raw_intensity_post + Sex + (1 | pid)","group_timepointADUEndur.during_40_min - group_timepointADUEndur.pre_exercise - group_timepointADUControl.during_40_min + group_timepointADUControl.pre_exercise","Endur.during_40_min - Control.during_40_min (delta-delta)","exercise_with_controls","EE-CON","ADUEndur","during_40_min","Ketoleucine",0.265883452575544,0.149523265962701,0.382243639188386,679.854141729317,-32.4173204992083,4.48655366629008,23.2592791537668,4.45205732268592,8.50514524211689e-06,0.000216881203673981
"blood","metab","metab-u-rpneg","~ 0 + group_timepoint +  BMI + calculatedAge + codedsiteid + raw_intensity_post + Sex + (1 | pid)","group_timepointADUEndur.during_40_min - group_timepointADUEndur.pre_exercise - group_timepointADUControl.during_40_min + group_timepointADUControl.pre_exercise","Endur.during_40_min - Control.during_40_min (delta-delta)","exercise_with_controls","EE-CON","ADUEndur","during_40_min","3-Hydroxybutyric acid",-0.257190218429855,-0.394605560294133,-0.119774876565577,673.977057577016,-253.542609700115,-3.67489456071189,22.4899588648771,-3.65540417190944,0.000256777113138661,0.00374160936287764
"blood","metab","metab-u-rpneg","~ 0 + group_timepoint +  BMI + calculatedAge + codedsiteid + raw_intensity_post + Sex + (1 | pid)","group_timepointADUEndur.during_40_min - group_timepointADUEndur.pre_exercise - group_timepointADUControl.during_40_min + group_timepointADUControl.pre_exercise","Endur.during_40_min - Control.during_40_min (delta-delta)","exercise_with_controls","EE-CON","ADUEndur","during_40_min","Phenylacetic acid",0.171172878239624,0.0230850418997845,0.319260714579463,674.508245539638,-298.642576091638,2.26954962305043,16.274749105315,2.26442179694791,0.0235481846064004,0.114376896659659
"blood","metab","metab-u-rpneg","~ 0 + group_timepoint +  BMI + calculatedAge + codedsiteid + raw_intensity_post + Sex + (1 | pid)","group_timepointADUEndur.during_40_min - group_timepointADUEndur.pre_exercise - group_timepointADUControl.during_40_min + group_timepointADUControl.pre_exercise","Endur.during_40_min - Control.during_40_min (delta-delta)","exercise_with_controls","EE-CON","ADUEndur","during_40_min","Leucine/Isoleucine",-0.0930733354556033,-0.181177991139193,-0.00496867977201317,676.792101791428,179.846831650876,-2.07419659985364,22.2566062933702,-2.07015722929674,0.0384376230708379,0.140960277762455
"blood","metab","metab-u-rpneg","~ 0 + group_timepoint +  BMI + calculatedAge + codedsiteid + raw_intensity_post + Sex + (1 | pid)","group_timepointADUEndur.during_40_min - group_timepointADUEndur.pre_exercise - group_timepointADUControl.during_40_min + group_timepointADUControl.pre_exercise","Endur.during_40_min - Control.during_40_min (delta-delta)","exercise_with_controls","EE-CON","ADUEndur","during_40_min","Hydroxyphenyllactic acid",0.177589497524799,-0.211103591832404,0.566282586882003,686.042256139846,-1016.50705986946,0.897083532185484,18.9895043717175,0.896488167853074,0.369992096883891,0.542744404635006
"blood","metab","metab-u-rpneg","~ 0 + group_timepoint +  BMI + calculatedAge + codedsiteid + raw_intensity_post + Sex + (1 | pid)","group_timepointADUEndur.during_40_min - group_timepointADUEndur.pre_exercise - group_timepointADUControl.during_40_min + group_timepointADUControl.pre_exercise","Endur.during_40_min - Control.during_40_min (delta-delta)","exercise_with_controls","EE-CON","ADUEndur","during_40_min","gamma-Glutamylleucine",-0.12806709869707,-0.422109675991832,0.165975478597692,701.320034630674,-751.470138826929,-0.855142614084104,16.5346900207371,-0.854606051201628,0.39276927649953,0.542744404635006
"blood","metab","metab-u-rpneg","~ 0 + group_timepoint +  BMI + calculatedAge + codedsiteid + raw_intensity_post + Sex + (1 | pid)","group_timepointADUEndur.during_40_min - group_timepointADUEndur.pre_exercise - group_timepointADUControl.during_40_min + group_timepointADUControl.pre_exercise","Endur.during_40_min - Control.during_40_min (delta-delta)","exercise_with_controls","EE-CON","ADUEndur","during_40_min","gamma-Glutamylisoleucine",-0.0477210425970078,-0.26166929825873,0.166227213064714,685.090106323577,-520.948034432795,-0.437941988221031,14.1065324247605,-0.437751725917406,0.661566268573462,0.78956482362786
"blood","metab","metab-u-rpneg","~ 0 + group_timepoint +  BMI + calculatedAge + codedsiteid + raw_intensity_post + Sex + (1 | pid)","group_timepointADUEndur.during_40_min - group_timepointADUEndur.pre_exercise - group_timepointADUControl.during_40_min + group_timepointADUControl.pre_exercise","Endur.during_40_min - Control.during_40_min (delta-delta)","exercise_with_controls","EE-CON","ADUEndur","during_40_min","Phenyllactic acid",-0.0158836663503834,-0.21890111955839,0.187133786857623,673.370079387047,-621.104056736497,-0.153617524215355,17.3939250509258,-0.153559605822193,0.877956988963302,0.979032403186526
"blood","metab","metab-u-rppos","~ 0 + group_timepoint +  BMI + calculatedAge + codedsiteid + raw_intensity_post + Sex + (1 | pid)","group_timepointADUEndur.during_40_min - group_timepointADUEndur.pre_exercise - group_timepointADUControl.during_40_min + group_timepointADUControl.pre_exercise","Endur.during_40_min - Control.during_40_min (delta-delta)","exercise_with_controls","EE-CON","ADUEndur","during_40_min","N-Acetylleucine",0.262650564494171,0.0672259842752001,0.458075144713142,682.708348789867,-451.058454758308,2.63889096325541,14.8937247851881,2.63120027232168,0.00850838805112346,0.0499867798003503
"blood","metab","metab-u-rppos","~ 0 + group_timepoint +  BMI + calculatedAge + codedsiteid + raw_intensity_post + Sex + (1 | pid)","group_timepointADUEndur.during_40_min - group_timepointADUEndur.pre_exercise - group_timepointADUControl.during_40_min + group_timepointADUControl.pre_exercise","Endur.during_40_min - Control.during_40_min (delta-delta)","exercise_with_controls","EE-CON","ADUEndur","during_40_min","3-Hydroxyphenyl valeric acid",-0.22740016647171,-0.471492864787137,0.0166925318437163,672.220710185339,-796.373433843247,-1.82920550175198,15.3674328910659,-1.82627224376385,0.0678092639791891,0.236076696816436
"blood","metab","metab-u-rppos","~ 0 + group_timepoint +  BMI + calculatedAge + codedsiteid + raw_intensity_post + Sex + (1 | pid)","group_timepointADUEndur.during_40_min - group_timepointADUEndur.pre_exercise - group_timepointADUControl.during_40_min + group_timepointADUControl.pre_exercise","Endur.during_40_min - Control.during_40_min (delta-delta)","exercise_with_controls","EE-CON","ADUEndur","during_40_min","Indolelactic acid",0.0790066838128141,-0.0294449999524423,0.18745836757807,672.623255548135,-76.412333339818,1.43038910214831,18.3381484658351,1.42877957650502,0.153067597463425,0.396015789229308
"blood","metab","metab-u-rppos","~ 0 + group_timepoint +  BMI + calculatedAge + codedsiteid + raw_intensity_post + Sex + (1 | pid)","group_timepointADUEndur.during_40_min - group_timepointADUEndur.pre_exercise - group_timepointADUControl.during_40_min + group_timepointADUControl.pre_exercise","Endur.during_40_min - Control.during_40_min (delta-delta)","exercise_with_controls","EE-CON","ADUEndur","during_40_min","Kynurenine",-0.015882301548551,-0.117999517869398,0.0862349147722957,672.821492945058,-14.5933393829796,-0.305380150022857,19.3574929289604,-0.305256712353633,0.760170641993073,0.887652675122346
"blood","metab","metab-u-rppos","~ 0 + group_timepoint +  BMI + calculatedAge + codedsiteid + raw_intensity_post + Sex + (1 | pid)","group_timepointADUEndur.during_40_min - group_timepointADUEndur.pre_exercise - group_timepointADUControl.during_40_min + group_timepointADUControl.pre_exercise","Endur.during_40_min - Control.during_40_min (delta-delta)","exercise_with_controls","EE-CON","ADUEndur","during_40_min","2-Hydroxy-3-methylbutyric acid",0.0141209993315954,-0.126407886830443,0.154649885493634,679.653022643168,-189.716915982779,0.19729815941078,16.8519397547098,0.197222675666647,0.843653286482575,0.925852151741096
"blood","metab","metab-u-hilicpos","~ 0 + group_timepoint +  BMI + calculatedAge + codedsiteid + raw_intensity_post + Sex + (1 | pid)","group_timepointADUEndur.post_10_min - group_timepointADUEndur.pre_exercise - group_timepointADUControl.post_10_min + group_timepointADUControl.pre_exercise","Endur.post_10_min - Control.post_10_min (delta-delta)","exercise_with_controls","EE-CON","ADUEndur","post_10_min","Kynurenic acid",0.447768611987165,0.298868084599839,0.59666913937449,684.982229528938,-324.318301838401,5.90433101162131,13.2879862705878,5.82936410301871,5.56389858938465e-09,9.73682253142314e-08
"blood","metab","metab-u-hilicpos","~ 0 + group_timepoint +  BMI + calculatedAge + codedsiteid + raw_intensity_post + Sex + (1 | pid)","group_timepointADUEndur.post_10_min - group_timepointADUEndur.pre_exercise - group_timepointADUControl.post_10_min + group_timepointADUControl.pre_exercise","Endur.post_10_min - Control.post_10_min (delta-delta)","exercise_with_controls","EE-CON","ADUEndur","post_10_min","gamma-Aminobutyric acid",-0.215665685963103,-0.288539092871104,-0.142792279055102,684.066320208915,169.962847578404,-5.81068684066296,21.7907234352887,-5.73890544346291,9.52904017478075e-09,1.58817336246346e-07
"blood","metab","metab-u-hilicpos","~ 0 + group_timepoint +  BMI + calculatedAge + codedsiteid + raw_intensity_post + Sex + (1 | pid)","group_timepointADUEndur.post_10_min - group_timepointADUEndur.pre_exercise - group_timepointADUControl.post_10_min + group_timepointADUControl.pre_exercise","Endur.post_10_min - Control.post_10_min (delta-delta)","exercise_with_controls","EE-CON","ADUEndur","post_10_min","Aminobutyric acid",-0.165048429717762,-0.235875732935457,-0.0942211265000678,684.041221920767,174.87740693532,-4.57536802895346,12.7022443048987,-4.53936187051926,5.64247288770915e-06,5.64247288770915e-05
"blood","metab","metab-u-hilicpos","~ 0 + group_timepoint +  BMI + calculatedAge + codedsiteid + raw_intensity_post + Sex + (1 | pid)","group_timepointADUEndur.post_10_min - group_timepointADUEndur.pre_exercise - group_timepointADUControl.post_10_min + group_timepointADUControl.pre_exercise","Endur.post_10_min - Control.post_10_min (delta-delta)","exercise_with_controls","EE-CON","ADUEndur","post_10_min","Valine",-0.0596470762310979,-0.093594493896171,-0.0256996585660248,684.089667472187,832.578401127051,-3.4498297861033,27.9105149694428,-3.4337512014665,0.000595290325770891,0.00408532576509435
"blood","metab","metab-u-hilicpos","~ 0 + group_timepoint +  BMI + calculatedAge + codedsiteid + raw_intensity_post + Sex + (1 | pid)","group_timepointADUEndur.post_10_min - group_timepointADUEndur.pre_exercise - group_timepointADUControl.post_10_min + group_timepointADUControl.pre_exercise","Endur.post_10_min - Control.post_10_min (delta-delta)","exercise_with_controls","EE-CON","ADUEndur","post_10_min","Alloisoleucine",0.421520109627686,0.151113925048585,0.691926294206786,692.718219947717,-737.419796376855,3.06064458625725,17.9555258964123,3.04921867861151,0.00229437405774499,0.0138453606932888
"blood","metab","metab-u-hilicpos","~ 0 + group_timepoint +  BMI + calculatedAge + codedsiteid + raw_intensity_post + Sex + (1 | pid)","group_timepointADUEndur.post_10_min - group_timepointADUEndur.pre_exercise - group_timepointADUControl.post_10_min + group_timepointADUControl.pre_exercise","Endur.post_10_min - Control.post_10_min (delta-delta)","exercise_with_controls","EE-CON","ADUEndur","post_10_min","Carnitine",-0.0637664503611255,-0.10475998789464,-0.0227729128276113,684.17696877825,698.712606770019,-3.0541630366381,24.8388232268695,-3.04274328910658,0.00234432228793395,0.013906996623337
"blood","metab","metab-u-hilicpos","~ 0 + group_timepoint +  BMI + calculatedAge + codedsiteid + raw_intensity_post + Sex + (1 | pid)","group_timepointADUEndur.post_10_min - group_timepointADUEndur.pre_exercise - group_timepointADUControl.post_10_min + group_timepointADUControl.pre_exercise","Endur.post_10_min - Control.post_10_min (delta-delta)","exercise_with_controls","EE-CON","ADUEndur","post_10_min","Phenylalanine",0.059365040799392,0.0198740905216161,0.0988559910771679,684.13753168396,720.368303123891,2.95153990449143,27.570982626962,2.94115612699835,0.00326989676819908,0.0187617027683554
"blood","metab","metab-u-hilicpos","~ 0 + group_timepoint +  BMI + calculatedAge + codedsiteid + raw_intensity_post + Sex + (1 | pid)","group_timepointADUEndur.post_10_min - group_timepointADUEndur.pre_exercise - group_timepointADUControl.post_10_min + group_timepointADUControl.pre_exercise","Endur.post_10_min - Control.post_10_min (delta-delta)","exercise_with_controls","EE-CON","ADUEndur","post_10_min","Aminoisobutyric acid",-0.177997315719391,-0.299493259136498,-0.0565013723022847,684.184993570412,-220.840973408169,-2.8765147596377,20.6698163032554,-2.86685404838048,0.00414574154990716,0.0218536202772452
"blood","metab","metab-u-hilicpos","~ 0 + group_timepoint +  BMI + calculatedAge + codedsiteid + raw_intensity_post + Sex + (1 | pid)","group_timepointADUEndur.post_10_min - group_timepointADUEndur.pre_exercise - group_timepointADUControl.post_10_min + group_timepointADUControl.pre_exercise","Endur.post_10_min - Control.post_10_min (delta-delta)","exercise_with_controls","EE-CON","ADUEndur","post_10_min","N-Acetylvaline",0.192502771510561,0.0273212178794391,0.357684325141684,684.122000065595,-497.257888398796,2.28819153500902,11.8397238981492,2.28299880176685,0.0224304389421475,0.0892119730653594
"blood","metab","metab-u-hilicpos","~ 0 + group_timepoint +  BMI + calculatedAge + codedsiteid + raw_intensity_post + Sex + (1 | pid)","group_timepointADUEndur.post_10_min - group_timepointADUEndur.pre_exercise - group_timepointADUControl.post_10_min + group_timepointADUControl.pre_exercise","Endur.post_10_min - Control.post_10_min (delta-delta)","exercise_with_controls","EE-CON","ADUEndur","post_10_min","3-Dehydroxycarnitine",0.0505172168195998,0.000558631394158862,0.100475802245041,684.159868899113,526.032563141952,1.98538106715778,19.6690573847404,1.98181780600415,0.0474996358414076,0.156838420231063
"blood","metab","metab-u-hilicpos","~ 0 + group_timepoint +  BMI + calculatedAge + codedsiteid + raw_intensity_post + Sex + (1 | pid)","group_timepointADUEndur.post_10_min - group_timepointADUEndur.pre_exercise - group_timepointADUControl.post_10_min + group_timepointADUControl.pre_exercise","Endur.post_10_min - Control.post_10_min (delta-delta)","exercise_with_controls","EE-CON","ADUEndur","post_10_min","alpha-N-Phenylacetylglutamine",0.250258556858864,-0.137686901085922,0.638204014803649,685.896645394234,-1105.61441690855,1.26658767268023,22.611659963848,1.26538386820703,0.2057337551535,0.410586346852331
"blood","metab","metab-u-hilicpos","~ 0 + group_timepoint +  BMI + calculatedAge + codedsiteid + raw_intensity_post + Sex + (1 | pid)","group_timepointADUEndur.post_10_min - group_timepointADUEndur.pre_exercise - group_timepointADUControl.post_10_min + group_timepointADUControl.pre_exercise","Endur.post_10_min - Control.post_10_min (delta-delta)","exercise_with_controls","EE-CON","ADUEndur","post_10_min","beta-Leucine",-0.0347757131535076,-0.0912858415889377,0.0217344152819225,684.697301522083,481.506249028655,-1.20826954309073,19.6064808304402,-1.20718880270632,0.227359441689146,0.423275556336175
"blood","metab","metab-u-hilicpos","~ 0 + group_timepoint +  BMI + calculatedAge + codedsiteid + raw_intensity_post + Sex + (1 | pid)","group_timepointADUEndur.post_10_min - group_timepointADUEndur.pre_exercise - group_timepointADUControl.post_10_min + group_timepointADUControl.pre_exercise","Endur.post_10_min - Control.post_10_min (delta-delta)","exercise_with_controls","EE-CON","ADUEndur","post_10_min","Isoleucine",-0.0255476535208281,-0.0740778125271975,0.0229825054855413,684.450286101806,592.968142846959,-1.03360278759953,27.128907915646,-1.03282494056528,0.301685829877286,0.507849356865852
"blood","metab","metab-u-hilicpos","~ 0 + group_timepoint +  BMI + calculatedAge + codedsiteid + raw_intensity_post + Sex + (1 | pid)","group_timepointADUEndur.post_10_min - group_timepointADUEndur.pre_exercise - group_timepointADUControl.post_10_min + group_timepointADUControl.pre_exercise","Endur.post_10_min - Control.post_10_min (delta-delta)","exercise_with_controls","EE-CON","ADUEndur","post_10_min","Leucine",-0.0183585865101996,-0.0615042669235386,0.0247870939031394,684.438149407449,692.044270020507,-0.835443073023652,28.0774673391846,-0.834926423979081,0.40375913592881,0.60971056172337
"blood","metab","metab-u-ionpneg","~ 0 + group_timepoint +  BMI + calculatedAge + codedsiteid + raw_intensity_post + Sex + (1 | pid)","group_timepointADUEndur.post_10_min - group_timepointADUEndur.pre_exercise - group_timepointADUControl.post_10_min + group_timepointADUControl.pre_exercise","Endur.post_10_min - Control.post_10_min (delta-delta)","exercise_with_controls","EE-CON","ADUEndur","post_10_min","Lactic acid",0.858626670134878,0.699967151101535,1.01728618916822,682.187970423505,-267.209070073292,10.6258106991541,26.2936137800976,10.2157445112163,1.68579978511437e-24,3.42779289639923e-23
"blood","metab","metab-u-ionpneg","~ 0 + group_timepoint +  BMI + calculatedAge + codedsiteid + raw_intensity_post + Sex + (1 | pid)","group_timepointADUEndur.post_10_min - group_timepointADUEndur.pre_exercise - group_timepointADUControl.post_10_min + group_timepointADUControl.pre_exercise","Endur.post_10_min - Control.post_10_min (delta-delta)","exercise_with_controls","EE-CON","ADUEndur","post_10_min","Phenylpyruvic acid",0.213152945579349,0.0609314288240509,0.365374462334647,675.58213974674,-269.637743370541,2.74942897910716,19.1690046032281,2.74076656080176,0.00612960394367819,0.0149562336225748
"blood","metab","metab-u-lrppos","~ 0 + group_timepoint +  BMI + calculatedAge + codedsiteid + raw_intensity_post + Sex + (1 | pid)","group_timepointADUEndur.post_10_min - group_timepointADUEndur.pre_exercise - group_timepointADUControl.post_10_min + group_timepointADUControl.pre_exercise","Endur.post_10_min - Control.post_10_min (delta-delta)","exercise_with_controls","EE-CON","ADUEndur","post_10_min","N,N-Diphenylguanidine",0.0636173297248455,-0.748286617026323,0.875521276476014,734.340302327908,-1593.5656645101,0.153842587018409,19.6507328233614,0.153785894595738,0.877778556007864,0.99774739175427
"blood","metab","metab-u-rpneg","~ 0 + group_timepoint +  BMI + calculatedAge + codedsiteid + raw_intensity_post + Sex + (1 | pid)","group_timepointADUEndur.post_10_min - group_timepointADUEndur.pre_exercise - group_timepointADUControl.post_10_min + group_timepointADUControl.pre_exercise","Endur.post_10_min - Control.post_10_min (delta-delta)","exercise_with_controls","EE-CON","ADUEndur","post_10_min","Leucine/Isoleucine",-0.205778537301335,-0.294396261151328,-0.117160813451341,676.792101791428,179.846831650876,-4.5593458750327,22.2566062933702,-4.52334892899874,6.086876970919e-06,0.000155215362758435
"blood","metab","metab-u-rpneg","~ 0 + group_timepoint +  BMI + calculatedAge + codedsiteid + raw_intensity_post + Sex + (1 | pid)","group_timepointADUEndur.post_10_min - group_timepointADUEndur.pre_exercise - group_timepointADUControl.post_10_min + group_timepointADUControl.pre_exercise","Endur.post_10_min - Control.post_10_min (delta-delta)","exercise_with_controls","EE-CON","ADUEndur","post_10_min","Ketoleucine",0.2668299990404,0.149798307704661,0.38386169037614,679.854141729317,-32.4173204992083,4.47668504225204,23.2592791537668,4.44243227399246,8.89476351768779e-06,0.000181453175760831
"blood","metab","metab-u-rpneg","~ 0 + group_timepoint +  BMI + calculatedAge + codedsiteid + raw_intensity_post + Sex + (1 | pid)","group_timepointADUEndur.post_10_min - group_timepointADUEndur.pre_exercise - group_timepointADUControl.post_10_min + group_timepointADUControl.pre_exercise","Endur.post_10_min - Control.post_10_min (delta-delta)","exercise_with_controls","EE-CON","ADUEndur","post_10_min","3-Hydroxybutyric acid",-0.117922750687676,-0.256148740940406,0.0203032395650548,673.977057577016,-253.542609700115,-1.67507137115284,22.4899588648771,-1.67272140152458,0.0943821540795966,0.271131505537406
"blood","metab","metab-u-rpneg","~ 0 + group_timepoint +  BMI + calculatedAge + codedsiteid + raw_intensity_post + Sex + (1 | pid)","group_timepointADUEndur.post_10_min - group_timepointADUEndur.pre_exercise - group_timepointADUControl.post_10_min + group_timepointADUControl.pre_exercise","Endur.post_10_min - Control.post_10_min (delta-delta)","exercise_with_controls","EE-CON","ADUEndur","post_10_min","Phenylacetic acid",0.118127571932979,-0.0308310545482735,0.267086198414231,674.508245539638,-298.642576091638,1.55707470753581,16.274749105315,1.55511262466819,0.119919248751239,0.330588199260174
"blood","metab","metab-u-rpneg","~ 0 + group_timepoint +  BMI + calculatedAge + codedsiteid + raw_intensity_post + Sex + (1 | pid)","group_timepointADUEndur.post_10_min - group_timepointADUEndur.pre_exercise - group_timepointADUControl.post_10_min + group_timepointADUControl.pre_exercise","Endur.post_10_min - Control.post_10_min (delta-delta)","exercise_with_controls","EE-CON","ADUEndur","post_10_min","Hydroxyphenyllactic acid",0.156549993133691,-0.234356490868448,0.54745647713583,686.042256139846,-1016.50705986946,0.786324508935846,18.9895043717175,0.785856988531835,0.431951275294871,0.677831232001183
"blood","metab","metab-u-rpneg","~ 0 + group_timepoint +  BMI + calculatedAge + codedsiteid + raw_intensity_post + Sex + (1 | pid)","group_timepointADUEndur.post_10_min - group_timepointADUEndur.pre_exercise - group_timepointADUControl.post_10_min + group_timepointADUControl.pre_exercise","Endur.post_10_min - Control.post_10_min (delta-delta)","exercise_with_controls","EE-CON","ADUEndur","post_10_min","gamma-Glutamylisoleucine",-0.0402109456817641,-0.255379731692776,0.174957840329248,685.090106323577,-520.948034432795,-0.366927027252887,14.1065324247605,-0.366775402322269,0.713786556986827,0.93341318990585
"blood","metab","metab-u-rpneg","~ 0 + group_timepoint +  BMI + calculatedAge + codedsiteid + raw_intensity_post + Sex + (1 | pid)","group_timepointADUEndur.post_10_min - group_timepointADUEndur.pre_exercise - group_timepointADUControl.post_10_min + group_timepointADUControl.pre_exercise","Endur.post_10_min - Control.post_10_min (delta-delta)","exercise_with_controls","EE-CON","ADUEndur","post_10_min","Phenyllactic acid",-0.0147938315528613,-0.219015078135723,0.18942741503,673.370079387047,-621.104056736497,-0.142233856319087,17.3939250509258,-0.142180416116715,0.886937500303371,0.971966691061027
"blood","metab","metab-u-rpneg","~ 0 + group_timepoint +  BMI + calculatedAge + codedsiteid + raw_intensity_post + Sex + (1 | pid)","group_timepointADUEndur.post_10_min - group_timepointADUEndur.pre_exercise - group_timepointADUControl.post_10_min + group_timepointADUControl.pre_exercise","Endur.post_10_min - Control.post_10_min (delta-delta)","exercise_with_controls","EE-CON","ADUEndur","post_10_min","gamma-Glutamylleucine",-0.0158429747283151,-0.311522420899024,0.279836471442394,701.320034630674,-751.470138826929,-0.105202425060453,16.5346900207371,-0.105163913570066,0.9162457446975,0.971966691061027
"blood","metab","metab-u-rpneg","~ 0 + group_timepoint +  BMI + calculatedAge + codedsiteid + raw_intensity_post + Sex + (1 | pid)","group_timepointADUEndur.post_10_min - group_timepointADUEndur.pre_exercise - group_timepointADUControl.post_10_min + group_timepointADUControl.pre_exercise","Endur.post_10_min - Control.post_10_min (delta-delta)","exercise_with_controls","EE-CON","ADUEndur","post_10_min","2-Hydroxybutyric acid",0.00467798885432558,-0.301013133955332,0.310369111663983,675.768506939005,-875.604085897731,0.0300467249031052,20.7668498296894,0.0300356845427453,0.976038593850882,0.995559365727899
"blood","metab","metab-u-rppos","~ 0 + group_timepoint +  BMI + calculatedAge + codedsiteid + raw_intensity_post + Sex + (1 | pid)","group_timepointADUEndur.post_10_min - group_timepointADUEndur.pre_exercise - group_timepointADUControl.post_10_min + group_timepointADUControl.pre_exercise","Endur.post_10_min - Control.post_10_min (delta-delta)","exercise_with_controls","EE-CON","ADUEndur","post_10_min","N-Acetylleucine",0.325978860100999,0.128874482811605,0.523083237390394,682.708348789867,-451.058454758308,3.24724074007865,14.8937247851881,3.23357738603941,0.00122250210759255,0.00883963062413076
"blood","metab","metab-u-rppos","~ 0 + group_timepoint +  BMI + calculatedAge + codedsiteid + raw_intensity_post + Sex + (1 | pid)","group_timepointADUEndur.post_10_min - group_timepointADUEndur.pre_exercise - group_timepointADUControl.post_10_min + group_timepointADUControl.pre_exercise","Endur.post_10_min - Control.post_10_min (delta-delta)","exercise_with_controls","EE-CON","ADUEndur","post_10_min","2-Hydroxy-3-methylbutyric acid",-0.222987447764812,-0.364731689357597,-0.0812432061720268,679.653022643168,-189.716915982779,-3.08885401434981,16.8519397547098,-3.07696125390929,0.00209122481499373,0.0135569056972007
"blood","metab","metab-u-rppos","~ 0 + group_timepoint +  BMI + calculatedAge + codedsiteid + raw_intensity_post + Sex + (1 | pid)","group_timepointADUEndur.post_10_min - group_timepointADUEndur.pre_exercise - group_timepointADUControl.post_10_min + group_timepointADUControl.pre_exercise","Endur.post_10_min - Control.post_10_min (delta-delta)","exercise_with_controls","EE-CON","ADUEndur","post_10_min","Kynurenine",-0.146417548657904,-0.249436341440143,-0.0433987558756659,672.821492945058,-14.5933393829796,-2.79063331682467,19.3574929289604,-2.78162101887482,0.00540881605799582,0.0290530691115204
"blood","metab","metab-u-rppos","~ 0 + group_timepoint +  BMI + calculatedAge + codedsiteid + raw_intensity_post + Sex + (1 | pid)","group_timepointADUEndur.post_10_min - group_timepointADUEndur.pre_exercise - group_timepointADUControl.post_10_min + group_timepointADUControl.pre_exercise","Endur.post_10_min - Control.post_10_min (delta-delta)","exercise_with_controls","EE-CON","ADUEndur","post_10_min","3-Hydroxyphenyl valeric acid",-0.172584729430383,-0.418841502220576,0.0736720433598097,672.220710185339,-796.373433843247,-1.3760701613969,15.3674328910659,-1.3745995793008,0.169255619119534,0.397750704930906
"blood","metab","metab-u-rppos","~ 0 + group_timepoint +  BMI + calculatedAge + codedsiteid + raw_intensity_post + Sex + (1 | pid)","group_timepointADUEndur.post_10_min - group_timepointADUEndur.pre_exercise - group_timepointADUControl.post_10_min + group_timepointADUControl.pre_exercise","Endur.post_10_min - Control.post_10_min (delta-delta)","exercise_with_controls","EE-CON","ADUEndur","post_10_min","Indolelactic acid",0.0357929995281054,-0.0736172902248723,0.145203289281083,672.623255548135,-76.412333339818,0.642342094525366,18.3381484658351,0.642006609701832,0.520868891385053,0.759095748685193
"blood","metab","metab-u-hilicpos","~ 0 + group_timepoint +  BMI + calculatedAge + codedsiteid + raw_intensity_post + Sex + (1 | pid)","group_timepointADUEndur.post_15_30_45_min - group_timepointADUEndur.pre_exercise - group_timepointADUControl.post_15_30_45_min + group_timepointADUControl.pre_exercise","Endur.post_15_30_45_min - Control.post_15_30_45_min (delta-delta)","exercise_with_controls","EE-CON","ADUEndur","post_15_30_45_min","gamma-Aminobutyric acid",-0.199264997808939,-0.270953075774644,-0.127576919843234,684.066320208915,169.962847578404,-5.45757402019745,21.7907234352887,-5.39768560273617,6.75060256534622e-08,2.59094705949981e-06
"blood","metab","metab-u-hilicpos","~ 0 + group_timepoint +  BMI + calculatedAge + codedsiteid + raw_intensity_post + Sex + (1 | pid)","group_timepointADUEndur.post_15_30_45_min - group_timepointADUEndur.pre_exercise - group_timepointADUControl.post_15_30_45_min + group_timepointADUControl.pre_exercise","Endur.post_15_30_45_min - Control.post_15_30_45_min (delta-delta)","exercise_with_controls","EE-CON","ADUEndur","post_15_30_45_min","Aminobutyric acid",-0.164442534572323,-0.234117503774095,-0.094767565370552,684.041221920767,174.87740693532,-4.63396515950902,12.7022443048987,-4.59661402781776,4.2941201551433e-06,9.39338783937597e-05
"blood","metab","metab-u-hilicpos","~ 0 + group_timepoint +  BMI + calculatedAge + codedsiteid + raw_intensity_post + Sex + (1 | pid)","group_timepointADUEndur.post_15_30_45_min - group_timepointADUEndur.pre_exercise - group_timepointADUControl.post_15_30_45_min + group_timepointADUControl.pre_exercise","Endur.post_15_30_45_min - Control.post_15_30_45_min (delta-delta)","exercise_with_controls","EE-CON","ADUEndur","post_15_30_45_min","Phenylalanine",0.0804547571848673,0.0416057977633196,0.119303716606415,684.13753168396,720.368303123891,4.06619220307691,27.570982626962,4.04051785930039,5.33333032351525e-05,0.000848484369650154
"blood","metab","metab-u-hilicpos","~ 0 + group_timepoint +  BMI + calculatedAge + codedsiteid + raw_intensity_post + Sex + (1 | pid)","group_timepointADUEndur.post_15_30_45_min - group_timepointADUEndur.pre_exercise - group_timepointADUControl.post_15_30_45_min + group_timepointADUControl.pre_exercise","Endur.post_15_30_45_min - Control.post_15_30_45_min (delta-delta)","exercise_with_controls","EE-CON","ADUEndur","post_15_30_45_min","Kynurenic acid",0.294206072128997,0.147717201336601,0.440694942921392,684.982229528938,-324.318301838401,3.94330719875787,13.2879862705878,3.91984763683643,8.86049673800367e-05,0.0012921557742922
"blood","metab","metab-u-hilicpos","~ 0 + group_timepoint +  BMI + calculatedAge + codedsiteid + raw_intensity_post + Sex + (1 | pid)","group_timepointADUEndur.post_15_30_45_min - group_timepointADUEndur.pre_exercise - group_timepointADUControl.post_15_30_45_min + group_timepointADUControl.pre_exercise","Endur.post_15_30_45_min - Control.post_15_30_45_min (delta-delta)","exercise_with_controls","EE-CON","ADUEndur","post_15_30_45_min","Aminoisobutyric acid",-0.225009737054517,-0.344531163432134,-0.1054883106769,684.184993570412,-220.840973408169,-3.69632872137832,20.6698163032554,-3.67678108102148,0.000236195573684508,0.00330673803158311
"blood","metab","metab-u-hilicpos","~ 0 + group_timepoint +  BMI + calculatedAge + codedsiteid + raw_intensity_post + Sex + (1 | pid)","group_timepointADUEndur.post_15_30_45_min - group_timepointADUEndur.pre_exercise - group_timepointADUControl.post_15_30_45_min + group_timepointADUControl.pre_exercise","Endur.post_15_30_45_min - Control.post_15_30_45_min (delta-delta)","exercise_with_controls","EE-CON","ADUEndur","post_15_30_45_min","Valine",-0.056773644440753,-0.090168996690703,-0.0233782921908029,684.089667472187,832.578401127051,-3.33792110077051,27.9105149694428,-3.32327007500018,0.000889687321138978,0.00973095507495757
"blood","metab","metab-u-hilicpos","~ 0 + group_timepoint +  BMI + calculatedAge + codedsiteid + raw_intensity_post + Sex + (1 | pid)","group_timepointADUEndur.post_15_30_45_min - group_timepointADUEndur.pre_exercise - group_timepointADUControl.post_15_30_45_min + group_timepointADUControl.pre_exercise","Endur.post_15_30_45_min - Control.post_15_30_45_min (delta-delta)","exercise_with_controls","EE-CON","ADUEndur","post_15_30_45_min","beta-Leucine",-0.0781399820205877,-0.133733898434752,-0.0225460656064234,684.697301522083,481.506249028655,-2.75969047408155,19.6064808304402,-2.75108236467997,0.00593987063954614,0.0425721715612051
"blood","metab","metab-u-hilicpos","~ 0 + group_timepoint +  BMI + calculatedAge + codedsiteid + raw_intensity_post + Sex + (1 | pid)","group_timepointADUEndur.post_15_30_45_min - group_timepointADUEndur.pre_exercise - group_timepointADUControl.post_15_30_45_min + group_timepointADUControl.pre_exercise","Endur.post_15_30_45_min - Control.post_15_30_45_min (delta-delta)","exercise_with_controls","EE-CON","ADUEndur","post_15_30_45_min","Leucine",-0.0589776030341049,-0.10142300149836,-0.0165322045698499,684.438149407449,692.044270020507,-2.72817132307106,28.0774673391846,-2.7198226100647,0.00653169456344561,0.0444789621987228
"blood","metab","metab-u-hilicpos","~ 0 + group_timepoint +  BMI + calculatedAge + codedsiteid + raw_intensity_post + Sex + (1 | pid)","group_timepointADUEndur.post_15_30_45_min - group_timepointADUEndur.pre_exercise - group_timepointADUControl.post_15_30_45_min + group_timepointADUControl.pre_exercise","Endur.post_15_30_45_min - Control.post_15_30_45_min (delta-delta)","exercise_with_controls","EE-CON","ADUEndur","post_15_30_45_min","3-Dehydroxycarnitine",0.0606722496995715,0.0115257042400452,0.109818795159098,684.159868899113,526.032563141952,2.42388380163269,19.6690573847404,2.41783969857359,0.0156129532233201,0.0867386290184448
"blood","metab","metab-u-hilicpos","~ 0 + group_timepoint +  BMI + calculatedAge + codedsiteid + raw_intensity_post + Sex + (1 | pid)","group_timepointADUEndur.post_15_30_45_min - group_timepointADUEndur.pre_exercise - group_timepointADUControl.post_15_30_45_min + group_timepointADUControl.pre_exercise","Endur.post_15_30_45_min - Control.post_15_30_45_min (delta-delta)","exercise_with_controls","EE-CON","ADUEndur","post_15_30_45_min","Alloisoleucine",0.315434803691399,0.0493333673097408,0.581536240073058,692.718219947717,-737.419796376855,2.32742130631874,17.9555258964123,2.32201732824286,0.0202320025977054,0.106498484234831
"blood","metab","metab-u-hilicpos","~ 0 + group_timepoint +  BMI + calculatedAge + codedsiteid + raw_intensity_post + Sex + (1 | pid)","group_timepointADUEndur.post_15_30_45_min - group_timepointADUEndur.pre_exercise - group_timepointADUControl.post_15_30_45_min + group_timepointADUControl.pre_exercise","Endur.post_15_30_45_min - Control.post_15_30_45_min (delta-delta)","exercise_with_controls","EE-CON","ADUEndur","post_15_30_45_min","Isoleucine",-0.0499385153337997,-0.0976810415436747,-0.00219598912392464,684.450286101806,592.968142846959,-2.05373684642978,27.128907915646,-2.04984594322919,0.0403794666671562,0.16717169859237
"blood","metab","metab-u-hilicpos","~ 0 + group_timepoint +  BMI + calculatedAge + codedsiteid + raw_intensity_post + Sex + (1 | pid)","group_timepointADUEndur.post_15_30_45_min - group_timepointADUEndur.pre_exercise - group_timepointADUControl.post_15_30_45_min + group_timepointADUControl.pre_exercise","Endur.post_15_30_45_min - Control.post_15_30_45_min (delta-delta)","exercise_with_controls","EE-CON","ADUEndur","post_15_30_45_min","Carnitine",-0.0352649853444866,-0.0755922749697868,0.00506230428081351,684.17696877825,698.712606770019,-1.7169599044752,24.8388232268695,-1.7144933816373,0.0864381515413337,0.262985126510881
"blood","metab","metab-u-hilicpos","~ 0 + group_timepoint +  BMI + calculatedAge + codedsiteid + raw_intensity_post + Sex + (1 | pid)","group_timepointADUEndur.post_15_30_45_min - group_timepointADUEndur.pre_exercise - group_timepointADUControl.post_15_30_45_min + group_timepointADUControl.pre_exercise","Endur.post_15_30_45_min - Control.post_15_30_45_min (delta-delta)","exercise_with_controls","EE-CON","ADUEndur","post_15_30_45_min","N-Acetylvaline",0.110201805632727,-0.0522941586324434,0.272697769897897,684.122000065595,-497.257888398796,1.33156739531809,11.8397238981492,1.33021990227157,0.18344582862006,0.401287750106382
"blood","metab","metab-u-hilicpos","~ 0 + group_timepoint +  BMI + calculatedAge + codedsiteid + raw_intensity_post + Sex + (1 | pid)","group_timepointADUEndur.post_15_30_45_min - group_timepointADUEndur.pre_exercise - group_timepointADUControl.post_15_30_45_min + group_timepointADUControl.pre_exercise","Endur.post_15_30_45_min - Control.post_15_30_45_min (delta-delta)","exercise_with_controls","EE-CON","ADUEndur","post_15_30_45_min","alpha-N-Phenylacetylglutamine",0.250749804706359,-0.130930069137424,0.632429678550142,685.896645394234,-1105.61441690855,1.2899083559773,22.611659963848,1.28865352787493,0.197518565378995,0.418978775046353
"blood","metab","metab-u-ionpneg","~ 0 + group_timepoint +  BMI + calculatedAge + codedsiteid + raw_intensity_post + Sex + (1 | pid)","group_timepointADUEndur.post_15_30_45_min - group_timepointADUEndur.pre_exercise - group_timepointADUControl.post_15_30_45_min + group_timepointADUControl.pre_exercise","Endur.post_15_30_45_min - Control.post_15_30_45_min (delta-delta)","exercise_with_controls","EE-CON","ADUEndur","post_15_30_45_min","Lactic acid",0.522563164804598,0.367050065670847,0.67807626393835,682.187970423505,-267.209070073292,6.59778586763622,26.2936137800976,6.49272765929675,8.42959945505344e-11,1.71401855586087e-09
"blood","metab","metab-u-ionpneg","~ 0 + group_timepoint +  BMI + calculatedAge + codedsiteid + raw_intensity_post + Sex + (1 | pid)","group_timepointADUEndur.post_15_30_45_min - group_timepointADUEndur.pre_exercise - group_timepointADUControl.post_15_30_45_min + group_timepointADUControl.pre_exercise","Endur.post_15_30_45_min - Control.post_15_30_45_min (delta-delta)","exercise_with_controls","EE-CON","ADUEndur","post_15_30_45_min","Phenylpyruvic acid",0.180269681739606,0.031113908276113,0.329425455203099,675.58213974674,-269.637743370541,2.37307495203406,19.1690046032281,2.36726150071529,0.0179202659196192,0.0520541057665128
"blood","metab","metab-u-lrppos","~ 0 + group_timepoint +  BMI + calculatedAge + codedsiteid + raw_intensity_post + Sex + (1 | pid)","group_timepointADUEndur.post_15_30_45_min - group_timepointADUEndur.pre_exercise - group_timepointADUControl.post_15_30_45_min + group_timepointADUControl.pre_exercise","Endur.post_15_30_45_min - Control.post_15_30_45_min (delta-delta)","exercise_with_controls","EE-CON","ADUEndur","post_15_30_45_min","N,N-Diphenylguanidine",-0.397724477571881,-1.19732647575774,0.401877520613978,734.340302327908,-1593.5656645101,-0.976604326552622,19.6507328233614,-0.975913810964786,0.329107177434114,0.795103629872237
"blood","metab","metab-u-rpneg","~ 0 + group_timepoint +  BMI + calculatedAge + codedsiteid + raw_intensity_post + Sex + (1 | pid)","group_timepointADUEndur.post_15_30_45_min - group_timepointADUEndur.pre_exercise - group_timepointADUControl.post_15_30_45_min + group_timepointADUControl.pre_exercise","Endur.post_15_30_45_min - Control.post_15_30_45_min (delta-delta)","exercise_with_controls","EE-CON","ADUEndur","post_15_30_45_min","Leucine/Isoleucine",-0.284401162370536,-0.371833546235463,-0.196968778505608,676.792101791428,179.846831650876,-6.3867985701409,22.2566062933702,-6.29142188971277,3.14571094775466e-10,1.60431258335488e-08
"blood","metab","metab-u-rpneg","~ 0 + group_timepoint +  BMI + calculatedAge + codedsiteid + raw_intensity_post + Sex + (1 | pid)","group_timepointADUEndur.post_15_30_45_min - group_timepointADUEndur.pre_exercise - group_timepointADUControl.post_15_30_45_min + group_timepointADUControl.pre_exercise","Endur.post_15_30_45_min - Control.post_15_30_45_min (delta-delta)","exercise_with_controls","EE-CON","ADUEndur","post_15_30_45_min","Phenylacetic acid",0.281244427967103,0.134298873394943,0.428189982539263,674.508245539638,-298.642576091638,3.75795872357497,16.274749105315,3.73721925929189,0.000186066659671574,0.00379575985730012
"blood","metab","metab-u-rpneg","~ 0 + group_timepoint +  BMI + calculatedAge + codedsiteid + raw_intensity_post + Sex + (1 | pid)","group_timepointADUEndur.post_15_30_45_min - group_timepointADUEndur.pre_exercise - group_timepointADUControl.post_15_30_45_min + group_timepointADUControl.pre_exercise","Endur.post_15_30_45_min - Control.post_15_30_45_min (delta-delta)","exercise_with_controls","EE-CON","ADUEndur","post_15_30_45_min","Hydroxyphenyllactic acid",0.457997047617514,0.072191966559111,0.843802128675917,686.042256139846,-1016.50705986946,2.33087214024609,18.9895043717175,2.32536827105947,0.0200522765714136,0.106327173788356
"blood","metab","metab-u-rpneg","~ 0 + group_timepoint +  BMI + calculatedAge + codedsiteid + raw_intensity_post + Sex + (1 | pid)","group_timepointADUEndur.post_15_30_45_min - group_timepointADUEndur.pre_exercise - group_timepointADUControl.post_15_30_45_min + group_timepointADUControl.pre_exercise","Endur.post_15_30_45_min - Control.post_15_30_45_min (delta-delta)","exercise_with_controls","EE-CON","ADUEndur","post_15_30_45_min","Ketoleucine",0.136223722105001,0.0207421186891619,0.25170532552084,679.854141729317,-32.4173204992083,2.31615086120736,23.2592791537668,2.3107174734141,0.0208484654486972,0.106327173788356
"blood","metab","metab-u-rpneg","~ 0 + group_timepoint +  BMI + calculatedAge + codedsiteid + raw_intensity_post + Sex + (1 | pid)","group_timepointADUEndur.post_15_30_45_min - group_timepointADUEndur.pre_exercise - group_timepointADUControl.post_15_30_45_min + group_timepointADUControl.pre_exercise","Endur.post_15_30_45_min - Control.post_15_30_45_min (delta-delta)","exercise_with_controls","EE-CON","ADUEndur","post_15_30_45_min","2-Hydroxybutyric acid",0.0840354426776884,-0.217550014362614,0.385620899717991,675.768506939005,-875.604085897731,0.547108947948539,20.7668498296894,0.546847697176527,0.584483371150476,0.80994301460991
"blood","metab","metab-u-rpneg","~ 0 + group_timepoint +  BMI + calculatedAge + codedsiteid + raw_intensity_post + Sex + (1 | pid)","group_timepointADUEndur.post_15_30_45_min - group_timepointADUEndur.pre_exercise - group_timepointADUControl.post_15_30_45_min + group_timepointADUControl.pre_exercise","Endur.post_15_30_45_min - Control.post_15_30_45_min (delta-delta)","exercise_with_controls","EE-CON","ADUEndur","post_15_30_45_min","3-Hydroxybutyric acid",0.0343130051900324,-0.102038675944787,0.170664686324852,673.977057577016,-253.542609700115,0.494110689117224,22.4899588648771,0.493883514716593,0.621388447662063,0.80994301460991
"blood","metab","metab-u-rpneg","~ 0 + group_timepoint +  BMI + calculatedAge + codedsiteid + raw_intensity_post + Sex + (1 | pid)","group_timepointADUEndur.post_15_30_45_min - group_timepointADUEndur.pre_exercise - group_timepointADUControl.post_15_30_45_min + group_timepointADUControl.pre_exercise","Endur.post_15_30_45_min - Control.post_15_30_45_min (delta-delta)","exercise_with_controls","EE-CON","ADUEndur","post_15_30_45_min","Phenyllactic acid",0.0446534249808543,-0.1567841047807,0.246090954742409,673.370079387047,-621.104056736497,0.435249184043805,17.3939250509258,0.43505845860935,0.663519995454636,0.823911869249652
"blood","metab","metab-u-rpneg","~ 0 + group_timepoint +  BMI + calculatedAge + codedsiteid + raw_intensity_post + Sex + (1 | pid)","group_timepointADUEndur.post_15_30_45_min - group_timepointADUEndur.pre_exercise - group_timepointADUControl.post_15_30_45_min + group_timepointADUControl.pre_exercise","Endur.post_15_30_45_min - Control.post_15_30_45_min (delta-delta)","exercise_with_controls","EE-CON","ADUEndur","post_15_30_45_min","gamma-Glutamylisoleucine",0.0367438133755336,-0.17561125544346,0.249098882194527,685.090106323577,-520.948034432795,0.339733354279941,14.1065324247605,0.33959500014847,0.734161543908742,0.832049749763241
"blood","metab","metab-u-rpneg","~ 0 + group_timepoint +  BMI + calculatedAge + codedsiteid + raw_intensity_post + Sex + (1 | pid)","group_timepointADUEndur.post_15_30_45_min - group_timepointADUEndur.pre_exercise - group_timepointADUControl.post_15_30_45_min + group_timepointADUControl.pre_exercise","Endur.post_15_30_45_min - Control.post_15_30_45_min (delta-delta)","exercise_with_controls","EE-CON","ADUEndur","post_15_30_45_min","gamma-Glutamylleucine",-0.0281393929531504,-0.320058971269448,0.263780185363148,701.320034630674,-751.470138826929,-0.189262460538332,16.5346900207371,-0.189191218882995,0.849942949701102,0.893754441953736
"blood","metab","metab-u-rppos","~ 0 + group_timepoint +  BMI + calculatedAge + codedsiteid + raw_intensity_post + Sex + (1 | pid)","group_timepointADUEndur.post_15_30_45_min - group_timepointADUEndur.pre_exercise - group_timepointADUControl.post_15_30_45_min + group_timepointADUControl.pre_exercise","Endur.post_15_30_45_min - Control.post_15_30_45_min (delta-delta)","exercise_with_controls","EE-CON","ADUEndur","post_15_30_45_min","N-Acetylleucine",0.132015138117676,-0.0613642172752265,0.325394493510579,682.708348789867,-451.058454758308,1.34041024464547,14.8937247851881,1.33902968125257,0.180561010488524,0.556483114292501
"blood","metab","metab-u-rppos","~ 0 + group_timepoint +  BMI + calculatedAge + codedsiteid + raw_intensity_post + Sex + (1 | pid)","group_timepointADUEndur.post_15_30_45_min - group_timepointADUEndur.pre_exercise - group_timepointADUControl.post_15_30_45_min + group_timepointADUControl.pre_exercise","Endur.post_15_30_45_min - Control.post_15_30_45_min (delta-delta)","exercise_with_controls","EE-CON","ADUEndur","post_15_30_45_min","Kynurenine",-0.0657954180408744,-0.166797026442919,0.0352061903611705,672.821492945058,-14.5933393829796,-1.27906975661754,19.3574929289604,-1.27782351073829,0.20131166263163,0.573267107444767
"blood","metab","metab-u-rppos","~ 0 + group_timepoint +  BMI + calculatedAge + codedsiteid + raw_intensity_post + Sex + (1 | pid)","group_timepointADUEndur.post_15_30_45_min - group_timepointADUEndur.pre_exercise - group_timepointADUControl.post_15_30_45_min + group_timepointADUControl.pre_exercise","Endur.post_15_30_45_min - Control.post_15_30_45_min (delta-delta)","exercise_with_controls","EE-CON","ADUEndur","post_15_30_45_min","2-Hydroxy-3-methylbutyric acid",-0.0768558827488981,-0.215900407380967,0.0621886418831709,679.653022643168,-189.716915982779,-1.08529545486188,16.8519397547098,-1.08442387579433,0.278176902325046,0.661990603001376
"blood","metab","metab-u-rppos","~ 0 + group_timepoint +  BMI + calculatedAge + codedsiteid + raw_intensity_post + Sex + (1 | pid)","group_timepointADUEndur.post_15_30_45_min - group_timepointADUEndur.pre_exercise - group_timepointADUControl.post_15_30_45_min + group_timepointADUControl.pre_exercise","Endur.post_15_30_45_min - Control.post_15_30_45_min (delta-delta)","exercise_with_controls","EE-CON","ADUEndur","post_15_30_45_min","Indolelactic acid",0.0563226288249439,-0.0509417583384359,0.163587015988324,672.623255548135,-76.412333339818,1.03099008275683,18.3381484658351,1.03020335962104,0.302914552970309,0.675687978538608
"blood","metab","metab-u-rppos","~ 0 + group_timepoint +  BMI + calculatedAge + codedsiteid + raw_intensity_post + Sex + (1 | pid)","group_timepointADUEndur.post_15_30_45_min - group_timepointADUEndur.pre_exercise - group_timepointADUControl.post_15_30_45_min + group_timepointADUControl.pre_exercise","Endur.post_15_30_45_min - Control.post_15_30_45_min (delta-delta)","exercise_with_controls","EE-CON","ADUEndur","post_15_30_45_min","3-Hydroxyphenyl valeric acid",0.078105203456694,-0.163299940373971,0.319510347287359,672.220710185339,-796.373433843247,0.635272765600976,15.3674328910659,0.634942952260842,0.525465622213642,0.836634904974858
"blood","metab","metab-u-hilicpos","~ 0 + group_timepoint +  BMI + calculatedAge + codedsiteid + raw_intensity_post + Sex + (1 | pid)","group_timepointADUEndur.post_3.5_4_hr - group_timepointADUEndur.pre_exercise - group_timepointADUControl.post_3.5_4_hr + group_timepointADUControl.pre_exercise","Endur.post_3.5_4_hr - Control.post_3.5_4_hr (delta-delta)","exercise_with_controls","EE-CON","ADUEndur","post_3.5_4_hr","Kynurenic acid",0.278656384398012,0.0840596033432653,0.473253165452758,684.982229528938,-324.318301838401,2.811519410145,13.2879862705878,2.80253524766332,0.00507026756083562,0.136507203560959
"blood","metab","metab-u-hilicpos","~ 0 + group_timepoint +  BMI + calculatedAge + codedsiteid + raw_intensity_post + Sex + (1 | pid)","group_timepointADUEndur.post_3.5_4_hr - group_timepointADUEndur.pre_exercise - group_timepointADUControl.post_3.5_4_hr + group_timepointADUControl.pre_exercise","Endur.post_3.5_4_hr - Control.post_3.5_4_hr (delta-delta)","exercise_with_controls","EE-CON","ADUEndur","post_3.5_4_hr","gamma-Aminobutyric acid",-0.125818293424853,-0.221185811296186,-0.0304507755535197,684.066320208915,169.962847578404,-2.59034397724124,21.7907234352887,-2.58311062852938,0.00979139205872606,0.201587483562007
"blood","metab","metab-u-hilicpos","~ 0 + group_timepoint +  BMI + calculatedAge + codedsiteid + raw_intensity_post + Sex + (1 | pid)","group_timepointADUEndur.post_3.5_4_hr - group_timepointADUEndur.pre_exercise - group_timepointADUControl.post_3.5_4_hr + group_timepointADUControl.pre_exercise","Endur.post_3.5_4_hr - Control.post_3.5_4_hr (delta-delta)","exercise_with_controls","EE-CON","ADUEndur","post_3.5_4_hr","Phenylalanine",0.0554202445484471,0.00374989922555075,0.107090589871343,684.13753168396,720.368303123891,2.1059136380671,27.570982626962,2.10176445244056,0.0355739144855316,0.393690122972619
"blood","metab","metab-u-hilicpos","~ 0 + group_timepoint +  BMI + calculatedAge + codedsiteid + raw_intensity_post + Sex + (1 | pid)","group_timepointADUEndur.post_3.5_4_hr - group_timepointADUEndur.pre_exercise - group_timepointADUControl.post_3.5_4_hr + group_timepointADUControl.pre_exercise","Endur.post_3.5_4_hr - Control.post_3.5_4_hr (delta-delta)","exercise_with_controls","EE-CON","ADUEndur","post_3.5_4_hr","Valine",-0.0462091200360604,-0.0906319189515476,-0.00178632112057313,684.089667472187,832.578401127051,-2.04237477996107,27.9105149694428,-2.03854428585431,0.0414955305627877,0.402442092789674
"blood","metab","metab-u-hilicpos","~ 0 + group_timepoint +  BMI + calculatedAge + codedsiteid + raw_intensity_post + Sex + (1 | pid)","group_timepointADUEndur.post_3.5_4_hr - group_timepointADUEndur.pre_exercise - group_timepointADUControl.post_3.5_4_hr + group_timepointADUControl.pre_exercise","Endur.post_3.5_4_hr - Control.post_3.5_4_hr (delta-delta)","exercise_with_controls","EE-CON","ADUEndur","post_3.5_4_hr","Isoleucine",0.056330698224194,-0.00713168149172655,0.119793077940115,684.450286101806,592.968142846959,1.7427675686671,27.128907915646,1.74022345907678,0.0818197879273542,0.561851422988109
"blood","metab","metab-u-hilicpos","~ 0 + group_timepoint +  BMI + calculatedAge + codedsiteid + raw_intensity_post + Sex + (1 | pid)","group_timepointADUEndur.post_3.5_4_hr - group_timepointADUEndur.pre_exercise - group_timepointADUControl.post_3.5_4_hr + group_timepointADUControl.pre_exercise","Endur.post_3.5_4_hr - Control.post_3.5_4_hr (delta-delta)","exercise_with_controls","EE-CON","ADUEndur","post_3.5_4_hr","Carnitine",-0.0468345915529191,-0.100466120235568,0.00679693712972965,684.17696877825,698.712606770019,-1.71458755002036,24.8388232268695,-1.71213708432733,0.0868714086259891,0.573679113567853
"blood","metab","metab-u-hilicpos","~ 0 + group_timepoint +  BMI + calculatedAge + codedsiteid + raw_intensity_post + Sex + (1 | pid)","group_timepointADUEndur.post_3.5_4_hr - group_timepointADUEndur.pre_exercise - group_timepointADUControl.post_3.5_4_hr + group_timepointADUControl.pre_exercise","Endur.post_3.5_4_hr - Control.post_3.5_4_hr (delta-delta)","exercise_with_controls","EE-CON","ADUEndur","post_3.5_4_hr","beta-Leucine",0.0617715503562124,-0.012103238340777,0.135646339053202,684.697301522083,481.506249028655,1.64172983152636,19.6064808304402,1.63953923496823,0.101101006425815,0.580224940002751
"blood","metab","metab-u-hilicpos","~ 0 + group_timepoint +  BMI + calculatedAge + codedsiteid + raw_intensity_post + Sex + (1 | pid)","group_timepointADUEndur.post_3.5_4_hr - group_timepointADUEndur.pre_exercise - group_timepointADUControl.post_3.5_4_hr + group_timepointADUControl.pre_exercise","Endur.post_3.5_4_hr - Control.post_3.5_4_hr (delta-delta)","exercise_with_controls","EE-CON","ADUEndur","post_3.5_4_hr","N-Acetylvaline",-0.169309306160528,-0.385442813628772,0.0468242013077159,684.122000065595,-497.257888398796,-1.53806176059923,11.8397238981492,-1.53617837642513,0.124494637865881,0.580224940002751
"blood","metab","metab-u-hilicpos","~ 0 + group_timepoint +  BMI + calculatedAge + codedsiteid + raw_intensity_post + Sex + (1 | pid)","group_timepointADUEndur.post_3.5_4_hr - group_timepointADUEndur.pre_exercise - group_timepointADUControl.post_3.5_4_hr + group_timepointADUControl.pre_exercise","Endur.post_3.5_4_hr - Control.post_3.5_4_hr (delta-delta)","exercise_with_controls","EE-CON","ADUEndur","post_3.5_4_hr","3-Dehydroxycarnitine",0.0483292566368085,-0.0170336372386439,0.113692150512261,684.159868899113,526.032563141952,1.45174820576183,19.6690573847404,1.45011203957075,0.147027278275465,0.605406439957797
"blood","metab","metab-u-hilicpos","~ 0 + group_timepoint +  BMI + calculatedAge + codedsiteid + raw_intensity_post + Sex + (1 | pid)","group_timepointADUEndur.post_3.5_4_hr - group_timepointADUEndur.pre_exercise - group_timepointADUControl.post_3.5_4_hr + group_timepointADUControl.pre_exercise","Endur.post_3.5_4_hr - Control.post_3.5_4_hr (delta-delta)","exercise_with_controls","EE-CON","ADUEndur","post_3.5_4_hr","Aminobutyric acid",-0.0330349035871755,-0.125733615098964,0.0596638079246126,684.041221920767,174.87740693532,-0.699702813344671,12.7022443048987,-0.699323495448199,0.484349886878129,0.92478276618915
"blood","metab","metab-u-hilicpos","~ 0 + group_timepoint +  BMI + calculatedAge + codedsiteid + raw_intensity_post + Sex + (1 | pid)","group_timepointADUEndur.post_3.5_4_hr - group_timepointADUEndur.pre_exercise - group_timepointADUControl.post_3.5_4_hr + group_timepointADUControl.pre_exercise","Endur.post_3.5_4_hr - Control.post_3.5_4_hr (delta-delta)","exercise_with_controls","EE-CON","ADUEndur","post_3.5_4_hr","Leucine",0.010856324369616,-0.0455657883086077,0.0672784370478397,684.438149407449,692.044270020507,0.37778505170438,28.0774673391846,0.377628520834848,0.705706574310954,0.972067774120201
"blood","metab","metab-u-hilicpos","~ 0 + group_timepoint +  BMI + calculatedAge + codedsiteid + raw_intensity_post + Sex + (1 | pid)","group_timepointADUEndur.post_3.5_4_hr - group_timepointADUEndur.pre_exercise - group_timepointADUControl.post_3.5_4_hr + group_timepointADUControl.pre_exercise","Endur.post_3.5_4_hr - Control.post_3.5_4_hr (delta-delta)","exercise_with_controls","EE-CON","ADUEndur","post_3.5_4_hr","Aminoisobutyric acid",-0.0303582176723651,-0.189307710944528,0.128591275599798,684.184993570412,-220.840973408169,-0.374998681839378,20.6698163032554,-0.374843323488369,0.707776991995068,0.972067774120201
"blood","metab","metab-u-hilicpos","~ 0 + group_timepoint +  BMI + calculatedAge + codedsiteid + raw_intensity_post + Sex + (1 | pid)","group_timepointADUEndur.post_3.5_4_hr - group_timepointADUEndur.pre_exercise - group_timepointADUControl.post_3.5_4_hr + group_timepointADUControl.pre_exercise","Endur.post_3.5_4_hr - Control.post_3.5_4_hr (delta-delta)","exercise_with_controls","EE-CON","ADUEndur","post_3.5_4_hr","Alloisoleucine",0.0456666236295007,-0.306262876811521,0.397596124070523,692.718219947717,-737.419796376855,0.254762920266845,17.9555258964123,0.254666905727496,0.798980379015949,0.972067774120201
"blood","metab","metab-u-hilicpos","~ 0 + group_timepoint +  BMI + calculatedAge + codedsiteid + raw_intensity_post + Sex + (1 | pid)","group_timepointADUEndur.post_3.5_4_hr - group_timepointADUEndur.pre_exercise - group_timepointADUControl.post_3.5_4_hr + group_timepointADUControl.pre_exercise","Endur.post_3.5_4_hr - Control.post_3.5_4_hr (delta-delta)","exercise_with_controls","EE-CON","ADUEndur","post_3.5_4_hr","alpha-N-Phenylacetylglutamine",0.0109599001476219,-0.495654336177203,0.517574136472447,685.896645394234,-1105.61441690855,0.0424754572192783,22.611659963848,0.0424600769430771,0.966131937014393,0.97806402434664
"blood","metab","metab-u-ionpneg","~ 0 + group_timepoint +  BMI + calculatedAge + codedsiteid + raw_intensity_post + Sex + (1 | pid)","group_timepointADUEndur.post_3.5_4_hr - group_timepointADUEndur.pre_exercise - group_timepointADUControl.post_3.5_4_hr + group_timepointADUControl.pre_exercise","Endur.post_3.5_4_hr - Control.post_3.5_4_hr (delta-delta)","exercise_with_controls","EE-CON","ADUEndur","post_3.5_4_hr","Lactic acid",-0.0287335710054784,-0.236737629153107,0.17927048714215,682.187970423505,-267.209070073292,-0.271219107284358,26.2936137800976,-0.271114747626776,0.786302779252527,0.973317529252146
"blood","metab","metab-u-ionpneg","~ 0 + group_timepoint +  BMI + calculatedAge + codedsiteid + raw_intensity_post + Sex + (1 | pid)","group_timepointADUEndur.post_3.5_4_hr - group_timepointADUEndur.pre_exercise - group_timepointADUControl.post_3.5_4_hr + group_timepointADUControl.pre_exercise","Endur.post_3.5_4_hr - Control.post_3.5_4_hr (delta-delta)","exercise_with_controls","EE-CON","ADUEndur","post_3.5_4_hr","Phenylpyruvic acid",-0.0079595810684161,-0.208060326180139,0.192141164043306,675.58213974674,-269.637743370541,-0.0781008043043515,19.1690046032281,-0.0780722109830579,0.937770612128911,0.973317529252146
"blood","metab","metab-u-lrppos","~ 0 + group_timepoint +  BMI + calculatedAge + codedsiteid + raw_intensity_post + Sex + (1 | pid)","group_timepointADUEndur.post_3.5_4_hr - group_timepointADUEndur.pre_exercise - group_timepointADUControl.post_3.5_4_hr + group_timepointADUControl.pre_exercise","Endur.post_3.5_4_hr - Control.post_3.5_4_hr (delta-delta)","exercise_with_controls","EE-CON","ADUEndur","post_3.5_4_hr","N,N-Diphenylguanidine",-0.547747910774451,-1.59376621045629,0.498270388907384,734.340302327908,-1593.5656645101,-1.02801581663468,19.6507328233614,-1.02730263543115,0.304277981805661,0.811839551455955
"blood","metab","metab-u-rpneg","~ 0 + group_timepoint +  BMI + calculatedAge + codedsiteid + raw_intensity_post + Sex + (1 | pid)","group_timepointADUEndur.post_3.5_4_hr - group_timepointADUEndur.pre_exercise - group_timepointADUControl.post_3.5_4_hr + group_timepointADUControl.pre_exercise","Endur.post_3.5_4_hr - Control.post_3.5_4_hr (delta-delta)","exercise_with_controls","EE-CON","ADUEndur","post_3.5_4_hr","Leucine/Isoleucine",-0.136415897508638,-0.251780884275914,-0.0210509107413614,676.792101791428,179.846831650876,-2.3216793137457,22.2566062933702,-2.3163203962339,0.0205407815102725,0.690056898947242
"blood","metab","metab-u-rpneg","~ 0 + group_timepoint +  BMI + calculatedAge + codedsiteid + raw_intensity_post + Sex + (1 | pid)","group_timepointADUEndur.post_3.5_4_hr - group_timepointADUEndur.pre_exercise - group_timepointADUControl.post_3.5_4_hr + group_timepointADUControl.pre_exercise","Endur.post_3.5_4_hr - Control.post_3.5_4_hr (delta-delta)","exercise_with_controls","EE-CON","ADUEndur","post_3.5_4_hr","2-Hydroxybutyric acid",0.431380062772313,0.0331860350178593,0.829574090526766,675.768506939005,-875.604085897731,2.12704354651736,20.7668498296894,2.1227975170403,0.0337708230071642,0.690056898947242
"blood","metab","metab-u-rpneg","~ 0 + group_timepoint +  BMI + calculatedAge + codedsiteid + raw_intensity_post + Sex + (1 | pid)","group_timepointADUEndur.post_3.5_4_hr - group_timepointADUEndur.pre_exercise - group_timepointADUControl.post_3.5_4_hr + group_timepointADUControl.pre_exercise","Endur.post_3.5_4_hr - Control.post_3.5_4_hr (delta-delta)","exercise_with_controls","EE-CON","ADUEndur","post_3.5_4_hr","3-Hydroxybutyric acid",0.160008745244586,-0.0202889725435348,0.340306463032706,673.977057577016,-253.542609700115,1.74250189820662,22.4899588648771,1.73992856633614,0.0818715619271539,0.825353152931502
"blood","metab","metab-u-rpneg","~ 0 + group_timepoint +  BMI + calculatedAge + codedsiteid + raw_intensity_post + Sex + (1 | pid)","group_timepointADUEndur.post_3.5_4_hr - group_timepointADUEndur.pre_exercise - group_timepointADUControl.post_3.5_4_hr + group_timepointADUControl.pre_exercise","Endur.post_3.5_4_hr - Control.post_3.5_4_hr (delta-delta)","exercise_with_controls","EE-CON","ADUEndur","post_3.5_4_hr","Phenylacetic acid",0.118192104637291,-0.0760135874032588,0.312397796677841,674.508245539638,-298.642576091638,1.19493215188268,16.274749105315,1.19387359077412,0.232527419463714,0.849298046555109
"blood","metab","metab-u-rpneg","~ 0 + group_timepoint +  BMI + calculatedAge + codedsiteid + raw_intensity_post + Sex + (1 | pid)","group_timepointADUEndur.post_3.5_4_hr - group_timepointADUEndur.pre_exercise - group_timepointADUControl.post_3.5_4_hr + group_timepointADUControl.pre_exercise","Endur.post_3.5_4_hr - Control.post_3.5_4_hr (delta-delta)","exercise_with_controls","EE-CON","ADUEndur","post_3.5_4_hr","Hydroxyphenyllactic acid",0.229728917073281,-0.277267145961886,0.736724980108448,686.042256139846,-1016.50705986946,0.889629654186958,18.9895043717175,0.889061918741253,0.37396980356765,0.858350847614986
"blood","metab","metab-u-rpneg","~ 0 + group_timepoint +  BMI + calculatedAge + codedsiteid + raw_intensity_post + Sex + (1 | pid)","group_timepointADUEndur.post_3.5_4_hr - group_timepointADUEndur.pre_exercise - group_timepointADUControl.post_3.5_4_hr + group_timepointADUControl.pre_exercise","Endur.post_3.5_4_hr - Control.post_3.5_4_hr (delta-delta)","exercise_with_controls","EE-CON","ADUEndur","post_3.5_4_hr","Ketoleucine",-0.0327454536797589,-0.184878266248361,0.119387358888843,679.854141729317,-32.4173204992083,-0.422607083776786,23.2592791537668,-0.422427112752812,0.672713291468525,0.918435855109669
"blood","metab","metab-u-rpneg","~ 0 + group_timepoint +  BMI + calculatedAge + codedsiteid + raw_intensity_post + Sex + (1 | pid)","group_timepointADUEndur.post_3.5_4_hr - group_timepointADUEndur.pre_exercise - group_timepointADUControl.post_3.5_4_hr + group_timepointADUControl.pre_exercise","Endur.post_3.5_4_hr - Control.post_3.5_4_hr (delta-delta)","exercise_with_controls","EE-CON","ADUEndur","post_3.5_4_hr","gamma-Glutamylleucine",0.0689454981584028,-0.312948713872485,0.450839710189291,701.320034630674,-751.470138826929,0.354437345256905,16.5346900207371,0.354299248091832,0.723114631187715,0.931535886383444
"blood","metab","metab-u-rpneg","~ 0 + group_timepoint +  BMI + calculatedAge + codedsiteid + raw_intensity_post + Sex + (1 | pid)","group_timepointADUEndur.post_3.5_4_hr - group_timepointADUEndur.pre_exercise - group_timepointADUControl.post_3.5_4_hr + group_timepointADUControl.pre_exercise","Endur.post_3.5_4_hr - Control.post_3.5_4_hr (delta-delta)","exercise_with_controls","EE-CON","ADUEndur","post_3.5_4_hr","Phenyllactic acid",0.0355940322551156,-0.230977452264593,0.302165516774824,673.370079387047,-621.104056736497,0.262170266345346,17.3939250509258,0.262067521488953,0.793269385999441,0.931535886383444
"blood","metab","metab-u-rpneg","~ 0 + group_timepoint +  BMI + calculatedAge + codedsiteid + raw_intensity_post + Sex + (1 | pid)","group_timepointADUEndur.post_3.5_4_hr - group_timepointADUEndur.pre_exercise - group_timepointADUControl.post_3.5_4_hr + group_timepointADUControl.pre_exercise","Endur.post_3.5_4_hr - Control.post_3.5_4_hr (delta-delta)","exercise_with_controls","EE-CON","ADUEndur","post_3.5_4_hr","gamma-Glutamylisoleucine",0.00734410324692902,-0.271813052884979,0.286501259378837,685.090106323577,-520.948034432795,0.0516515428916906,14.1065324247605,0.0516332064338839,0.95882095971201,0.968999822132472
"blood","metab","metab-u-rppos","~ 0 + group_timepoint +  BMI + calculatedAge + codedsiteid + raw_intensity_post + Sex + (1 | pid)","group_timepointADUEndur.post_3.5_4_hr - group_timepointADUEndur.pre_exercise - group_timepointADUControl.post_3.5_4_hr + group_timepointADUControl.pre_exercise","Endur.post_3.5_4_hr - Control.post_3.5_4_hr (delta-delta)","exercise_with_controls","EE-CON","ADUEndur","post_3.5_4_hr","Indolelactic acid",0.16497457231473,0.0226591866522771,0.307289957977182,672.623255548135,-76.412333339818,2.27607877059558,18.3381484658351,2.27092466319002,0.0231515389512457,0.445246265439621
"blood","metab","metab-u-rppos","~ 0 + group_timepoint +  BMI + calculatedAge + codedsiteid + raw_intensity_post + Sex + (1 | pid)","group_timepointADUEndur.post_3.5_4_hr - group_timepointADUEndur.pre_exercise - group_timepointADUControl.post_3.5_4_hr + group_timepointADUControl.pre_exercise","Endur.post_3.5_4_hr - Control.post_3.5_4_hr (delta-delta)","exercise_with_controls","EE-CON","ADUEndur","post_3.5_4_hr","Kynurenine",0.0681714909162388,-0.065800978306135,0.202143960138612,672.821492945058,-14.5933393829796,0.999098528684507,19.3574929289604,0.99836574931717,0.3181020357556,0.84398329324225
"blood","metab","metab-u-rppos","~ 0 + group_timepoint +  BMI + calculatedAge + codedsiteid + raw_intensity_post + Sex + (1 | pid)","group_timepointADUEndur.post_3.5_4_hr - group_timepointADUEndur.pre_exercise - group_timepointADUControl.post_3.5_4_hr + group_timepointADUControl.pre_exercise","Endur.post_3.5_4_hr - Control.post_3.5_4_hr (delta-delta)","exercise_with_controls","EE-CON","ADUEndur","post_3.5_4_hr","2-Hydroxy-3-methylbutyric acid",-0.0485421292969122,-0.232173982788419,0.135089724194595,679.653022643168,-189.716915982779,-0.519010662327443,16.8519397547098,-0.518773617742212,0.603918617558212,0.91561854920116
"blood","metab","metab-u-rppos","~ 0 + group_timepoint +  BMI + calculatedAge + codedsiteid + raw_intensity_post + Sex + (1 | pid)","group_timepointADUEndur.post_3.5_4_hr - group_timepointADUEndur.pre_exercise - group_timepointADUControl.post_3.5_4_hr + group_timepointADUControl.pre_exercise","Endur.post_3.5_4_hr - Control.post_3.5_4_hr (delta-delta)","exercise_with_controls","EE-CON","ADUEndur","post_3.5_4_hr","N-Acetylleucine",0.0431859237980277,-0.211877834174834,0.298249681770889,682.708348789867,-451.058454758308,0.332425589862666,14.8937247851881,0.332293541521495,0.739667616222714,0.927050078999135
"blood","metab","metab-u-rppos","~ 0 + group_timepoint +  BMI + calculatedAge + codedsiteid + raw_intensity_post + Sex + (1 | pid)","group_timepointADUEndur.post_3.5_4_hr - group_timepointADUEndur.pre_exercise - group_timepointADUControl.post_3.5_4_hr + group_timepointADUControl.pre_exercise","Endur.post_3.5_4_hr - Control.post_3.5_4_hr (delta-delta)","exercise_with_controls","EE-CON","ADUEndur","post_3.5_4_hr","3-Hydroxyphenyl valeric acid",-0.0285632164970018,-0.349067049608868,0.291940616614864,672.220710185339,-796.373433843247,-0.174983778924009,15.3674328910659,-0.174917307393436,0.861144610598821,0.973371895193967
"blood","metab","metab-u-hilicpos","~ 0 + group_timepoint +  BMI + calculatedAge + codedsiteid + raw_intensity_post + Sex + (1 | pid)","group_timepointADUEndur.post_24_hr - group_timepointADUEndur.pre_exercise - group_timepointADUControl.post_24_hr + group_timepointADUControl.pre_exercise","Endur.post_24_hr - Control.post_24_hr (delta-delta)","exercise_with_controls","EE-CON","ADUEndur","post_24_hr","Isoleucine",-0.0762403951670834,-0.135830740900865,-0.0166500494333017,684.450286101806,592.968142846959,-2.51200518132138,27.128907915646,-2.50537664290955,0.012232105851546,0.2038684308591
"blood","metab","metab-u-hilicpos","~ 0 + group_timepoint +  BMI + calculatedAge + codedsiteid + raw_intensity_post + Sex + (1 | pid)","group_timepointADUEndur.post_24_hr - group_timepointADUEndur.pre_exercise - group_timepointADUControl.post_24_hr + group_timepointADUControl.pre_exercise","Endur.post_24_hr - Control.post_24_hr (delta-delta)","exercise_with_controls","EE-CON","ADUEndur","post_24_hr","beta-Leucine",-0.070309570617777,-0.139680615000992,-0.000938526234562018,684.697301522083,481.506249028655,-1.98996950288341,19.6064808304402,-1.98640530601326,0.0469883379472401,0.354844323394459
"blood","metab","metab-u-hilicpos","~ 0 + group_timepoint +  BMI + calculatedAge + codedsiteid + raw_intensity_post + Sex + (1 | pid)","group_timepointADUEndur.post_24_hr - group_timepointADUEndur.pre_exercise - group_timepointADUControl.post_24_hr + group_timepointADUControl.pre_exercise","Endur.post_24_hr - Control.post_24_hr (delta-delta)","exercise_with_controls","EE-CON","ADUEndur","post_24_hr","gamma-Aminobutyric acid",0.076513134838077,-0.0130245378495965,0.16605080752575,684.066320208915,169.962847578404,1.67781683494714,21.7907234352887,1.67549084581485,0.0938379656697083,0.469189828348542
"blood","metab","metab-u-hilicpos","~ 0 + group_timepoint +  BMI + calculatedAge + codedsiteid + raw_intensity_post + Sex + (1 | pid)","group_timepointADUEndur.post_24_hr - group_timepointADUEndur.pre_exercise - group_timepointADUControl.post_24_hr + group_timepointADUControl.pre_exercise","Endur.post_24_hr - Control.post_24_hr (delta-delta)","exercise_with_controls","EE-CON","ADUEndur","post_24_hr","3-Dehydroxycarnitine",-0.0491731872637544,-0.110543009635423,0.0121966351079141,684.159868899113,526.032563141952,-1.57320856017339,19.6690573847404,-1.57122549831736,0.116130279324842,0.529029030253495
"blood","metab","metab-u-hilicpos","~ 0 + group_timepoint +  BMI + calculatedAge + codedsiteid + raw_intensity_post + Sex + (1 | pid)","group_timepointADUEndur.post_24_hr - group_timepointADUEndur.pre_exercise - group_timepointADUControl.post_24_hr + group_timepointADUControl.pre_exercise","Endur.post_24_hr - Control.post_24_hr (delta-delta)","exercise_with_controls","EE-CON","ADUEndur","post_24_hr","Leucine",-0.0211773702154829,-0.0741568473324029,0.031802106901437,684.438149407449,692.044270020507,-0.784831212386433,28.0774673391846,-0.784371107991752,0.432822386295754,0.802989036493954
"blood","metab","metab-u-hilicpos","~ 0 + group_timepoint +  BMI + calculatedAge + codedsiteid + raw_intensity_post + Sex + (1 | pid)","group_timepointADUEndur.post_24_hr - group_timepointADUEndur.pre_exercise - group_timepointADUControl.post_24_hr + group_timepointADUControl.pre_exercise","Endur.post_24_hr - Control.post_24_hr (delta-delta)","exercise_with_controls","EE-CON","ADUEndur","post_24_hr","Aminoisobutyric acid",-0.0585450173124364,-0.207785513500822,0.0906954788759496,684.184993570412,-220.840973408169,-0.770222595678411,20.6698163032554,-0.769776759574386,0.44143232794504,0.808907407229131
"blood","metab","metab-u-hilicpos","~ 0 + group_timepoint +  BMI + calculatedAge + codedsiteid + raw_intensity_post + Sex + (1 | pid)","group_timepointADUEndur.post_24_hr - group_timepointADUEndur.pre_exercise - group_timepointADUControl.post_24_hr + group_timepointADUControl.pre_exercise","Endur.post_24_hr - Control.post_24_hr (delta-delta)","exercise_with_controls","EE-CON","ADUEndur","post_24_hr","N-Acetylvaline",0.0750732360894499,-0.12785344910711,0.27799992128601,684.122000065595,-497.257888398796,0.726375745246302,11.8397238981492,0.72597135025124,0.467856334102737,0.828036626202218
"blood","metab","metab-u-hilicpos","~ 0 + group_timepoint +  BMI + calculatedAge + codedsiteid + raw_intensity_post + Sex + (1 | pid)","group_timepointADUEndur.post_24_hr - group_timepointADUEndur.pre_exercise - group_timepointADUControl.post_24_hr + group_timepointADUControl.pre_exercise","Endur.post_24_hr - Control.post_24_hr (delta-delta)","exercise_with_controls","EE-CON","ADUEndur","post_24_hr","Aminobutyric acid",-0.025556392896684,-0.112587024523321,0.0614742387299532,684.041221920767,174.87740693532,-0.576556498365323,12.7022443048987,-0.576276829611282,0.564428081617296,0.856587229431177
"blood","metab","metab-u-hilicpos","~ 0 + group_timepoint +  BMI + calculatedAge + codedsiteid + raw_intensity_post + Sex + (1 | pid)","group_timepointADUEndur.post_24_hr - group_timepointADUEndur.pre_exercise - group_timepointADUControl.post_24_hr + group_timepointADUControl.pre_exercise","Endur.post_24_hr - Control.post_24_hr (delta-delta)","exercise_with_controls","EE-CON","ADUEndur","post_24_hr","Carnitine",-0.0110971006041041,-0.0614525508717752,0.0392583496635671,684.17696877825,698.712606770019,-0.432689662264317,24.8388232268695,-0.432502873816853,0.665375963973338,0.892266618355051
"blood","metab","metab-u-hilicpos","~ 0 + group_timepoint +  BMI + calculatedAge + codedsiteid + raw_intensity_post + Sex + (1 | pid)","group_timepointADUEndur.post_24_hr - group_timepointADUEndur.pre_exercise - group_timepointADUControl.post_24_hr + group_timepointADUControl.pre_exercise","Endur.post_24_hr - Control.post_24_hr (delta-delta)","exercise_with_controls","EE-CON","ADUEndur","post_24_hr","Kynurenic acid",-0.0364548499815882,-0.219197290688978,0.146287590725802,684.982229528938,-324.318301838401,-0.391673829112388,13.2879862705878,-0.391510593291809,0.695419860003915,0.908592421128168
"blood","metab","metab-u-hilicpos","~ 0 + group_timepoint +  BMI + calculatedAge + codedsiteid + raw_intensity_post + Sex + (1 | pid)","group_timepointADUEndur.post_24_hr - group_timepointADUEndur.pre_exercise - group_timepointADUControl.post_24_hr + group_timepointADUControl.pre_exercise","Endur.post_24_hr - Control.post_24_hr (delta-delta)","exercise_with_controls","EE-CON","ADUEndur","post_24_hr","Phenylalanine",0.00587628248920069,-0.0426370607485679,0.0543896257269693,684.13753168396,720.368303123891,0.237823777530884,27.570982626962,0.237732365598677,0.812088679091277,0.945877332598148
"blood","metab","metab-u-hilicpos","~ 0 + group_timepoint +  BMI + calculatedAge + codedsiteid + raw_intensity_post + Sex + (1 | pid)","group_timepointADUEndur.post_24_hr - group_timepointADUEndur.pre_exercise - group_timepointADUControl.post_24_hr + group_timepointADUControl.pre_exercise","Endur.post_24_hr - Control.post_24_hr (delta-delta)","exercise_with_controls","EE-CON","ADUEndur","post_24_hr","alpha-N-Phenylacetylglutamine",-0.0551094049961272,-0.530923075141859,0.420704265149605,685.896645394234,-1105.61441690855,-0.227404478499628,22.611659963848,-0.227317881553633,0.820176569565116,0.95053575942977
"blood","metab","metab-u-hilicpos","~ 0 + group_timepoint +  BMI + calculatedAge + codedsiteid + raw_intensity_post + Sex + (1 | pid)","group_timepointADUEndur.post_24_hr - group_timepointADUEndur.pre_exercise - group_timepointADUControl.post_24_hr + group_timepointADUControl.pre_exercise","Endur.post_24_hr - Control.post_24_hr (delta-delta)","exercise_with_controls","EE-CON","ADUEndur","post_24_hr","Alloisoleucine",-0.00576485737880716,-0.336488707272554,0.324958992514939,692.718219947717,-737.419796376855,-0.0342230811326213,17.9555258964123,-0.0342109050165301,0.972708970686567,0.993616334949697
"blood","metab","metab-u-hilicpos","~ 0 + group_timepoint +  BMI + calculatedAge + codedsiteid + raw_intensity_post + Sex + (1 | pid)","group_timepointADUEndur.post_24_hr - group_timepointADUEndur.pre_exercise - group_timepointADUControl.post_24_hr + group_timepointADUControl.pre_exercise","Endur.post_24_hr - Control.post_24_hr (delta-delta)","exercise_with_controls","EE-CON","ADUEndur","post_24_hr","Valine",8.50951113449128e-05,-0.0416226373420536,0.0417928275647434,684.089667472187,832.578401127051,0.00400591706752817,27.9105149694428,0.00400445948661688,0.996804912140513,0.999467075799301
"blood","metab","metab-u-ionpneg","~ 0 + group_timepoint +  BMI + calculatedAge + codedsiteid + raw_intensity_post + Sex + (1 | pid)","group_timepointADUEndur.post_24_hr - group_timepointADUEndur.pre_exercise - group_timepointADUControl.post_24_hr + group_timepointADUControl.pre_exercise","Endur.post_24_hr - Control.post_24_hr (delta-delta)","exercise_with_controls","EE-CON","ADUEndur","post_24_hr","Lactic acid",-0.101016003632136,-0.29329833247034,0.0912663252060686,682.187970423505,-267.209070073292,-1.03147213964276,26.2936137800976,-1.03070529206582,0.30267904232212,0.955052191233761
"blood","metab","metab-u-ionpneg","~ 0 + group_timepoint +  BMI + calculatedAge + codedsiteid + raw_intensity_post + Sex + (1 | pid)","group_timepointADUEndur.post_24_hr - group_timepointADUEndur.pre_exercise - group_timepointADUControl.post_24_hr + group_timepointADUControl.pre_exercise","Endur.post_24_hr - Control.post_24_hr (delta-delta)","exercise_with_controls","EE-CON","ADUEndur","post_24_hr","Phenylpyruvic acid",0.0416578271366532,-0.143218786728542,0.226534441001849,675.58213974674,-269.637743370541,0.442416385246562,19.1690046032281,0.442223254059355,0.65832766028714,0.955052191233761
"blood","metab","metab-u-lrppos","~ 0 + group_timepoint +  BMI + calculatedAge + codedsiteid + raw_intensity_post + Sex + (1 | pid)","group_timepointADUEndur.post_24_hr - group_timepointADUEndur.pre_exercise - group_timepointADUControl.post_24_hr + group_timepointADUControl.pre_exercise","Endur.post_24_hr - Control.post_24_hr (delta-delta)","exercise_with_controls","EE-CON","ADUEndur","post_24_hr","N,N-Diphenylguanidine",0.660339009352903,-0.324368106202735,1.64504612490854,734.340302327908,-1593.5656645101,1.31651565794684,19.6507328233614,1.31528921215703,0.188412722322677,0.984456474135989
"blood","metab","metab-u-rpneg","~ 0 + group_timepoint +  BMI + calculatedAge + codedsiteid + raw_intensity_post + Sex + (1 | pid)","group_timepointADUEndur.post_24_hr - group_timepointADUEndur.pre_exercise - group_timepointADUControl.post_24_hr + group_timepointADUControl.pre_exercise","Endur.post_24_hr - Control.post_24_hr (delta-delta)","exercise_with_controls","EE-CON","ADUEndur","post_24_hr","gamma-Glutamylleucine",0.403943001619233,0.0446622309859174,0.763223772252548,701.320034630674,-751.470138826929,2.20733660232324,16.5346900207371,2.20282875709886,0.027606820485785,0.585047998104499
"blood","metab","metab-u-rpneg","~ 0 + group_timepoint +  BMI + calculatedAge + codedsiteid + raw_intensity_post + Sex + (1 | pid)","group_timepointADUEndur.post_24_hr - group_timepointADUEndur.pre_exercise - group_timepointADUControl.post_24_hr + group_timepointADUControl.pre_exercise","Endur.post_24_hr - Control.post_24_hr (delta-delta)","exercise_with_controls","EE-CON","ADUEndur","post_24_hr","Phenyllactic acid",-0.259931390632239,-0.510249423269468,-0.00961335799501045,673.370079387047,-621.104056736497,-2.0388585258325,17.3939250509258,-2.03501126421247,0.0418497395879302,0.585047998104499
"blood","metab","metab-u-rpneg","~ 0 + group_timepoint +  BMI + calculatedAge + codedsiteid + raw_intensity_post + Sex + (1 | pid)","group_timepointADUEndur.post_24_hr - group_timepointADUEndur.pre_exercise - group_timepointADUControl.post_24_hr + group_timepointADUControl.pre_exercise","Endur.post_24_hr - Control.post_24_hr (delta-delta)","exercise_with_controls","EE-CON","ADUEndur","post_24_hr","Ketoleucine",-0.141857387562965,-0.284816267711433,0.0011014925855036,679.854141729317,-32.4173204992083,-1.94828430013887,23.2592791537668,-1.94490409321305,0.0517865223136399,0.585047998104499
"blood","metab","metab-u-rpneg","~ 0 + group_timepoint +  BMI + calculatedAge + codedsiteid + raw_intensity_post + Sex + (1 | pid)","group_timepointADUEndur.post_24_hr - group_timepointADUEndur.pre_exercise - group_timepointADUControl.post_24_hr + group_timepointADUControl.pre_exercise","Endur.post_24_hr - Control.post_24_hr (delta-delta)","exercise_with_controls","EE-CON","ADUEndur","post_24_hr","Leucine/Isoleucine",-0.105087865263574,-0.21346853024198,0.003292799714832,676.792101791428,179.846831650876,-1.90376804841141,22.2566062933702,-1.9005754255164,0.0573576468729901,0.585047998104499
"blood","metab","metab-u-rpneg","~ 0 + group_timepoint +  BMI + calculatedAge + codedsiteid + raw_intensity_post + Sex + (1 | pid)","group_timepointADUEndur.post_24_hr - group_timepointADUEndur.pre_exercise - group_timepointADUControl.post_24_hr + group_timepointADUControl.pre_exercise","Endur.post_24_hr - Control.post_24_hr (delta-delta)","exercise_with_controls","EE-CON","ADUEndur","post_24_hr","gamma-Glutamylisoleucine",0.230393388234173,-0.0320206320433344,0.492807408511681,685.090106323577,-520.948034432795,1.72377247518881,14.1065324247605,1.72134143119837,0.0851888854792636,0.620661879920349
"blood","metab","metab-u-rpneg","~ 0 + group_timepoint +  BMI + calculatedAge + codedsiteid + raw_intensity_post + Sex + (1 | pid)","group_timepointADUEndur.post_24_hr - group_timepointADUEndur.pre_exercise - group_timepointADUControl.post_24_hr + group_timepointADUControl.pre_exercise","Endur.post_24_hr - Control.post_24_hr (delta-delta)","exercise_with_controls","EE-CON","ADUEndur","post_24_hr","Phenylacetic acid",0.0965083654091714,-0.0858933300228496,0.278910060841192,674.508245539638,-298.642576091638,1.03885283832228,16.274749105315,1.03806327494623,0.299240597742025,0.827255897091638
"blood","metab","metab-u-rpneg","~ 0 + group_timepoint +  BMI + calculatedAge + codedsiteid + raw_intensity_post + Sex + (1 | pid)","group_timepointADUEndur.post_24_hr - group_timepointADUEndur.pre_exercise - group_timepointADUControl.post_24_hr + group_timepointADUControl.pre_exercise","Endur.post_24_hr - Control.post_24_hr (delta-delta)","exercise_with_controls","EE-CON","ADUEndur","post_24_hr","2-Hydroxybutyric acid",-0.0570859569476738,-0.43113438096657,0.316962467071223,675.768506939005,-875.604085897731,-0.299649919838182,20.7668498296894,-0.299531293840974,0.764534698381957,0.973281345452088
"blood","metab","metab-u-rpneg","~ 0 + group_timepoint +  BMI + calculatedAge + codedsiteid + raw_intensity_post + Sex + (1 | pid)","group_timepointADUEndur.post_24_hr - group_timepointADUEndur.pre_exercise - group_timepointADUControl.post_24_hr + group_timepointADUControl.pre_exercise","Endur.post_24_hr - Control.post_24_hr (delta-delta)","exercise_with_controls","EE-CON","ADUEndur","post_24_hr","3-Hydroxybutyric acid",-0.0238338816542907,-0.193159283464809,0.145491520156228,673.977057577016,-253.542609700115,-0.276371588505906,22.4899588648771,-0.276262391134355,0.782346539771533,0.973281345452088
"blood","metab","metab-u-rpneg","~ 0 + group_timepoint +  BMI + calculatedAge + codedsiteid + raw_intensity_post + Sex + (1 | pid)","group_timepointADUEndur.post_24_hr - group_timepointADUEndur.pre_exercise - group_timepointADUControl.post_24_hr + group_timepointADUControl.pre_exercise","Endur.post_24_hr - Control.post_24_hr (delta-delta)","exercise_with_controls","EE-CON","ADUEndur","post_24_hr","Hydroxyphenyllactic acid",-0.0667543874276149,-0.543369038991208,0.409860264135979,686.042256139846,-1016.50705986946,-0.274988562760231,18.9895043717175,-0.274882589405635,0.783406443719997,0.973281345452088
"blood","metab","metab-u-rppos","~ 0 + group_timepoint +  BMI + calculatedAge + codedsiteid + raw_intensity_post + Sex + (1 | pid)","group_timepointADUEndur.post_24_hr - group_timepointADUEndur.pre_exercise - group_timepointADUControl.post_24_hr + group_timepointADUControl.pre_exercise","Endur.post_24_hr - Control.post_24_hr (delta-delta)","exercise_with_controls","EE-CON","ADUEndur","post_24_hr","Indolelactic acid",0.0724031936191274,-0.0612314036398003,0.206037790878055,672.623255548135,-76.412333339818,1.06380430425407,18.3381484658351,1.06297004372139,0.287795536510696,0.969896045359225
"blood","metab","metab-u-rppos","~ 0 + group_timepoint +  BMI + calculatedAge + codedsiteid + raw_intensity_post + Sex + (1 | pid)","group_timepointADUEndur.post_24_hr - group_timepointADUEndur.pre_exercise - group_timepointADUControl.post_24_hr + group_timepointADUControl.pre_exercise","Endur.post_24_hr - Control.post_24_hr (delta-delta)","exercise_with_controls","EE-CON","ADUEndur","post_24_hr","3-Hydroxyphenyl valeric acid",0.0737093830106801,-0.227212383901463,0.374631149922824,672.220710185339,-796.373433843247,0.480942925539242,15.3674328910659,0.480724541537346,0.63071228648501,0.969896045359225
"blood","metab","metab-u-rppos","~ 0 + group_timepoint +  BMI + calculatedAge + codedsiteid + raw_intensity_post + Sex + (1 | pid)","group_timepointADUEndur.post_24_hr - group_timepointADUEndur.pre_exercise - group_timepointADUControl.post_24_hr + group_timepointADUControl.pre_exercise","Endur.post_24_hr - Control.post_24_hr (delta-delta)","exercise_with_controls","EE-CON","ADUEndur","post_24_hr","Kynurenine",0.0305077718534221,-0.0952978883386651,0.156313432045509,672.821492945058,-14.5933393829796,0.476137428426443,19.3574929289604,0.475922686250167,0.634129459235418,0.969896045359225
"blood","metab","metab-u-rppos","~ 0 + group_timepoint +  BMI + calculatedAge + codedsiteid + raw_intensity_post + Sex + (1 | pid)","group_timepointADUEndur.post_24_hr - group_timepointADUEndur.pre_exercise - group_timepointADUControl.post_24_hr + group_timepointADUControl.pre_exercise","Endur.post_24_hr - Control.post_24_hr (delta-delta)","exercise_with_controls","EE-CON","ADUEndur","post_24_hr","2-Hydroxy-3-methylbutyric acid",-0.0372996564493135,-0.209860436492961,0.135261123594334,679.653022643168,-189.716915982779,-0.424396035051322,16.8519397547098,-0.424215087451677,0.67140895861428,0.969896045359225
"blood","metab","metab-u-rppos","~ 0 + group_timepoint +  BMI + calculatedAge + codedsiteid + raw_intensity_post + Sex + (1 | pid)","group_timepointADUEndur.post_24_hr - group_timepointADUEndur.pre_exercise - group_timepointADUControl.post_24_hr + group_timepointADUControl.pre_exercise","Endur.post_24_hr - Control.post_24_hr (delta-delta)","exercise_with_controls","EE-CON","ADUEndur","post_24_hr","N-Acetylleucine",-0.0517434504882033,-0.291480651180665,0.187993750204259,682.708348789867,-451.058454758308,-0.423764603904568,14.8937247851881,-0.423584922948839,0.671868552814863,0.969896045359225
"blood","metab","metab-u-hilicpos","~ 0 + group_timepoint +  BMI + calculatedAge + codedsiteid + raw_intensity_post + Sex + (1 | pid)","group_timepointADUResist.post_10_min - group_timepointADUResist.pre_exercise - group_timepointADUControl.post_10_min + group_timepointADUControl.pre_exercise","Resist.post_10_min - Control.post_10_min (delta-delta)","exercise_with_controls","RE-CON","ADUResist","post_10_min","Aminobutyric acid",-0.269547161819361,-0.339438640271278,-0.199655683367443,684.041221920767,174.87740693532,-7.57226552897124,12.7022443048987,-7.41807605572458,1.18833859483169e-13,3.78107734719175e-12
"blood","metab","metab-u-hilicpos","~ 0 + group_timepoint +  BMI + calculatedAge + codedsiteid + raw_intensity_post + Sex + (1 | pid)","group_timepointADUResist.post_10_min - group_timepointADUResist.pre_exercise - group_timepointADUControl.post_10_min + group_timepointADUControl.pre_exercise","Resist.post_10_min - Control.post_10_min (delta-delta)","exercise_with_controls","RE-CON","ADUResist","post_10_min","Valine",-0.118487779089577,-0.151986423496748,-0.0849891346824058,684.089667472187,832.578401127051,-6.94482828010084,27.9105149694428,-6.82469959201906,8.81094954951541e-12,1.9273952139565e-10
"blood","metab","metab-u-hilicpos","~ 0 + group_timepoint +  BMI + calculatedAge + codedsiteid + raw_intensity_post + Sex + (1 | pid)","group_timepointADUResist.post_10_min - group_timepointADUResist.pre_exercise - group_timepointADUControl.post_10_min + group_timepointADUControl.pre_exercise","Resist.post_10_min - Control.post_10_min (delta-delta)","exercise_with_controls","RE-CON","ADUResist","post_10_min","Leucine",-0.143344444115804,-0.185918589921055,-0.100770298310554,684.438149407449,692.044270020507,-6.61073448088017,28.0774673391846,-6.50660261495825,7.6869400674794e-11,1.41601527558831e-09
"blood","metab","metab-u-hilicpos","~ 0 + group_timepoint +  BMI + calculatedAge + codedsiteid + raw_intensity_post + Sex + (1 | pid)","group_timepointADUResist.post_10_min - group_timepointADUResist.pre_exercise - group_timepointADUControl.post_10_min + group_timepointADUControl.pre_exercise","Resist.post_10_min - Control.post_10_min (delta-delta)","exercise_with_controls","RE-CON","ADUResist","post_10_min","Isoleucine",-0.15174937678686,-0.199636641272437,-0.103862112301283,684.450286101806,592.968142846959,-6.22187242780046,27.128907915646,-6.13454256535765,8.54045757267184e-10,1.3587091592887e-08
"blood","metab","metab-u-hilicpos","~ 0 + group_timepoint +  BMI + calculatedAge + codedsiteid + raw_intensity_post + Sex + (1 | pid)","group_timepointADUResist.post_10_min - group_timepointADUResist.pre_exercise - group_timepointADUControl.post_10_min + group_timepointADUControl.pre_exercise","Resist.post_10_min - Control.post_10_min (delta-delta)","exercise_with_controls","RE-CON","ADUResist","post_10_min","gamma-Aminobutyric acid",-0.207859788397428,-0.279770053209326,-0.135949523585531,684.066320208915,169.962847578404,-5.67538109971784,21.7907234352887,-5.60833103711927,2.04287000989069e-08,2.26249579870674e-07
"blood","metab","metab-u-hilicpos","~ 0 + group_timepoint +  BMI + calculatedAge + codedsiteid + raw_intensity_post + Sex + (1 | pid)","group_timepointADUResist.post_10_min - group_timepointADUResist.pre_exercise - group_timepointADUControl.post_10_min + group_timepointADUControl.pre_exercise","Resist.post_10_min - Control.post_10_min (delta-delta)","exercise_with_controls","RE-CON","ADUResist","post_10_min","beta-Leucine",-0.161112109707748,-0.216872913051278,-0.105351306364218,684.697301522083,481.506249028655,-5.67300343387208,19.6064808304402,-5.60616668451796,2.06856758738902e-08,2.26249579870674e-07
"blood","metab","metab-u-hilicpos","~ 0 + group_timepoint +  BMI + calculatedAge + codedsiteid + raw_intensity_post + Sex + (1 | pid)","group_timepointADUResist.post_10_min - group_timepointADUResist.pre_exercise - group_timepointADUControl.post_10_min + group_timepointADUControl.pre_exercise","Resist.post_10_min - Control.post_10_min (delta-delta)","exercise_with_controls","RE-CON","ADUResist","post_10_min","3-Dehydroxycarnitine",0.129848020541939,0.0805502355675234,0.179145805516354,684.159868899113,526.032563141952,5.17157029175397,19.6690573847404,5.12037381274568,3.04930602797374e-07,2.54108835664479e-06
"blood","metab","metab-u-hilicpos","~ 0 + group_timepoint +  BMI + calculatedAge + codedsiteid + raw_intensity_post + Sex + (1 | pid)","group_timepointADUResist.post_10_min - group_timepointADUResist.pre_exercise - group_timepointADUControl.post_10_min + group_timepointADUControl.pre_exercise","Resist.post_10_min - Control.post_10_min (delta-delta)","exercise_with_controls","RE-CON","ADUResist","post_10_min","Alloisoleucine",0.695548630060554,0.428776163813476,0.962321096307631,692.718219947717,-737.419796376855,5.11913970341409,17.9555258964123,5.06968258183843,3.98479710061451e-07,3.03191083742409e-06
"blood","metab","metab-u-hilicpos","~ 0 + group_timepoint +  BMI + calculatedAge + codedsiteid + raw_intensity_post + Sex + (1 | pid)","group_timepointADUResist.post_10_min - group_timepointADUResist.pre_exercise - group_timepointADUControl.post_10_min + group_timepointADUControl.pre_exercise","Resist.post_10_min - Control.post_10_min (delta-delta)","exercise_with_controls","RE-CON","ADUResist","post_10_min","Aminoisobutyric acid",-0.266364833244769,-0.386253483223117,-0.14647618326642,684.184993570412,-220.840973408169,-4.36228114901961,20.6698163032554,-4.33090701877344,1.48496382258177e-05,9.4497697800658e-05
"blood","metab","metab-u-hilicpos","~ 0 + group_timepoint +  BMI + calculatedAge + codedsiteid + raw_intensity_post + Sex + (1 | pid)","group_timepointADUResist.post_10_min - group_timepointADUResist.pre_exercise - group_timepointADUControl.post_10_min + group_timepointADUControl.pre_exercise","Resist.post_10_min - Control.post_10_min (delta-delta)","exercise_with_controls","RE-CON","ADUResist","post_10_min","Kynurenic acid",0.230775227737798,0.0838509560615992,0.377699499413997,684.982229528938,-324.318301838401,3.08395971074216,13.2879862705878,3.07226117836243,0.00212443754459819,0.00872174304203069
"blood","metab","metab-u-hilicpos","~ 0 + group_timepoint +  BMI + calculatedAge + codedsiteid + raw_intensity_post + Sex + (1 | pid)","group_timepointADUResist.post_10_min - group_timepointADUResist.pre_exercise - group_timepointADUControl.post_10_min + group_timepointADUControl.pre_exercise","Resist.post_10_min - Control.post_10_min (delta-delta)","exercise_with_controls","RE-CON","ADUResist","post_10_min","Phenylalanine",0.0475830799746788,0.00861439130563719,0.0865517686437204,684.13753168396,720.368303123891,2.3974642992786,27.570982626962,2.39159095130903,0.0167755269850616,0.0481265118423897
"blood","metab","metab-u-hilicpos","~ 0 + group_timepoint +  BMI + calculatedAge + codedsiteid + raw_intensity_post + Sex + (1 | pid)","group_timepointADUResist.post_10_min - group_timepointADUResist.pre_exercise - group_timepointADUControl.post_10_min + group_timepointADUControl.pre_exercise","Resist.post_10_min - Control.post_10_min (delta-delta)","exercise_with_controls","RE-CON","ADUResist","post_10_min","alpha-N-Phenylacetylglutamine",0.252384974459705,-0.130399403440195,0.635169352359605,685.896645394234,-1105.61441690855,1.29457120467434,22.611659963848,1.29330756663463,0.195904704684507,0.313748609177026
"blood","metab","metab-u-hilicpos","~ 0 + group_timepoint +  BMI + calculatedAge + codedsiteid + raw_intensity_post + Sex + (1 | pid)","group_timepointADUResist.post_10_min - group_timepointADUResist.pre_exercise - group_timepointADUControl.post_10_min + group_timepointADUControl.pre_exercise","Resist.post_10_min - Control.post_10_min (delta-delta)","exercise_with_controls","RE-CON","ADUResist","post_10_min","N-Acetylvaline",0.0956179646732505,-0.0673793484108626,0.258615277757363,684.122000065595,-497.257888398796,1.15179690265392,11.8397238981492,1.15081887238026,0.249806759021648,0.370476125667699
"blood","metab","metab-u-hilicpos","~ 0 + group_timepoint +  BMI + calculatedAge + codedsiteid + raw_intensity_post + Sex + (1 | pid)","group_timepointADUResist.post_10_min - group_timepointADUResist.pre_exercise - group_timepointADUControl.post_10_min + group_timepointADUControl.pre_exercise","Resist.post_10_min - Control.post_10_min (delta-delta)","exercise_with_controls","RE-CON","ADUResist","post_10_min","Carnitine",-0.0232917071431622,-0.0637429616987228,0.0171595474123984,684.17696877825,698.712606770019,-1.13053653956982,24.8388232268695,-1.12959847797524,0.258645452642319,0.380360959768116
"blood","metab","metab-u-ionpneg","~ 0 + group_timepoint +  BMI + calculatedAge + codedsiteid + raw_intensity_post + Sex + (1 | pid)","group_timepointADUResist.post_10_min - group_timepointADUResist.pre_exercise - group_timepointADUControl.post_10_min + group_timepointADUControl.pre_exercise","Resist.post_10_min - Control.post_10_min (delta-delta)","exercise_with_controls","RE-CON","ADUResist","post_10_min","Lactic acid",1.52654008954066,1.36984977049587,1.68323040858545,682.187970423505,-267.209070073292,19.1288227748605,26.2936137800976,17.1037412887205,1.39176092810459e-65,2.82991388714601e-64
"blood","metab","metab-u-ionpneg","~ 0 + group_timepoint +  BMI + calculatedAge + codedsiteid + raw_intensity_post + Sex + (1 | pid)","group_timepointADUResist.post_10_min - group_timepointADUResist.pre_exercise - group_timepointADUControl.post_10_min + group_timepointADUControl.pre_exercise","Resist.post_10_min - Control.post_10_min (delta-delta)","exercise_with_controls","RE-CON","ADUResist","post_10_min","Phenylpyruvic acid",0.604181193293822,0.453817425777311,0.754544960810334,675.58213974674,-269.637743370541,7.88951130253222,19.1690046032281,7.71365610734555,1.22263643160802e-14,5.73698633292995e-14
"blood","metab","metab-u-lrppos","~ 0 + group_timepoint +  BMI + calculatedAge + codedsiteid + raw_intensity_post + Sex + (1 | pid)","group_timepointADUResist.post_10_min - group_timepointADUResist.pre_exercise - group_timepointADUControl.post_10_min + group_timepointADUControl.pre_exercise","Resist.post_10_min - Control.post_10_min (delta-delta)","exercise_with_controls","RE-CON","ADUResist","post_10_min","N,N-Diphenylguanidine",0.831871798544999,0.030973306052222,1.63277029103778,734.340302327908,-1593.5656645101,2.03930980965812,19.6507328233614,2.03554082907046,0.0417964846762898,0.213060129203526
"blood","metab","metab-u-rpneg","~ 0 + group_timepoint +  BMI + calculatedAge + codedsiteid + raw_intensity_post + Sex + (1 | pid)","group_timepointADUResist.post_10_min - group_timepointADUResist.pre_exercise - group_timepointADUControl.post_10_min + group_timepointADUControl.pre_exercise","Resist.post_10_min - Control.post_10_min (delta-delta)","exercise_with_controls","RE-CON","ADUResist","post_10_min","Ketoleucine",0.523702768101689,0.408338431630281,0.639067104573097,679.854141729317,-32.4173204992083,8.91328280095453,23.2592791537668,8.66427864511463,4.54380800289354e-18,1.5448947209838e-16
"blood","metab","metab-u-rpneg","~ 0 + group_timepoint +  BMI + calculatedAge + codedsiteid + raw_intensity_post + Sex + (1 | pid)","group_timepointADUResist.post_10_min - group_timepointADUResist.pre_exercise - group_timepointADUControl.post_10_min + group_timepointADUControl.pre_exercise","Resist.post_10_min - Control.post_10_min (delta-delta)","exercise_with_controls","RE-CON","ADUResist","post_10_min","Phenylacetic acid",0.516920883455761,0.370058961508568,0.663782805402954,674.508245539638,-298.642576091638,6.91095826508162,16.274749105315,6.79129152219948,1.11134095406068e-11,2.26713554628378e-10
"blood","metab","metab-u-rpneg","~ 0 + group_timepoint +  BMI + calculatedAge + codedsiteid + raw_intensity_post + Sex + (1 | pid)","group_timepointADUResist.post_10_min - group_timepointADUResist.pre_exercise - group_timepointADUControl.post_10_min + group_timepointADUControl.pre_exercise","Resist.post_10_min - Control.post_10_min (delta-delta)","exercise_with_controls","RE-CON","ADUResist","post_10_min","Leucine/Isoleucine",-0.295759666972302,-0.38312227198071,-0.208397061963894,676.792101791428,179.846831650876,-6.64715359416602,22.2566062933702,-6.54034927168112,6.13753265219257e-11,8.94326186462346e-10
"blood","metab","metab-u-rpneg","~ 0 + group_timepoint +  BMI + calculatedAge + codedsiteid + raw_intensity_post + Sex + (1 | pid)","group_timepointADUResist.post_10_min - group_timepointADUResist.pre_exercise - group_timepointADUControl.post_10_min + group_timepointADUControl.pre_exercise","Resist.post_10_min - Control.post_10_min (delta-delta)","exercise_with_controls","RE-CON","ADUResist","post_10_min","2-Hydroxybutyric acid",-0.880720337612843,-1.18209257295269,-0.579348102272996,675.768506939005,-875.604085897731,-5.73792645790952,20.7668498296894,-5.6683001135236,1.4422118999743e-08,1.63450681997088e-07
"blood","metab","metab-u-rpneg","~ 0 + group_timepoint +  BMI + calculatedAge + codedsiteid + raw_intensity_post + Sex + (1 | pid)","group_timepointADUResist.post_10_min - group_timepointADUResist.pre_exercise - group_timepointADUControl.post_10_min + group_timepointADUControl.pre_exercise","Resist.post_10_min - Control.post_10_min (delta-delta)","exercise_with_controls","RE-CON","ADUResist","post_10_min","3-Hydroxybutyric acid",0.344415371742503,0.208131166599042,0.480699576885964,673.977057577016,-253.542609700115,4.96206083562968,22.4899588648771,4.91600871424734,8.83264675163478e-07,8.19027244242498e-06
"blood","metab","metab-u-rpneg","~ 0 + group_timepoint +  BMI + calculatedAge + codedsiteid + raw_intensity_post + Sex + (1 | pid)","group_timepointADUResist.post_10_min - group_timepointADUResist.pre_exercise - group_timepointADUControl.post_10_min + group_timepointADUControl.pre_exercise","Resist.post_10_min - Control.post_10_min (delta-delta)","exercise_with_controls","RE-CON","ADUResist","post_10_min","Phenyllactic acid",0.356529156293874,0.155168232684159,0.557890079903589,673.370079387047,-621.104056736497,3.47650535362263,17.3939250509258,3.45990747342273,0.000540361029896765,0.00290088552891948
"blood","metab","metab-u-rpneg","~ 0 + group_timepoint +  BMI + calculatedAge + codedsiteid + raw_intensity_post + Sex + (1 | pid)","group_timepointADUResist.post_10_min - group_timepointADUResist.pre_exercise - group_timepointADUControl.post_10_min + group_timepointADUControl.pre_exercise","Resist.post_10_min - Control.post_10_min (delta-delta)","exercise_with_controls","RE-CON","ADUResist","post_10_min","Hydroxyphenyllactic acid",0.492127012227105,0.10683755703703,0.87741646741718,686.042256139846,-1016.50705986946,2.50790129498027,18.9895043717175,2.50122421219504,0.0123764795508171,0.0350666920606486
"blood","metab","metab-u-rpneg","~ 0 + group_timepoint +  BMI + calculatedAge + codedsiteid + raw_intensity_post + Sex + (1 | pid)","group_timepointADUResist.post_10_min - group_timepointADUResist.pre_exercise - group_timepointADUControl.post_10_min + group_timepointADUControl.pre_exercise","Resist.post_10_min - Control.post_10_min (delta-delta)","exercise_with_controls","RE-CON","ADUResist","post_10_min","gamma-Glutamylisoleucine",-0.20244659600462,-0.414527096916437,0.00963390490719701,685.090106323577,-520.948034432795,-1.87423156585217,14.1065324247605,-1.87116312285985,0.0613224744792862,0.120286392247831
"blood","metab","metab-u-rpneg","~ 0 + group_timepoint +  BMI + calculatedAge + codedsiteid + raw_intensity_post + Sex + (1 | pid)","group_timepointADUResist.post_10_min - group_timepointADUResist.pre_exercise - group_timepointADUControl.post_10_min + group_timepointADUControl.pre_exercise","Resist.post_10_min - Control.post_10_min (delta-delta)","exercise_with_controls","RE-CON","ADUResist","post_10_min","gamma-Glutamylleucine",-0.0199604505019337,-0.311333526276662,0.271412625272795,701.320034630674,-751.470138826929,-0.134502243676555,16.5346900207371,-0.134452765159108,0.893044559803272,0.920106516160947
"blood","metab","metab-u-rppos","~ 0 + group_timepoint +  BMI + calculatedAge + codedsiteid + raw_intensity_post + Sex + (1 | pid)","group_timepointADUResist.post_10_min - group_timepointADUResist.pre_exercise - group_timepointADUControl.post_10_min + group_timepointADUControl.pre_exercise","Resist.post_10_min - Control.post_10_min (delta-delta)","exercise_with_controls","RE-CON","ADUResist","post_10_min","Indolelactic acid",0.375212296095135,0.267664972403472,0.482759619786799,672.623255548135,-76.412333339818,6.85021059029367,18.3381484658351,6.73311058964311,1.6607373626117e-11,6.24437248342001e-10
"blood","metab","metab-u-rppos","~ 0 + group_timepoint +  BMI + calculatedAge + codedsiteid + raw_intensity_post + Sex + (1 | pid)","group_timepointADUResist.post_10_min - group_timepointADUResist.pre_exercise - group_timepointADUControl.post_10_min + group_timepointADUControl.pre_exercise","Resist.post_10_min - Control.post_10_min (delta-delta)","exercise_with_controls","RE-CON","ADUResist","post_10_min","N-Acetylleucine",0.576454819533872,0.38271060226003,0.770199036807714,682.708348789867,-451.058454758308,5.84194856517715,14.8937247851881,5.76851691954466,7.99721851846505e-09,1.67053009052381e-07
"blood","metab","metab-u-rppos","~ 0 + group_timepoint +  BMI + calculatedAge + codedsiteid + raw_intensity_post + Sex + (1 | pid)","group_timepointADUResist.post_10_min - group_timepointADUResist.pre_exercise - group_timepointADUControl.post_10_min + group_timepointADUControl.pre_exercise","Resist.post_10_min - Control.post_10_min (delta-delta)","exercise_with_controls","RE-CON","ADUResist","post_10_min","3-Hydroxyphenyl valeric acid",-0.194128225338932,-0.436191267230073,0.0479348165522077,672.220710185339,-796.373433843247,-1.57465932888896,15.3674328910659,-1.57263657337936,0.115802994005449,0.290279504973659
"blood","metab","metab-u-rppos","~ 0 + group_timepoint +  BMI + calculatedAge + codedsiteid + raw_intensity_post + Sex + (1 | pid)","group_timepointADUResist.post_10_min - group_timepointADUResist.pre_exercise - group_timepointADUControl.post_10_min + group_timepointADUControl.pre_exercise","Resist.post_10_min - Control.post_10_min (delta-delta)","exercise_with_controls","RE-CON","ADUResist","post_10_min","Kynurenine",0.0669585364524252,-0.0343061610715945,0.168223233976445,672.821492945058,-14.5933393829796,1.29829680652377,19.3574929289604,1.29700935333756,0.194627968568902,0.415796114669927
"blood","metab","metab-u-rppos","~ 0 + group_timepoint +  BMI + calculatedAge + codedsiteid + raw_intensity_post + Sex + (1 | pid)","group_timepointADUResist.post_10_min - group_timepointADUResist.pre_exercise - group_timepointADUControl.post_10_min + group_timepointADUControl.pre_exercise","Resist.post_10_min - Control.post_10_min (delta-delta)","exercise_with_controls","RE-CON","ADUResist","post_10_min","2-Hydroxy-3-methylbutyric acid",-0.0123491308294916,-0.151677859353873,0.12697959769489,679.653022643168,-189.716915982779,-0.174027551010413,16.8519397547098,-0.173961601689467,0.861895639454045,0.966510469255641
"blood","metab","metab-u-hilicpos","~ 0 + group_timepoint +  BMI + calculatedAge + codedsiteid + raw_intensity_post + Sex + (1 | pid)","group_timepointADUResist.post_15_30_45_min - group_timepointADUResist.pre_exercise - group_timepointADUControl.post_15_30_45_min + group_timepointADUControl.pre_exercise","Resist.post_15_30_45_min - Control.post_15_30_45_min (delta-delta)","exercise_with_controls","RE-CON","ADUResist","post_15_30_45_min","Leucine",-0.202380740976992,-0.24409744574436,-0.160664036209623,684.438149407449,692.044270020507,-9.52519469904121,28.0774673391846,-9.2277721807088,2.76318980730662e-20,9.67116432557318e-19
"blood","metab","metab-u-hilicpos","~ 0 + group_timepoint +  BMI + calculatedAge + codedsiteid + raw_intensity_post + Sex + (1 | pid)","group_timepointADUResist.post_15_30_45_min - group_timepointADUResist.pre_exercise - group_timepointADUControl.post_15_30_45_min + group_timepointADUControl.pre_exercise","Resist.post_15_30_45_min - Control.post_15_30_45_min (delta-delta)","exercise_with_controls","RE-CON","ADUResist","post_15_30_45_min","Isoleucine",-0.19344630932185,-0.240369101830817,-0.146523516812882,684.450286101806,592.968142846959,-8.09451248307126,27.128907915646,-7.90798066276183,2.61597434532654e-15,7.04300785280221e-14
"blood","metab","metab-u-hilicpos","~ 0 + group_timepoint +  BMI + calculatedAge + codedsiteid + raw_intensity_post + Sex + (1 | pid)","group_timepointADUResist.post_15_30_45_min - group_timepointADUResist.pre_exercise - group_timepointADUControl.post_15_30_45_min + group_timepointADUControl.pre_exercise","Resist.post_15_30_45_min - Control.post_15_30_45_min (delta-delta)","exercise_with_controls","RE-CON","ADUResist","post_15_30_45_min","beta-Leucine",-0.215504853032236,-0.270142156630657,-0.160867549433815,684.697301522083,481.506249028655,-7.74428941070372,19.6064808304402,-7.5801072850718,3.45269330446679e-14,7.5527666035211e-13
"blood","metab","metab-u-hilicpos","~ 0 + group_timepoint +  BMI + calculatedAge + codedsiteid + raw_intensity_post + Sex + (1 | pid)","group_timepointADUResist.post_15_30_45_min - group_timepointADUResist.pre_exercise - group_timepointADUControl.post_15_30_45_min + group_timepointADUControl.pre_exercise","Resist.post_15_30_45_min - Control.post_15_30_45_min (delta-delta)","exercise_with_controls","RE-CON","ADUResist","post_15_30_45_min","Valine",-0.12253956369965,-0.155364470682262,-0.0897146567170384,684.089667472187,832.578401127051,-7.32972909687953,27.9105149694428,-7.18938410962938,6.50842360681185e-13,1.08473726780197e-11
"blood","metab","metab-u-hilicpos","~ 0 + group_timepoint +  BMI + calculatedAge + codedsiteid + raw_intensity_post + Sex + (1 | pid)","group_timepointADUResist.post_15_30_45_min - group_timepointADUResist.pre_exercise - group_timepointADUControl.post_15_30_45_min + group_timepointADUControl.pre_exercise","Resist.post_15_30_45_min - Control.post_15_30_45_min (delta-delta)","exercise_with_controls","RE-CON","ADUResist","post_15_30_45_min","Aminobutyric acid",-0.240748213874671,-0.309234683327441,-0.172261744421901,684.041221920767,174.87740693532,-6.90197732203662,12.7022443048987,-6.7839693748993,1.16918123491542e-11,1.5738978162323e-10
"blood","metab","metab-u-hilicpos","~ 0 + group_timepoint +  BMI + calculatedAge + codedsiteid + raw_intensity_post + Sex + (1 | pid)","group_timepointADUResist.post_15_30_45_min - group_timepointADUResist.pre_exercise - group_timepointADUControl.post_15_30_45_min + group_timepointADUControl.pre_exercise","Resist.post_15_30_45_min - Control.post_15_30_45_min (delta-delta)","exercise_with_controls","RE-CON","ADUResist","post_15_30_45_min","gamma-Aminobutyric acid",-0.19853041160561,-0.268994682832951,-0.128066140378268,684.066320208915,169.962847578404,-5.53188873399308,21.7907234352887,-5.46962867653689,4.50979406608318e-08,3.94606980782278e-07
"blood","metab","metab-u-hilicpos","~ 0 + group_timepoint +  BMI + calculatedAge + codedsiteid + raw_intensity_post + Sex + (1 | pid)","group_timepointADUResist.post_15_30_45_min - group_timepointADUResist.pre_exercise - group_timepointADUControl.post_15_30_45_min + group_timepointADUControl.pre_exercise","Resist.post_15_30_45_min - Control.post_15_30_45_min (delta-delta)","exercise_with_controls","RE-CON","ADUResist","post_15_30_45_min","3-Dehydroxycarnitine",0.122844844749398,0.0745389985957973,0.171150690902999,684.159868899113,526.032563141952,4.99311586546606,19.6690573847404,4.94685954883492,7.54203532692795e-07,5.73850514005388e-06
"blood","metab","metab-u-hilicpos","~ 0 + group_timepoint +  BMI + calculatedAge + codedsiteid + raw_intensity_post + Sex + (1 | pid)","group_timepointADUResist.post_15_30_45_min - group_timepointADUResist.pre_exercise - group_timepointADUControl.post_15_30_45_min + group_timepointADUControl.pre_exercise","Resist.post_15_30_45_min - Control.post_15_30_45_min (delta-delta)","exercise_with_controls","RE-CON","ADUResist","post_15_30_45_min","Aminoisobutyric acid",-0.293153798835363,-0.410629825247862,-0.175677772422863,684.184993570412,-220.840973408169,-4.89960430126308,20.6698163032554,-4.85578416367436,1.19911258030402e-06,8.7435292313835e-06
"blood","metab","metab-u-hilicpos","~ 0 + group_timepoint +  BMI + calculatedAge + codedsiteid + raw_intensity_post + Sex + (1 | pid)","group_timepointADUResist.post_15_30_45_min - group_timepointADUResist.pre_exercise - group_timepointADUControl.post_15_30_45_min + group_timepointADUControl.pre_exercise","Resist.post_15_30_45_min - Control.post_15_30_45_min (delta-delta)","exercise_with_controls","RE-CON","ADUResist","post_15_30_45_min","Phenylalanine",0.0899745040148758,0.0517898218276931,0.128159186202059,684.13753168396,720.368303123891,4.62642549218599,27.570982626962,4.58925357313112,4.44833794564412e-06,3.0527809430891e-05
"blood","metab","metab-u-hilicpos","~ 0 + group_timepoint +  BMI + calculatedAge + codedsiteid + raw_intensity_post + Sex + (1 | pid)","group_timepointADUResist.post_15_30_45_min - group_timepointADUResist.pre_exercise - group_timepointADUControl.post_15_30_45_min + group_timepointADUControl.pre_exercise","Resist.post_15_30_45_min - Control.post_15_30_45_min (delta-delta)","exercise_with_controls","RE-CON","ADUResist","post_15_30_45_min","Alloisoleucine",0.543227861011577,0.281811279549602,0.804644442473551,692.718219947717,-737.419796376855,4.0800001031581,17.9555258964123,4.05421874363084,5.03021306947746e-05,0.000303547340399502
"blood","metab","metab-u-hilicpos","~ 0 + group_timepoint +  BMI + calculatedAge + codedsiteid + raw_intensity_post + Sex + (1 | pid)","group_timepointADUResist.post_15_30_45_min - group_timepointADUResist.pre_exercise - group_timepointADUControl.post_15_30_45_min + group_timepointADUControl.pre_exercise","Resist.post_15_30_45_min - Control.post_15_30_45_min (delta-delta)","exercise_with_controls","RE-CON","ADUResist","post_15_30_45_min","Kynurenic acid",0.207589711181731,0.0636265489179696,0.351552873445492,684.982229528938,-324.318301838401,2.83117957920901,13.2879862705878,2.82195804239924,0.00477314215742165,0.0185622195010842
"blood","metab","metab-u-hilicpos","~ 0 + group_timepoint +  BMI + calculatedAge + codedsiteid + raw_intensity_post + Sex + (1 | pid)","group_timepointADUResist.post_15_30_45_min - group_timepointADUResist.pre_exercise - group_timepointADUControl.post_15_30_45_min + group_timepointADUControl.pre_exercise","Resist.post_15_30_45_min - Control.post_15_30_45_min (delta-delta)","exercise_with_controls","RE-CON","ADUResist","post_15_30_45_min","Carnitine",0.0456694765162347,0.00603222664166889,0.0853067263908004,684.17696877825,698.712606770019,2.26223486511234,24.8388232268695,2.25720930991724,0.023994998958136,0.0677278196398999
"blood","metab","metab-u-hilicpos","~ 0 + group_timepoint +  BMI + calculatedAge + codedsiteid + raw_intensity_post + Sex + (1 | pid)","group_timepointADUResist.post_15_30_45_min - group_timepointADUResist.pre_exercise - group_timepointADUControl.post_15_30_45_min + group_timepointADUControl.pre_exercise","Resist.post_15_30_45_min - Control.post_15_30_45_min (delta-delta)","exercise_with_controls","RE-CON","ADUResist","post_15_30_45_min","alpha-N-Phenylacetylglutamine",-0.0354123150821302,-0.410480273358234,0.339655643193973,685.896645394234,-1105.61441690855,-0.185379205725474,22.611659963848,-0.185309188777932,0.85298653124619,0.918600879803589
"blood","metab","metab-u-hilicpos","~ 0 + group_timepoint +  BMI + calculatedAge + codedsiteid + raw_intensity_post + Sex + (1 | pid)","group_timepointADUResist.post_15_30_45_min - group_timepointADUResist.pre_exercise - group_timepointADUControl.post_15_30_45_min + group_timepointADUControl.pre_exercise","Resist.post_15_30_45_min - Control.post_15_30_45_min (delta-delta)","exercise_with_controls","RE-CON","ADUResist","post_15_30_45_min","N-Acetylvaline",-0.00185372603340106,-0.16157202576588,0.157864573699078,684.122000065595,-497.257888398796,-0.022788074492171,11.8397238981492,-0.022779748015951,0.981825962575271,0.987468640521106
"blood","metab","metab-u-ionpneg","~ 0 + group_timepoint +  BMI + calculatedAge + codedsiteid + raw_intensity_post + Sex + (1 | pid)","group_timepointADUResist.post_15_30_45_min - group_timepointADUResist.pre_exercise - group_timepointADUControl.post_15_30_45_min + group_timepointADUControl.pre_exercise","Resist.post_15_30_45_min - Control.post_15_30_45_min (delta-delta)","exercise_with_controls","RE-CON","ADUResist","post_15_30_45_min","Lactic acid",1.19534354839712,1.04235904383222,1.34832805296203,682.187970423505,-267.209070073292,15.3415746545544,26.2936137800976,14.2080811907874,8.16317076889946e-46,2.48976708451434e-44
"blood","metab","metab-u-ionpneg","~ 0 + group_timepoint +  BMI + calculatedAge + codedsiteid + raw_intensity_post + Sex + (1 | pid)","group_timepointADUResist.post_15_30_45_min - group_timepointADUResist.pre_exercise - group_timepointADUControl.post_15_30_45_min + group_timepointADUControl.pre_exercise","Resist.post_15_30_45_min - Control.post_15_30_45_min (delta-delta)","exercise_with_controls","RE-CON","ADUResist","post_15_30_45_min","Phenylpyruvic acid",0.650645061024267,0.503881355017971,0.797408767030564,675.58213974674,-269.637743370541,8.70468537882591,19.1690046032281,8.47108099692422,2.43126100369223e-17,1.48306921225226e-16
"blood","metab","metab-u-lrppos","~ 0 + group_timepoint +  BMI + calculatedAge + codedsiteid + raw_intensity_post + Sex + (1 | pid)","group_timepointADUResist.post_15_30_45_min - group_timepointADUResist.pre_exercise - group_timepointADUControl.post_15_30_45_min + group_timepointADUControl.pre_exercise","Resist.post_15_30_45_min - Control.post_15_30_45_min (delta-delta)","exercise_with_controls","RE-CON","ADUResist","post_15_30_45_min","N,N-Diphenylguanidine",0.534982170747973,-0.249882984639776,1.31984732613572,734.340302327908,-1593.5656645101,1.33829740097507,19.6507328233614,1.33694963553295,0.181239077269342,0.773040145903927
"blood","metab","metab-u-rpneg","~ 0 + group_timepoint +  BMI + calculatedAge + codedsiteid + raw_intensity_post + Sex + (1 | pid)","group_timepointADUResist.post_15_30_45_min - group_timepointADUResist.pre_exercise - group_timepointADUControl.post_15_30_45_min + group_timepointADUControl.pre_exercise","Resist.post_15_30_45_min - Control.post_15_30_45_min (delta-delta)","exercise_with_controls","RE-CON","ADUResist","post_15_30_45_min","Phenylacetic acid",0.654348832723269,0.51071768805827,0.797979977388268,674.508245539638,-298.642576091638,8.94509659003224,16.274749105315,8.6935631471665,3.51246300810535e-18,8.95678067066865e-17
"blood","metab","metab-u-rpneg","~ 0 + group_timepoint +  BMI + calculatedAge + codedsiteid + raw_intensity_post + Sex + (1 | pid)","group_timepointADUResist.post_15_30_45_min - group_timepointADUResist.pre_exercise - group_timepointADUControl.post_15_30_45_min + group_timepointADUControl.pre_exercise","Resist.post_15_30_45_min - Control.post_15_30_45_min (delta-delta)","exercise_with_controls","RE-CON","ADUResist","post_15_30_45_min","Leucine/Isoleucine",-0.340203857484806,-0.425660656779212,-0.254747058190399,676.792101791428,179.846831650876,-7.8165743166038,22.2566062933702,-7.64582640439679,2.07607599647522e-14,2.9994692028915e-13
"blood","metab","metab-u-rpneg","~ 0 + group_timepoint +  BMI + calculatedAge + codedsiteid + raw_intensity_post + Sex + (1 | pid)","group_timepointADUResist.post_15_30_45_min - group_timepointADUResist.pre_exercise - group_timepointADUControl.post_15_30_45_min + group_timepointADUControl.pre_exercise","Resist.post_15_30_45_min - Control.post_15_30_45_min (delta-delta)","exercise_with_controls","RE-CON","ADUResist","post_15_30_45_min","Ketoleucine",0.448372027837088,0.335503939283321,0.561240116390855,679.854141729317,-32.4173204992083,7.79998625914379,23.2592791537668,7.62972637869428,2.35252486501294e-14,2.9994692028915e-13
"blood","metab","metab-u-rpneg","~ 0 + group_timepoint +  BMI + calculatedAge + codedsiteid + raw_intensity_post + Sex + (1 | pid)","group_timepointADUResist.post_15_30_45_min - group_timepointADUResist.pre_exercise - group_timepointADUControl.post_15_30_45_min + group_timepointADUControl.pre_exercise","Resist.post_15_30_45_min - Control.post_15_30_45_min (delta-delta)","exercise_with_controls","RE-CON","ADUResist","post_15_30_45_min","2-Hydroxybutyric acid",-1.04195993271243,-1.33673565449487,-0.74718421093,675.768506939005,-875.604085897731,-6.94034011475506,20.7668498296894,-6.81949284255242,9.13624653444064e-12,7.76580955427455e-11
"blood","metab","metab-u-rpneg","~ 0 + group_timepoint +  BMI + calculatedAge + codedsiteid + raw_intensity_post + Sex + (1 | pid)","group_timepointADUResist.post_15_30_45_min - group_timepointADUResist.pre_exercise - group_timepointADUControl.post_15_30_45_min + group_timepointADUControl.pre_exercise","Resist.post_15_30_45_min - Control.post_15_30_45_min (delta-delta)","exercise_with_controls","RE-CON","ADUResist","post_15_30_45_min","3-Hydroxybutyric acid",0.407974074507479,0.274696044948321,0.541252104066637,673.977057577016,-253.542609700115,6.01035088570015,22.4899588648771,5.93016854830113,3.02623876522407e-09,2.20483110037754e-08
"blood","metab","metab-u-rpneg","~ 0 + group_timepoint +  BMI + calculatedAge + codedsiteid + raw_intensity_post + Sex + (1 | pid)","group_timepointADUResist.post_15_30_45_min - group_timepointADUResist.pre_exercise - group_timepointADUControl.post_15_30_45_min + group_timepointADUControl.pre_exercise","Resist.post_15_30_45_min - Control.post_15_30_45_min (delta-delta)","exercise_with_controls","RE-CON","ADUResist","post_15_30_45_min","Phenyllactic acid",0.430359073753319,0.233458279583656,0.627259867922982,673.370079387047,-621.104056736497,4.29147886975315,17.3939250509258,4.26121145126157,2.0332174544421e-05,9.42673547059521e-05
"blood","metab","metab-u-rpneg","~ 0 + group_timepoint +  BMI + calculatedAge + codedsiteid + raw_intensity_post + Sex + (1 | pid)","group_timepointADUResist.post_15_30_45_min - group_timepointADUResist.pre_exercise - group_timepointADUControl.post_15_30_45_min + group_timepointADUControl.pre_exercise","Resist.post_15_30_45_min - Control.post_15_30_45_min (delta-delta)","exercise_with_controls","RE-CON","ADUResist","post_15_30_45_min","Hydroxyphenyllactic acid",0.613434604141961,0.236378926637586,0.990490281646337,686.042256139846,-1016.50705986946,3.1943760544348,18.9895043717175,3.18129575051567,0.00146617868092076,0.00466955453709898
"blood","metab","metab-u-rpneg","~ 0 + group_timepoint +  BMI + calculatedAge + codedsiteid + raw_intensity_post + Sex + (1 | pid)","group_timepointADUResist.post_15_30_45_min - group_timepointADUResist.pre_exercise - group_timepointADUControl.post_15_30_45_min + group_timepointADUControl.pre_exercise","Resist.post_15_30_45_min - Control.post_15_30_45_min (delta-delta)","exercise_with_controls","RE-CON","ADUResist","post_15_30_45_min","gamma-Glutamylisoleucine",-0.0996203381265435,-0.307160801018642,0.107920124765555,685.090106323577,-520.948034432795,-0.942456661248598,14.1065324247605,-0.941807581484446,0.346291162912168,0.5254304233008
"blood","metab","metab-u-rpneg","~ 0 + group_timepoint +  BMI + calculatedAge + codedsiteid + raw_intensity_post + Sex + (1 | pid)","group_timepointADUResist.post_15_30_45_min - group_timepointADUResist.pre_exercise - group_timepointADUControl.post_15_30_45_min + group_timepointADUControl.pre_exercise","Resist.post_15_30_45_min - Control.post_15_30_45_min (delta-delta)","exercise_with_controls","RE-CON","ADUResist","post_15_30_45_min","gamma-Glutamylleucine",-0.0680108475722676,-0.353293248686227,0.217271553541692,701.320034630674,-751.470138826929,-0.468075394387325,16.5346900207371,-0.467868144852871,0.639878885016362,0.758363186936166
"blood","metab","metab-u-rppos","~ 0 + group_timepoint +  BMI + calculatedAge + codedsiteid + raw_intensity_post + Sex + (1 | pid)","group_timepointADUResist.post_15_30_45_min - group_timepointADUResist.pre_exercise - group_timepointADUControl.post_15_30_45_min + group_timepointADUControl.pre_exercise","Resist.post_15_30_45_min - Control.post_15_30_45_min (delta-delta)","exercise_with_controls","RE-CON","ADUResist","post_15_30_45_min","Indolelactic acid",0.467515669972531,0.362112741082536,0.572918598862527,672.623255548135,-76.412333339818,8.70904254446062,18.3381484658351,8.47529922789688,2.3447606750296e-17,4.40815006905565e-15
"blood","metab","metab-u-rppos","~ 0 + group_timepoint +  BMI + calculatedAge + codedsiteid + raw_intensity_post + Sex + (1 | pid)","group_timepointADUResist.post_15_30_45_min - group_timepointADUResist.pre_exercise - group_timepointADUControl.post_15_30_45_min + group_timepointADUControl.pre_exercise","Resist.post_15_30_45_min - Control.post_15_30_45_min (delta-delta)","exercise_with_controls","RE-CON","ADUResist","post_15_30_45_min","N-Acetylleucine",0.489357988042606,0.299380315711286,0.679335660373926,682.708348789867,-451.058454758308,5.05763298930933,14.8937247851881,5.00909181957029,5.46874796318051e-07,6.85416411385291e-06
"blood","metab","metab-u-rppos","~ 0 + group_timepoint +  BMI + calculatedAge + codedsiteid + raw_intensity_post + Sex + (1 | pid)","group_timepointADUResist.post_15_30_45_min - group_timepointADUResist.pre_exercise - group_timepointADUControl.post_15_30_45_min + group_timepointADUControl.pre_exercise","Resist.post_15_30_45_min - Control.post_15_30_45_min (delta-delta)","exercise_with_controls","RE-CON","ADUResist","post_15_30_45_min","Kynurenine",0.145071625641425,0.0458238224978011,0.244319428785048,672.821492945058,-14.5933393829796,2.87004167091875,19.3574929289604,2.86029570255536,0.00423246156455503,0.0225580485862483
"blood","metab","metab-u-rppos","~ 0 + group_timepoint +  BMI + calculatedAge + codedsiteid + raw_intensity_post + Sex + (1 | pid)","group_timepointADUResist.post_15_30_45_min - group_timepointADUResist.pre_exercise - group_timepointADUControl.post_15_30_45_min + group_timepointADUControl.pre_exercise","Resist.post_15_30_45_min - Control.post_15_30_45_min (delta-delta)","exercise_with_controls","RE-CON","ADUResist","post_15_30_45_min","2-Hydroxy-3-methylbutyric acid",0.0750547547772094,-0.06155069005495,0.211660199609369,679.653022643168,-189.716915982779,1.0787831816998,16.8519397547098,1.07792330883463,0.281067982438879,0.556218744194835
"blood","metab","metab-u-rppos","~ 0 + group_timepoint +  BMI + calculatedAge + codedsiteid + raw_intensity_post + Sex + (1 | pid)","group_timepointADUResist.post_15_30_45_min - group_timepointADUResist.pre_exercise - group_timepointADUControl.post_15_30_45_min + group_timepointADUControl.pre_exercise","Resist.post_15_30_45_min - Control.post_15_30_45_min (delta-delta)","exercise_with_controls","RE-CON","ADUResist","post_15_30_45_min","3-Hydroxyphenyl valeric acid",0.0497256286923928,-0.187496617662494,0.28694787504728,672.220710185339,-796.373433843247,0.41157742217585,15.3674328910659,0.411399400264001,0.680779693606018,0.877778323050621
"blood","metab","metab-u-hilicpos","~ 0 + group_timepoint +  BMI + calculatedAge + codedsiteid + raw_intensity_post + Sex + (1 | pid)","group_timepointADUResist.post_3.5_4_hr - group_timepointADUResist.pre_exercise - group_timepointADUControl.post_3.5_4_hr + group_timepointADUControl.pre_exercise","Resist.post_3.5_4_hr - Control.post_3.5_4_hr (delta-delta)","exercise_with_controls","RE-CON","ADUResist","post_3.5_4_hr","Valine",-0.14048243743003,-0.183824289461327,-0.0971405853987339,684.089667472187,832.578401127051,-6.3639573006279,27.9105149694428,-6.27091654288288,3.5892897480887e-10,2.51250282366209e-08
"blood","metab","metab-u-hilicpos","~ 0 + group_timepoint +  BMI + calculatedAge + codedsiteid + raw_intensity_post + Sex + (1 | pid)","group_timepointADUResist.post_3.5_4_hr - group_timepointADUResist.pre_exercise - group_timepointADUControl.post_3.5_4_hr + group_timepointADUControl.pre_exercise","Resist.post_3.5_4_hr - Control.post_3.5_4_hr (delta-delta)","exercise_with_controls","RE-CON","ADUResist","post_3.5_4_hr","Kynurenic acid",0.506426985562207,0.31670524906343,0.696148722060985,684.982229528938,-324.318301838401,5.24088417017978,13.2879862705878,5.18833972331208,2.1217726566787e-07,4.95080286558363e-06
"blood","metab","metab-u-hilicpos","~ 0 + group_timepoint +  BMI + calculatedAge + codedsiteid + raw_intensity_post + Sex + (1 | pid)","group_timepointADUResist.post_3.5_4_hr - group_timepointADUResist.pre_exercise - group_timepointADUControl.post_3.5_4_hr + group_timepointADUControl.pre_exercise","Resist.post_3.5_4_hr - Control.post_3.5_4_hr (delta-delta)","exercise_with_controls","RE-CON","ADUResist","post_3.5_4_hr","Leucine",-0.112498893949869,-0.167526588981205,-0.0574711989185333,684.438149407449,692.044270020507,-4.01398898805117,28.0774673391846,-3.98944700256944,6.62275137950817e-05,0.000922417749668006
"blood","metab","metab-u-hilicpos","~ 0 + group_timepoint +  BMI + calculatedAge + codedsiteid + raw_intensity_post + Sex + (1 | pid)","group_timepointADUResist.post_3.5_4_hr - group_timepointADUResist.pre_exercise - group_timepointADUControl.post_3.5_4_hr + group_timepointADUControl.pre_exercise","Resist.post_3.5_4_hr - Control.post_3.5_4_hr (delta-delta)","exercise_with_controls","RE-CON","ADUResist","post_3.5_4_hr","3-Dehydroxycarnitine",0.107535748885297,0.0437702851279788,0.171301212642616,684.159868899113,526.032563141952,3.31114743948517,19.6690573847404,3.29690169178708,0.000977577121213307,0.00689349752717233
"blood","metab","metab-u-hilicpos","~ 0 + group_timepoint +  BMI + calculatedAge + codedsiteid + raw_intensity_post + Sex + (1 | pid)","group_timepointADUResist.post_3.5_4_hr - group_timepointADUResist.pre_exercise - group_timepointADUControl.post_3.5_4_hr + group_timepointADUControl.pre_exercise","Resist.post_3.5_4_hr - Control.post_3.5_4_hr (delta-delta)","exercise_with_controls","RE-CON","ADUResist","post_3.5_4_hr","gamma-Aminobutyric acid",-0.139308404008123,-0.232359574873533,-0.0462572331427124,684.066320208915,169.962847578404,-2.9394681753436,21.7907234352887,-2.92923104116251,0.00339801744352223,0.0169900872176111
"blood","metab","metab-u-hilicpos","~ 0 + group_timepoint +  BMI + calculatedAge + codedsiteid + raw_intensity_post + Sex + (1 | pid)","group_timepointADUResist.post_3.5_4_hr - group_timepointADUResist.pre_exercise - group_timepointADUControl.post_3.5_4_hr + group_timepointADUControl.pre_exercise","Resist.post_3.5_4_hr - Control.post_3.5_4_hr (delta-delta)","exercise_with_controls","RE-CON","ADUResist","post_3.5_4_hr","N-Acetylvaline",-0.237180596898314,-0.448043471384542,-0.0263177224120866,684.122000065595,-497.257888398796,-2.20847731221104,11.8397238981492,-2.20377078481246,0.0275404681779025,0.0773344867479962
"blood","metab","metab-u-hilicpos","~ 0 + group_timepoint +  BMI + calculatedAge + codedsiteid + raw_intensity_post + Sex + (1 | pid)","group_timepointADUResist.post_3.5_4_hr - group_timepointADUResist.pre_exercise - group_timepointADUControl.post_3.5_4_hr + group_timepointADUControl.pre_exercise","Resist.post_3.5_4_hr - Control.post_3.5_4_hr (delta-delta)","exercise_with_controls","RE-CON","ADUResist","post_3.5_4_hr","Carnitine",-0.0565843731712263,-0.108903999099577,-0.00426474724287528,684.17696877825,698.712606770019,-2.12345781058554,24.8388232268695,-2.11922670129324,0.0340713127656365,0.0924415462633548
"blood","metab","metab-u-hilicpos","~ 0 + group_timepoint +  BMI + calculatedAge + codedsiteid + raw_intensity_post + Sex + (1 | pid)","group_timepointADUResist.post_3.5_4_hr - group_timepointADUResist.pre_exercise - group_timepointADUControl.post_3.5_4_hr + group_timepointADUControl.pre_exercise","Resist.post_3.5_4_hr - Control.post_3.5_4_hr (delta-delta)","exercise_with_controls","RE-CON","ADUResist","post_3.5_4_hr","Aminobutyric acid",-0.0855369906361325,-0.175989553961172,0.00491557268890674,684.041221920767,174.87740693532,-1.85672120275428,12.7022443048987,-1.85372489803396,0.0637785277644394,0.14309285075355
"blood","metab","metab-u-hilicpos","~ 0 + group_timepoint +  BMI + calculatedAge + codedsiteid + raw_intensity_post + Sex + (1 | pid)","group_timepointADUResist.post_3.5_4_hr - group_timepointADUResist.pre_exercise - group_timepointADUControl.post_3.5_4_hr + group_timepointADUControl.pre_exercise","Resist.post_3.5_4_hr - Control.post_3.5_4_hr (delta-delta)","exercise_with_controls","RE-CON","ADUResist","post_3.5_4_hr","Isoleucine",-0.0567089523501032,-0.118602321911618,0.00518441721141171,684.450286101806,592.968142846959,-1.79893764843405,27.128907915646,-1.79619002293078,0.0724643009344154,0.159994141633918
"blood","metab","metab-u-hilicpos","~ 0 + group_timepoint +  BMI + calculatedAge + codedsiteid + raw_intensity_post + Sex + (1 | pid)","group_timepointADUResist.post_3.5_4_hr - group_timepointADUResist.pre_exercise - group_timepointADUControl.post_3.5_4_hr + group_timepointADUControl.pre_exercise","Resist.post_3.5_4_hr - Control.post_3.5_4_hr (delta-delta)","exercise_with_controls","RE-CON","ADUResist","post_3.5_4_hr","Phenylalanine",0.0435331585294527,-0.00687597578741812,0.0939422928463235,684.13753168396,720.368303123891,1.69559929582269,27.570982626962,1.69321821683023,0.0904139383470712,0.186383288691954
"blood","metab","metab-u-hilicpos","~ 0 + group_timepoint +  BMI + calculatedAge + codedsiteid + raw_intensity_post + Sex + (1 | pid)","group_timepointADUResist.post_3.5_4_hr - group_timepointADUResist.pre_exercise - group_timepointADUControl.post_3.5_4_hr + group_timepointADUControl.pre_exercise","Resist.post_3.5_4_hr - Control.post_3.5_4_hr (delta-delta)","exercise_with_controls","RE-CON","ADUResist","post_3.5_4_hr","Alloisoleucine",0.214035987801001,-0.128440863262967,0.556512838864969,692.718219947717,-737.419796376855,1.2269928658023,17.9555258964123,1.22591530215953,0.220230549733709,0.35685505743888
"blood","metab","metab-u-hilicpos","~ 0 + group_timepoint +  BMI + calculatedAge + codedsiteid + raw_intensity_post + Sex + (1 | pid)","group_timepointADUResist.post_3.5_4_hr - group_timepointADUResist.pre_exercise - group_timepointADUControl.post_3.5_4_hr + group_timepointADUControl.pre_exercise","Resist.post_3.5_4_hr - Control.post_3.5_4_hr (delta-delta)","exercise_with_controls","RE-CON","ADUResist","post_3.5_4_hr","Aminoisobutyric acid",-0.0475187396808572,-0.20257852522222,0.107541045860506,684.184993570412,-220.840973408169,-0.601695801518949,20.6698163032554,-0.601398700705167,0.547574463865517,0.674827684341306
"blood","metab","metab-u-hilicpos","~ 0 + group_timepoint +  BMI + calculatedAge + codedsiteid + raw_intensity_post + Sex + (1 | pid)","group_timepointADUResist.post_3.5_4_hr - group_timepointADUResist.pre_exercise - group_timepointADUControl.post_3.5_4_hr + group_timepointADUControl.pre_exercise","Resist.post_3.5_4_hr - Control.post_3.5_4_hr (delta-delta)","exercise_with_controls","RE-CON","ADUResist","post_3.5_4_hr","beta-Leucine",-0.0169481942093768,-0.0889840300054758,0.0550876415867223,684.697301522083,481.506249028655,-0.46193593144253,19.6064808304402,-0.461733872044245,0.644272177617521,0.754164756408469
"blood","metab","metab-u-hilicpos","~ 0 + group_timepoint +  BMI + calculatedAge + codedsiteid + raw_intensity_post + Sex + (1 | pid)","group_timepointADUResist.post_3.5_4_hr - group_timepointADUResist.pre_exercise - group_timepointADUControl.post_3.5_4_hr + group_timepointADUControl.pre_exercise","Resist.post_3.5_4_hr - Control.post_3.5_4_hr (delta-delta)","exercise_with_controls","RE-CON","ADUResist","post_3.5_4_hr","alpha-N-Phenylacetylglutamine",-0.0301283578254292,-0.523855587372733,0.463598871721875,685.896645394234,-1105.61441690855,-0.119810053274379,22.611659963848,-0.119766356230599,0.904668233899124,0.934573248468406
"blood","metab","metab-u-ionpneg","~ 0 + group_timepoint +  BMI + calculatedAge + codedsiteid + raw_intensity_post + Sex + (1 | pid)","group_timepointADUResist.post_3.5_4_hr - group_timepointADUResist.pre_exercise - group_timepointADUControl.post_3.5_4_hr + group_timepointADUControl.pre_exercise","Resist.post_3.5_4_hr - Control.post_3.5_4_hr (delta-delta)","exercise_with_controls","RE-CON","ADUResist","post_3.5_4_hr","Phenylpyruvic acid",-0.141356319606512,-0.336360487036373,0.0536478478233489,675.58213974674,-269.637743370541,-1.42324760720976,19.1690046032281,-1.42169254917621,0.155115524058304,0.521998552952602
"blood","metab","metab-u-ionpneg","~ 0 + group_timepoint +  BMI + calculatedAge + codedsiteid + raw_intensity_post + Sex + (1 | pid)","group_timepointADUResist.post_3.5_4_hr - group_timepointADUResist.pre_exercise - group_timepointADUControl.post_3.5_4_hr + group_timepointADUControl.pre_exercise","Resist.post_3.5_4_hr - Control.post_3.5_4_hr (delta-delta)","exercise_with_controls","RE-CON","ADUResist","post_3.5_4_hr","Lactic acid",0.0544807269129812,-0.148039079246481,0.257000533072444,682.187970423505,-267.209070073292,0.528167458675979,26.2936137800976,0.527927368043432,0.597549748528878,0.810988631145655
"blood","metab","metab-u-lrppos","~ 0 + group_timepoint +  BMI + calculatedAge + codedsiteid + raw_intensity_post + Sex + (1 | pid)","group_timepointADUResist.post_3.5_4_hr - group_timepointADUResist.pre_exercise - group_timepointADUControl.post_3.5_4_hr + group_timepointADUControl.pre_exercise","Resist.post_3.5_4_hr - Control.post_3.5_4_hr (delta-delta)","exercise_with_controls","RE-CON","ADUResist","post_3.5_4_hr","N,N-Diphenylguanidine",0.322099379407977,-0.69203312952987,1.33623188834582,734.340302327908,-1593.5656645101,0.623517216819305,19.6507328233614,0.623227125213923,0.533135278987997,0.925971800347574
"blood","metab","metab-u-rpneg","~ 0 + group_timepoint +  BMI + calculatedAge + codedsiteid + raw_intensity_post + Sex + (1 | pid)","group_timepointADUResist.post_3.5_4_hr - group_timepointADUResist.pre_exercise - group_timepointADUControl.post_3.5_4_hr + group_timepointADUControl.pre_exercise","Resist.post_3.5_4_hr - Control.post_3.5_4_hr (delta-delta)","exercise_with_controls","RE-CON","ADUResist","post_3.5_4_hr","Leucine/Isoleucine",-0.387242284838639,-0.499435366305527,-0.27504920337175,676.792101791428,179.846831650876,-6.77678526278167,22.2566062933702,-6.6660098146082,2.62851689107559e-11,1.34054361444855e-09
"blood","metab","metab-u-rpneg","~ 0 + group_timepoint +  BMI + calculatedAge + codedsiteid + raw_intensity_post + Sex + (1 | pid)","group_timepointADUResist.post_3.5_4_hr - group_timepointADUResist.pre_exercise - group_timepointADUControl.post_3.5_4_hr + group_timepointADUControl.pre_exercise","Resist.post_3.5_4_hr - Control.post_3.5_4_hr (delta-delta)","exercise_with_controls","RE-CON","ADUResist","post_3.5_4_hr","Ketoleucine",-0.246743966891675,-0.394618612569773,-0.0988693212135766,679.854141729317,-32.4173204992083,-3.2760926778229,23.2592791537668,-3.26240784701877,0.0011047008319222,0.0112679484856064
"blood","metab","metab-u-rpneg","~ 0 + group_timepoint +  BMI + calculatedAge + codedsiteid + raw_intensity_post + Sex + (1 | pid)","group_timepointADUResist.post_3.5_4_hr - group_timepointADUResist.pre_exercise - group_timepointADUControl.post_3.5_4_hr + group_timepointADUControl.pre_exercise","Resist.post_3.5_4_hr - Control.post_3.5_4_hr (delta-delta)","exercise_with_controls","RE-CON","ADUResist","post_3.5_4_hr","3-Hydroxybutyric acid",0.285605311579125,0.110127904448224,0.461082718710027,673.977057577016,-253.542609700115,3.19567367006403,22.4899588648771,3.18267730500189,0.00145920143113852,0.0135307769069208
"blood","metab","metab-u-rpneg","~ 0 + group_timepoint +  BMI + calculatedAge + codedsiteid + raw_intensity_post + Sex + (1 | pid)","group_timepointADUResist.post_3.5_4_hr - group_timepointADUResist.pre_exercise - group_timepointADUControl.post_3.5_4_hr + group_timepointADUControl.pre_exercise","Resist.post_3.5_4_hr - Control.post_3.5_4_hr (delta-delta)","exercise_with_controls","RE-CON","ADUResist","post_3.5_4_hr","2-Hydroxybutyric acid",0.582337672453555,0.195004565028009,0.969670779879101,675.768506939005,-875.604085897731,2.95187275680786,20.7668498296894,2.94159464316011,0.00326527045253345,0.0277547988465343
"blood","metab","metab-u-rpneg","~ 0 + group_timepoint +  BMI + calculatedAge + codedsiteid + raw_intensity_post + Sex + (1 | pid)","group_timepointADUResist.post_3.5_4_hr - group_timepointADUResist.pre_exercise - group_timepointADUControl.post_3.5_4_hr + group_timepointADUControl.pre_exercise","Resist.post_3.5_4_hr - Control.post_3.5_4_hr (delta-delta)","exercise_with_controls","RE-CON","ADUResist","post_3.5_4_hr","Phenylacetic acid",0.259986309336039,0.0710104879810396,0.448962130691039,674.508245539638,-298.642576091638,2.70120823614699,16.274749105315,2.69309821360523,0.00707914121805473,0.0515766003029702
"blood","metab","metab-u-rpneg","~ 0 + group_timepoint +  BMI + calculatedAge + codedsiteid + raw_intensity_post + Sex + (1 | pid)","group_timepointADUResist.post_3.5_4_hr - group_timepointADUResist.pre_exercise - group_timepointADUControl.post_3.5_4_hr + group_timepointADUControl.pre_exercise","Resist.post_3.5_4_hr - Control.post_3.5_4_hr (delta-delta)","exercise_with_controls","RE-CON","ADUResist","post_3.5_4_hr","Hydroxyphenyllactic acid",0.358085615221835,-0.134382352093794,0.850553582537464,686.042256139846,-1016.50705986946,1.42758163505476,18.9895043717175,1.426050518894,0.153853760142049,0.356761052082956
"blood","metab","metab-u-rpneg","~ 0 + group_timepoint +  BMI + calculatedAge + codedsiteid + raw_intensity_post + Sex + (1 | pid)","group_timepointADUResist.post_3.5_4_hr - group_timepointADUResist.pre_exercise - group_timepointADUControl.post_3.5_4_hr + group_timepointADUControl.pre_exercise","Resist.post_3.5_4_hr - Control.post_3.5_4_hr (delta-delta)","exercise_with_controls","RE-CON","ADUResist","post_3.5_4_hr","Phenyllactic acid",0.173780066164859,-0.0857477992110336,0.433307931540752,673.370079387047,-621.104056736497,1.31472339785959,17.3939250509258,1.31341190299293,0.189044188761332,0.401718901117831
"blood","metab","metab-u-rpneg","~ 0 + group_timepoint +  BMI + calculatedAge + codedsiteid + raw_intensity_post + Sex + (1 | pid)","group_timepointADUResist.post_3.5_4_hr - group_timepointADUResist.pre_exercise - group_timepointADUControl.post_3.5_4_hr + group_timepointADUControl.pre_exercise","Resist.post_3.5_4_hr - Control.post_3.5_4_hr (delta-delta)","exercise_with_controls","RE-CON","ADUResist","post_3.5_4_hr","gamma-Glutamylisoleucine",-0.132616627688961,-0.40379838177966,0.138565126401739,685.090106323577,-520.948034432795,-0.960119033073944,14.1065324247605,-0.95947105317314,0.33732149547414,0.554948266747778
"blood","metab","metab-u-rpneg","~ 0 + group_timepoint +  BMI + calculatedAge + codedsiteid + raw_intensity_post + Sex + (1 | pid)","group_timepointADUResist.post_3.5_4_hr - group_timepointADUResist.pre_exercise - group_timepointADUControl.post_3.5_4_hr + group_timepointADUControl.pre_exercise","Resist.post_3.5_4_hr - Control.post_3.5_4_hr (delta-delta)","exercise_with_controls","RE-CON","ADUResist","post_3.5_4_hr","gamma-Glutamylleucine",-0.0249710075992517,-0.395563358120504,0.345621342922001,701.320034630674,-751.470138826929,-0.132284907955189,16.5346900207371,-0.132238696292889,0.894795494650067,0.941151934880966
"blood","metab","metab-u-rppos","~ 0 + group_timepoint +  BMI + calculatedAge + codedsiteid + raw_intensity_post + Sex + (1 | pid)","group_timepointADUResist.post_3.5_4_hr - group_timepointADUResist.pre_exercise - group_timepointADUControl.post_3.5_4_hr + group_timepointADUControl.pre_exercise","Resist.post_3.5_4_hr - Control.post_3.5_4_hr (delta-delta)","exercise_with_controls","RE-CON","ADUResist","post_3.5_4_hr","Indolelactic acid",0.313139824509101,0.174069142182156,0.452210506836045,672.623255548135,-76.412333339818,4.4210199829777,18.3381484658351,4.38821127270113,1.14286727738543e-05,0.00214859048148461
"blood","metab","metab-u-rppos","~ 0 + group_timepoint +  BMI + calculatedAge + codedsiteid + raw_intensity_post + Sex + (1 | pid)","group_timepointADUResist.post_3.5_4_hr - group_timepointADUResist.pre_exercise - group_timepointADUControl.post_3.5_4_hr + group_timepointADUControl.pre_exercise","Resist.post_3.5_4_hr - Control.post_3.5_4_hr (delta-delta)","exercise_with_controls","RE-CON","ADUResist","post_3.5_4_hr","N-Acetylleucine",-0.109179749418496,-0.357854211806338,0.139494712969345,682.708348789867,-451.058454758308,-0.861995464309431,14.8937247851881,-0.861463131660107,0.388983018437923,0.73744745296377
"blood","metab","metab-u-rppos","~ 0 + group_timepoint +  BMI + calculatedAge + codedsiteid + raw_intensity_post + Sex + (1 | pid)","group_timepointADUResist.post_3.5_4_hr - group_timepointADUResist.pre_exercise - group_timepointADUControl.post_3.5_4_hr + group_timepointADUControl.pre_exercise","Resist.post_3.5_4_hr - Control.post_3.5_4_hr (delta-delta)","exercise_with_controls","RE-CON","ADUResist","post_3.5_4_hr","Kynurenine",-0.0561306820483836,-0.187033024730283,0.074771660633516,672.821492945058,-14.5933393829796,-0.841920921160293,19.3574929289604,-0.841394579219862,0.400126921279996,0.73744745296377
"blood","metab","metab-u-rppos","~ 0 + group_timepoint +  BMI + calculatedAge + codedsiteid + raw_intensity_post + Sex + (1 | pid)","group_timepointADUResist.post_3.5_4_hr - group_timepointADUResist.pre_exercise - group_timepointADUControl.post_3.5_4_hr + group_timepointADUControl.pre_exercise","Resist.post_3.5_4_hr - Control.post_3.5_4_hr (delta-delta)","exercise_with_controls","RE-CON","ADUResist","post_3.5_4_hr","3-Hydroxyphenyl valeric acid",0.00705246935825343,-0.306247270341693,0.3203522090582,672.220710185339,-796.373433843247,0.0441981035242076,15.3674328910659,0.0441818111209412,0.964759480517276,0.99527348237703
"blood","metab","metab-u-rppos","~ 0 + group_timepoint +  BMI + calculatedAge + codedsiteid + raw_intensity_post + Sex + (1 | pid)","group_timepointADUResist.post_3.5_4_hr - group_timepointADUResist.pre_exercise - group_timepointADUControl.post_3.5_4_hr + group_timepointADUControl.pre_exercise","Resist.post_3.5_4_hr - Control.post_3.5_4_hr (delta-delta)","exercise_with_controls","RE-CON","ADUResist","post_3.5_4_hr","2-Hydroxy-3-methylbutyric acid",-0.00324142516095449,-0.182348987410585,0.175866137088676,679.653022643168,-189.716915982779,-0.0355321251234131,16.8519397547098,-0.0355194305693754,0.971665552796615,0.99527348237703
"blood","metab","metab-u-hilicpos","~ 0 + group_timepoint +  BMI + calculatedAge + codedsiteid + raw_intensity_post + Sex + (1 | pid)","group_timepointADUResist.post_24_hr - group_timepointADUResist.pre_exercise - group_timepointADUControl.post_24_hr + group_timepointADUControl.pre_exercise","Resist.post_24_hr - Control.post_24_hr (delta-delta)","exercise_with_controls","RE-CON","ADUResist","post_24_hr","Isoleucine",-0.159649572476088,-0.218798266438091,-0.100500878514085,684.450286101806,592.968142846959,-5.29943168791917,27.128907915646,-5.24504150893051,1.5624714620301e-07,2.73432505855267e-05
"blood","metab","metab-u-hilicpos","~ 0 + group_timepoint +  BMI + calculatedAge + codedsiteid + raw_intensity_post + Sex + (1 | pid)","group_timepointADUResist.post_24_hr - group_timepointADUResist.pre_exercise - group_timepointADUControl.post_24_hr + group_timepointADUControl.pre_exercise","Resist.post_24_hr - Control.post_24_hr (delta-delta)","exercise_with_controls","RE-CON","ADUResist","post_24_hr","beta-Leucine",-0.153232468246372,-0.222062983517331,-0.0844019529754134,684.697301522083,481.506249028655,-4.37093606694707,19.6064808304402,-4.33979459513623,1.42615959459193e-05,0.000998311716214349
"blood","metab","metab-u-hilicpos","~ 0 + group_timepoint +  BMI + calculatedAge + codedsiteid + raw_intensity_post + Sex + (1 | pid)","group_timepointADUResist.post_24_hr - group_timepointADUResist.pre_exercise - group_timepointADUControl.post_24_hr + group_timepointADUControl.pre_exercise","Resist.post_24_hr - Control.post_24_hr (delta-delta)","exercise_with_controls","RE-CON","ADUResist","post_24_hr","Valine",-0.0731868274779082,-0.114622822683874,-0.031750832271942,684.089667472187,832.578401127051,-3.46790225826701,27.9105149694428,-3.45165916098493,0.000557151045562167,0.0195002865946758
"blood","metab","metab-u-hilicpos","~ 0 + group_timepoint +  BMI + calculatedAge + codedsiteid + raw_intensity_post + Sex + (1 | pid)","group_timepointADUResist.post_24_hr - group_timepointADUResist.pre_exercise - group_timepointADUControl.post_24_hr + group_timepointADUControl.pre_exercise","Resist.post_24_hr - Control.post_24_hr (delta-delta)","exercise_with_controls","RE-CON","ADUResist","post_24_hr","Leucine",-0.0638648040411773,-0.116452756795498,-0.0112768512868571,684.438149407449,692.044270020507,-2.38441948355871,28.0774673391846,-2.37869221793522,0.017374175931478,0.144784799428983
"blood","metab","metab-u-hilicpos","~ 0 + group_timepoint +  BMI + calculatedAge + codedsiteid + raw_intensity_post + Sex + (1 | pid)","group_timepointADUResist.post_24_hr - group_timepointADUResist.pre_exercise - group_timepointADUControl.post_24_hr + group_timepointADUControl.pre_exercise","Resist.post_24_hr - Control.post_24_hr (delta-delta)","exercise_with_controls","RE-CON","ADUResist","post_24_hr","3-Dehydroxycarnitine",0.0667085057335122,0.0057536673202135,0.127663344146811,684.159868899113,526.032563141952,2.14873541321356,19.6690573847404,2.14438086974784,0.032002381809156,0.228588441493972
"blood","metab","metab-u-hilicpos","~ 0 + group_timepoint +  BMI + calculatedAge + codedsiteid + raw_intensity_post + Sex + (1 | pid)","group_timepointADUResist.post_24_hr - group_timepointADUResist.pre_exercise - group_timepointADUControl.post_24_hr + group_timepointADUControl.pre_exercise","Resist.post_24_hr - Control.post_24_hr (delta-delta)","exercise_with_controls","RE-CON","ADUResist","post_24_hr","Kynurenic acid",-0.130860741717036,-0.31211475268185,0.050393269247777,684.982229528938,-324.318301838401,-1.41750331074608,13.2879862705878,-1.41597658813426,0.156782359201109,0.489311009727664
"blood","metab","metab-u-hilicpos","~ 0 + group_timepoint +  BMI + calculatedAge + codedsiteid + raw_intensity_post + Sex + (1 | pid)","group_timepointADUResist.post_24_hr - group_timepointADUResist.pre_exercise - group_timepointADUControl.post_24_hr + group_timepointADUControl.pre_exercise","Resist.post_24_hr - Control.post_24_hr (delta-delta)","exercise_with_controls","RE-CON","ADUResist","post_24_hr","Alloisoleucine",0.235258620439872,-0.0915312343659315,0.562048475245675,692.718219947717,-737.419796376855,1.41338477551513,17.9555258964123,1.41190629295885,0.157977554569217,0.489311009727664
"blood","metab","metab-u-hilicpos","~ 0 + group_timepoint +  BMI + calculatedAge + codedsiteid + raw_intensity_post + Sex + (1 | pid)","group_timepointADUResist.post_24_hr - group_timepointADUResist.pre_exercise - group_timepointADUControl.post_24_hr + group_timepointADUControl.pre_exercise","Resist.post_24_hr - Control.post_24_hr (delta-delta)","exercise_with_controls","RE-CON","ADUResist","post_24_hr","Carnitine",0.0350055937745317,-0.0150067918997255,0.085017979448789,684.17696877825,698.712606770019,1.37426443339861,24.8388232268695,1.37282830583658,0.169805728869385,0.507965855592176
"blood","metab","metab-u-hilicpos","~ 0 + group_timepoint +  BMI + calculatedAge + codedsiteid + raw_intensity_post + Sex + (1 | pid)","group_timepointADUResist.post_24_hr - group_timepointADUResist.pre_exercise - group_timepointADUControl.post_24_hr + group_timepointADUControl.pre_exercise","Resist.post_24_hr - Control.post_24_hr (delta-delta)","exercise_with_controls","RE-CON","ADUResist","post_24_hr","Phenylalanine",-0.0278527273841078,-0.0760414600114974,0.0203360052432817,684.13753168396,720.368303123891,-1.134836561947,27.570982626962,-1.13389605893274,0.256838150471436,0.587538252712436
"blood","metab","metab-u-hilicpos","~ 0 + group_timepoint +  BMI + calculatedAge + codedsiteid + raw_intensity_post + Sex + (1 | pid)","group_timepointADUResist.post_24_hr - group_timepointADUResist.pre_exercise - group_timepointADUControl.post_24_hr + group_timepointADUControl.pre_exercise","Resist.post_24_hr - Control.post_24_hr (delta-delta)","exercise_with_controls","RE-CON","ADUResist","post_24_hr","gamma-Aminobutyric acid",0.0249460547456479,-0.0640175703168867,0.113909679808183,684.066320208915,169.962847578404,0.550556411388061,21.7907234352887,0.55029591389635,0.582116426390462,0.832852168556215
"blood","metab","metab-u-hilicpos","~ 0 + group_timepoint +  BMI + calculatedAge + codedsiteid + raw_intensity_post + Sex + (1 | pid)","group_timepointADUResist.post_24_hr - group_timepointADUResist.pre_exercise - group_timepointADUControl.post_24_hr + group_timepointADUControl.pre_exercise","Resist.post_24_hr - Control.post_24_hr (delta-delta)","exercise_with_controls","RE-CON","ADUResist","post_24_hr","Aminoisobutyric acid",-0.0280519465887537,-0.176272267209928,0.12016837403242,684.184993570412,-220.840973408169,-0.371590970825035,20.6698163032554,-0.37143791348143,0.710311391218942,0.869262192051153
"blood","metab","metab-u-hilicpos","~ 0 + group_timepoint +  BMI + calculatedAge + codedsiteid + raw_intensity_post + Sex + (1 | pid)","group_timepointADUResist.post_24_hr - group_timepointADUResist.pre_exercise - group_timepointADUControl.post_24_hr + group_timepointADUControl.pre_exercise","Resist.post_24_hr - Control.post_24_hr (delta-delta)","exercise_with_controls","RE-CON","ADUResist","post_24_hr","alpha-N-Phenylacetylglutamine",-0.0478704800361065,-0.519409897862647,0.423668937790434,685.896645394234,-1105.61441690855,-0.199320343406088,22.611659963848,-0.199246127869067,0.842070217893887,0.929781795869234
"blood","metab","metab-u-hilicpos","~ 0 + group_timepoint +  BMI + calculatedAge + codedsiteid + raw_intensity_post + Sex + (1 | pid)","group_timepointADUResist.post_24_hr - group_timepointADUResist.pre_exercise - group_timepointADUControl.post_24_hr + group_timepointADUControl.pre_exercise","Resist.post_24_hr - Control.post_24_hr (delta-delta)","exercise_with_controls","RE-CON","ADUResist","post_24_hr","N-Acetylvaline",0.00734167737933156,-0.194237923969465,0.208921278728128,684.122000065595,-497.257888398796,0.071509127144528,11.8397238981492,0.0714830150046585,0.943013342036825,0.97074902856732
"blood","metab","metab-u-hilicpos","~ 0 + group_timepoint +  BMI + calculatedAge + codedsiteid + raw_intensity_post + Sex + (1 | pid)","group_timepointADUResist.post_24_hr - group_timepointADUResist.pre_exercise - group_timepointADUControl.post_24_hr + group_timepointADUControl.pre_exercise","Resist.post_24_hr - Control.post_24_hr (delta-delta)","exercise_with_controls","RE-CON","ADUResist","post_24_hr","Aminobutyric acid",-0.00295212176930626,-0.0894366262064946,0.0835323826678821,684.041221920767,174.87740693532,-0.0670206879185706,12.7022443048987,-0.0669962250397852,0.946584708431894,0.97156788255473
"blood","metab","metab-u-ionpneg","~ 0 + group_timepoint +  BMI + calculatedAge + codedsiteid + raw_intensity_post + Sex + (1 | pid)","group_timepointADUResist.post_24_hr - group_timepointADUResist.pre_exercise - group_timepointADUControl.post_24_hr + group_timepointADUControl.pre_exercise","Resist.post_24_hr - Control.post_24_hr (delta-delta)","exercise_with_controls","RE-CON","ADUResist","post_24_hr","Phenylpyruvic acid",-0.197234164719045,-0.379389947100444,-0.0150783823376467,675.58213974674,-269.637743370541,-2.12594259679232,19.1690046032281,-2.12169516993073,0.0338633445002414,0.516416003628682
"blood","metab","metab-u-ionpneg","~ 0 + group_timepoint +  BMI + calculatedAge + codedsiteid + raw_intensity_post + Sex + (1 | pid)","group_timepointADUResist.post_24_hr - group_timepointADUResist.pre_exercise - group_timepointADUControl.post_24_hr + group_timepointADUControl.pre_exercise","Resist.post_24_hr - Control.post_24_hr (delta-delta)","exercise_with_controls","RE-CON","ADUResist","post_24_hr","Lactic acid",-0.057314287569433,-0.246618094889627,0.131989519750761,682.187970423505,-267.209070073292,-0.594435624783569,26.2936137800976,-0.594147783568375,0.552413273646547,0.930586595539483
"blood","metab","metab-u-lrppos","~ 0 + group_timepoint +  BMI + calculatedAge + codedsiteid + raw_intensity_post + Sex + (1 | pid)","group_timepointADUResist.post_24_hr - group_timepointADUResist.pre_exercise - group_timepointADUControl.post_24_hr + group_timepointADUControl.pre_exercise","Resist.post_24_hr - Control.post_24_hr (delta-delta)","exercise_with_controls","RE-CON","ADUResist","post_24_hr","N,N-Diphenylguanidine",1.40427187944088,0.437909718372207,2.37063404050955,734.340302327908,-1593.5656645101,2.85279509604408,19.6507328233614,2.8440340172325,0.00445462917342867,0.155169582874432
"blood","metab","metab-u-rpneg","~ 0 + group_timepoint +  BMI + calculatedAge + codedsiteid + raw_intensity_post + Sex + (1 | pid)","group_timepointADUResist.post_24_hr - group_timepointADUResist.pre_exercise - group_timepointADUControl.post_24_hr + group_timepointADUControl.pre_exercise","Resist.post_24_hr - Control.post_24_hr (delta-delta)","exercise_with_controls","RE-CON","ADUResist","post_24_hr","Leucine/Isoleucine",-0.251514065017627,-0.358159694571113,-0.144868435464141,676.792101791428,179.846831650876,-4.63050949777589,22.2566062933702,-4.59351649500407,4.35838551740063e-06,0.000222277661387432
"blood","metab","metab-u-rpneg","~ 0 + group_timepoint +  BMI + calculatedAge + codedsiteid + raw_intensity_post + Sex + (1 | pid)","group_timepointADUResist.post_24_hr - group_timepointADUResist.pre_exercise - group_timepointADUControl.post_24_hr + group_timepointADUControl.pre_exercise","Resist.post_24_hr - Control.post_24_hr (delta-delta)","exercise_with_controls","RE-CON","ADUResist","post_24_hr","Ketoleucine",-0.256427297624541,-0.397035811063285,-0.115818784185796,679.854141729317,-32.4173204992083,-3.58063083586086,23.2592791537668,-3.56295810378625,0.000366699221725982,0.0084539080668066
"blood","metab","metab-u-rpneg","~ 0 + group_timepoint +  BMI + calculatedAge + codedsiteid + raw_intensity_post + Sex + (1 | pid)","group_timepointADUResist.post_24_hr - group_timepointADUResist.pre_exercise - group_timepointADUControl.post_24_hr + group_timepointADUControl.pre_exercise","Resist.post_24_hr - Control.post_24_hr (delta-delta)","exercise_with_controls","RE-CON","ADUResist","post_24_hr","gamma-Glutamylleucine",0.394719080954935,0.0418351164232734,0.747603045486598,701.320034630674,-751.470138826929,2.19600645923266,16.5346900207371,2.19159004429204,0.028409121458052,0.125988277770491
"blood","metab","metab-u-rpneg","~ 0 + group_timepoint +  BMI + calculatedAge + codedsiteid + raw_intensity_post + Sex + (1 | pid)","group_timepointADUResist.post_24_hr - group_timepointADUResist.pre_exercise - group_timepointADUControl.post_24_hr + group_timepointADUControl.pre_exercise","Resist.post_24_hr - Control.post_24_hr (delta-delta)","exercise_with_controls","RE-CON","ADUResist","post_24_hr","Hydroxyphenyllactic acid",-0.32473892265623,-0.7932446193843,0.143766774071839,686.042256139846,-1016.50705986946,-1.36086932278114,18.9895043717175,-1.35948996039652,0.173991381697294,0.340402887637007
"blood","metab","metab-u-rpneg","~ 0 + group_timepoint +  BMI + calculatedAge + codedsiteid + raw_intensity_post + Sex + (1 | pid)","group_timepointADUResist.post_24_hr - group_timepointADUResist.pre_exercise - group_timepointADUControl.post_24_hr + group_timepointADUControl.pre_exercise","Resist.post_24_hr - Control.post_24_hr (delta-delta)","exercise_with_controls","RE-CON","ADUResist","post_24_hr","3-Hydroxybutyric acid",-0.0555694389526558,-0.222297982761495,0.111159104856183,673.977057577016,-253.542609700115,-0.654402037460857,22.4899588648771,-0.65405996238353,0.51307317486934,0.716523516364336
"blood","metab","metab-u-rpneg","~ 0 + group_timepoint +  BMI + calculatedAge + codedsiteid + raw_intensity_post + Sex + (1 | pid)","group_timepointADUResist.post_24_hr - group_timepointADUResist.pre_exercise - group_timepointADUControl.post_24_hr + group_timepointADUControl.pre_exercise","Resist.post_24_hr - Control.post_24_hr (delta-delta)","exercise_with_controls","RE-CON","ADUResist","post_24_hr","Phenylacetic acid",-0.0543695111146025,-0.233942216828474,0.125203194599269,674.508245539638,-298.642576091638,-0.5944707279306,16.274749105315,-0.594177480593545,0.552393412986186,0.751255041661214
"blood","metab","metab-u-rpneg","~ 0 + group_timepoint +  BMI + calculatedAge + codedsiteid + raw_intensity_post + Sex + (1 | pid)","group_timepointADUResist.post_24_hr - group_timepointADUResist.pre_exercise - group_timepointADUControl.post_24_hr + group_timepointADUControl.pre_exercise","Resist.post_24_hr - Control.post_24_hr (delta-delta)","exercise_with_controls","RE-CON","ADUResist","post_24_hr","gamma-Glutamylisoleucine",0.0455865781911111,-0.212382037812591,0.303555194194813,685.090106323577,-520.948034432795,0.346946217982264,14.1065324247605,0.346808829254753,0.728734943563995,0.84790837265739
"blood","metab","metab-u-rpneg","~ 0 + group_timepoint +  BMI + calculatedAge + codedsiteid + raw_intensity_post + Sex + (1 | pid)","group_timepointADUResist.post_24_hr - group_timepointADUResist.pre_exercise - group_timepointADUControl.post_24_hr + group_timepointADUControl.pre_exercise","Resist.post_24_hr - Control.post_24_hr (delta-delta)","exercise_with_controls","RE-CON","ADUResist","post_24_hr","2-Hydroxybutyric acid",-0.0644236033224104,-0.432556079718056,0.303708873073235,675.768506939005,-875.604085897731,-0.343597782171648,20.7668498296894,-0.343458821253484,0.731253314632312,0.84790837265739
"blood","metab","metab-u-rpneg","~ 0 + group_timepoint +  BMI + calculatedAge + codedsiteid + raw_intensity_post + Sex + (1 | pid)","group_timepointADUResist.post_24_hr - group_timepointADUResist.pre_exercise - group_timepointADUControl.post_24_hr + group_timepointADUControl.pre_exercise","Resist.post_24_hr - Control.post_24_hr (delta-delta)","exercise_with_controls","RE-CON","ADUResist","post_24_hr","Phenyllactic acid",-0.0167274096349495,-0.263276587313793,0.229821768043894,673.370079387047,-621.104056736497,-0.133212287523761,17.3939250509258,-0.13316262171882,0.894064771076075,0.930557210711833
"blood","metab","metab-u-rppos","~ 0 + group_timepoint +  BMI + calculatedAge + codedsiteid + raw_intensity_post + Sex + (1 | pid)","group_timepointADUResist.post_24_hr - group_timepointADUResist.pre_exercise - group_timepointADUControl.post_24_hr + group_timepointADUControl.pre_exercise","Resist.post_24_hr - Control.post_24_hr (delta-delta)","exercise_with_controls","RE-CON","ADUResist","post_24_hr","Kynurenine",-0.124686338324725,-0.248333855796864,-0.00103882085258623,672.821492945058,-14.5933393829796,-1.97994613629249,19.3574929289604,-1.97638363875385,0.0481113431839242,0.37345730519093
"blood","metab","metab-u-rppos","~ 0 + group_timepoint +  BMI + calculatedAge + codedsiteid + raw_intensity_post + Sex + (1 | pid)","group_timepointADUResist.post_24_hr - group_timepointADUResist.pre_exercise - group_timepointADUControl.post_24_hr + group_timepointADUControl.pre_exercise","Resist.post_24_hr - Control.post_24_hr (delta-delta)","exercise_with_controls","RE-CON","ADUResist","post_24_hr","Indolelactic acid",-0.0944984216878026,-0.22585283667335,0.0368559932977451,672.623255548135,-76.412333339818,-1.41254062537895,18.3381484658351,-1.41098880176471,0.158247915967158,0.583345258859329
"blood","metab","metab-u-rppos","~ 0 + group_timepoint +  BMI + calculatedAge + codedsiteid + raw_intensity_post + Sex + (1 | pid)","group_timepointADUResist.post_24_hr - group_timepointADUResist.pre_exercise - group_timepointADUControl.post_24_hr + group_timepointADUControl.pre_exercise","Resist.post_24_hr - Control.post_24_hr (delta-delta)","exercise_with_controls","RE-CON","ADUResist","post_24_hr","2-Hydroxy-3-methylbutyric acid",-0.0281687182486401,-0.197540200462345,0.141202763965065,679.653022643168,-189.716915982779,-0.326535587040843,16.8519397547098,-0.326405862731575,0.744117302406143,0.924658808234836
"blood","metab","metab-u-rppos","~ 0 + group_timepoint +  BMI + calculatedAge + codedsiteid + raw_intensity_post + Sex + (1 | pid)","group_timepointADUResist.post_24_hr - group_timepointADUResist.pre_exercise - group_timepointADUControl.post_24_hr + group_timepointADUControl.pre_exercise","Resist.post_24_hr - Control.post_24_hr (delta-delta)","exercise_with_controls","RE-CON","ADUResist","post_24_hr","3-Hydroxyphenyl valeric acid",-0.0316404019230418,-0.327504121908401,0.264223318062318,672.220710185339,-796.373433843247,-0.209977859429117,15.3674328910659,-0.209897123278045,0.833747967512584,0.955759865197352
"blood","metab","metab-u-rppos","~ 0 + group_timepoint +  BMI + calculatedAge + codedsiteid + raw_intensity_post + Sex + (1 | pid)","group_timepointADUResist.post_24_hr - group_timepointADUResist.pre_exercise - group_timepointADUControl.post_24_hr + group_timepointADUControl.pre_exercise","Resist.post_24_hr - Control.post_24_hr (delta-delta)","exercise_with_controls","RE-CON","ADUResist","post_24_hr","N-Acetylleucine",0.000281947154569195,-0.234950114569265,0.235514008878404,682.708348789867,-451.058454758308,0.00235326419555123,14.8937247851881,0.00235242407683136,0.998123038879788,0.998123038879788
"blood","metab","metab-t-amines","~ 0 + group_timepoint +  BMI + calculatedAge + codedsiteid + Sex + (1 | pid)","group_timepointADUEndur.during_20_min - group_timepointADUEndur.pre_exercise - group_timepointADUControl.during_20_min + group_timepointADUControl.pre_exercise","Endur.during_20_min - Control.during_20_min (delta-delta)","exercise_with_controls","EE-CON","ADUEndur","during_20_min","2-Aminobutyric acid",-0.0904073557675593,-0.155656744371141,-0.0251579671639775,685.031617726837,228.892132438889,-2.72044953893559,4.25704024497118,-2.71218479817323,0.00668413173570658,0.0206094061850953
"blood","metab","metab-t-amines","~ 0 + group_timepoint +  BMI + calculatedAge + codedsiteid + Sex + (1 | pid)","group_timepointADUEndur.during_40_min - group_timepointADUEndur.pre_exercise - group_timepointADUControl.during_40_min + group_timepointADUControl.pre_exercise","Endur.during_40_min - Control.during_40_min (delta-delta)","exercise_with_controls","EE-CON","ADUEndur","during_40_min","2-Aminobutyric acid",-0.17172105944864,-0.237236732958595,-0.106205385938684,685.031617726837,228.892132438889,-5.14625957958092,4.25704024497118,-5.09585828257758,3.47164768554287e-07,2.14084940608477e-06
"blood","metab","metab-t-amines","~ 0 + group_timepoint +  BMI + calculatedAge + codedsiteid + Sex + (1 | pid)","group_timepointADUEndur.post_10_min - group_timepointADUEndur.pre_exercise - group_timepointADUControl.post_10_min + group_timepointADUControl.pre_exercise","Endur.post_10_min - Control.post_10_min (delta-delta)","exercise_with_controls","EE-CON","ADUEndur","post_10_min","2-Aminobutyric acid",-0.217688481498659,-0.283557863298795,-0.151819099698522,685.031617726837,228.892132438889,-6.48881179659032,4.25704024497118,-6.39031791473279,1.65541221047688e-10,2.24915978532894e-09
"blood","metab","metab-t-amines","~ 0 + group_timepoint +  BMI + calculatedAge + codedsiteid + Sex + (1 | pid)","group_timepointADUEndur.post_15_30_45_min - group_timepointADUEndur.pre_exercise - group_timepointADUControl.post_15_30_45_min + group_timepointADUControl.pre_exercise","Endur.post_15_30_45_min - Control.post_15_30_45_min (delta-delta)","exercise_with_controls","EE-CON","ADUEndur","post_15_30_45_min","2-Aminobutyric acid",-0.237664737554645,-0.302442843579333,-0.172886631529957,685.031617726837,228.892132438889,-7.20360536685234,4.25704024497118,-7.07039584402761,1.54492357148355e-12,2.85810860724456e-11
"blood","metab","metab-t-amines","~ 0 + group_timepoint +  BMI + calculatedAge + codedsiteid + Sex + (1 | pid)","group_timepointADUEndur.post_3.5_4_hr - group_timepointADUEndur.pre_exercise - group_timepointADUControl.post_3.5_4_hr + group_timepointADUControl.pre_exercise","Endur.post_3.5_4_hr - Control.post_3.5_4_hr (delta-delta)","exercise_with_controls","EE-CON","ADUEndur","post_3.5_4_hr","2-Aminobutyric acid",-0.0842098099042019,-0.170435268073059,0.00201564826465495,685.031617726837,228.892132438889,-1.91751842822694,4.25704024497118,-1.91427017004579,0.0555856438697441,0.514167205795133
"blood","metab","metab-t-amines","~ 0 + group_timepoint +  BMI + calculatedAge + codedsiteid + Sex + (1 | pid)","group_timepointADUEndur.post_24_hr - group_timepointADUEndur.pre_exercise - group_timepointADUControl.post_24_hr + group_timepointADUControl.pre_exercise","Endur.post_24_hr - Control.post_24_hr (delta-delta)","exercise_with_controls","EE-CON","ADUEndur","post_24_hr","2-Aminobutyric acid",0.0830472091691536,0.00210446827264911,0.163989950065658,685.031617726837,228.892132438889,2.01446469031223,4.25704024497118,2.01077440576882,0.0443492907126424,0.490326854414084
"blood","metab","metab-t-amines","~ 0 + group_timepoint +  BMI + calculatedAge + codedsiteid + Sex + (1 | pid)","group_timepointADUResist.post_10_min - group_timepointADUResist.pre_exercise - group_timepointADUControl.post_10_min + group_timepointADUControl.pre_exercise","Resist.post_10_min - Control.post_10_min (delta-delta)","exercise_with_controls","RE-CON","ADUResist","post_10_min","2-Aminobutyric acid",-0.280765574872375,-0.345776152548264,-0.215754997196485,685.031617726837,228.892132438889,-8.47955626082359,4.25704024497118,-8.26661308732688,1.37818327975696e-16,1.27481953377519e-15
"blood","metab","metab-t-amines","~ 0 + group_timepoint +  BMI + calculatedAge + codedsiteid + Sex + (1 | pid)","group_timepointADUResist.post_15_30_45_min - group_timepointADUResist.pre_exercise - group_timepointADUControl.post_15_30_45_min + group_timepointADUControl.pre_exercise","Resist.post_15_30_45_min - Control.post_15_30_45_min (delta-delta)","exercise_with_controls","RE-CON","ADUResist","post_15_30_45_min","2-Aminobutyric acid",-0.308398974561353,-0.371946691518711,-0.244851257603995,685.031617726837,228.892132438889,-9.52854077194315,4.25704024497118,-9.2312750550986,2.67429228021638e-20,2.47372035920015e-19
"blood","metab","metab-t-amines","~ 0 + group_timepoint +  BMI + calculatedAge + codedsiteid + Sex + (1 | pid)","group_timepointADUResist.post_3.5_4_hr - group_timepointADUResist.pre_exercise - group_timepointADUControl.post_3.5_4_hr + group_timepointADUControl.pre_exercise","Resist.post_3.5_4_hr - Control.post_3.5_4_hr (delta-delta)","exercise_with_controls","RE-CON","ADUResist","post_3.5_4_hr","2-Aminobutyric acid",-0.198760943897746,-0.282703758366176,-0.114818129429315,685.031617726837,228.892132438889,-4.64899910957512,4.25704024497118,-4.61146470282214,3.99841558736884e-06,4.93137922442157e-05
"blood","metab","metab-t-amines","~ 0 + group_timepoint +  BMI + calculatedAge + codedsiteid + Sex + (1 | pid)","group_timepointADUResist.post_24_hr - group_timepointADUResist.pre_exercise - group_timepointADUControl.post_24_hr + group_timepointADUControl.pre_exercise","Resist.post_24_hr - Control.post_24_hr (delta-delta)","exercise_with_controls","RE-CON","ADUResist","post_24_hr","2-Aminobutyric acid",-0.0927680167954366,-0.172356338759373,-0.0131796948314999,685.031617726837,228.892132438889,-2.28855345969608,4.25704024497118,-2.28339079179039,0.0224073591872104,0.0510671131678166
