"assay","feature_id","entrez_gene","gene_symbol","ensembl_gene","uniprot","refmet_name","refmet_id","kegg_id","custom_annotation","relationship_to_gene","flanking_sequence"
"prot-ol","OID20051","3190","HNRNPK","ENSG00000165119","P61978",NA,NA,NA,NA,NA,NA
"prot-ol","OID20052","1051","CEBPB","ENSG00000172216","P17676",NA,NA,NA,NA,NA,NA
"prot-ol","OID20055","1394","CRHR1","ENSG00000120088","P34998",NA,NA,NA,NA,NA,NA
"prot-ol","OID20056","85480","TSLP","ENSG00000145777","Q969D9",NA,NA,NA,NA,NA,NA
"prot-ol","OID20057","4238","MFAP3","ENSG00000037749","P55082",NA,NA,NA,NA,NA,NA
"prot-ol","OID20059","50506","DUOX2","ENSG00000140279","Q9NRD8",NA,NA,NA,NA,NA,NA
"prot-ol","OID20061","1489","CTF1","ENSG00000150281","Q16619",NA,NA,NA,NA,NA,NA
"prot-ol","OID20062","1109","AKR1C4","ENSG00000198610","P17516",NA,NA,NA,NA,NA,NA
"prot-ol","OID20063","50865","HEBP1","ENSG00000013583","Q9NRV9",NA,NA,NA,NA,NA,NA
"prot-ol","OID20064","5268","SERPINB5","ENSG00000206075","P36952",NA,NA,NA,NA,NA,NA
"prot-ol","OID20066","2869","GRK5","ENSG00000198873","P34947",NA,NA,NA,NA,NA,NA
"prot-ol","OID20067","128434","VSTM2L","ENSG00000132821","Q96N03",NA,NA,NA,NA,NA,NA
"prot-ol","OID20068","7072","TIA1","ENSG00000116001","P31483",NA,NA,NA,NA,NA,NA
"prot-ol","OID20069","10330","CNPY2","ENSG00000257727","Q9Y2B0",NA,NA,NA,NA,NA,NA
"prot-ol","OID20070","1406","CRX","ENSG00000105392","O43186",NA,NA,NA,NA,NA,NA
"prot-ol","OID20071","10791","VAMP5","ENSG00000168899","O95183",NA,NA,NA,NA,NA,NA
"prot-ol","OID20072","64420","SUSD1","ENSG00000106868","Q6UWL2",NA,NA,NA,NA,NA,NA
"prot-ol","OID20073","23186","RCOR1","ENSG00000089902","Q9UKL0",NA,NA,NA,NA,NA,NA
"prot-ol","OID20074","7124","TNF","ENSG00000204490","P01375",NA,NA,NA,NA,NA,NA
"prot-ol","OID20075","763","CA5A","ENSG00000174990","P35218",NA,NA,NA,NA,NA,NA
"prot-ol","OID20076","2172","FABP6","ENSG00000170231","P51161",NA,NA,NA,NA,NA,NA
"prot-ol","OID20077","6794","STK11","ENSG00000118046","Q15831",NA,NA,NA,NA,NA,NA
"prot-ol","OID20078","10103","TSPAN1","ENSG00000117472","O60635",NA,NA,NA,NA,NA,NA
"prot-ol","OID20079","59","ACTA2","ENSG00000107796","P62736",NA,NA,NA,NA,NA,NA
"prot-ol","OID20081","10085","EDIL3","ENSG00000164176","O43854",NA,NA,NA,NA,NA,NA
"prot-ol","OID20082","7709","ZBTB17","ENSG00000116809","Q13105",NA,NA,NA,NA,NA,NA
"prot-ol","OID20083","5764","PTN","ENSG00000105894","P21246",NA,NA,NA,NA,NA,NA
"prot-ol","OID20084","11116","CEP43","ENSG00000213066","O95684",NA,NA,NA,NA,NA,NA
"prot-ol","OID20085","4033","IRAG2","ENSG00000118308","Q12912",NA,NA,NA,NA,NA,NA
"prot-ol","OID20086","1312","COMT","ENSG00000093010","P21964",NA,NA,NA,NA,NA,NA
"prot-ol","OID20087","4316","MMP7","ENSG00000137673","P09237",NA,NA,NA,NA,NA,NA
"prot-ol","OID20088","5445","PON2","ENSG00000105854","Q15165",NA,NA,NA,NA,NA,NA
"prot-ol","OID20089","170690","ADAMTS16","ENSG00000145536","Q8TE57",NA,NA,NA,NA,NA,NA
"prot-ol","OID20090","2813","GP2","ENSG00000169347","P55259",NA,NA,NA,NA,NA,NA
"prot-ol","OID20091","8936","WASF1","ENSG00000112290","Q92558",NA,NA,NA,NA,NA,NA
"prot-ol","OID20092","54737","MPHOSPH8","ENSG00000196199","Q99549",NA,NA,NA,NA,NA,NA
"prot-ol","OID20093","165721","DNAJB8","ENSG00000179407","Q8NHS0",NA,NA,NA,NA,NA,NA
"prot-ol","OID20094","84189","SLITRK6","ENSG00000184564","Q9H5Y7",NA,NA,NA,NA,NA,NA
"prot-ol","OID20095","2861","GPR37","ENSG00000170775","O15354",NA,NA,NA,NA,NA,NA
"prot-ol","OID20096","2999","GZMH","ENSG00000100450","P20718",NA,NA,NA,NA,NA,NA
"prot-ol","OID20097","2997","GYS1","ENSG00000104812","P13807",NA,NA,NA,NA,NA,NA
"prot-ol","OID20098","7066","THPO","ENSG00000090534","P40225",NA,NA,NA,NA,NA,NA
"prot-ol","OID20099","51267","CLEC1A","ENSG00000150048","Q8NC01",NA,NA,NA,NA,NA,NA
"prot-ol","OID20100","955","ENTPD6","ENSG00000197586","O75354",NA,NA,NA,NA,NA,NA
"prot-ol","OID20101","3569","IL6","ENSG00000136244","P05231",NA,NA,NA,NA,NA,NA
"prot-ol","OID20102","1088","CEACAM8","ENSG00000124469","P31997",NA,NA,NA,NA,NA,NA
"prot-ol","OID20103","6286","S100P","ENSG00000163993","P25815",NA,NA,NA,NA,NA,NA
"prot-ol","OID20104","957","ENTPD5","ENSG00000187097","O75356",NA,NA,NA,NA,NA,NA
"prot-ol","OID20105","59272","ACE2","ENSG00000130234","Q9BYF1",NA,NA,NA,NA,NA,NA
"prot-ol","OID20106","1634","DCN","ENSG00000011465","P07585",NA,NA,NA,NA,NA,NA
"prot-ol","OID20107","2739","GLO1","ENSG00000124767","Q04760",NA,NA,NA,NA,NA,NA
"prot-ol","OID20108","55824","PAG1","ENSG00000076641","Q9NWQ8",NA,NA,NA,NA,NA,NA
"prot-ol","OID20109","8751","ADAM15","ENSG00000143537","Q13444",NA,NA,NA,NA,NA,NA
"prot-ol","OID20110","9101","USP8","ENSG00000138592","P40818",NA,NA,NA,NA,NA,NA
"prot-ol","OID20111","654","BMP6","ENSG00000153162","P22004",NA,NA,NA,NA,NA,NA
"prot-ol","OID20112","26548","ITGB1BP2","ENSG00000147166","Q9UKP3",NA,NA,NA,NA,NA,NA
"prot-ol","OID20113","1512","CTSH","ENSG00000103811","P09668",NA,NA,NA,NA,NA,NA
"prot-ol","OID20114","7917","BAG6","ENSG00000096155","P46379",NA,NA,NA,NA,NA,NA
"prot-ol","OID20115","2660","MSTN","ENSG00000138379","O14793",NA,NA,NA,NA,NA,NA
"prot-ol","OID20116","91653","BOC","ENSG00000144857","Q9BWV1",NA,NA,NA,NA,NA,NA
"prot-ol","OID20117","127","ADH4","ENSG00000198099","P08319",NA,NA,NA,NA,NA,NA
"prot-ol","OID20118","1211","CLTA","ENSG00000122705","P09496",NA,NA,NA,NA,NA,NA
"prot-ol","OID20119","2053","EPHX2","ENSG00000120915","P34913",NA,NA,NA,NA,NA,NA
"prot-ol","OID20121","10850","CCL27","ENSG00000213927","Q9Y4X3",NA,NA,NA,NA,NA,NA
"prot-ol","OID20122","203","AK1","ENSG00000106992","P00568",NA,NA,NA,NA,NA,NA
"prot-ol","OID20123","307","ANXA4","ENSG00000196975","P09525",NA,NA,NA,NA,NA,NA
"prot-ol","OID20124","51","ACOX1","ENSG00000161533","Q15067",NA,NA,NA,NA,NA,NA
"prot-ol","OID20125","4879","NPPB","ENSG00000120937","P16860",NA,NA,NA,NA,NA,NA
"prot-ol","OID20126","1178","CLC","ENSG00000105205","Q05315",NA,NA,NA,NA,NA,NA
"prot-ol","OID20127","163882","CNST","ENSG00000162852","Q6PJW8",NA,NA,NA,NA,NA,NA
"prot-ol","OID20128","3953","LEPR","ENSG00000116678","P48357",NA,NA,NA,NA,NA,NA
"prot-ol","OID20129","7252","TSHB","ENSG00000134200","P01222",NA,NA,NA,NA,NA,NA
"prot-ol","OID20130","6282","S100A11","ENSG00000163191","P31949",NA,NA,NA,NA,NA,NA
"prot-ol","OID20131","64115","VSIR","ENSG00000107738","Q9H7M9",NA,NA,NA,NA,NA,NA
"prot-ol","OID20132","27253","PCDH17","ENSG00000118946","O14917",NA,NA,NA,NA,NA,NA
"prot-ol","OID20133","5156","PDGFRA","ENSG00000134853","P16234",NA,NA,NA,NA,NA,NA
"prot-ol","OID20134","1015","CDH17","ENSG00000079112","Q12864",NA,NA,NA,NA,NA,NA
"prot-ol","OID20135","51429","SNX9","ENSG00000130340","Q9Y5X1",NA,NA,NA,NA,NA,NA
"prot-ol","OID20136","4915","NTRK2","ENSG00000148053","Q16620",NA,NA,NA,NA,NA,NA
"prot-ol","OID20137","95","ACY1","ENSG00000243989","Q03154",NA,NA,NA,NA,NA,NA
"prot-ol","OID20138","9046","DOK2","ENSG00000147443","O60496",NA,NA,NA,NA,NA,NA
"prot-ol","OID20139","189","AGXT","ENSG00000172482","P21549",NA,NA,NA,NA,NA,NA
"prot-ol","OID20140","6789","STK4","ENSG00000101109","Q13043",NA,NA,NA,NA,NA,NA
"prot-ol","OID20141","7052","TGM2","ENSG00000198959","P21980",NA,NA,NA,NA,NA,NA
"prot-ol","OID20142","29952","DPP7","ENSG00000176978","Q9UHL4",NA,NA,NA,NA,NA,NA
"prot-ol","OID20143","10226","PLIN3","ENSG00000105355","O60664",NA,NA,NA,NA,NA,NA
"prot-ol","OID20144","11212","PLPBP","ENSG00000147471","O94903",NA,NA,NA,NA,NA,NA
"prot-ol","OID20145","7087","ICAM5","ENSG00000105376","Q9UMF0",NA,NA,NA,NA,NA,NA
"prot-ol","OID20146","5573","PRKAR1A","ENSG00000108946","P10644",NA,NA,NA,NA,NA,NA
"prot-ol","OID20147","3572","IL6ST","ENSG00000134352","P40189",NA,NA,NA,NA,NA,NA
"prot-ol","OID20148","79077","DCTPP1","ENSG00000179958","Q9H773",NA,NA,NA,NA,NA,NA
"prot-ol","OID20149","148811","PM20D1","ENSG00000162877","Q6GTS8",NA,NA,NA,NA,NA,NA
"prot-ol","OID20150","51110","LACTB2","ENSG00000147592","Q53H82",NA,NA,NA,NA,NA,NA
"prot-ol","OID20151","8772","FADD","ENSG00000168040","Q13158",NA,NA,NA,NA,NA,NA
"prot-ol","OID20152","10669","CGREF1","ENSG00000138028","Q99674",NA,NA,NA,NA,NA,NA
"prot-ol","OID20153","3576","CXCL8","ENSG00000169429","P10145",NA,NA,NA,NA,NA,NA
"prot-ol","OID20154","3956","LGALS1","ENSG00000100097","P09382",NA,NA,NA,NA,NA,NA
"prot-ol","OID20155","347252","IGFBPL1","ENSG00000137142","Q8WX77",NA,NA,NA,NA,NA,NA
"prot-ol","OID20156","4332","MNDA","ENSG00000163563","P41218",NA,NA,NA,NA,NA,NA
"prot-ol","OID20157","1004","CDH6","ENSG00000113361","P55285",NA,NA,NA,NA,NA,NA
"prot-ol","OID20158","29949","IL19","ENSG00000142224","Q9UHD0",NA,NA,NA,NA,NA,NA
"prot-ol","OID20159","176","ACAN","ENSG00000157766","P16112",NA,NA,NA,NA,NA,NA
"prot-ol","OID20160","5365","PLXNB3","ENSG00000198753","Q9ULL4",NA,NA,NA,NA,NA,NA
"prot-ol","OID20161","7301","TYRO3","ENSG00000092445","Q06418",NA,NA,NA,NA,NA,NA
"prot-ol","OID20162","1978","EIF4EBP1","ENSG00000187840","Q13541",NA,NA,NA,NA,NA,NA
"prot-ol","OID20163","10016","PDCD6","ENSG00000249915","O75340",NA,NA,NA,NA,NA,NA
"prot-ol","OID20164","333","APLP1","ENSG00000105290","P51693",NA,NA,NA,NA,NA,NA
"prot-ol","OID20165","23601","CLEC5A","ENSG00000258227","Q9NY25",NA,NA,NA,NA,NA,NA
"prot-ol","OID20166","2938","GSTA1","ENSG00000243955","P08263",NA,NA,NA,NA,NA,NA
"prot-ol","OID20167","93185","IGSF8","ENSG00000162729","Q969P0",NA,NA,NA,NA,NA,NA
"prot-ol","OID20168","4225","MEP1B","ENSG00000141434","Q16820",NA,NA,NA,NA,NA,NA
"prot-ol","OID20169","6382","SDC1","ENSG00000115884","P18827",NA,NA,NA,NA,NA,NA
"prot-ol","OID20170","1000","CDH2","ENSG00000170558","P19022",NA,NA,NA,NA,NA,NA
"prot-ol","OID20171","90411","MCFD2","ENSG00000180398","Q8NI22",NA,NA,NA,NA,NA,NA
"prot-ol","OID20172","115350","FCRL1","ENSG00000163534","Q96LA6",NA,NA,NA,NA,NA,NA
"prot-ol","OID20173","10457","GPNMB","ENSG00000136235","Q14956",NA,NA,NA,NA,NA,NA
"prot-ol","OID20174","5860","QDPR","ENSG00000151552","P09417",NA,NA,NA,NA,NA,NA
"prot-ol","OID20175","51738","GHRL","ENSG00000157017","Q9UBU3",NA,NA,NA,NA,NA,NA
"prot-ol","OID20176","5504","PPP1R2","ENSG00000184203","P41236",NA,NA,NA,NA,NA,NA
"prot-ol","OID20177","23607","CD2AP","ENSG00000198087","Q9Y5K6",NA,NA,NA,NA,NA,NA
"prot-ol","OID20178","65220","NADK","ENSG00000008130","O95544",NA,NA,NA,NA,NA,NA
"prot-ol","OID20179","2694","CBLIF","ENSG00000134812","P27352",NA,NA,NA,NA,NA,NA
"prot-ol","OID20180","64129","TINAGL1","ENSG00000142910","Q9GZM7",NA,NA,NA,NA,NA,NA
"prot-ol","OID20181","124583","CANT1","ENSG00000171302","Q8WVQ1",NA,NA,NA,NA,NA,NA
"prot-ol","OID20182","136853","SSC4D","ENSG00000146700","Q8WTU2",NA,NA,NA,NA,NA,NA
"prot-ol","OID20183","4973","OLR1","ENSG00000173391","P78380",NA,NA,NA,NA,NA,NA
"prot-ol","OID20184","56616","DIABLO","ENSG00000184047","Q9NR28",NA,NA,NA,NA,NA,NA
"prot-ol","OID20185","84918","LRP11","ENSG00000120256","Q86VZ4",NA,NA,NA,NA,NA,NA
"prot-ol","OID20186","6405","SEMA3F","ENSG00000001617","Q13275",NA,NA,NA,NA,NA,NA
"prot-ol","OID20187","3952","LEP","ENSG00000174697","P41159",NA,NA,NA,NA,NA,NA
"prot-ol","OID20188","4023","LPL","ENSG00000175445","P06858",NA,NA,NA,NA,NA,NA
"prot-ol","OID20189","10149","ADGRG2","ENSG00000173698","Q8IZP9",NA,NA,NA,NA,NA,NA
"prot-ol","OID20190","27036","SIGLEC7","ENSG00000168995","Q9Y286",NA,NA,NA,NA,NA,NA
"prot-ol","OID20191","23467","NPTXR","ENSG00000221890","O95502",NA,NA,NA,NA,NA,NA
"prot-ol","OID20192","9402","GRAP2","ENSG00000100351","O75791",NA,NA,NA,NA,NA,NA
"prot-ol","OID20193","53841","CDHR5","ENSG00000099834","Q9HBB8",NA,NA,NA,NA,NA,NA
"prot-ol","OID20194","7064","THOP1","ENSG00000172009","P52888",NA,NA,NA,NA,NA,NA
"prot-ol","OID20195","2745","GLRX","ENSG00000173221","P35754",NA,NA,NA,NA,NA,NA
"prot-ol","OID20196","4254","KITLG","ENSG00000049130","P21583",NA,NA,NA,NA,NA,NA
"prot-ol","OID20197","29990","PILRB","ENSG00000121716","Q9UKJ0",NA,NA,NA,NA,NA,NA
"prot-ol","OID20198","27098","CLUL1","ENSG00000079101","Q15846",NA,NA,NA,NA,NA,NA
"prot-ol","OID20199","191","AHCY","ENSG00000101444","P23526",NA,NA,NA,NA,NA,NA
"prot-ol","OID20200","2169","FABP2","ENSG00000145384","P12104",NA,NA,NA,NA,NA,NA
"prot-ol","OID20201","5972","REN","ENSG00000143839","P00797",NA,NA,NA,NA,NA,NA
"prot-ol","OID20202","2658","GDF2","ENSG00000263761","Q9UK05",NA,NA,NA,NA,NA,NA
"prot-ol","OID20203","6037","RNASE3","ENSG00000169397","P12724",NA,NA,NA,NA,NA,NA
"prot-ol","OID20204","50964","SOST","ENSG00000167941","Q9BQB4",NA,NA,NA,NA,NA,NA
"prot-ol","OID20205","56654","NPDC1","ENSG00000107281","Q9NQX5",NA,NA,NA,NA,NA,NA
"prot-ol","OID20206","969","CD69","ENSG00000110848","Q07108",NA,NA,NA,NA,NA,NA
"prot-ol","OID20207","6374","CXCL5","ENSG00000163735","P42830",NA,NA,NA,NA,NA,NA
"prot-ol","OID20208","1282","COL4A1","ENSG00000187498","P02462",NA,NA,NA,NA,NA,NA
"prot-ol","OID20209","353514","LILRA5","ENSG00000187116","A6NI73",NA,NA,NA,NA,NA,NA
"prot-ol","OID20210","8685","MARCO","ENSG00000019169","Q9UEW3",NA,NA,NA,NA,NA,NA
"prot-ol","OID20211","9068","ANGPTL1","ENSG00000116194","O95841",NA,NA,NA,NA,NA,NA
"prot-ol","OID20212","83886","PRSS27","ENSG00000172382","Q9BQR3",NA,NA,NA,NA,NA,NA
"prot-ol","OID20213","6272","SORT1","ENSG00000134243","Q99523",NA,NA,NA,NA,NA,NA
"prot-ol","OID20214","6441","SFTPD","ENSG00000133661","P35247",NA,NA,NA,NA,NA,NA
"prot-ol","OID20215","1644","DDC","ENSG00000132437","P20711",NA,NA,NA,NA,NA,NA
"prot-ol","OID20216","6385","SDC4","ENSG00000124145","P31431",NA,NA,NA,NA,NA,NA
"prot-ol","OID20217","3162","HMOX1","ENSG00000100292","P09601",NA,NA,NA,NA,NA,NA
"prot-ol","OID20218","8773","SNAP23","ENSG00000092531","O00161",NA,NA,NA,NA,NA,NA
"prot-ol","OID20219","145264","SERPINA12","ENSG00000165953","Q8IW75",NA,NA,NA,NA,NA,NA
"prot-ol","OID20220","2688","GH1","ENSG00000259384","P01241",NA,NA,NA,NA,NA,NA
"prot-ol","OID20221","10417","SPON2","ENSG00000159674","Q9BUD6",NA,NA,NA,NA,NA,NA
"prot-ol","OID20222","5819","NECTIN2","ENSG00000130202","Q92692",NA,NA,NA,NA,NA,NA
"prot-ol","OID20223","25884","CHRDL2","ENSG00000054938","Q6WN34",NA,NA,NA,NA,NA,NA
"prot-ol","OID20224","4919","ROR1","ENSG00000185483","Q01973",NA,NA,NA,NA,NA,NA
"prot-ol","OID20225","377677","CA13","ENSG00000185015","Q8N1Q1",NA,NA,NA,NA,NA,NA
"prot-ol","OID20226","151887","CCDC80","ENSG00000091986","Q76M96",NA,NA,NA,NA,NA,NA
"prot-ol","OID20227","2203","FBP1","ENSG00000165140","P09467",NA,NA,NA,NA,NA,NA
"prot-ol","OID20228","1514","CTSL","ENSG00000135047","P07711",NA,NA,NA,NA,NA,NA
"prot-ol","OID20229","4897","NRCAM","ENSG00000091129","Q92823",NA,NA,NA,NA,NA,NA
"prot-ol","OID20230","3315","HSPB1","ENSG00000106211","P04792",NA,NA,NA,NA,NA,NA
"prot-ol","OID20231","7056","THBD","ENSG00000178726","P07204",NA,NA,NA,NA,NA,NA
"prot-ol","OID20232","883","KYAT1","ENSG00000171097","Q16773",NA,NA,NA,NA,NA,NA
"prot-ol","OID20233","10447","FAM3C","ENSG00000196937","Q92520",NA,NA,NA,NA,NA,NA
"prot-ol","OID20234","1890","TYMP","ENSG00000025708","P19971",NA,NA,NA,NA,NA,NA
"prot-ol","OID20235","255738","PCSK9","ENSG00000169174","Q8NBP7",NA,NA,NA,NA,NA,NA
"prot-ol","OID20236","3490","IGFBP7","ENSG00000163453","Q16270",NA,NA,NA,NA,NA,NA
"prot-ol","OID20237","7369","UMOD","ENSG00000169344","P07911",NA,NA,NA,NA,NA,NA
"prot-ol","OID20238","5360","PLTP","ENSG00000100979","P55058",NA,NA,NA,NA,NA,NA
"prot-ol","OID20239","8076","MFAP5","ENSG00000197614","Q13361",NA,NA,NA,NA,NA,NA
"prot-ol","OID20240","3949","LDLR","ENSG00000130164","P01130",NA,NA,NA,NA,NA,NA
"prot-ol","OID20241","762","CA4","ENSG00000167434","P22748",NA,NA,NA,NA,NA,NA
"prot-ol","OID20242","2050","EPHB4","ENSG00000196411","P54760",NA,NA,NA,NA,NA,NA
"prot-ol","OID20243","1003","CDH5","ENSG00000179776","P33151",NA,NA,NA,NA,NA,NA
"prot-ol","OID20244","1066","CES1","ENSG00000198848","P23141",NA,NA,NA,NA,NA,NA
"prot-ol","OID20245","2167","FABP4","ENSG00000170323","P15090",NA,NA,NA,NA,NA,NA
"prot-ol","OID20246","3484","IGFBP1","ENSG00000146678","P08833",NA,NA,NA,NA,NA,NA
"prot-ol","OID20247","5327","PLAT","ENSG00000104368","P00750",NA,NA,NA,NA,NA,NA
"prot-ol","OID20248","3384","ICAM2","ENSG00000108622","P13598",NA,NA,NA,NA,NA,NA
"prot-ol","OID20249","11093","ADAMTS13","ENSG00000160323","Q76LX8",NA,NA,NA,NA,NA,NA
"prot-ol","OID20250","9173","IL1RL1","ENSG00000115602","Q01638",NA,NA,NA,NA,NA,NA
"prot-ol","OID20251","9518","GDF15","ENSG00000130513","Q99988",NA,NA,NA,NA,NA,NA
"prot-ol","OID20252","5319","PLA2G1B","ENSG00000170890","P04054",NA,NA,NA,NA,NA,NA
"prot-ol","OID20253","4854","NOTCH3","ENSG00000074181","Q9UM47",NA,NA,NA,NA,NA,NA
"prot-ol","OID20254","4053","LTBP2","ENSG00000119681","Q14767",NA,NA,NA,NA,NA,NA
"prot-ol","OID20255","7049","TGFBR3","ENSG00000069702","Q03167",NA,NA,NA,NA,NA,NA
"prot-ol","OID20256","7450","VWF","ENSG00000110799","P04275",NA,NA,NA,NA,NA,NA
"prot-ol","OID20257","375033","PEAR1","ENSG00000187800","Q5VY43",NA,NA,NA,NA,NA,NA
"prot-ol","OID20258","5068","REG3A","ENSG00000172016","Q06141",NA,NA,NA,NA,NA,NA
"prot-ol","OID20259","7499","XG","ENSG00000124343","P55808",NA,NA,NA,NA,NA,NA
"prot-ol","OID20260","976","ADGRE5","ENSG00000123146","P48960",NA,NA,NA,NA,NA,NA
"prot-ol","OID20261","2517","FUCA1","ENSG00000179163","P04066",NA,NA,NA,NA,NA,NA
"prot-ol","OID20262","30835","CD209","ENSG00000090659","Q9NNX6",NA,NA,NA,NA,NA,NA
"prot-ol","OID20263","4151","MB","ENSG00000198125","P02144",NA,NA,NA,NA,NA,NA
"prot-ol","OID20264","27122","DKK3","ENSG00000050165","Q9UBP4",NA,NA,NA,NA,NA,NA
"prot-ol","OID20265","8794","TNFRSF10C","ENSG00000173535","O14798",NA,NA,NA,NA,NA,NA
"prot-ol","OID20266","5968","REG1B","ENSG00000172023","P48304",NA,NA,NA,NA,NA,NA
"prot-ol","OID20267","3559","IL2RA","ENSG00000134460","P01589",NA,NA,NA,NA,NA,NA
"prot-ol","OID20268","5159","PDGFRB","ENSG00000113721","P09619",NA,NA,NA,NA,NA,NA
"prot-ol","OID20269","4233","MET","ENSG00000105976","P08581",NA,NA,NA,NA,NA,NA
"prot-ol","OID20270","90952","ESAM","ENSG00000149564","Q96AP7",NA,NA,NA,NA,NA,NA
"prot-ol","OID20271","761","CA3","ENSG00000164879","P07451",NA,NA,NA,NA,NA,NA
"prot-ol","OID20272","10673","TNFSF13B","ENSG00000102524","Q9Y275",NA,NA,NA,NA,NA,NA
"prot-ol","OID20273","214","ALCAM","ENSG00000170017","Q13740",NA,NA,NA,NA,NA,NA
"prot-ol","OID20274","5320","PLA2G2A","ENSG00000188257","P14555",NA,NA,NA,NA,NA,NA
"prot-ol","OID20275","4477","MSMB","ENSG00000263639","P08118",NA,NA,NA,NA,NA,NA
"prot-ol","OID20276","1508","CTSB","ENSG00000164733","P07858",NA,NA,NA,NA,NA,NA
"prot-ol","OID20277","3385","ICAM3","ENSG00000076662","P32942",NA,NA,NA,NA,NA,NA
"prot-ol","OID20278","1805","DPT","ENSG00000143196","Q07507",NA,NA,NA,NA,NA,NA
"prot-ol","OID20279","55118","CRTAC1","ENSG00000095713","Q9NQ79",NA,NA,NA,NA,NA,NA
"prot-ol","OID20280","1357","CPA1","ENSG00000091704","P15085",NA,NA,NA,NA,NA,NA
"prot-ol","OID20281","256394","SERPINA11","ENSG00000186910","Q86U17",NA,NA,NA,NA,NA,NA
"prot-ol","OID20282","58191","CXCL16","ENSG00000161921","Q9H2A7",NA,NA,NA,NA,NA,NA
"prot-ol","OID20283","8482","SEMA7A","ENSG00000138623","O75326",NA,NA,NA,NA,NA,NA
"prot-ol","OID20284","3958","LGALS3","ENSG00000131981","P17931",NA,NA,NA,NA,NA,NA
"prot-ol","OID20285","1955","MEGF9","ENSG00000106780","Q9H1U4",NA,NA,NA,NA,NA,NA
"prot-ol","OID20286","11151","CORO1A","ENSG00000102879","P31146",NA,NA,NA,NA,NA,NA
"prot-ol","OID20287","2022","ENG","ENSG00000106991","P17813",NA,NA,NA,NA,NA,NA
"prot-ol","OID20288","5168","ENPP2","ENSG00000136960","Q13822",NA,NA,NA,NA,NA,NA
"prot-ol","OID20289","1360","CPB1","ENSG00000153002","P15086",NA,NA,NA,NA,NA,NA
"prot-ol","OID20290","6401","SELE","ENSG00000007908","P16581",NA,NA,NA,NA,NA,NA
"prot-ol","OID20291","5066","PAM","ENSG00000145730","P19021",NA,NA,NA,NA,NA,NA
"prot-ol","OID20292","1293","COL6A3","ENSG00000163359","P12111",NA,NA,NA,NA,NA,NA
"prot-ol","OID20293","1474","CST6","ENSG00000175315","Q15828",NA,NA,NA,NA,NA,NA
"prot-ol","OID20294","1476","CSTB","ENSG00000160213","P04080",NA,NA,NA,NA,NA,NA
"prot-ol","OID20295","8788","DLK1","ENSG00000185559","P80370",NA,NA,NA,NA,NA,NA
"prot-ol","OID20296","2990","GUSB","ENSG00000169919","P08236",NA,NA,NA,NA,NA,NA
"prot-ol","OID20297","8578","SCARF1","ENSG00000074660","Q14162",NA,NA,NA,NA,NA,NA
"prot-ol","OID20298","10136","CELA3A","ENSG00000142789","P09093",NA,NA,NA,NA,NA,NA
"prot-ol","OID20299","4856","CCN3","ENSG00000136999","P48745",NA,NA,NA,NA,NA,NA
"prot-ol","OID20300","10525","HYOU1","ENSG00000149428","Q9Y4L1",NA,NA,NA,NA,NA,NA
"prot-ol","OID20301","10288","LILRB2","ENSG00000131042","Q8N423",NA,NA,NA,NA,NA,NA
"prot-ol","OID20302","6480","ST6GAL1","ENSG00000073849","P15907",NA,NA,NA,NA,NA,NA
"prot-ol","OID20303","7075","TIE1","ENSG00000066056","P35590",NA,NA,NA,NA,NA,NA
"prot-ol","OID20304","140885","SIRPA","ENSG00000198053","P78324",NA,NA,NA,NA,NA,NA
"prot-ol","OID20305","836","CASP3","ENSG00000164305","P42574",NA,NA,NA,NA,NA,NA
"prot-ol","OID20306","5802","PTPRS","ENSG00000105426","Q13332",NA,NA,NA,NA,NA,NA
"prot-ol","OID20307","1272","CNTN1","ENSG00000018236","Q12860",NA,NA,NA,NA,NA,NA
"prot-ol","OID20308","92747","BPIFB1","ENSG00000125999","Q8TDL5",NA,NA,NA,NA,NA,NA
"prot-ol","OID20309","566","AZU1","ENSG00000172232","P20160",NA,NA,NA,NA,NA,NA
"prot-ol","OID20310","5792","PTPRF","ENSG00000142949","P10586",NA,NA,NA,NA,NA,NA
"prot-ol","OID20311","4851","NOTCH1","ENSG00000148400","P46531",NA,NA,NA,NA,NA,NA
"prot-ol","OID20312","1118","CHIT1","ENSG00000133063","Q13231",NA,NA,NA,NA,NA,NA
"prot-ol","OID20313","5154","PDGFA","ENSG00000197461","P04085",NA,NA,NA,NA,NA,NA
"prot-ol","OID20314","54","ACP5","ENSG00000102575","P13686",NA,NA,NA,NA,NA,NA
"prot-ol","OID20315","3689","ITGB2","ENSG00000160255","P05107",NA,NA,NA,NA,NA,NA
"prot-ol","OID20316","355","FAS","ENSG00000026103","P25445",NA,NA,NA,NA,NA,NA
"prot-ol","OID20317","23654","PLXNB2","ENSG00000196576","O15031",NA,NA,NA,NA,NA,NA
"prot-ol","OID20318","2621","GAS6","ENSG00000183087","Q14393",NA,NA,NA,NA,NA,NA
"prot-ol","OID20319","1956","EGFR","ENSG00000146648","P00533",NA,NA,NA,NA,NA,NA
"prot-ol","OID20320","25797","QPCT","ENSG00000115828","Q16769",NA,NA,NA,NA,NA,NA
"prot-ol","OID20321","8635","RNASET2","ENSG00000026297","O00584",NA,NA,NA,NA,NA,NA
"prot-ol","OID20322","6696","SPP1","ENSG00000118785","P10451",NA,NA,NA,NA,NA,NA
"prot-ol","OID20323","10859","LILRB1","ENSG00000274669","Q8NHL6",NA,NA,NA,NA,NA,NA
"prot-ol","OID20324","10990","LILRB5","ENSG00000105609","O75023",NA,NA,NA,NA,NA,NA
"prot-ol","OID20325","3485","IGFBP2","ENSG00000115457","P18065",NA,NA,NA,NA,NA,NA
"prot-ol","OID20326","5266","PI3","ENSG00000124102","P19957",NA,NA,NA,NA,NA,NA
"prot-ol","OID20327","56729","RETN","ENSG00000104918","Q9HD89",NA,NA,NA,NA,NA,NA
"prot-ol","OID20328","6359","CCL15","ENSG00000275528","Q16663",NA,NA,NA,NA,NA,NA
"prot-ol","OID20329","5657","PRTN3","ENSG00000196415","P24158",NA,NA,NA,NA,NA,NA
"prot-ol","OID20330","2191","FAP","ENSG00000078098","Q12884",NA,NA,NA,NA,NA,NA
"prot-ol","OID20331","5479","PPIB","ENSG00000166794","P23284",NA,NA,NA,NA,NA,NA
"prot-ol","OID20332","80781","COL18A1","ENSG00000182871","P39060",NA,NA,NA,NA,NA,NA
"prot-ol","OID20333","278","AMY1C","ENSG00000187733","P04746",NA,NA,NA,NA,NA,NA
"prot-ol","OID20334","6360","CCL16","ENSG00000275095","O15467",NA,NA,NA,NA,NA,NA
"prot-ol","OID20335","1277","COL1A1","ENSG00000108821","P02452",NA,NA,NA,NA,NA,NA
"prot-ol","OID20336","642","BLMH","ENSG00000108578","Q13867",NA,NA,NA,NA,NA,NA
"prot-ol","OID20337","5547","PRCP","ENSG00000137509","P42785",NA,NA,NA,NA,NA,NA
"prot-ol","OID20338","8993","PGLYRP1","ENSG00000008438","O75594",NA,NA,NA,NA,NA,NA
"prot-ol","OID20339","966","CD59","ENSG00000085063","P13987",NA,NA,NA,NA,NA,NA
"prot-ol","OID20340","280","AMY2B","ENSG00000240038","P19961",NA,NA,NA,NA,NA,NA
"prot-ol","OID20341","6948","TCN2","ENSG00000185339","P20062",NA,NA,NA,NA,NA,NA
"prot-ol","OID20342","5054","SERPINE1","ENSG00000106366","P05121",NA,NA,NA,NA,NA,NA
"prot-ol","OID20343","4162","MCAM","ENSG00000076706","P43121",NA,NA,NA,NA,NA,NA
"prot-ol","OID20344","1667","DEFA1","ENSG00000206047","P59665",NA,NA,NA,NA,NA,NA
"prot-ol","OID20345","114990","VASN","ENSG00000168140","Q6EMK4",NA,NA,NA,NA,NA,NA
"prot-ol","OID20346","419","ART3","ENSG00000156219","Q13508",NA,NA,NA,NA,NA,NA
"prot-ol","OID20347","84735","CNDP1","ENSG00000150656","Q96KN2",NA,NA,NA,NA,NA,NA
"prot-ol","OID20348","10068","IL18BP","ENSG00000137496","O95998",NA,NA,NA,NA,NA,NA
"prot-ol","OID20349","2158","F9","ENSG00000101981","P00740",NA,NA,NA,NA,NA,NA
"prot-ol","OID20350","290","ANPEP","ENSG00000166825","P15144",NA,NA,NA,NA,NA,NA
"prot-ol","OID20351","284297","SSC5D","ENSG00000179954","A1L4H1",NA,NA,NA,NA,NA,NA
"prot-ol","OID20352","3699","ITIH3","ENSG00000162267","Q06033",NA,NA,NA,NA,NA,NA
"prot-ol","OID20353","999","CDH1","ENSG00000039068","P12830",NA,NA,NA,NA,NA,NA
"prot-ol","OID20354","4684","NCAM1","ENSG00000149294","P13591",NA,NA,NA,NA,NA,NA
"prot-ol","OID20355","3929","LBP","ENSG00000129988","P18428",NA,NA,NA,NA,NA,NA
"prot-ol","OID20356","9180","OSMR","ENSG00000145623","Q99650",NA,NA,NA,NA,NA,NA
"prot-ol","OID20357","3373","HYAL1","ENSG00000114378","Q12794",NA,NA,NA,NA,NA,NA
"prot-ol","OID20358","1509","CTSD","ENSG00000117984","P07339",NA,NA,NA,NA,NA,NA
"prot-ol","OID20359","3371","TNC","ENSG00000041982","P24821",NA,NA,NA,NA,NA,NA
"prot-ol","OID20360","9332","CD163","ENSG00000177575","Q86VB7",NA,NA,NA,NA,NA,NA
"prot-ol","OID20361","8404","SPARCL1","ENSG00000152583","Q14515",NA,NA,NA,NA,NA,NA
"prot-ol","OID20362","4811","NID1","ENSG00000116962","P14543",NA,NA,NA,NA,NA,NA
"prot-ol","OID20363","558","AXL","ENSG00000167601","P30530",NA,NA,NA,NA,NA,NA
"prot-ol","OID20364","5645","PRSS2","ENSG00000275896","P07478",NA,NA,NA,NA,NA,NA
"prot-ol","OID20365","1522","CTSZ","ENSG00000101160","Q9UBR2",NA,NA,NA,NA,NA,NA
"prot-ol","OID20366","10752","CHL1","ENSG00000134121","O00533",NA,NA,NA,NA,NA,NA
"prot-ol","OID20367","114897","C1QTNF1","ENSG00000173918","Q9BXJ1",NA,NA,NA,NA,NA,NA
"prot-ol","OID20368","7060","THBS4","ENSG00000113296","P35443",NA,NA,NA,NA,NA,NA
"prot-ol","OID20369","7037","TFRC","ENSG00000072274","P02786",NA,NA,NA,NA,NA,NA
"prot-ol","OID20370","3815","KIT","ENSG00000157404","P10721",NA,NA,NA,NA,NA,NA
"prot-ol","OID20371","7033","TFF3","ENSG00000160180","Q07654",NA,NA,NA,NA,NA,NA
"prot-ol","OID20372","2155","F7","ENSG00000057593","P08709",NA,NA,NA,NA,NA,NA
"prot-ol","OID20373","5919","RARRES2","ENSG00000106538","Q99969",NA,NA,NA,NA,NA,NA
"prot-ol","OID20374","55937","APOM","ENSG00000204444","O95445",NA,NA,NA,NA,NA,NA
"prot-ol","OID20375","91937","TIMD4","ENSG00000145850","Q96H15",NA,NA,NA,NA,NA,NA
"prot-ol","OID20376","3688","ITGB1","ENSG00000150093","P05556",NA,NA,NA,NA,NA,NA
"prot-ol","OID20377","1604","CD55","ENSG00000196352","P08174",NA,NA,NA,NA,NA,NA
"prot-ol","OID20378","929","CD14","ENSG00000170458","P08571",NA,NA,NA,NA,NA,NA
"prot-ol","OID20379","6403","SELP","ENSG00000174175","P16109",NA,NA,NA,NA,NA,NA
"prot-ol","OID20380","4179","CD46","ENSG00000117335","P15529",NA,NA,NA,NA,NA,NA
"prot-ol","OID20381","2811","GP1BA","ENSG00000185245","P07359",NA,NA,NA,NA,NA,NA
"prot-ol","OID20382","2220","FCN2","ENSG00000160339","Q15485",NA,NA,NA,NA,NA,NA
"prot-ol","OID20383","3339","HSPG2","ENSG00000142798","P98160",NA,NA,NA,NA,NA,NA
"prot-ol","OID20384","5118","PCOLCE","ENSG00000106333","Q15113",NA,NA,NA,NA,NA,NA
"prot-ol","OID20385","3570","IL6R","ENSG00000160712","P08887",NA,NA,NA,NA,NA,NA
"prot-ol","OID20386","6647","SOD1","ENSG00000142168","P00441",NA,NA,NA,NA,NA,NA
"prot-ol","OID20387","2215","FCGR3B","ENSG00000162747","O75015",NA,NA,NA,NA,NA,NA
"prot-ol","OID20388","7035","TFPI","ENSG00000003436","P10646",NA,NA,NA,NA,NA,NA
"prot-ol","OID20389","8639","AOC3","ENSG00000131471","Q16853",NA,NA,NA,NA,NA,NA
"prot-ol","OID20390","8829","NRP1","ENSG00000099250","O14786",NA,NA,NA,NA,NA,NA
"prot-ol","OID20391","2212","FCGR2A","ENSG00000143226","P12318",NA,NA,NA,NA,NA,NA
"prot-ol","OID20392","3934","LCN2","ENSG00000148346","P80188",NA,NA,NA,NA,NA,NA
"prot-ol","OID20393","1380","CR2","ENSG00000117322","P20023",NA,NA,NA,NA,NA,NA
"prot-ol","OID20394","51816","ADA2","ENSG00000093072","Q9NZK5",NA,NA,NA,NA,NA,NA
"prot-ol","OID20395","6362","CCL18","ENSG00000275385","P55774",NA,NA,NA,NA,NA,NA
"prot-ol","OID20396","7412","VCAM1","ENSG00000162692","P19320",NA,NA,NA,NA,NA,NA
"prot-ol","OID20397","22918","CD93","ENSG00000125810","Q9NPY3",NA,NA,NA,NA,NA,NA
"prot-ol","OID20398","3486","IGFBP3","ENSG00000146674","P17936",NA,NA,NA,NA,NA,NA
"prot-ol","OID20399","1116","CHI3L1","ENSG00000133048","P36222",NA,NA,NA,NA,NA,NA
"prot-ol","OID20400","1471","CST3","ENSG00000101439","P01034",NA,NA,NA,NA,NA,NA
"prot-ol","OID20401","6358","CCL14","ENSG00000276409","Q16627",NA,NA,NA,NA,NA,NA
"prot-ol","OID20402","5624","PROC","ENSG00000115718","P04070",NA,NA,NA,NA,NA,NA
"prot-ol","OID20403","283","ANG","ENSG00000214274","P03950",NA,NA,NA,NA,NA,NA
"prot-ol","OID20404","26998","FETUB","ENSG00000090512","Q9UGM5",NA,NA,NA,NA,NA,NA
"prot-ol","OID20405","1311","COMP","ENSG00000105664","P49747",NA,NA,NA,NA,NA,NA
"prot-ol","OID20406","1803","DPP4","ENSG00000197635","P27487",NA,NA,NA,NA,NA,NA
"prot-ol","OID20407","27329","ANGPTL3","ENSG00000132855","Q9Y5C1",NA,NA,NA,NA,NA,NA
"prot-ol","OID20408","5730","PTGDS","ENSG00000107317","P41222",NA,NA,NA,NA,NA,NA
"prot-ol","OID20409","759","CA1","ENSG00000133742","P00915",NA,NA,NA,NA,NA,NA
"prot-ol","OID20410","717","C2","ENSG00000166278","P06681",NA,NA,NA,NA,NA,NA
"prot-ol","OID20411","3383","ICAM1","ENSG00000090339","P05362",NA,NA,NA,NA,NA,NA
"prot-ol","OID20412","6352","CCL5","ENSG00000271503","P13501",NA,NA,NA,NA,NA,NA
"prot-ol","OID20413","3489","IGFBP6","ENSG00000167779","P24592",NA,NA,NA,NA,NA,NA
"prot-ol","OID20414","2202","EFEMP1","ENSG00000115380","Q12805",NA,NA,NA,NA,NA,NA
"prot-ol","OID20415","5967","REG1A","ENSG00000115386","P05451",NA,NA,NA,NA,NA,NA
"prot-ol","OID20416","8836","GGH","ENSG00000137563","Q92820",NA,NA,NA,NA,NA,NA
"prot-ol","OID20417","7045","TGFBI","ENSG00000120708","Q15582",NA,NA,NA,NA,NA,NA
"prot-ol","OID20418","7076","TIMP1","ENSG00000102265","P01033",NA,NA,NA,NA,NA,NA
"prot-ol","OID20420","3587","IL10RA","ENSG00000110324","Q13651",NA,NA,NA,NA,NA,NA
"prot-ol","OID20421","5069","PAPPA","ENSG00000182752","Q13219",NA,NA,NA,NA,NA,NA
"prot-ol","OID20422","53832","IL20RA","ENSG00000016402","Q9UHF4",NA,NA,NA,NA,NA,NA
"prot-ol","OID20423","1984","EIF5A","ENSG00000132507","P63241",NA,NA,NA,NA,NA,NA
"prot-ol","OID20424","3725","JUN","ENSG00000177606","P05412",NA,NA,NA,NA,NA,NA
"prot-ol","OID20425","326624","RAB37","ENSG00000172794","Q96AX2",NA,NA,NA,NA,NA,NA
"prot-ol","OID20427","3553","IL1B","ENSG00000125538","P01584",NA,NA,NA,NA,NA,NA
"prot-ol","OID20428","90865","IL33","ENSG00000137033","O95760",NA,NA,NA,NA,NA,NA
"prot-ol","OID20429","11006","LILRB4","ENSG00000186818","Q8NHJ6",NA,NA,NA,NA,NA,NA
"prot-ol","OID20430","3596","IL13","ENSG00000169194","P35225",NA,NA,NA,NA,NA,NA
"prot-ol","OID20431","3586","IL10","ENSG00000136634","P22301",NA,NA,NA,NA,NA,NA
"prot-ol","OID20433","25816","TNFAIP8","ENSG00000145779","O95379",NA,NA,NA,NA,NA,NA
"prot-ol","OID20435","81","ACTN4","ENSG00000130402","O43707",NA,NA,NA,NA,NA,NA
"prot-ol","OID20436","51056","LAP3","ENSG00000002549","P28838",NA,NA,NA,NA,NA,NA
"prot-ol","OID20437","258","AMBN","ENSG00000178522","Q9NP70",NA,NA,NA,NA,NA,NA
"prot-ol","OID20438","57633","LRRN1","ENSG00000175928","Q6UXK5",NA,NA,NA,NA,NA,NA
"prot-ol","OID20442","4683","NBN","ENSG00000104320","O60934",NA,NA,NA,NA,NA,NA
"prot-ol","OID20443","115352","FCRL3","ENSG00000160856","Q96P31",NA,NA,NA,NA,NA,NA
"prot-ol","OID20444","5564","PRKAB1","ENSG00000111725","Q9Y478",NA,NA,NA,NA,NA,NA
"prot-ol","OID20445","87178","PNPT1","ENSG00000138035","Q8TCS8",NA,NA,NA,NA,NA,NA
"prot-ol","OID20447","9910","RABGAP1L","ENSG00000152061","Q5R372",NA,NA,NA,NA,NA,NA
"prot-ol","OID20449","58985","IL22RA1","ENSG00000142677","Q8N6P7",NA,NA,NA,NA,NA,NA
"prot-ol","OID20450","3560","IL2RB","ENSG00000100385","P14784",NA,NA,NA,NA,NA,NA
"prot-ol","OID20451","4650","MYO9B","ENSG00000099331","Q13459",NA,NA,NA,NA,NA,NA
"prot-ol","OID20453","50604","IL20","ENSG00000162891","Q9NYY1",NA,NA,NA,NA,NA,NA
"prot-ol","OID20455","3589","IL11","ENSG00000095752","P20809",NA,NA,NA,NA,NA,NA
"prot-ol","OID20456","112744","IL17F","ENSG00000112116","Q96PD4",NA,NA,NA,NA,NA,NA
"prot-ol","OID20457","10590","SCGN","ENSG00000079689","O76038",NA,NA,NA,NA,NA,NA
"prot-ol","OID20458","9547","CXCL14","ENSG00000145824","O95715",NA,NA,NA,NA,NA,NA
"prot-ol","OID20459","4598","MVK","ENSG00000110921","Q03426",NA,NA,NA,NA,NA,NA
"prot-ol","OID20460","7483","WNT9A","ENSG00000143816","O14904",NA,NA,NA,NA,NA,NA
"prot-ol","OID20461","3563","IL3RA","ENSG00000185291","P26951",NA,NA,NA,NA,NA,NA
"prot-ol","OID20462","27240","SIT1","ENSG00000137078","Q9Y3P8",NA,NA,NA,NA,NA,NA
"prot-ol","OID20463","53827","FXYD5","ENSG00000089327","Q96DB9",NA,NA,NA,NA,NA,NA
"prot-ol","OID20464","6387","CXCL12","ENSG00000107562","P48061",NA,NA,NA,NA,NA,NA
"prot-ol","OID20467","11240","PADI2","ENSG00000117115","Q9Y2J8",NA,NA,NA,NA,NA,NA
"prot-ol","OID20468","5588","PRKCQ","ENSG00000065675","Q04759",NA,NA,NA,NA,NA,NA
"prot-ol","OID20469","3605","IL17A","ENSG00000112115","Q16552",NA,NA,NA,NA,NA,NA
"prot-ol","OID20470","4775","NFATC3","ENSG00000072736","Q12968",NA,NA,NA,NA,NA,NA
"prot-ol","OID20471","2591","GALNT3","ENSG00000115339","Q14435",NA,NA,NA,NA,NA,NA
"prot-ol","OID20472","3567","IL5","ENSG00000113525","P05113",NA,NA,NA,NA,NA,NA
"prot-ol","OID20473","7124","TNF","ENSG00000204490","P01375",NA,NA,NA,NA,NA,NA
"prot-ol","OID20474","10010","TANK","ENSG00000136560","Q92844",NA,NA,NA,NA,NA,NA
"prot-ol","OID20475","10253","SPRY2","ENSG00000136158","O43597",NA,NA,NA,NA,NA,NA
"prot-ol","OID20476","7178","TPT1","ENSG00000133112","P13693",NA,NA,NA,NA,NA,NA
"prot-ol","OID20477","27189","IL17C","ENSG00000124391","Q9P0M4",NA,NA,NA,NA,NA,NA
"prot-ol","OID20478","253943","YTHDF3","ENSG00000185728","Q7Z739",NA,NA,NA,NA,NA,NA
"prot-ol","OID20479","7454","WAS","ENSG00000015285","P42768",NA,NA,NA,NA,NA,NA
"prot-ol","OID20480","115650","TNFRSF13C","ENSG00000159958","Q96RJ3",NA,NA,NA,NA,NA,NA
"prot-ol","OID20481","53342","IL17D","ENSG00000172458","Q8TAD2",NA,NA,NA,NA,NA,NA
"prot-ol","OID20482","284021","MILR1","ENSG00000271605","Q7Z6M3",NA,NA,NA,NA,NA,NA
"prot-ol","OID20483","10935","PRDX3","ENSG00000165672","P30048",NA,NA,NA,NA,NA,NA
"prot-ol","OID20484","3382","ICA1","ENSG00000003147","Q05084",NA,NA,NA,NA,NA,NA
"prot-ol","OID20485","3654","IRAK1","ENSG00000184216","P51617",NA,NA,NA,NA,NA,NA
"prot-ol","OID20486","3594","IL12RB1","ENSG00000096996","P42701",NA,NA,NA,NA,NA,NA
"prot-ol","OID20487","8808","IL1RL2","ENSG00000115598","Q9HB29",NA,NA,NA,NA,NA,NA
"prot-ol","OID20490","2250","FGF5","ENSG00000138675","P12034",NA,NA,NA,NA,NA,NA
"prot-ol","OID20491","1440","CSF3","ENSG00000108342","P09919",NA,NA,NA,NA,NA,NA
"prot-ol","OID20492","81693","AMN","ENSG00000166126","Q9BXJ7",NA,NA,NA,NA,NA,NA
"prot-ol","OID20493","3694","ITGB6","ENSG00000115221","P18564",NA,NA,NA,NA,NA,NA
"prot-ol","OID20494","3512","JCHAIN","ENSG00000132465","P01591",NA,NA,NA,NA,NA,NA
"prot-ol","OID20495","3458","IFNG","ENSG00000111537","P01579",NA,NA,NA,NA,NA,NA
"prot-ol","OID20496","6504","SLAMF1","ENSG00000117090","Q13291",NA,NA,NA,NA,NA,NA
"prot-ol","OID20497","55740","ENAH","ENSG00000154380","Q8N8S7",NA,NA,NA,NA,NA,NA
"prot-ol","OID20498","3601","IL15RA","ENSG00000134470","Q13261",NA,NA,NA,NA,NA,NA
"prot-ol","OID20500","142","PARP1","ENSG00000143799","P09874",NA,NA,NA,NA,NA,NA
"prot-ol","OID20501","646480","FABP9","ENSG00000205186","Q0Z7S8",NA,NA,NA,NA,NA,NA
"prot-ol","OID20502","6733","SRPK2","ENSG00000135250","P78362",NA,NA,NA,NA,NA,NA
"prot-ol","OID20503","2247","FGF2","ENSG00000138685","P09038",NA,NA,NA,NA,NA,NA
"prot-ol","OID20504","9452","ITM2A","ENSG00000078596","O43736",NA,NA,NA,NA,NA,NA
"prot-ol","OID20505","571","BACH1","ENSG00000156273","O14867",NA,NA,NA,NA,NA,NA
"prot-ol","OID20506","163702","IFNLR1","ENSG00000185436","Q8IU57",NA,NA,NA,NA,NA,NA
"prot-ol","OID20507","7186","TRAF2","ENSG00000127191","Q12933",NA,NA,NA,NA,NA,NA
"prot-ol","OID20508","6822","SULT2A1","ENSG00000105398","Q06520",NA,NA,NA,NA,NA,NA
"prot-ol","OID20509","27290","SPINK4","ENSG00000122711","O60575",NA,NA,NA,NA,NA,NA
"prot-ol","OID20510","51667","NUB1","ENSG00000013374","Q9Y5A7",NA,NA,NA,NA,NA,NA
"prot-ol","OID20511","5623","PSPN","ENSG00000125650","O60542",NA,NA,NA,NA,NA,NA
"prot-ol","OID20512","218","ALDH3A1","ENSG00000108602","P30838",NA,NA,NA,NA,NA,NA
"prot-ol","OID20513",NA,NA,NA,"O43521-2",NA,NA,NA,NA,NA,NA
"prot-ol","OID20514","4068","SH2D1A","ENSG00000183918","O60880",NA,NA,NA,NA,NA,NA
"prot-ol","OID20515","2308","FOXO1","ENSG00000150907","Q12778",NA,NA,NA,NA,NA,NA
"prot-ol","OID20516","22846","VASH1","ENSG00000071246","Q7L8A9",NA,NA,NA,NA,NA,NA
"prot-ol","OID20517","637","BID","ENSG00000015475","P55957",NA,NA,NA,NA,NA,NA
"prot-ol","OID20519","254042","METAP1D","ENSG00000172878","Q6UB28",NA,NA,NA,NA,NA,NA
"prot-ol","OID20520","3122","HLA-DRA","ENSG00000204287","P01903",NA,NA,NA,NA,NA,NA
"prot-ol","OID20521","9779","TBC1D5","ENSG00000131374","Q92609",NA,NA,NA,NA,NA,NA
"prot-ol","OID20522","2056","EPO","ENSG00000130427","P01588",NA,NA,NA,NA,NA,NA
"prot-ol","OID20523","6354","CCL7","ENSG00000108688","P80098",NA,NA,NA,NA,NA,NA
"prot-ol","OID20524","27071","DAPP1","ENSG00000070190","Q9UN19",NA,NA,NA,NA,NA,NA
"prot-ol","OID20525","10913","EDAR","ENSG00000135960","Q9UNE0",NA,NA,NA,NA,NA,NA
"prot-ol","OID20526","85363","TRIM5","ENSG00000132256","Q9C035",NA,NA,NA,NA,NA,NA
"prot-ol","OID20527","57628","DPP10","ENSG00000175497","Q8N608",NA,NA,NA,NA,NA,NA
"prot-ol","OID20528","3655","ITGA6","ENSG00000091409","P23229",NA,NA,NA,NA,NA,NA
"prot-ol","OID20529","343413","FCRL6","ENSG00000181036","Q6DN72",NA,NA,NA,NA,NA,NA
"prot-ol","OID20530","4046","LSP1","ENSG00000130592","P33241",NA,NA,NA,NA,NA,NA
"prot-ol","OID20531","9482","STX8","ENSG00000170310","Q9UNK0",NA,NA,NA,NA,NA,NA
"prot-ol","OID20532","3133","HLA-E","ENSG00000204592","P13747",NA,NA,NA,NA,NA,NA
"prot-ol","OID20533","6737","TRIM21","ENSG00000132109","P19474",NA,NA,NA,NA,NA,NA
"prot-ol","OID20534","11168","PSIP1","ENSG00000164985","O75475",NA,NA,NA,NA,NA,NA
"prot-ol","OID20535","3574","IL7","ENSG00000104432","P13232",NA,NA,NA,NA,NA,NA
"prot-ol","OID20536","219285","SAMD9L","ENSG00000177409","Q8IVG5",NA,NA,NA,NA,NA,NA
"prot-ol","OID20537","89790","SIGLEC10","ENSG00000142512","Q96LC7",NA,NA,NA,NA,NA,NA
"prot-ol","OID20538","140862","ISM1","ENSG00000101230","B1AKI9",NA,NA,NA,NA,NA,NA
"prot-ol","OID20539","283375","SLC39A5","ENSG00000139540","Q6ZMH5",NA,NA,NA,NA,NA,NA
"prot-ol","OID20540","11118","BTN3A2","ENSG00000186470","P78410",NA,NA,NA,NA,NA,NA
"prot-ol","OID20541","4295","MLN","ENSG00000096395","P12872",NA,NA,NA,NA,NA,NA
"prot-ol","OID20542","9805","SCRN1","ENSG00000136193","Q12765",NA,NA,NA,NA,NA,NA
"prot-ol","OID20543","84432","PROK1","ENSG00000143125","P58294",NA,NA,NA,NA,NA,NA
"prot-ol","OID20544","8517","IKBKG","ENSG00000269335","Q9Y6K9",NA,NA,NA,NA,NA,NA
"prot-ol","OID20545","4772","NFATC1","ENSG00000131196","O95644",NA,NA,NA,NA,NA,NA
"prot-ol","OID20546","10344","CCL26","ENSG00000006606","Q9Y258",NA,NA,NA,NA,NA,NA
"prot-ol","OID20547","170482","CLEC4C","ENSG00000198178","Q8WTT0",NA,NA,NA,NA,NA,NA
"prot-ol","OID20548","90273","CEACAM21","ENSG00000007129","Q3KPI0",NA,NA,NA,NA,NA,NA
"prot-ol","OID20549","84262","PSMG3","ENSG00000157778","Q9BT73",NA,NA,NA,NA,NA,NA
"prot-ol","OID20550","1297","COL9A1","ENSG00000112280","P20849",NA,NA,NA,NA,NA,NA
"prot-ol","OID20551","57120","GOPC","ENSG00000047932","Q9HD26",NA,NA,NA,NA,NA,NA
"prot-ol","OID20552","5608","MAP2K6","ENSG00000108984","P52564",NA,NA,NA,NA,NA,NA
"prot-ol","OID20553","51251","NT5C3A","ENSG00000122643","Q9H0P0",NA,NA,NA,NA,NA,NA
"prot-ol","OID20554","23365","ARHGEF12","ENSG00000196914","Q9NZN5",NA,NA,NA,NA,NA,NA
"prot-ol","OID20555","835","CASP2","ENSG00000106144","P42575",NA,NA,NA,NA,NA,NA
"prot-ol","OID20556","26047","CNTNAP2","ENSG00000174469","Q9UHC6",NA,NA,NA,NA,NA,NA
"prot-ol","OID20557","5601","MAPK9","ENSG00000050748","P45984",NA,NA,NA,NA,NA,NA
"prot-ol","OID20558","613","BCR","ENSG00000186716","P11274",NA,NA,NA,NA,NA,NA
"prot-ol","OID20559","7461","CLIP2","ENSG00000106665","Q9UDT6",NA,NA,NA,NA,NA,NA
"prot-ol","OID20560","6404","SELPLG","ENSG00000110876","Q14242",NA,NA,NA,NA,NA,NA
"prot-ol","OID20561","1525","CXADR","ENSG00000154639","P78310",NA,NA,NA,NA,NA,NA
"prot-ol","OID20562","3600","IL15","ENSG00000164136","P40933",NA,NA,NA,NA,NA,NA
"prot-ol","OID20563","3569","IL6","ENSG00000136244","P05231",NA,NA,NA,NA,NA,NA
"prot-ol","OID20564","2204","FCAR","ENSG00000186431","P24071",NA,NA,NA,NA,NA,NA
"prot-ol","OID20565","9308","CD83","ENSG00000112149","Q01151",NA,NA,NA,NA,NA,NA
"prot-ol","OID20566","9437","NCR1","ENSG00000189430","O76036",NA,NA,NA,NA,NA,NA
"prot-ol","OID20567","4688","NCF2","ENSG00000116701","P19878",NA,NA,NA,NA,NA,NA
"prot-ol","OID20568","4880","NPPC","ENSG00000163273","P23582",NA,NA,NA,NA,NA,NA
"prot-ol","OID20569","56477","CCL28","ENSG00000151882","Q9NRJ3",NA,NA,NA,NA,NA,NA
"prot-ol","OID20570","5806","PTX3","ENSG00000163661","P26022",NA,NA,NA,NA,NA,NA
"prot-ol","OID20571","5745","PTH1R","ENSG00000160801","Q03431",NA,NA,NA,NA,NA,NA
"prot-ol","OID20572","54583","EGLN1","ENSG00000135766","Q9GZT9",NA,NA,NA,NA,NA,NA
"prot-ol","OID20573","50856","CLEC4A","ENSG00000111729","Q9UMR7",NA,NA,NA,NA,NA,NA
"prot-ol","OID20574","5008","OSM","ENSG00000099985","P13725",NA,NA,NA,NA,NA,NA
"prot-ol","OID20575","3290","HSD11B1","ENSG00000117594","P28845",NA,NA,NA,NA,NA,NA
"prot-ol","OID20576","3566","IL4R","ENSG00000077238","P24394",NA,NA,NA,NA,NA,NA
"prot-ol","OID20577","51135","IRAK4","ENSG00000198001","Q9NWZ3",NA,NA,NA,NA,NA,NA
"prot-ol","OID20578","3386","ICAM4","ENSG00000105371","Q14773",NA,NA,NA,NA,NA,NA
"prot-ol","OID20579","1666","DECR1","ENSG00000104325","Q16698",NA,NA,NA,NA,NA,NA
"prot-ol","OID20580","4065","LY75","ENSG00000054219","O60449",NA,NA,NA,NA,NA,NA
"prot-ol","OID20581","22801","ITGA11","ENSG00000137809","Q9UKX5",NA,NA,NA,NA,NA,NA
"prot-ol","OID20582","8312","AXIN1","ENSG00000103126","O15169",NA,NA,NA,NA,NA,NA
"prot-ol","OID20583","311","ANXA11","ENSG00000122359","P50995",NA,NA,NA,NA,NA,NA
"prot-ol","OID20584","920","CD4","ENSG00000010610","P01730",NA,NA,NA,NA,NA,NA
"prot-ol","OID20585","55540","IL17RB","ENSG00000056736","Q9NRM6",NA,NA,NA,NA,NA,NA
"prot-ol","OID20586","4049","LTA","ENSG00000226979","P01374",NA,NA,NA,NA,NA,NA
"prot-ol","OID20587","118788","PIK3AP1","ENSG00000155629","Q6ZUJ8",NA,NA,NA,NA,NA,NA
"prot-ol","OID20588","4255","MGMT","ENSG00000170430","P16455",NA,NA,NA,NA,NA,NA
"prot-ol","OID20589","10614","HEXIM1","ENSG00000186834","O94992",NA,NA,NA,NA,NA,NA
"prot-ol","OID20590","339390","CLEC4G","ENSG00000182566","Q6UXB4",NA,NA,NA,NA,NA,NA
"prot-ol","OID20591","4908","NTF3","ENSG00000185652","P20783",NA,NA,NA,NA,NA,NA
"prot-ol","OID20592","8600","TNFSF11","ENSG00000120659","O14788",NA,NA,NA,NA,NA,NA
"prot-ol","OID20593","4277","MICB","ENSG00000204516","Q29980",NA,NA,NA,NA,NA,NA
"prot-ol","OID20594","55024","BANK1","ENSG00000153064","Q8NDB2",NA,NA,NA,NA,NA,NA
"prot-ol","OID20595","131450","CD200R1","ENSG00000163606","Q8TD46",NA,NA,NA,NA,NA,NA
"prot-ol","OID20596","3880","KRT19","ENSG00000171345","P08727",NA,NA,NA,NA,NA,NA
"prot-ol","OID20597","91584","PLXNA4","ENSG00000221866","Q9HCM2",NA,NA,NA,NA,NA,NA
"prot-ol","OID20598","5797","PTPRM","ENSG00000173482","P28827",NA,NA,NA,NA,NA,NA
"prot-ol","OID20599","970","CD70","ENSG00000125726","P32970",NA,NA,NA,NA,NA,NA
"prot-ol","OID20600","7039","TGFA","ENSG00000163235","P01135",NA,NA,NA,NA,NA,NA
"prot-ol","OID20601","3568","IL5RA","ENSG00000091181","Q01344",NA,NA,NA,NA,NA,NA
"prot-ol","OID20602","57823","SLAMF7","ENSG00000026751","Q9NQ25",NA,NA,NA,NA,NA,NA
"prot-ol","OID20603","4345","CD200","ENSG00000091972","P41217",NA,NA,NA,NA,NA,NA
"prot-ol","OID20604","3002","GZMB","ENSG00000100453","P10144",NA,NA,NA,NA,NA,NA
"prot-ol","OID20605","9235","IL32","ENSG00000008517","P24001",NA,NA,NA,NA,NA,NA
"prot-ol","OID20606","3977","LIFR","ENSG00000113594","P42702",NA,NA,NA,NA,NA,NA
"prot-ol","OID20607","8832","CD84","ENSG00000066294","Q9UIB8",NA,NA,NA,NA,NA,NA
"prot-ol","OID20608","5870","RAB6A","ENSG00000175582","P20340",NA,NA,NA,NA,NA,NA
"prot-ol","OID20609","338339","CLEC4D","ENSG00000166527","Q8WXI8",NA,NA,NA,NA,NA,NA
"prot-ol","OID20610","6348","CCL3","ENSG00000274221","P10147",NA,NA,NA,NA,NA,NA
"prot-ol","OID20611","8743","TNFSF10","ENSG00000121858","P50591",NA,NA,NA,NA,NA,NA
"prot-ol","OID20612","7098","TLR3","ENSG00000164342","O15455",NA,NA,NA,NA,NA,NA
"prot-ol","OID20613","6372","CXCL6","ENSG00000124875","P80162",NA,NA,NA,NA,NA,NA
"prot-ol","OID20614","5097","PCDH1","ENSG00000156453","Q08174",NA,NA,NA,NA,NA,NA
"prot-ol","OID20615","3241","HPCAL1","ENSG00000115756","P37235",NA,NA,NA,NA,NA,NA
"prot-ol","OID20616","959","CD40LG","ENSG00000102245","P29965",NA,NA,NA,NA,NA,NA
"prot-ol","OID20617","10970","CKAP4","ENSG00000136026","Q07065",NA,NA,NA,NA,NA,NA
"prot-ol","OID20619","3423","IDS","ENSG00000010404","P22304",NA,NA,NA,NA,NA,NA
"prot-ol","OID20620","1676","DFFA","ENSG00000160049","O00273",NA,NA,NA,NA,NA,NA
"prot-ol","OID20621",NA,NA,NA,"P01137",NA,NA,NA,NA,NA,NA
"prot-ol","OID20622","284340","CXCL17","ENSG00000189377","Q6UXB2",NA,NA,NA,NA,NA,NA
"prot-ol","OID20623","10726","NUDC","ENSG00000090273","Q9Y266",NA,NA,NA,NA,NA,NA
"prot-ol","OID20624","8742","TNFSF12","ENSG00000239697","O43508",NA,NA,NA,NA,NA,NA
"prot-ol","OID20625","1981","EIF4G1","ENSG00000114867","Q04637",NA,NA,NA,NA,NA,NA
"prot-ol","OID20626","682","BSG","ENSG00000172270","P35613",NA,NA,NA,NA,NA,NA
"prot-ol","OID20627","10294","DNAJA2","ENSG00000069345","O60884",NA,NA,NA,NA,NA,NA
"prot-ol","OID20628","51744","CD244","ENSG00000122223","Q9BZW8",NA,NA,NA,NA,NA,NA
"prot-ol","OID20629","3820","KLRB1","ENSG00000111796","Q12918",NA,NA,NA,NA,NA,NA
"prot-ol","OID20630","5271","SERPINB8","ENSG00000166401","P50452",NA,NA,NA,NA,NA,NA
"prot-ol","OID20631","3576","CXCL8","ENSG00000169429","P10145",NA,NA,NA,NA,NA,NA
"prot-ol","OID20632","3824","KLRD1","ENSG00000134539","Q13241",NA,NA,NA,NA,NA,NA
"prot-ol","OID20633","3603","IL16","ENSG00000172349","Q14005",NA,NA,NA,NA,NA,NA
"prot-ol","OID20634","23114","NFASC","ENSG00000163531","O94856",NA,NA,NA,NA,NA,NA
"prot-ol","OID20635","974","CD79B","ENSG00000007312","P40259",NA,NA,NA,NA,NA,NA
"prot-ol","OID20636","64581","CLEC7A","ENSG00000172243","Q9BXN2",NA,NA,NA,NA,NA,NA
"prot-ol","OID20637","933","CD22","ENSG00000012124","P20273",NA,NA,NA,NA,NA,NA
"prot-ol","OID20638","27074","LAMP3","ENSG00000078081","Q9UQV4",NA,NA,NA,NA,NA,NA
"prot-ol","OID20639","79368","FCRL2","ENSG00000132704","Q96LA5",NA,NA,NA,NA,NA,NA
"prot-ol","OID20640","27040","LAT","ENSG00000213658","O43561",NA,NA,NA,NA,NA,NA
"prot-ol","OID20641","2766","GMPR","ENSG00000137198","P36959",NA,NA,NA,NA,NA,NA
"prot-ol","OID20642","7177","TPSAB1","ENSG00000172236","Q15661",NA,NA,NA,NA,NA,NA
"prot-ol","OID20643","84687","PPP1R9B","ENSG00000108819","Q96SB3",NA,NA,NA,NA,NA,NA
"prot-ol","OID20644","25824","PRDX5","ENSG00000126432","P30044",NA,NA,NA,NA,NA,NA
"prot-ol","OID20645","100","ADA","ENSG00000196839","P00813",NA,NA,NA,NA,NA,NA
"prot-ol","OID20646","8792","TNFRSF11A","ENSG00000141655","Q9Y6Q6",NA,NA,NA,NA,NA,NA
"prot-ol","OID20647","11126","CD160","ENSG00000117281","O95971",NA,NA,NA,NA,NA,NA
"prot-ol","OID20648","3059","HCLS1","ENSG00000180353","P14317",NA,NA,NA,NA,NA,NA
"prot-ol","OID20649","923","CD6","ENSG00000013725","P30203",NA,NA,NA,NA,NA,NA
"prot-ol","OID20650","7422","VEGFA","ENSG00000112715","P15692",NA,NA,NA,NA,NA,NA
"prot-ol","OID20651","8745","ADAM23","ENSG00000114948","O75077",NA,NA,NA,NA,NA,NA
"prot-ol","OID20652","8809","IL18R1","ENSG00000115604","Q13478",NA,NA,NA,NA,NA,NA
"prot-ol","OID20653","7293","TNFRSF4","ENSG00000186827","P43489",NA,NA,NA,NA,NA,NA
"prot-ol","OID20654","712","C1QA","ENSG00000173372","P02745",NA,NA,NA,NA,NA,NA
"prot-ol","OID20655","6357","CCL13","ENSG00000181374","Q99616",NA,NA,NA,NA,NA,NA
"prot-ol","OID20656","3082","HGF","ENSG00000019991","P14210",NA,NA,NA,NA,NA,NA
"prot-ol","OID20657","10461","MERTK","ENSG00000153208","Q12866",NA,NA,NA,NA,NA,NA
"prot-ol","OID20658","181","AGRP","ENSG00000159723","O00253",NA,NA,NA,NA,NA,NA
"prot-ol","OID20660","1519","CTSO","ENSG00000256043","P43234",NA,NA,NA,NA,NA,NA
"prot-ol","OID20661","2323","FLT3LG","ENSG00000090554","P49771",NA,NA,NA,NA,NA,NA
"prot-ol","OID20662","2277","VEGFD","ENSG00000165197","O43915",NA,NA,NA,NA,NA,NA
"prot-ol","OID20663","3001","GZMA","ENSG00000145649","P12544",NA,NA,NA,NA,NA,NA
"prot-ol","OID20664","64084","CLSTN2","ENSG00000158258","Q9H4D0",NA,NA,NA,NA,NA,NA
"prot-ol","OID20665","356","FASLG","ENSG00000117560","P48023",NA,NA,NA,NA,NA,NA
"prot-ol","OID20666","3593","IL12B","ENSG00000113302","P29460",NA,NA,NA,NA,NA,NA
"prot-ol","OID20667","1041","CDSN","ENSG00000137197","Q15517",NA,NA,NA,NA,NA,NA
"prot-ol","OID20668","6356","CCL11","ENSG00000172156","P51671",NA,NA,NA,NA,NA,NA
"prot-ol","OID20669","8942","KYNU","ENSG00000115919","Q16719",NA,NA,NA,NA,NA,NA
"prot-ol","OID20670","4063","LY9","ENSG00000122224","Q9HBG7",NA,NA,NA,NA,NA,NA
"prot-ol","OID20671","6364","CCL20","ENSG00000115009","P78556",NA,NA,NA,NA,NA,NA
"prot-ol","OID20672","4312","MMP1","ENSG00000196611","P03956",NA,NA,NA,NA,NA,NA
"prot-ol","OID20673","5228","PGF","ENSG00000119630","P49763",NA,NA,NA,NA,NA,NA
"prot-ol","OID20674","6370","CCL25","ENSG00000131142","O15444",NA,NA,NA,NA,NA,NA
"prot-ol","OID20675","4283","CXCL9","ENSG00000138755","Q07325",NA,NA,NA,NA,NA,NA
"prot-ol","OID20676","10924","SMPDL3A","ENSG00000172594","Q92484",NA,NA,NA,NA,NA,NA
"prot-ol","OID20677","2041","EPHA1","ENSG00000146904","P21709",NA,NA,NA,NA,NA,NA
"prot-ol","OID20678","3459","IFNGR1","ENSG00000027697","P15260",NA,NA,NA,NA,NA,NA
"prot-ol","OID20679","1075","CTSC","ENSG00000109861","P53634",NA,NA,NA,NA,NA,NA
"prot-ol","OID20680","80381","CD276","ENSG00000103855","Q5ZPR3",NA,NA,NA,NA,NA,NA
"prot-ol","OID20681","28988","DBNL","ENSG00000136279","Q9UJU6",NA,NA,NA,NA,NA,NA
"prot-ol","OID20682","5313","PKLR","ENSG00000143627","P30613",NA,NA,NA,NA,NA,NA
"prot-ol","OID20683","8440","NCK2","ENSG00000071051","O43639",NA,NA,NA,NA,NA,NA
"prot-ol","OID20684","7078","TIMP3","ENSG00000100234","P35625",NA,NA,NA,NA,NA,NA
"prot-ol","OID20685","5321","PLA2G4A","ENSG00000116711","P47712",NA,NA,NA,NA,NA,NA
"prot-ol","OID20686","6366","CCL21","ENSG00000137077","O00585",NA,NA,NA,NA,NA,NA
"prot-ol","OID20687","4319","MMP10","ENSG00000166670","P09238",NA,NA,NA,NA,NA,NA
"prot-ol","OID20688","7356","SCGB1A1","ENSG00000149021","P11684",NA,NA,NA,NA,NA,NA
"prot-ol","OID20689","339221","ENPP7","ENSG00000182156","Q6UWV6",NA,NA,NA,NA,NA,NA
"prot-ol","OID20690","6614","SIGLEC1","ENSG00000088827","Q9BZZ2",NA,NA,NA,NA,NA,NA
"prot-ol","OID20691","2149","F2R","ENSG00000181104","P25116",NA,NA,NA,NA,NA,NA
"prot-ol","OID20692","962","CD48","ENSG00000117091","P09326",NA,NA,NA,NA,NA,NA
"prot-ol","OID20693","6368","CCL23","ENSG00000274736","P55773",NA,NA,NA,NA,NA,NA
"prot-ol","OID20694","3606","IL18","ENSG00000150782","Q14116",NA,NA,NA,NA,NA,NA
"prot-ol","OID20695","6351","CCL4","ENSG00000275302","P13236",NA,NA,NA,NA,NA,NA
"prot-ol","OID20696","3588","IL10RB","ENSG00000243646","Q08334",NA,NA,NA,NA,NA,NA
"prot-ol","OID20697","3627","CXCL10","ENSG00000169245","P02778",NA,NA,NA,NA,NA,NA
"prot-ol","OID20698","1950","EGF","ENSG00000138798","P01133",NA,NA,NA,NA,NA,NA
"prot-ol","OID20699","9244","CRLF1","ENSG00000006016","O75462",NA,NA,NA,NA,NA,NA
"prot-ol","OID20700","3557","IL1RN","ENSG00000136689","P18510",NA,NA,NA,NA,NA,NA
"prot-ol","OID20701","51232","CRIM1","ENSG00000150938","Q9NZV1",NA,NA,NA,NA,NA,NA
"prot-ol","OID20702","23495","TNFRSF13B","ENSG00000240505","O14836",NA,NA,NA,NA,NA,NA
"prot-ol","OID20703","51129","ANGPTL4","ENSG00000167772","Q9BY76",NA,NA,NA,NA,NA,NA
"prot-ol","OID20704","8530","CST7","ENSG00000077984","O76096",NA,NA,NA,NA,NA,NA
"prot-ol","OID20705","2065","ERBB3","ENSG00000065361","P21860",NA,NA,NA,NA,NA,NA
"prot-ol","OID20706","4753","NELL2","ENSG00000184613","Q99435",NA,NA,NA,NA,NA,NA
"prot-ol","OID20707","7873","MANF","ENSG00000145050","P55145",NA,NA,NA,NA,NA,NA
"prot-ol","OID20708","8581","LY6D","ENSG00000167656","Q14210",NA,NA,NA,NA,NA,NA
"prot-ol","OID20709","1490","CCN2","ENSG00000118523","P29279",NA,NA,NA,NA,NA,NA
"prot-ol","OID20710","51031","GLOD4","ENSG00000167699","Q9HC38",NA,NA,NA,NA,NA,NA
"prot-ol","OID20711","11343","MGLL","ENSG00000074416","Q99685",NA,NA,NA,NA,NA,NA
"prot-ol","OID20712","92737","DNER","ENSG00000187957","Q8NFT8",NA,NA,NA,NA,NA,NA
"prot-ol","OID20713","11120","BTN2A1","ENSG00000112763","Q7KYR7",NA,NA,NA,NA,NA,NA
"prot-ol","OID20714","6470","SHMT1","ENSG00000176974","P34896",NA,NA,NA,NA,NA,NA
"prot-ol","OID20715","9965","FGF19","ENSG00000162344","O95750",NA,NA,NA,NA,NA,NA
"prot-ol","OID20716","965","CD58","ENSG00000116815","P19256",NA,NA,NA,NA,NA,NA
"prot-ol","OID20717","5777","PTPN6","ENSG00000111679","P29350",NA,NA,NA,NA,NA,NA
"prot-ol","OID20718","3303","HSPA1A","ENSG00000204389","P0DMV8",NA,NA,NA,NA,NA,NA
"prot-ol","OID20719","1435","CSF1","ENSG00000184371","P09603",NA,NA,NA,NA,NA,NA
"prot-ol","OID20720","10653","SPINT2","ENSG00000167642","O43291",NA,NA,NA,NA,NA,NA
"prot-ol","OID20721","1159","CKMT1B","ENSG00000237289","P12532",NA,NA,NA,NA,NA,NA
"prot-ol","OID20722","51024","FIS1","ENSG00000214253","Q9Y3D6",NA,NA,NA,NA,NA,NA
"prot-ol","OID20723","117156","SCGB3A2","ENSG00000164265","Q96PL1",NA,NA,NA,NA,NA,NA
"prot-ol","OID20724","958","CD40","ENSG00000101017","P25942",NA,NA,NA,NA,NA,NA
"prot-ol","OID20725","4958","OMD","ENSG00000127083","Q99983",NA,NA,NA,NA,NA,NA
"prot-ol","OID20726","23452","ANGPTL2","ENSG00000136859","Q9UKU9",NA,NA,NA,NA,NA,NA
"prot-ol","OID20727","51083","GAL","ENSG00000069482","P22466",NA,NA,NA,NA,NA,NA
"prot-ol","OID20728","29106","SCG3","ENSG00000104112","Q8WXD2",NA,NA,NA,NA,NA,NA
"prot-ol","OID20729","9260","PDLIM7","ENSG00000196923","Q9NR12",NA,NA,NA,NA,NA,NA
"prot-ol","OID20730","64094","SMOC2","ENSG00000112562","Q9H3U7",NA,NA,NA,NA,NA,NA
"prot-ol","OID20731","54209","TREM2","ENSG00000095970","Q9NZC2",NA,NA,NA,NA,NA,NA
"prot-ol","OID20732","51237","MZB1","ENSG00000170476","Q8WU39",NA,NA,NA,NA,NA,NA
"prot-ol","OID20733","8741","TNFSF13","ENSG00000161955","O75888",NA,NA,NA,NA,NA,NA
"prot-ol","OID20734","6091","ROBO1","ENSG00000169855","Q9Y6N7",NA,NA,NA,NA,NA,NA
"prot-ol","OID20735","4982","TNFRSF11B","ENSG00000164761","O00300",NA,NA,NA,NA,NA,NA
"prot-ol","OID20736","59084","ENPP5","ENSG00000112796","Q9UJA9",NA,NA,NA,NA,NA,NA
"prot-ol","OID20737","3903","LAIR1","ENSG00000167613","Q6GTX8",NA,NA,NA,NA,NA,NA
"prot-ol","OID20738","81035","COLEC12","ENSG00000158270","Q5KU26",NA,NA,NA,NA,NA,NA
"prot-ol","OID20739","10326","SIRPB1","ENSG00000101307","O00241",NA,NA,NA,NA,NA,NA
"prot-ol","OID20740","284","ANGPT1","ENSG00000154188","Q15389",NA,NA,NA,NA,NA,NA
"prot-ol","OID20741","5155","PDGFB","ENSG00000100311","P01127",NA,NA,NA,NA,NA,NA
"prot-ol","OID20742","1399","CRKL","ENSG00000099942","P46109",NA,NA,NA,NA,NA,NA
"prot-ol","OID20743","4072","EPCAM","ENSG00000119888","P16422",NA,NA,NA,NA,NA,NA
"prot-ol","OID20744","10591","DNPH1","ENSG00000112667","O43598",NA,NA,NA,NA,NA,NA
"prot-ol","OID20745","6361","CCL17","ENSG00000102970","Q92583",NA,NA,NA,NA,NA,NA
"prot-ol","OID20746","84466","MEGF10","ENSG00000145794","Q96KG7",NA,NA,NA,NA,NA,NA
"prot-ol","OID20747","1393","CRHBP","ENSG00000145708","P24387",NA,NA,NA,NA,NA,NA
"prot-ol","OID20748","3960","LGALS4","ENSG00000171747","P56470",NA,NA,NA,NA,NA,NA
"prot-ol","OID20749","64077","LHPP","ENSG00000107902","Q9H008",NA,NA,NA,NA,NA,NA
"prot-ol","OID20750","1200","TPP1","ENSG00000166340","O14773",NA,NA,NA,NA,NA,NA
"prot-ol","OID20751","79174","CRELD2","ENSG00000184164","Q6UXH1",NA,NA,NA,NA,NA,NA
"prot-ol","OID20752","11330","CTRC","ENSG00000162438","Q99895",NA,NA,NA,NA,NA,NA
"prot-ol","OID20753","56955","MEPE","ENSG00000152595","Q9NQ76",NA,NA,NA,NA,NA,NA
"prot-ol","OID20754","50937","CDON","ENSG00000064309","Q4KMG0",NA,NA,NA,NA,NA,NA
"prot-ol","OID20755","30817","ADGRE2","ENSG00000127507","Q9UHX3",NA,NA,NA,NA,NA,NA
"prot-ol","OID20756","177","AGER","ENSG00000204305","Q15109",NA,NA,NA,NA,NA,NA
"prot-ol","OID20757","7850","IL1R2","ENSG00000115590","P27930",NA,NA,NA,NA,NA,NA
"prot-ol","OID20758","11082","ESM1","ENSG00000164283","Q9NQ30",NA,NA,NA,NA,NA,NA
"prot-ol","OID20759","10418","SPON1","ENSG00000262655","Q9HCB6",NA,NA,NA,NA,NA,NA
"prot-ol","OID20760","93974","ATP5IF1","ENSG00000130770","Q9UII2",NA,NA,NA,NA,NA,NA
"prot-ol","OID20761","8935","SKAP2","ENSG00000005020","O75563",NA,NA,NA,NA,NA,NA
"prot-ol","OID20762","2919","CXCL1","ENSG00000163739","P09341",NA,NA,NA,NA,NA,NA
"prot-ol","OID20763","5652","PRSS8","ENSG00000052344","Q16651",NA,NA,NA,NA,NA,NA
"prot-ol","OID20764","5329","PLAUR","ENSG00000011422","Q03405",NA,NA,NA,NA,NA,NA
"prot-ol","OID20765","6367","CCL22","ENSG00000102962","O00626",NA,NA,NA,NA,NA,NA
"prot-ol","OID20766","5549","PRELP","ENSG00000188783","P51888",NA,NA,NA,NA,NA,NA
"prot-ol","OID20767","4147","MATN2","ENSG00000132561","O00339",NA,NA,NA,NA,NA,NA
"prot-ol","OID20768","4055","LTBR","ENSG00000111321","P36941",NA,NA,NA,NA,NA,NA
"prot-ol","OID20769","3910","LAMA4","ENSG00000112769","Q16363",NA,NA,NA,NA,NA,NA
"prot-ol","OID20770","10468","FST","ENSG00000134363","P19883",NA,NA,NA,NA,NA,NA
"prot-ol","OID20771","91851","CHRDL1","ENSG00000101938","Q9BU40",NA,NA,NA,NA,NA,NA
"prot-ol","OID20772","6369","CCL24","ENSG00000106178","O00175",NA,NA,NA,NA,NA,NA
"prot-ol","OID20773","5641","LGMN","ENSG00000100600","Q99538",NA,NA,NA,NA,NA,NA
"prot-ol","OID20774","1605","DAG1","ENSG00000173402","Q14118",NA,NA,NA,NA,NA,NA
"prot-ol","OID20775","5408","PNLIPRP2","ENSG00000266200","P54317",NA,NA,NA,NA,NA,NA
"prot-ol","OID20776","126014","OSCAR","ENSG00000170909","Q8IYS5",NA,NA,NA,NA,NA,NA
"prot-ol","OID20777","5446","PON3","ENSG00000105852","Q15166",NA,NA,NA,NA,NA,NA
"prot-ol","OID20778","2168","FABP1","ENSG00000163586","P07148",NA,NA,NA,NA,NA,NA
"prot-ol","OID20779","80739","MPIG6B","ENSG00000204420","O95866",NA,NA,NA,NA,NA,NA
"prot-ol","OID20780","2683","B4GALT1","ENSG00000086062","P15291",NA,NA,NA,NA,NA,NA
"prot-ol","OID20781","3965","LGALS9","ENSG00000168961","O00182",NA,NA,NA,NA,NA,NA
"prot-ol","OID20782","10272","FSTL3","ENSG00000070404","O95633",NA,NA,NA,NA,NA,NA
"prot-ol","OID20783","8764","TNFRSF14","ENSG00000157873","Q92956",NA,NA,NA,NA,NA,NA
"prot-ol","OID20784","83998","REG4","ENSG00000134193","Q9BYZ8",NA,NA,NA,NA,NA,NA
"prot-ol","OID20785","124857","WFIKKN2","ENSG00000173714","Q8TEU8",NA,NA,NA,NA,NA,NA
"prot-ol","OID20786","375790","AGRN","ENSG00000188157","O00468",NA,NA,NA,NA,NA,NA
"prot-ol","OID20787","7032","TFF2","ENSG00000160181","Q03403",NA,NA,NA,NA,NA,NA
"prot-ol","OID20788","2921","CXCL3","ENSG00000163734","P19876",NA,NA,NA,NA,NA,NA
"prot-ol","OID20789","4832","NME3","ENSG00000103024","Q13232",NA,NA,NA,NA,NA,NA
"prot-ol","OID20790","91404","SESTD1","ENSG00000187231","Q86VW0",NA,NA,NA,NA,NA,NA
"prot-ol","OID20792","10397","NDRG1","ENSG00000104419","Q92597",NA,NA,NA,NA,NA,NA
"prot-ol","OID20793","54959","ODAM","ENSG00000109205","A1E959",NA,NA,NA,NA,NA,NA
"prot-ol","OID20796","6595","SMARCA2","ENSG00000080503","P51531",NA,NA,NA,NA,NA,NA
"prot-ol","OID20797","11316","COPE","ENSG00000105669","O14579",NA,NA,NA,NA,NA,NA
"prot-ol","OID20798","1386","ATF2","ENSG00000115966","P15336",NA,NA,NA,NA,NA,NA
"prot-ol","OID20799","6566","SLC16A1","ENSG00000155380","P53985",NA,NA,NA,NA,NA,NA
"prot-ol","OID20801","794","CALB2","ENSG00000172137","P22676",NA,NA,NA,NA,NA,NA
"prot-ol","OID20803","51742","ARID4B","ENSG00000054267","Q4LE39",NA,NA,NA,NA,NA,NA
"prot-ol","OID20804","83636","C19orf12","ENSG00000131943","Q9NSK7",NA,NA,NA,NA,NA,NA
"prot-ol","OID20805","949","SCARB1","ENSG00000073060","Q8WTV0",NA,NA,NA,NA,NA,NA
"prot-ol","OID20806","267","AMFR","ENSG00000159461","Q9UKV5",NA,NA,NA,NA,NA,NA
"prot-ol","OID20807","4322","MMP13","ENSG00000137745","P45452",NA,NA,NA,NA,NA,NA
"prot-ol","OID20808","92211","CDHR1","ENSG00000148600","Q96JP9",NA,NA,NA,NA,NA,NA
"prot-ol","OID20811","539","ATP5PO","ENSG00000241837","P48047",NA,NA,NA,NA,NA,NA
"prot-ol","OID20812","284266","SIGLEC15","ENSG00000197046","Q6ZMC9",NA,NA,NA,NA,NA,NA
"prot-ol","OID20814","10999","SLC27A4","ENSG00000167114","Q6P1M0",NA,NA,NA,NA,NA,NA
"prot-ol","OID20816","6997","TDGF1","ENSG00000241186","P13385",NA,NA,NA,NA,NA,NA
"prot-ol","OID20818","6741","SSB","ENSG00000138385","P05455",NA,NA,NA,NA,NA,NA
"prot-ol","OID20819","10298","PAK4","ENSG00000130669","O96013",NA,NA,NA,NA,NA,NA
"prot-ol","OID20820","23408","SIRT5","ENSG00000124523","Q9NXA8",NA,NA,NA,NA,NA,NA
"prot-ol","OID20821","116372","LYPD1","ENSG00000150551","Q8N2G4",NA,NA,NA,NA,NA,NA
"prot-ol","OID20822","5829","PXN","ENSG00000089159","P49023",NA,NA,NA,NA,NA,NA
"prot-ol","OID20824","3976","LIF","ENSG00000128342","P15018",NA,NA,NA,NA,NA,NA
"prot-ol","OID20827","1845","DUSP3","ENSG00000108861","P51452",NA,NA,NA,NA,NA,NA
"prot-ol","OID20828","2268","FGR","ENSG00000000938","P09769",NA,NA,NA,NA,NA,NA
"prot-ol","OID20829","7184","HSP90B1","ENSG00000166598","P14625",NA,NA,NA,NA,NA,NA
"prot-ol","OID20832","23569","PADI4","ENSG00000159339","Q9UM07",NA,NA,NA,NA,NA,NA
"prot-ol","OID20833","3712","IVD","ENSG00000128928","P26440",NA,NA,NA,NA,NA,NA
"prot-ol","OID20834","4846","NOS3","ENSG00000164867","P29474",NA,NA,NA,NA,NA,NA
"prot-ol","OID20835","5346","PLIN1","ENSG00000166819","O60240",NA,NA,NA,NA,NA,NA
"prot-ol","OID20836","1069","CETN2","ENSG00000147400","P41208",NA,NA,NA,NA,NA,NA
"prot-ol","OID20837","8428","STK24","ENSG00000102572","Q9Y6E0",NA,NA,NA,NA,NA,NA
"prot-ol","OID20838","26088","GGA1","ENSG00000100083","Q9UJY5",NA,NA,NA,NA,NA,NA
"prot-ol","OID20839","64081","PBLD","ENSG00000108187","P30039",NA,NA,NA,NA,NA,NA
"prot-ol","OID20840","284656","EPHA10","ENSG00000183317","Q5JZY3",NA,NA,NA,NA,NA,NA
"prot-ol","OID20841","2692","GHRHR","ENSG00000106128","Q02643",NA,NA,NA,NA,NA,NA
"prot-ol","OID20842","51673","TPPP3","ENSG00000159713","Q9BW30",NA,NA,NA,NA,NA,NA
"prot-ol","OID20843","9296","ATP6V1F","ENSG00000128524","Q16864",NA,NA,NA,NA,NA,NA
"prot-ol","OID20844","79735","TBC1D17","ENSG00000104946","Q9HA65",NA,NA,NA,NA,NA,NA
"prot-ol","OID20845","115361","GBP4","ENSG00000162654","Q96PP9",NA,NA,NA,NA,NA,NA
"prot-ol","OID20846","51661","FKBP7","ENSG00000079150","Q9Y680",NA,NA,NA,NA,NA,NA
"prot-ol","OID20847","5805","PTS","ENSG00000150787","Q03393",NA,NA,NA,NA,NA,NA
"prot-ol","OID20848","7124","TNF","ENSG00000204490","P01375",NA,NA,NA,NA,NA,NA
"prot-ol","OID20849","30010","NXPH1","ENSG00000122584","P58417",NA,NA,NA,NA,NA,NA
"prot-ol","OID20850","10654","PMVK","ENSG00000163344","Q15126",NA,NA,NA,NA,NA,NA
"prot-ol","OID20851","284415","VSTM1","ENSG00000189068","Q6UX27",NA,NA,NA,NA,NA,NA
"prot-ol","OID20852","23516","SLC39A14","ENSG00000104635","Q15043",NA,NA,NA,NA,NA,NA
"prot-ol","OID20853","3621","ING1","ENSG00000153487","Q9UK53",NA,NA,NA,NA,NA,NA
"prot-ol","OID20855","80895","ILKAP","ENSG00000132323","Q9H0C8",NA,NA,NA,NA,NA,NA
"prot-ol","OID20856","581","BAX","ENSG00000087088","Q07812",NA,NA,NA,NA,NA,NA
"prot-ol","OID20857","10087","CERT1","ENSG00000113163","Q9Y5P4",NA,NA,NA,NA,NA,NA
"prot-ol","OID20858","26589","MRPL46","ENSG00000259494","Q9H2W6",NA,NA,NA,NA,NA,NA
"prot-ol","OID20859","23589","CARHSP1","ENSG00000153048","Q9Y2V2",NA,NA,NA,NA,NA,NA
"prot-ol","OID20860","3852","KRT5","ENSG00000186081","P13647",NA,NA,NA,NA,NA,NA
"prot-ol","OID20861","2668","GDNF","ENSG00000168621","P39905",NA,NA,NA,NA,NA,NA
"prot-ol","OID20862","9353","SLIT2","ENSG00000145147","O94813",NA,NA,NA,NA,NA,NA
"prot-ol","OID20863","4842","NOS1","ENSG00000089250","P29475",NA,NA,NA,NA,NA,NA
"prot-ol","OID20864","9854","C2CD2L","ENSG00000172375","O14523",NA,NA,NA,NA,NA,NA
"prot-ol","OID20865","25814","ATXN10","ENSG00000130638","Q9UBB4",NA,NA,NA,NA,NA,NA
"prot-ol","OID20866","56667","MUC13","ENSG00000173702","Q9H3R2",NA,NA,NA,NA,NA,NA
"prot-ol","OID20867","56952","PRTFDC1","ENSG00000099256","Q9NRG1",NA,NA,NA,NA,NA,NA
"prot-ol","OID20868","7263","TST","ENSG00000128311","Q16762",NA,NA,NA,NA,NA,NA
"prot-ol","OID20870","6895","TARBP2","ENSG00000139546","Q15633",NA,NA,NA,NA,NA,NA
"prot-ol","OID20871","4747","NEFL","ENSG00000277586","P07196",NA,NA,NA,NA,NA,NA
"prot-ol","OID20872","2272","FHIT","ENSG00000189283","P49789",NA,NA,NA,NA,NA,NA
"prot-ol","OID20873","84063","KIRREL2","ENSG00000126259","Q6UWL6",NA,NA,NA,NA,NA,NA
"prot-ol","OID20874","22883","CLSTN1","ENSG00000171603","O94985",NA,NA,NA,NA,NA,NA
"prot-ol","OID20875","11022","TDRKH","ENSG00000182134","Q9Y2W6",NA,NA,NA,NA,NA,NA
"prot-ol","OID20876","2950","GSTP1","ENSG00000084207","P09211",NA,NA,NA,NA,NA,NA
"prot-ol","OID20877","4149","MAX","ENSG00000125952","P61244",NA,NA,NA,NA,NA,NA
"prot-ol","OID20878","140576","S100A16","ENSG00000188643","Q96FQ6",NA,NA,NA,NA,NA,NA
"prot-ol","OID20879","10671","DCTN6","ENSG00000104671","O00399",NA,NA,NA,NA,NA,NA
"prot-ol","OID20880","5754","PTK7","ENSG00000112655","Q13308",NA,NA,NA,NA,NA,NA
"prot-ol","OID20881","3792","KEL","ENSG00000197993","P23276",NA,NA,NA,NA,NA,NA
"prot-ol","OID20882","10810","WASF3","ENSG00000132970","Q9UPY6",NA,NA,NA,NA,NA,NA
"prot-ol","OID20883","55845","BRK1","ENSG00000254999","Q8WUW1",NA,NA,NA,NA,NA,NA
"prot-ol","OID20884","752","FMNL1","ENSG00000184922","O95466",NA,NA,NA,NA,NA,NA
"prot-ol","OID20885","56287","GKN1","ENSG00000169605","Q9NS71",NA,NA,NA,NA,NA,NA
"prot-ol","OID20886","11199","ANXA10","ENSG00000109511","Q9UJ72",NA,NA,NA,NA,NA,NA
"prot-ol","OID20887","3163","HMOX2","ENSG00000103415","P30519",NA,NA,NA,NA,NA,NA
"prot-ol","OID20888","152831","KLB","ENSG00000134962","Q86Z14",NA,NA,NA,NA,NA,NA
"prot-ol","OID20889","57611","ISLR2","ENSG00000167178","Q6UXK2",NA,NA,NA,NA,NA,NA
"prot-ol","OID20890","27238","GPKOW","ENSG00000068394","Q92917",NA,NA,NA,NA,NA,NA
"prot-ol","OID20891","1889","ECE1","ENSG00000117298","P42892",NA,NA,NA,NA,NA,NA
"prot-ol","OID20892","5202","PFDN2","ENSG00000143256","Q9UHV9",NA,NA,NA,NA,NA,NA
"prot-ol","OID20893","843","CASP10","ENSG00000003400","Q92851",NA,NA,NA,NA,NA,NA
"prot-ol","OID20894","57103","TIGAR","ENSG00000078237","Q9NQ88",NA,NA,NA,NA,NA,NA
"prot-ol","OID20895","84335","AKT1S1","ENSG00000204673","Q96B36",NA,NA,NA,NA,NA,NA
"prot-ol","OID20896","10551","AGR2","ENSG00000106541","O95994",NA,NA,NA,NA,NA,NA
"prot-ol","OID20897","1800","DPEP1","ENSG00000015413","P16444",NA,NA,NA,NA,NA,NA
"prot-ol","OID20899","11183","MAP4K5","ENSG00000012983","Q9Y4K4",NA,NA,NA,NA,NA,NA
"prot-ol","OID20900","8807","IL18RAP","ENSG00000115607","O95256",NA,NA,NA,NA,NA,NA
"prot-ol","OID20901","1397","CRIP2","ENSG00000182809","P52943",NA,NA,NA,NA,NA,NA
"prot-ol","OID20902","5534","PPP3R1","ENSG00000221823","P63098",NA,NA,NA,NA,NA,NA
"prot-ol","OID20903","1615","DARS1","ENSG00000115866","P14868",NA,NA,NA,NA,NA,NA
"prot-ol","OID20904","8379","MAD1L1","ENSG00000002822","Q9Y6D9",NA,NA,NA,NA,NA,NA
"prot-ol","OID20905","2069","EREG","ENSG00000124882","O14944",NA,NA,NA,NA,NA,NA
"prot-ol","OID20906","8631","SKAP1","ENSG00000141293","Q86WV1",NA,NA,NA,NA,NA,NA
"prot-ol","OID20907","3612","IMPA1","ENSG00000133731","P29218",NA,NA,NA,NA,NA,NA
"prot-ol","OID20908","5770","PTPN1","ENSG00000196396","P18031",NA,NA,NA,NA,NA,NA
"prot-ol","OID20909","2687","GGT5","ENSG00000099998","P36269",NA,NA,NA,NA,NA,NA
"prot-ol","OID20910","8192","CLPP","ENSG00000125656","Q16740",NA,NA,NA,NA,NA,NA
"prot-ol","OID20911","3569","IL6","ENSG00000136244","P05231",NA,NA,NA,NA,NA,NA
"prot-ol","OID20912","5799","PTPRN2","ENSG00000155093","Q92932",NA,NA,NA,NA,NA,NA
"prot-ol","OID20913","64802","NMNAT1","ENSG00000173614","Q9HAN9",NA,NA,NA,NA,NA,NA
"prot-ol","OID20914","56253","CRTAM","ENSG00000109943","O95727",NA,NA,NA,NA,NA,NA
"prot-ol","OID20915","1438","CSF2RA","ENSG00000198223","P15509",NA,NA,NA,NA,NA,NA
"prot-ol","OID20916","5669","PSG1","ENSG00000231924","P11464",NA,NA,NA,NA,NA,NA
"prot-ol","OID20917","374946","DRAXIN","ENSG00000162490","Q8NBI3",NA,NA,NA,NA,NA,NA
"prot-ol","OID20918","9166","EBAG9","ENSG00000147654","O00559",NA,NA,NA,NA,NA,NA
"prot-ol","OID20919","80328","ULBP2","ENSG00000131015","Q9BZM5",NA,NA,NA,NA,NA,NA
"prot-ol","OID20921","84836","ABHD14B","ENSG00000114779","Q96IU4",NA,NA,NA,NA,NA,NA
"prot-ol","OID20922","162466","PHOSPHO1","ENSG00000173868","Q8TCT1",NA,NA,NA,NA,NA,NA
"prot-ol","OID20923","8738","CRADD","ENSG00000169372","P78560",NA,NA,NA,NA,NA,NA
"prot-ol","OID20924","6695","SPOCK1","ENSG00000152377","Q08629",NA,NA,NA,NA,NA,NA
"prot-ol","OID20925","5047","PAEP","ENSG00000122133","P09466",NA,NA,NA,NA,NA,NA
"prot-ol","OID20926","11060","WWP2","ENSG00000198373","O00308",NA,NA,NA,NA,NA,NA
"prot-ol","OID20927","353","APRT","ENSG00000198931","P07741",NA,NA,NA,NA,NA,NA
"prot-ol","OID20928","10462","CLEC10A","ENSG00000132514","Q8IUN9",NA,NA,NA,NA,NA,NA
"prot-ol","OID20930","5119","CHMP1A","ENSG00000131165","Q9HD42",NA,NA,NA,NA,NA,NA
"prot-ol","OID20931","27163","NAAA","ENSG00000138744","Q02083",NA,NA,NA,NA,NA,NA
"prot-ol","OID20932","5272","SERPINB9","ENSG00000170542","P50453",NA,NA,NA,NA,NA,NA
"prot-ol","OID20933","2676","GFRA3","ENSG00000146013","O60609",NA,NA,NA,NA,NA,NA
"prot-ol","OID20934","27121","DKK4","ENSG00000104371","Q9UBT3",NA,NA,NA,NA,NA,NA
"prot-ol","OID20935","1945","EFNA4","ENSG00000243364","P52798",NA,NA,NA,NA,NA,NA
"prot-ol","OID20936","375567","VWC2","ENSG00000188730","Q2TAL6",NA,NA,NA,NA,NA,NA
"prot-ol","OID20937","2289","FKBP5","ENSG00000096060","Q13451",NA,NA,NA,NA,NA,NA
"prot-ol","OID20938","284654","RSPO1","ENSG00000169218","Q2MKA7",NA,NA,NA,NA,NA,NA
"prot-ol","OID20939","117166","WFIKKN1","ENSG00000127578","Q96NZ8",NA,NA,NA,NA,NA,NA
"prot-ol","OID20940","64866","CDCP1","ENSG00000163814","Q9H5V8",NA,NA,NA,NA,NA,NA
"prot-ol","OID20941","3460","IFNGR2","ENSG00000159128","P38484",NA,NA,NA,NA,NA,NA
"prot-ol","OID20942","6903","TBCC","ENSG00000124659","Q15814",NA,NA,NA,NA,NA,NA
"prot-ol","OID20943","950","SCARB2","ENSG00000138760","Q14108",NA,NA,NA,NA,NA,NA
"prot-ol","OID20944","2262","GPC5","ENSG00000179399","P78333",NA,NA,NA,NA,NA,NA
"prot-ol","OID20945","23643","LY96","ENSG00000154589","Q9Y6Y9",NA,NA,NA,NA,NA,NA
"prot-ol","OID20946","23768","FLRT2","ENSG00000185070","O43155",NA,NA,NA,NA,NA,NA
"prot-ol","OID20947","80975","TMPRSS5","ENSG00000166682","Q9H3S3",NA,NA,NA,NA,NA,NA
"prot-ol","OID20948","6419","SETMAR","ENSG00000170364","Q53H47",NA,NA,NA,NA,NA,NA
"prot-ol","OID20949","2720","GLB1","ENSG00000170266","P16278",NA,NA,NA,NA,NA,NA
"prot-ol","OID20950","389","RHOC","ENSG00000155366","P08134",NA,NA,NA,NA,NA,NA
"prot-ol","OID20951","266727","MDGA1","ENSG00000112139","Q8NFP4",NA,NA,NA,NA,NA,NA
"prot-ol","OID20952","200081","TXLNA","ENSG00000084652","P40222",NA,NA,NA,NA,NA,NA
"prot-ol","OID20953","8740","TNFSF14","ENSG00000125735","O43557",NA,NA,NA,NA,NA,NA
"prot-ol","OID20954","5648","MASP1","ENSG00000127241","P48740",NA,NA,NA,NA,NA,NA
"prot-ol","OID20955","10617","STAMBP","ENSG00000124356","O95630",NA,NA,NA,NA,NA,NA
"prot-ol","OID20956","23268","DNMBP","ENSG00000107554","Q6XZF7",NA,NA,NA,NA,NA,NA
"prot-ol","OID20957","7143","TNR","ENSG00000116147","Q92752",NA,NA,NA,NA,NA,NA
"prot-ol","OID20958","54862","CC2D1A","ENSG00000132024","Q6P1N0",NA,NA,NA,NA,NA,NA
"prot-ol","OID20959","129531","MITD1","ENSG00000158411","Q8WV92",NA,NA,NA,NA,NA,NA
"prot-ol","OID20960","2288","FKBP4","ENSG00000004478","Q02790",NA,NA,NA,NA,NA,NA
"prot-ol","OID20961","4869","NPM1","ENSG00000181163","P06748",NA,NA,NA,NA,NA,NA
"prot-ol","OID20962","5052","PRDX1","ENSG00000117450","Q06830",NA,NA,NA,NA,NA,NA
"prot-ol","OID20963","4025","LPO","ENSG00000167419","P22079",NA,NA,NA,NA,NA,NA
"prot-ol","OID20964","8771","TNFRSF6B","ENSG00000243509","O95407",NA,NA,NA,NA,NA,NA
"prot-ol","OID20965","3904","LAIR2","ENSG00000167618","Q6ISS4",NA,NA,NA,NA,NA,NA
"prot-ol","OID20966","29126","CD274","ENSG00000120217","Q9NZQ7",NA,NA,NA,NA,NA,NA
"prot-ol","OID20967","8797","TNFRSF10A","ENSG00000104689","O00220",NA,NA,NA,NA,NA,NA
"prot-ol","OID20968","2487","FRZB","ENSG00000162998","Q92765",NA,NA,NA,NA,NA,NA
"prot-ol","OID20969","5720","PSME1","ENSG00000092010","Q06323",NA,NA,NA,NA,NA,NA
"prot-ol","OID20970","143903","LAYN","ENSG00000204381","Q6UX15",NA,NA,NA,NA,NA,NA
"prot-ol","OID20971","6623","SNCG","ENSG00000173267","O76070",NA,NA,NA,NA,NA,NA
"prot-ol","OID20972","9531","BAG3","ENSG00000151929","O95817",NA,NA,NA,NA,NA,NA
"prot-ol","OID20973","9973","CCS","ENSG00000173992","O14618",NA,NA,NA,NA,NA,NA
"prot-ol","OID20974","577","ADGRB3","ENSG00000135298","O60242",NA,NA,NA,NA,NA,NA
"prot-ol","OID20975","3176","HNMT","ENSG00000150540","P50135",NA,NA,NA,NA,NA,NA
"prot-ol","OID20976","6376","CX3CL1","ENSG00000006210","P78423",NA,NA,NA,NA,NA,NA
"prot-ol","OID20977","26034","IPCEF1","ENSG00000074706","Q8WWN9",NA,NA,NA,NA,NA,NA
"prot-ol","OID20978","174","AFP","ENSG00000081051","P02771",NA,NA,NA,NA,NA,NA
"prot-ol","OID20979","4148","MATN3","ENSG00000132031","O15232",NA,NA,NA,NA,NA,NA
"prot-ol","OID20980","29989","OBP2B","ENSG00000171102","Q9NPH6",NA,NA,NA,NA,NA,NA
"prot-ol","OID20981","8795","TNFRSF10B","ENSG00000120889","O14763",NA,NA,NA,NA,NA,NA
"prot-ol","OID20982",NA,NA,NA,"O15197",NA,NA,NA,NA,NA,NA
"prot-ol","OID20983","796","CALCA","ENSG00000110680","P01258",NA,NA,NA,NA,NA,NA
"prot-ol","OID20984","6422","SFRP1","ENSG00000104332","Q8N474",NA,NA,NA,NA,NA,NA
"prot-ol","OID20985","3604","TNFRSF9","ENSG00000049249","Q07011",NA,NA,NA,NA,NA,NA
"prot-ol","OID20986","64080","RBKS","ENSG00000171174","Q9H477",NA,NA,NA,NA,NA,NA
"prot-ol","OID20987","8115","TCL1A","ENSG00000100721","P56279",NA,NA,NA,NA,NA,NA
"prot-ol","OID20988","967","CD63","ENSG00000135404","P08962",NA,NA,NA,NA,NA,NA
"prot-ol","OID20989","5721","PSME2","ENSG00000100911","Q9UL46",NA,NA,NA,NA,NA,NA
"prot-ol","OID20990","432","ASGR1","ENSG00000141505","P07306",NA,NA,NA,NA,NA,NA
"prot-ol","OID20992","2530","FUT8","ENSG00000033170","Q9BYC5",NA,NA,NA,NA,NA,NA
"prot-ol","OID20993","1155","TBCB","ENSG00000105254","Q99426",NA,NA,NA,NA,NA,NA
"prot-ol","OID20994","652","BMP4","ENSG00000125378","P12644",NA,NA,NA,NA,NA,NA
"prot-ol","OID20995","1473","CST5","ENSG00000170367","P28325",NA,NA,NA,NA,NA,NA
"prot-ol","OID20996","56624","ASAH2","ENSG00000188611","Q9NR71",NA,NA,NA,NA,NA,NA
"prot-ol","OID20997","3576","CXCL8","ENSG00000169429","P10145",NA,NA,NA,NA,NA,NA
"prot-ol","OID20998","63827","BCAN","ENSG00000132692","Q96GW7",NA,NA,NA,NA,NA,NA
"prot-ol","OID20999","94","ACVRL1","ENSG00000139567","P37023",NA,NA,NA,NA,NA,NA
"prot-ol","OID21000","1975","EIF4B","ENSG00000063046","P23588",NA,NA,NA,NA,NA,NA
"prot-ol","OID21001","53616","ADAM22","ENSG00000008277","Q9P0K1",NA,NA,NA,NA,NA,NA
"prot-ol","OID21002","8399","PLA2G10","ENSG00000069764","O15496",NA,NA,NA,NA,NA,NA
"prot-ol","OID21003","56925","LXN","ENSG00000079257","Q9BS40",NA,NA,NA,NA,NA,NA
"prot-ol","OID21004","6347","CCL2","ENSG00000108691","P13500",NA,NA,NA,NA,NA,NA
"prot-ol","OID21005","1013","CDH15","ENSG00000129910","P55291",NA,NA,NA,NA,NA,NA
"prot-ol","OID21006","53942","CNTN5","ENSG00000149972","O94779",NA,NA,NA,NA,NA,NA
"prot-ol","OID21007","6092","ROBO2","ENSG00000185008","Q9HCK4",NA,NA,NA,NA,NA,NA
"prot-ol","OID21008","1001","CDH3","ENSG00000062038","P22223",NA,NA,NA,NA,NA,NA
"prot-ol","OID21009","780","DDR1","ENSG00000137332","Q08345",NA,NA,NA,NA,NA,NA
"prot-ol","OID21010","10871","CD300C","ENSG00000167850","Q08708",NA,NA,NA,NA,NA,NA
"prot-ol","OID21011","5817","PVR","ENSG00000073008","P15151",NA,NA,NA,NA,NA,NA
"prot-ol","OID21012","81567","TXNDC5","ENSG00000239264","Q8NBS9",NA,NA,NA,NA,NA,NA
"prot-ol","OID21013","2525","FUT3","ENSG00000171124","P21217",NA,NA,NA,NA,NA,NA
"prot-ol","OID21014","6781","STC1","ENSG00000159167","P52823",NA,NA,NA,NA,NA,NA
"prot-ol","OID21015","51389","RWDD1","ENSG00000111832","Q9H446",NA,NA,NA,NA,NA,NA
"prot-ol","OID21016","51534","VTA1","ENSG00000009844","Q9NP79",NA,NA,NA,NA,NA,NA
"prot-ol","OID21017","7430","EZR","ENSG00000092820","P15311",NA,NA,NA,NA,NA,NA
"prot-ol","OID21018","925","CD8A","ENSG00000153563","P01732",NA,NA,NA,NA,NA,NA
"prot-ol","OID21019","4317","MMP8","ENSG00000118113","P22894",NA,NA,NA,NA,NA,NA
"prot-ol","OID21020","10507","SEMA4D","ENSG00000187764","Q92854",NA,NA,NA,NA,NA,NA
"prot-ol","OID21021","9141","PDCD5","ENSG00000105185","O14737",NA,NA,NA,NA,NA,NA
"prot-ol","OID21022","55968","NSFL1C","ENSG00000088833","Q9UNZ2",NA,NA,NA,NA,NA,NA
"prot-ol","OID21023","5269","SERPINB6","ENSG00000124570","P35237",NA,NA,NA,NA,NA,NA
"prot-ol","OID21024","10563","CXCL13","ENSG00000156234","O43927",NA,NA,NA,NA,NA,NA
"prot-ol","OID21025","947","CD34","ENSG00000174059","P28906",NA,NA,NA,NA,NA,NA
"prot-ol","OID21026","1462","VCAN","ENSG00000038427","P13611",NA,NA,NA,NA,NA,NA
"prot-ol","OID21027","60490","PPCDC","ENSG00000138621","Q96CD2",NA,NA,NA,NA,NA,NA
"prot-ol","OID21028","6609","SMPD1","ENSG00000166311","P17405",NA,NA,NA,NA,NA,NA
"prot-ol","OID21029","684","BST2","ENSG00000130303","Q10589",NA,NA,NA,NA,NA,NA
"prot-ol","OID21030","6363","CCL19","ENSG00000172724","Q99731",NA,NA,NA,NA,NA,NA
"prot-ol","OID21031","6817","SULT1A1","ENSG00000196502","P50225",NA,NA,NA,NA,NA,NA
"prot-ol","OID21032","25870","SUMF2","ENSG00000129103","Q8NBJ7",NA,NA,NA,NA,NA,NA
"prot-ol","OID21033","5617","PRL","ENSG00000172179","P01236",NA,NA,NA,NA,NA,NA
"prot-ol","OID21034","3930","LBR","ENSG00000143815","Q14739",NA,NA,NA,NA,NA,NA
"prot-ol","OID21035","3920","LAMP2","ENSG00000005893","P13473",NA,NA,NA,NA,NA,NA
"prot-ol","OID21036","306","ANXA3","ENSG00000138772","P12429",NA,NA,NA,NA,NA,NA
"prot-ol","OID21037","2023","ENO1","ENSG00000074800","P06733",NA,NA,NA,NA,NA,NA
"prot-ol","OID21038","1114","CHGB","ENSG00000089199","P05060",NA,NA,NA,NA,NA,NA
"prot-ol","OID21039","101","ADAM8","ENSG00000151651","P78325",NA,NA,NA,NA,NA,NA
"prot-ol","OID21040","972","CD74","ENSG00000019582","P04233",NA,NA,NA,NA,NA,NA
"prot-ol","OID21041","3964","LGALS8","ENSG00000116977","O00214",NA,NA,NA,NA,NA,NA
"prot-ol","OID21042","6373","CXCL11","ENSG00000169248","O14625",NA,NA,NA,NA,NA,NA
"prot-ol","OID21043","2171","FABP5","ENSG00000164687","Q01469",NA,NA,NA,NA,NA,NA
"prot-ol","OID21044","113201","GOLM2","ENSG00000166734","Q6P4E1",NA,NA,NA,NA,NA,NA
"prot-ol","OID21045","285704","RGMB","ENSG00000174136","Q6NW40",NA,NA,NA,NA,NA,NA
"prot-ol","OID21046","2026","ENO2","ENSG00000111674","P09104",NA,NA,NA,NA,NA,NA
"prot-ol","OID21047","5020","OXT","ENSG00000101405","P01178",NA,NA,NA,NA,NA,NA
"prot-ol","OID21048","91179","SCARF2","ENSG00000244486","Q96GP6",NA,NA,NA,NA,NA,NA
"prot-ol","OID21049","943","TNFRSF8","ENSG00000120949","P28908",NA,NA,NA,NA,NA,NA
"prot-ol","OID21050","7070","THY1","ENSG00000154096","P04216",NA,NA,NA,NA,NA,NA
"prot-ol","OID21051","683","BST1","ENSG00000109743","Q10588",NA,NA,NA,NA,NA,NA
"prot-ol","OID21052","27242","TNFRSF21","ENSG00000146072","O75509",NA,NA,NA,NA,NA,NA
"prot-ol","OID21053","55313","CPPED1","ENSG00000103381","Q9BRF8",NA,NA,NA,NA,NA,NA
"prot-ol","OID21054","1368","CPM","ENSG00000135678","P14384",NA,NA,NA,NA,NA,NA
"prot-ol","OID21055","1463","NCAN","ENSG00000130287","O14594",NA,NA,NA,NA,NA,NA
"prot-ol","OID21056","1520","CTSS","ENSG00000163131","P25774",NA,NA,NA,NA,NA,NA
"prot-ol","OID21057","4916","NTRK3","ENSG00000140538","Q16288",NA,NA,NA,NA,NA,NA
"prot-ol","OID21058","286133","SCARA5","ENSG00000168079","Q6ZMJ2",NA,NA,NA,NA,NA,NA
"prot-ol","OID21059","4043","LRPAP1","ENSG00000163956","P30533",NA,NA,NA,NA,NA,NA
"prot-ol","OID21060","1358","CPA2","ENSG00000158516","P48052",NA,NA,NA,NA,NA,NA
"prot-ol","OID21061","51266","CLEC1B","ENSG00000165682","Q9P126",NA,NA,NA,NA,NA,NA
"prot-ol","OID21062","2350","FOLR2","ENSG00000165457","P14207",NA,NA,NA,NA,NA,NA
"prot-ol","OID21063","4481","MSR1","ENSG00000038945","P21757",NA,NA,NA,NA,NA,NA
"prot-ol","OID21064","58494","JAM2","ENSG00000154721","P57087",NA,NA,NA,NA,NA,NA
"prot-ol","OID21065","56963","RGMA","ENSG00000182175","Q96B86",NA,NA,NA,NA,NA,NA
"prot-ol","OID21066","22943","DKK1","ENSG00000107984","O94907",NA,NA,NA,NA,NA,NA
"prot-ol","OID21067","51411","BIN2","ENSG00000110934","Q9UBW5",NA,NA,NA,NA,NA,NA
"prot-ol","OID21068","8839","CCN5","ENSG00000064205","O76076",NA,NA,NA,NA,NA,NA
"prot-ol","OID21069","1081","CGA","ENSG00000135346","P01215",NA,NA,NA,NA,NA,NA
"prot-ol","OID21070","351","APP","ENSG00000142192","P05067",NA,NA,NA,NA,NA,NA
"prot-ol","OID21071","3684","ITGAM","ENSG00000169896","P11215",NA,NA,NA,NA,NA,NA
"prot-ol","OID21072","350","APOH","ENSG00000091583","P02749",NA,NA,NA,NA,NA,NA
"prot-ol","OID21073","4282","MIF","ENSG00000240972","P14174",NA,NA,NA,NA,NA,NA
"prot-ol","OID21074","4884","NPTX1","ENSG00000171246","Q15818",NA,NA,NA,NA,NA,NA
"prot-ol","OID21075","2678","GGT1","ENSG00000100031","P19440",NA,NA,NA,NA,NA,NA
"prot-ol","OID21076","4059","BCAM","ENSG00000187244","P50895",NA,NA,NA,NA,NA,NA
"prot-ol","OID21077","10963","STIP1","ENSG00000168439","P31948",NA,NA,NA,NA,NA,NA
"prot-ol","OID21078","51327","AHSP","ENSG00000169877","Q9NZD4",NA,NA,NA,NA,NA,NA
"prot-ol","OID21079","1824","DSC2","ENSG00000134755","Q02487",NA,NA,NA,NA,NA,NA
"prot-ol","OID21080","8763","CD164","ENSG00000135535","Q04900",NA,NA,NA,NA,NA,NA
"prot-ol","OID21081","8828","NRP2","ENSG00000118257","O60462",NA,NA,NA,NA,NA,NA
"prot-ol","OID21082",NA,"SIGLEC5","ENSG00000105501","O15389",NA,NA,NA,NA,NA,NA
"prot-ol","OID21083","4314","MMP3","ENSG00000149968","P08254",NA,NA,NA,NA,NA,NA
"prot-ol","OID21084","7453","WARS1","ENSG00000140105","P23381",NA,NA,NA,NA,NA,NA
"prot-ol","OID21085","22795","NID2","ENSG00000087303","Q14112",NA,NA,NA,NA,NA,NA
"prot-ol","OID21086","3035","HARS1","ENSG00000170445","P12081",NA,NA,NA,NA,NA,NA
"prot-ol","OID21087","5037","PEBP1","ENSG00000089220","P30086",NA,NA,NA,NA,NA,NA
"prot-ol","OID21088","1992","SERPINB1","ENSG00000021355","P30740",NA,NA,NA,NA,NA,NA
"prot-ol","OID21089","23765","IL17RA","ENSG00000177663","Q96F46",NA,NA,NA,NA,NA,NA
"prot-ol","OID21090","161198","CLEC14A","ENSG00000176435","Q86T13",NA,NA,NA,NA,NA,NA
"prot-ol","OID21091","51206","GP6","ENSG00000088053","Q9HCN6",NA,NA,NA,NA,NA,NA
"prot-ol","OID21092","5067","CNTN3","ENSG00000113805","Q9P232",NA,NA,NA,NA,NA,NA
"prot-ol","OID21093","3626","INHBC","ENSG00000175189","P55103",NA,NA,NA,NA,NA,NA
"prot-ol","OID21094","113791","PIK3IP1","ENSG00000100100","Q96FE7",NA,NA,NA,NA,NA,NA
"prot-ol","OID21095","4685","NCAM2","ENSG00000154654","O15394",NA,NA,NA,NA,NA,NA
"prot-ol","OID21096","765","CA6","ENSG00000131686","P23280",NA,NA,NA,NA,NA,NA
"prot-ol","OID21097","6690","SPINK1","ENSG00000164266","P00995",NA,NA,NA,NA,NA,NA
"prot-ol","OID21098","56241","SUSD2","ENSG00000099994","Q9UGT4",NA,NA,NA,NA,NA,NA
"prot-ol","OID21099","23184","MESD","ENSG00000117899","Q14696",NA,NA,NA,NA,NA,NA
"prot-ol","OID21100","4353","MPO","ENSG00000005381","P05164",NA,NA,NA,NA,NA,NA
"prot-ol","OID21101","2980","GUCA2A","ENSG00000197273","Q02747",NA,NA,NA,NA,NA,NA
"prot-ol","OID21102","5284","PIGR","ENSG00000162896","P01833",NA,NA,NA,NA,NA,NA
"prot-ol","OID21103","4318","MMP9","ENSG00000100985","P14780",NA,NA,NA,NA,NA,NA
"prot-ol","OID21104","7058","THBS2","ENSG00000186340","P35442",NA,NA,NA,NA,NA,NA
"prot-ol","OID21105","7941","PLA2G7","ENSG00000146070","Q13093",NA,NA,NA,NA,NA,NA
"prot-ol","OID21106","23420","NOMO1","ENSG00000103512","Q15155",NA,NA,NA,NA,NA,NA
"prot-ol","OID21107","7148","TNXB","ENSG00000168477","P22105",NA,NA,NA,NA,NA,NA
"prot-ol","OID21108","135228","CD109","ENSG00000156535","Q6YHK3",NA,NA,NA,NA,NA,NA
"prot-ol","OID21109","6692","SPINT1","ENSG00000166145","O43278",NA,NA,NA,NA,NA,NA
"prot-ol","OID21110","4267","CD99","ENSG00000002586","P14209",NA,NA,NA,NA,NA,NA
"prot-ol","OID21111","83416","FCRL5","ENSG00000143297","Q96RD9",NA,NA,NA,NA,NA,NA
"prot-ol","OID21112","6320","CLEC11A","ENSG00000105472","Q9Y240",NA,NA,NA,NA,NA,NA
"prot-ol","OID21113","1829","DSG2","ENSG00000046604","Q14126",NA,NA,NA,NA,NA,NA
"prot-ol","OID21114","6648","SOD2","ENSG00000112096","P04179",NA,NA,NA,NA,NA,NA
"prot-ol","OID21115","11164","NUDT5","ENSG00000165609","Q9UKK9",NA,NA,NA,NA,NA,NA
"prot-ol","OID21116","3554","IL1R1","ENSG00000115594","P14778",NA,NA,NA,NA,NA,NA
"prot-ol","OID21117","152330","CNTN4","ENSG00000144619","Q8IWV2",NA,NA,NA,NA,NA,NA
"prot-ol","OID21118","9168","TMSB10","ENSG00000034510","P63313",NA,NA,NA,NA,NA,NA
"prot-ol","OID21119","57126","CD177","ENSG00000204936","Q8N6Q3",NA,NA,NA,NA,NA,NA
"prot-ol","OID21120","79865","TREML2","ENSG00000112195","Q5T2D2",NA,NA,NA,NA,NA,NA
"prot-ol","OID21121","4653","MYOC","ENSG00000034971","Q99972",NA,NA,NA,NA,NA,NA
"prot-ol","OID21122","83692","CD99L2","ENSG00000102181","Q8TCZ2",NA,NA,NA,NA,NA,NA
"prot-ol","OID21123","4969","OGN","ENSG00000106809","P20774",NA,NA,NA,NA,NA,NA
"prot-ol","OID21124","5328","PLAU","ENSG00000122861","P00749",NA,NA,NA,NA,NA,NA
"prot-ol","OID21125","1942","EFNA1","ENSG00000169242","P20827",NA,NA,NA,NA,NA,NA
"prot-ol","OID21126","3556","IL1RAP","ENSG00000196083","Q9NPH3",NA,NA,NA,NA,NA,NA
"prot-ol","OID21127","11041","B4GAT1","ENSG00000174684","O43505",NA,NA,NA,NA,NA,NA
"prot-ol","OID21128","216","ALDH1A1","ENSG00000165092","P00352",NA,NA,NA,NA,NA,NA
"prot-ol","OID21129","29992","PILRA","ENSG00000085514","Q9UKJ1",NA,NA,NA,NA,NA,NA
"prot-ol","OID21130","146894","CD300LG","ENSG00000161649","Q6UXG3",NA,NA,NA,NA,NA,NA
"prot-ol","OID21131","5175","PECAM1","ENSG00000261371","P16284",NA,NA,NA,NA,NA,NA
"prot-ol","OID21132","10578","GNLY","ENSG00000115523","P22749",NA,NA,NA,NA,NA,NA
"prot-ol","OID21133","2208","FCER2","ENSG00000104921","P06734",NA,NA,NA,NA,NA,NA
"prot-ol","OID21134","4240","MFGE8","ENSG00000140545","Q08431",NA,NA,NA,NA,NA,NA
"prot-ol","OID21135","7296","TXNRD1","ENSG00000198431","Q16881",NA,NA,NA,NA,NA,NA
"prot-ol","OID21136","3575","IL7R","ENSG00000168685","P16871",NA,NA,NA,NA,NA,NA
"prot-ol","OID21137","84868","HAVCR2","ENSG00000135077","Q8TDQ0",NA,NA,NA,NA,NA,NA
"prot-ol","OID21138","410","ARSA","ENSG00000100299","P15289",NA,NA,NA,NA,NA,NA
"prot-ol","OID21139","3678","ITGA5","ENSG00000161638","P08648",NA,NA,NA,NA,NA,NA
"prot-ol","OID21140","2533","FYB1","ENSG00000082074","O15117",NA,NA,NA,NA,NA,NA
"prot-ol","OID21141","645","BLVRB","ENSG00000090013","P30043",NA,NA,NA,NA,NA,NA
"prot-ol","OID21142","84957","RELT","ENSG00000054967","Q969Z4",NA,NA,NA,NA,NA,NA
"prot-ol","OID21143","1622","DBI","ENSG00000155368","P07108",NA,NA,NA,NA,NA,NA
"prot-ol","OID21144","11326","VSIG4","ENSG00000155659","Q9Y279",NA,NA,NA,NA,NA,NA
"prot-ol","OID21145","7133","TNFRSF1B","ENSG00000028137","P20333",NA,NA,NA,NA,NA,NA
"prot-ol","OID21146","3482","IGF2R","ENSG00000197081","P11717",NA,NA,NA,NA,NA,NA
"prot-ol","OID21147","7079","TIMP4","ENSG00000157150","Q99727",NA,NA,NA,NA,NA,NA
"prot-ol","OID21148","11005","SPINK5","ENSG00000133710","Q9NQ38",NA,NA,NA,NA,NA,NA
"prot-ol","OID21149","760","CA2","ENSG00000104267","P00918",NA,NA,NA,NA,NA,NA
"prot-ol","OID21150","1504","CTRB1","ENSG00000168925","P17538",NA,NA,NA,NA,NA,NA
"prot-ol","OID21151","50848","F11R","ENSG00000158769","Q9Y624",NA,NA,NA,NA,NA,NA
"prot-ol","OID21152","11027","LILRA2","ENSG00000239998","Q8N149",NA,NA,NA,NA,NA,NA
"prot-ol","OID21153","25891","PAMR1","ENSG00000149090","Q6UXH9",NA,NA,NA,NA,NA,NA
"prot-ol","OID21154","7031","TFF1","ENSG00000160182","P04155",NA,NA,NA,NA,NA,NA
"prot-ol","OID21155","7132","TNFRSF1A","ENSG00000067182","P19438",NA,NA,NA,NA,NA,NA
"prot-ol","OID21156","1208","CLPS","ENSG00000137392","P04118",NA,NA,NA,NA,NA,NA
"prot-ol","OID21157","8614","STC2","ENSG00000113739","O76061",NA,NA,NA,NA,NA,NA
"prot-ol","OID21158","3487","IGFBP4","ENSG00000141753","P22692",NA,NA,NA,NA,NA,NA
"prot-ol","OID21159","2896","GRN","ENSG00000030582","P28799",NA,NA,NA,NA,NA,NA
"prot-ol","OID21160","11315","PARK7","ENSG00000116288","Q99497",NA,NA,NA,NA,NA,NA
"prot-ol","OID21161","6342","SCP2","ENSG00000116171","P22307",NA,NA,NA,NA,NA,NA
"prot-ol","OID21162","129138","ANKRD54","ENSG00000100124","Q6NXT1",NA,NA,NA,NA,NA,NA
"prot-ol","OID21163","10244","RABEPK","ENSG00000136933","Q7Z6M1",NA,NA,NA,NA,NA,NA
"prot-ol","OID21164","79679","VTCN1","ENSG00000134258","Q7Z7D3",NA,NA,NA,NA,NA,NA
"prot-ol","OID21165","653509","SFTPA1","ENSG00000122852","Q8IWL2",NA,NA,NA,NA,NA,NA
"prot-ol","OID21166","5887","RAD23B","ENSG00000119318","P54727",NA,NA,NA,NA,NA,NA
"prot-ol","OID21167","4814","NINJ1","ENSG00000131669","Q92982",NA,NA,NA,NA,NA,NA
"prot-ol","OID21168","2689","GH2","ENSG00000136487","P01242",NA,NA,NA,NA,NA,NA
"prot-ol","OID21169","84722","PSRC1","ENSG00000134222","Q6PGN9",NA,NA,NA,NA,NA,NA
"prot-ol","OID21170","8675","STX16","ENSG00000124222","O14662",NA,NA,NA,NA,NA,NA
"prot-ol","OID21171","1048","CEACAM5","ENSG00000105388","P06731",NA,NA,NA,NA,NA,NA
"prot-ol","OID21172","10084","PQBP1","ENSG00000102103","O60828",NA,NA,NA,NA,NA,NA
"prot-ol","OID21173","54103","GSAP","ENSG00000186088","A4D1B5",NA,NA,NA,NA,NA,NA
"prot-ol","OID21174","50484","RRM2B","ENSG00000048392","Q7LG56",NA,NA,NA,NA,NA,NA
"prot-ol","OID21175","9146","HGS","ENSG00000185359","O14964",NA,NA,NA,NA,NA,NA
"prot-ol","OID21176","54704","PDP1","ENSG00000164951","Q9P0J1",NA,NA,NA,NA,NA,NA
"prot-ol","OID21178","10159","ATP6AP2","ENSG00000182220","O75787",NA,NA,NA,NA,NA,NA
"prot-ol","OID21179","10193","RNF41","ENSG00000181852","Q9H4P4",NA,NA,NA,NA,NA,NA
"prot-ol","OID21180","4086","SMAD1","ENSG00000170365","Q15797",NA,NA,NA,NA,NA,NA
"prot-ol","OID21181","9500","MAGED1","ENSG00000179222","Q9Y5V3",NA,NA,NA,NA,NA,NA
"prot-ol","OID21182","84254","CAMKK1","ENSG00000004660","Q8N5S9",NA,NA,NA,NA,NA,NA
"prot-ol","OID21183","56034","PDGFC","ENSG00000145431","Q9NRA1",NA,NA,NA,NA,NA,NA
"prot-ol","OID21184","5494","PPM1A","ENSG00000100614","P35813",NA,NA,NA,NA,NA,NA
"prot-ol","OID21185","3811","KIR3DL1","ENSG00000167633","P43629",NA,NA,NA,NA,NA,NA
"prot-ol","OID21186","440145","MZT1","ENSG00000204899","Q08AG7",NA,NA,NA,NA,NA,NA
"prot-ol","OID21187","6241","RRM2","ENSG00000171848","P31350",NA,NA,NA,NA,NA,NA
"prot-ol","OID21188","117","ADCYAP1R1","ENSG00000078549","P41586",NA,NA,NA,NA,NA,NA
"prot-ol","OID21189","80146","UXS1","ENSG00000115652","Q8NBZ7",NA,NA,NA,NA,NA,NA
"prot-ol","OID21191","4054","LTBP3","ENSG00000168056","Q9NS15",NA,NA,NA,NA,NA,NA
"prot-ol","OID21192","2237","FEN1","ENSG00000168496","P39748",NA,NA,NA,NA,NA,NA
"prot-ol","OID21193","127943","FCRLB","ENSG00000162746","Q6BAA4",NA,NA,NA,NA,NA,NA
"prot-ol","OID21194","9770","RASSF2","ENSG00000101265","P50749",NA,NA,NA,NA,NA,NA
"prot-ol","OID21195","770","CA11","ENSG00000063180","O75493",NA,NA,NA,NA,NA,NA
"prot-ol","OID21196","3804","KIR2DL3","ENSG00000243772","P43628",NA,NA,NA,NA,NA,NA
"prot-ol","OID21197","10000","AKT3","ENSG00000117020","Q9Y243",NA,NA,NA,NA,NA,NA
"prot-ol","OID21198","633","BGN","ENSG00000182492","P21810",NA,NA,NA,NA,NA,NA
"prot-ol","OID21199","685","BTC","ENSG00000174808","P35070",NA,NA,NA,NA,NA,NA
"prot-ol","OID21200","22948","CCT5","ENSG00000150753","P48643",NA,NA,NA,NA,NA,NA
"prot-ol","OID21201","43849","KLK12","ENSG00000186474","Q9UKR0",NA,NA,NA,NA,NA,NA
"prot-ol","OID21202","392","ARHGAP1","ENSG00000175220","Q07960",NA,NA,NA,NA,NA,NA
"prot-ol","OID21204","57506","MAVS","ENSG00000088888","Q7Z434",NA,NA,NA,NA,NA,NA
"prot-ol","OID21205","7704","ZBTB16","ENSG00000109906","Q05516",NA,NA,NA,NA,NA,NA
"prot-ol","OID21206","10296","MAEA","ENSG00000090316","Q7L5Y9",NA,NA,NA,NA,NA,NA
"prot-ol","OID21208","4909","NTF4","ENSG00000225950","P34130",NA,NA,NA,NA,NA,NA
"prot-ol","OID21209","123811","CEP20","ENSG00000133393","Q96NB1",NA,NA,NA,NA,NA,NA
"prot-ol","OID21210","27257","LSM1","ENSG00000175324","O15116",NA,NA,NA,NA,NA,NA
"prot-ol","OID21211","8607","RUVBL1","ENSG00000175792","Q9Y265",NA,NA,NA,NA,NA,NA
"prot-ol","OID21212","4794","NFKBIE","ENSG00000146232","O00221",NA,NA,NA,NA,NA,NA
"prot-ol","OID21214","56833","SLAMF8","ENSG00000158714","Q9P0V8",NA,NA,NA,NA,NA,NA
"prot-ol","OID21215","2213","FCGR2B","ENSG00000072694","P31994",NA,NA,NA,NA,NA,NA
"prot-ol","OID21216","81577","GFOD2","ENSG00000141098","Q3B7J2",NA,NA,NA,NA,NA,NA
"prot-ol","OID21218","729238","SFTPA2","ENSG00000185303","Q8IWL1",NA,NA,NA,NA,NA,NA
"prot-ol","OID21219","10228","STX6","ENSG00000135823","O43752",NA,NA,NA,NA,NA,NA
"prot-ol","OID21220","6907","TBL1X","ENSG00000101849","O60907",NA,NA,NA,NA,NA,NA
"prot-ol","OID21222","10019","SH2B3","ENSG00000111252","Q9UQQ2",NA,NA,NA,NA,NA,NA
"prot-ol","OID21224","4726","NDUFS6","ENSG00000145494","O75380",NA,NA,NA,NA,NA,NA
"prot-ol","OID21225","8575","PRKRA","ENSG00000180228","O75569",NA,NA,NA,NA,NA,NA
"prot-ol","OID21226","23586","DDX58","ENSG00000107201","O95786",NA,NA,NA,NA,NA,NA
"prot-ol","OID21227","10135","NAMPT","ENSG00000105835","P43490",NA,NA,NA,NA,NA,NA
"prot-ol","OID21228","93978","CLEC6A","ENSG00000205846","Q6EIG7",NA,NA,NA,NA,NA,NA
"prot-ol","OID21229","10910","SUGT1","ENSG00000165416","Q9Y2Z0",NA,NA,NA,NA,NA,NA
"prot-ol","OID21230","494143","CHAC2","ENSG00000143942","Q8WUX2",NA,NA,NA,NA,NA,NA
"prot-ol","OID21231","10020","GNE","ENSG00000159921","Q9Y223",NA,NA,NA,NA,NA,NA
"prot-ol","OID21234","199","AIF1","ENSG00000204472","P55008",NA,NA,NA,NA,NA,NA
"prot-ol","OID21235","27020","NPTN","ENSG00000156642","Q9Y639",NA,NA,NA,NA,NA,NA
"prot-ol","OID21236","54797","MED18","ENSG00000130772","Q9BUE0",NA,NA,NA,NA,NA,NA
"prot-ol","OID21237","7124","TNF","ENSG00000204490","P01375",NA,NA,NA,NA,NA,NA
"prot-ol","OID21238","996","CDC27","ENSG00000004897","P30260",NA,NA,NA,NA,NA,NA
"prot-ol","OID21239","2313","FLI1","ENSG00000151702","Q01543",NA,NA,NA,NA,NA,NA
"prot-ol","OID21241","64793","CEP85","ENSG00000130695","Q6P2H3",NA,NA,NA,NA,NA,NA
"prot-ol","OID21242","2940","GSTA3","ENSG00000174156","Q16772",NA,NA,NA,NA,NA,NA
"prot-ol","OID21244","231","AKR1B1","ENSG00000085662","P15121",NA,NA,NA,NA,NA,NA
"prot-ol","OID21245","1084","CEACAM3","ENSG00000170956","P40198",NA,NA,NA,NA,NA,NA
"prot-ol","OID21246","115201","ATG4A","ENSG00000101844","Q8WYN0",NA,NA,NA,NA,NA,NA
"prot-ol","OID21247","2670","GFAP","ENSG00000131095","P14136",NA,NA,NA,NA,NA,NA
"prot-ol","OID21248","3972","LHB","ENSG00000104826","P01229",NA,NA,NA,NA,NA,NA
"prot-ol","OID21249","84766","CRACR2A","ENSG00000130038","Q9BSW2",NA,NA,NA,NA,NA,NA
"prot-ol","OID21250","10458","BAIAP2","ENSG00000175866","Q9UQB8",NA,NA,NA,NA,NA,NA
"prot-ol","OID21251","646627","LYPD8","ENSG00000259823","Q6UX82",NA,NA,NA,NA,NA,NA
"prot-ol","OID21252","51162","EGFL7","ENSG00000172889","Q9UHF1",NA,NA,NA,NA,NA,NA
"prot-ol","OID21253","4217","MAP3K5","ENSG00000197442","Q99683",NA,NA,NA,NA,NA,NA
"prot-ol","OID21254","114836","SLAMF6","ENSG00000162739","Q96DU3",NA,NA,NA,NA,NA,NA
"prot-ol","OID21255","9938","ARHGAP25","ENSG00000163219","P42331",NA,NA,NA,NA,NA,NA
"prot-ol","OID21256","2521","FUS","ENSG00000089280","P35637",NA,NA,NA,NA,NA,NA
"prot-ol","OID21257","1392","CRH","ENSG00000147571","P06850",NA,NA,NA,NA,NA,NA
"prot-ol","OID21258","57125","PLXDC1","ENSG00000161381","Q8IUK5",NA,NA,NA,NA,NA,NA
"prot-ol","OID21259","2671","GFER","ENSG00000127554","P55789",NA,NA,NA,NA,NA,NA
"prot-ol","OID21260","954","ENTPD2","ENSG00000054179","Q9Y5L3",NA,NA,NA,NA,NA,NA
"prot-ol","OID21261","55997","CFC1","ENSG00000136698","P0CG37",NA,NA,NA,NA,NA,NA
"prot-ol","OID21262","57537","SORCS2","ENSG00000184985","Q96PQ0",NA,NA,NA,NA,NA,NA
"prot-ol","OID21263","2641","GCG","ENSG00000115263","P01275",NA,NA,NA,NA,NA,NA
"prot-ol","OID21265","940","CD28","ENSG00000178562","P10747",NA,NA,NA,NA,NA,NA
"prot-ol","OID21266","27306","HPGDS","ENSG00000163106","O60760",NA,NA,NA,NA,NA,NA
"prot-ol","OID21268","9270","ITGB1BP1","ENSG00000119185","O14713",NA,NA,NA,NA,NA,NA
"prot-ol","OID21269","30","ACAA1","ENSG00000060971","P09110",NA,NA,NA,NA,NA,NA
"prot-ol","OID21270","7172","TPMT","ENSG00000137364","P51580",NA,NA,NA,NA,NA,NA
"prot-ol","OID21271","2309","FOXO3","ENSG00000118689","O43524",NA,NA,NA,NA,NA,NA
"prot-ol","OID21272","2322","FLT3","ENSG00000122025","P36888",NA,NA,NA,NA,NA,NA
"prot-ol","OID21273","80380","PDCD1LG2","ENSG00000197646","Q9BQ51",NA,NA,NA,NA,NA,NA
"prot-ol","OID21274","3480","IGF1R","ENSG00000140443","P08069",NA,NA,NA,NA,NA,NA
"prot-ol","OID21275","170689","ADAMTS15","ENSG00000166106","Q8TE58",NA,NA,NA,NA,NA,NA
"prot-ol","OID21276","3569","IL6","ENSG00000136244","P05231",NA,NA,NA,NA,NA,NA
"prot-ol","OID21277","6777","STAT5B","ENSG00000173757","P51692",NA,NA,NA,NA,NA,NA
"prot-ol","OID21278","10262","SF3B4","ENSG00000143368","Q15427",NA,NA,NA,NA,NA,NA
"prot-ol","OID21279","10801","SEPTIN9","ENSG00000184640","Q9UHD8",NA,NA,NA,NA,NA,NA
"prot-ol","OID21280","25","ABL1","ENSG00000097007","P00519",NA,NA,NA,NA,NA,NA
"prot-ol","OID21281","55275","VPS53","ENSG00000141252","Q5VIR6",NA,NA,NA,NA,NA,NA
"prot-ol","OID21282","54825","CDHR2","ENSG00000074276","Q9BYE9",NA,NA,NA,NA,NA,NA
"prot-ol","OID21283","5435","POLR2F","ENSG00000100142","P61218",NA,NA,NA,NA,NA,NA
"prot-ol","OID21284","327657","SERPINA9","ENSG00000170054","Q86WD7",NA,NA,NA,NA,NA,NA
"prot-ol","OID21285","10460","TACC3","ENSG00000013810","Q9Y6A5",NA,NA,NA,NA,NA,NA
"prot-ol","OID21286","55773","TBC1D23","ENSG00000036054","Q9NUY8",NA,NA,NA,NA,NA,NA
"prot-ol","OID21287","9131","AIFM1","ENSG00000156709","O95831",NA,NA,NA,NA,NA,NA
"prot-ol","OID21288","4351","MPI","ENSG00000178802","P34949",NA,NA,NA,NA,NA,NA
"prot-ol","OID21289","26470","SEZ6L2","ENSG00000174938","Q6UXD5",NA,NA,NA,NA,NA,NA
"prot-ol","OID21290","54947","LPCAT2","ENSG00000087253","Q7L5N7",NA,NA,NA,NA,NA,NA
"prot-ol","OID21291","26085","KLK13","ENSG00000167759","Q9UKR3",NA,NA,NA,NA,NA,NA
"prot-ol","OID21292","7462","LAT2","ENSG00000086730","Q9GZY6",NA,NA,NA,NA,NA,NA
"prot-ol","OID21293","4035","LRP1","ENSG00000123384","Q07954",NA,NA,NA,NA,NA,NA
"prot-ol","OID21294","9289","ADGRG1","ENSG00000205336","Q9Y653",NA,NA,NA,NA,NA,NA
"prot-ol","OID21295","1032","CDKN2D","ENSG00000129355","P55273",NA,NA,NA,NA,NA,NA
"prot-ol","OID21296","3875","KRT18","ENSG00000111057","P05783",NA,NA,NA,NA,NA,NA
"prot-ol","OID21297","1329","COX5B","ENSG00000135940","P10606",NA,NA,NA,NA,NA,NA
"prot-ol","OID21298","50489","CD207","ENSG00000116031","Q9UJ71",NA,NA,NA,NA,NA,NA
"prot-ol","OID21299","23576","DDAH1","ENSG00000153904","O94760",NA,NA,NA,NA,NA,NA
"prot-ol","OID21301","2321","FLT1","ENSG00000102755","P17948",NA,NA,NA,NA,NA,NA
"prot-ol","OID21302","6102","RP2","ENSG00000102218","O75695",NA,NA,NA,NA,NA,NA
"prot-ol","OID21303","9953","HS3ST3B1","ENSG00000125430","Q9Y662",NA,NA,NA,NA,NA,NA
"prot-ol","OID21304","5715","PSMD9","ENSG00000110801","O00233",NA,NA,NA,NA,NA,NA
"prot-ol","OID21305","64174","DPEP2","ENSG00000167261","Q9H4A9",NA,NA,NA,NA,NA,NA
"prot-ol","OID21306","793","CALB1","ENSG00000104327","P05937",NA,NA,NA,NA,NA,NA
"prot-ol","OID21307","4311","MME","ENSG00000196549","P08473",NA,NA,NA,NA,NA,NA
"prot-ol","OID21308","318","NUDT2","ENSG00000164978","P50583",NA,NA,NA,NA,NA,NA
"prot-ol","OID21309","80273","GRPEL1","ENSG00000109519","Q9HAV7",NA,NA,NA,NA,NA,NA
"prot-ol","OID21310","8875","VNN2","ENSG00000112303","O95498",NA,NA,NA,NA,NA,NA
"prot-ol","OID21311","80755","AARSD1","ENSG00000266967","Q9BTE6",NA,NA,NA,NA,NA,NA
"prot-ol","OID21312","3321","IGSF3","ENSG00000143061","O75054",NA,NA,NA,NA,NA,NA
"prot-ol","OID21313","27120","DKKL1","ENSG00000104901","Q9UK85",NA,NA,NA,NA,NA,NA
"prot-ol","OID21314","3636","INPPL1","ENSG00000165458","O15357",NA,NA,NA,NA,NA,NA
"prot-ol","OID21315","3902","LAG3","ENSG00000089692","P18627",NA,NA,NA,NA,NA,NA
"prot-ol","OID21316","952","CD38","ENSG00000004468","P28907",NA,NA,NA,NA,NA,NA
"prot-ol","OID21317","245812","CNPY4","ENSG00000166997","Q8N129",NA,NA,NA,NA,NA,NA
"prot-ol","OID21318","441549","CDNF","ENSG00000185267","Q49AH0",NA,NA,NA,NA,NA,NA
"prot-ol","OID21319","1026","CDKN1A","ENSG00000124762","P38936",NA,NA,NA,NA,NA,NA
"prot-ol","OID21320","26128","KIFBP","ENSG00000198954","Q96EK5",NA,NA,NA,NA,NA,NA
"prot-ol","OID21321","25817","TAFA5","ENSG00000219438","Q7Z5A7",NA,NA,NA,NA,NA,NA
"prot-ol","OID21322","6482","ST3GAL1","ENSG00000008513","Q11201",NA,NA,NA,NA,NA,NA
"prot-ol","OID21323","55914","ERBIN","ENSG00000112851","Q96RT1",NA,NA,NA,NA,NA,NA
"prot-ol","OID21324","6727","SRP14","ENSG00000140319","P37108",NA,NA,NA,NA,NA,NA
"prot-ol","OID21325","147409","DSG4","ENSG00000175065","Q86SJ6",NA,NA,NA,NA,NA,NA
"prot-ol","OID21326","6810","STX4","ENSG00000103496","Q12846",NA,NA,NA,NA,NA,NA
"prot-ol","OID21327","3592","IL12A","ENSG00000168811","P29459",NA,NA,NA,NA,NA,NA
"prot-ol","OID21328","9936","CD302","ENSG00000241399","Q8IX05",NA,NA,NA,NA,NA,NA
"prot-ol","OID21329","54910","SEMA4C","ENSG00000168758","Q9C0C4",NA,NA,NA,NA,NA,NA
"prot-ol","OID21330","2675","GFRA2","ENSG00000168546","O00451",NA,NA,NA,NA,NA,NA
"prot-ol","OID21331","411","ARSB","ENSG00000113273","P15848",NA,NA,NA,NA,NA,NA
"prot-ol","OID21332","10067","SCAMP3","ENSG00000116521","O14828",NA,NA,NA,NA,NA,NA
"prot-ol","OID21333","126364","LRRC25","ENSG00000175489","Q8N386",NA,NA,NA,NA,NA,NA
"prot-ol","OID21334","10540","DCTN2","ENSG00000175203","Q13561",NA,NA,NA,NA,NA,NA
"prot-ol","OID21335","1819","DRG2","ENSG00000108591","P55039",NA,NA,NA,NA,NA,NA
"prot-ol","OID21336","10422","UBAC1","ENSG00000130560","Q9BSL1",NA,NA,NA,NA,NA,NA
"prot-ol","OID21337","6924","ELOA","ENSG00000011007","Q14241",NA,NA,NA,NA,NA,NA
"prot-ol","OID21338","23071","ERP44","ENSG00000023318","Q9BS26",NA,NA,NA,NA,NA,NA
"prot-ol","OID21339","81621","KAZALD1","ENSG00000107821","Q96I82",NA,NA,NA,NA,NA,NA
"prot-ol","OID21340","23491","CES3","ENSG00000172828","Q6UWW8",NA,NA,NA,NA,NA,NA
"prot-ol","OID21342","1969","EPHA2","ENSG00000142627","P29317",NA,NA,NA,NA,NA,NA
"prot-ol","OID21343","83546","RTBDN","ENSG00000132026","Q9BSG5",NA,NA,NA,NA,NA,NA
"prot-ol","OID21344","771","CA12","ENSG00000074410","O43570",NA,NA,NA,NA,NA,NA
"prot-ol","OID21345","3628","INPP1","ENSG00000151689","P49441",NA,NA,NA,NA,NA,NA
"prot-ol","OID21346","5979","RET","ENSG00000165731","P07949",NA,NA,NA,NA,NA,NA
"prot-ol","OID21347","51400","PPME1","ENSG00000214517","Q9Y570",NA,NA,NA,NA,NA,NA
"prot-ol","OID21348","7525","YES1","ENSG00000176105","P07947",NA,NA,NA,NA,NA,NA
"prot-ol","OID21349","196403","DTX3","ENSG00000178498","Q8N9I9",NA,NA,NA,NA,NA,NA
"prot-ol","OID21350","4067","LYN","ENSG00000254087","P07948",NA,NA,NA,NA,NA,NA
"prot-ol","OID21351","23308","ICOSLG","ENSG00000160223","O75144",NA,NA,NA,NA,NA,NA
"prot-ol","OID21352","4974","OMG","ENSG00000126861","P23515",NA,NA,NA,NA,NA,NA
"prot-ol","OID21353","4090","SMAD5","ENSG00000113658","Q99717",NA,NA,NA,NA,NA,NA
"prot-ol","OID21354","1804","DPP6","ENSG00000130226","P42658",NA,NA,NA,NA,NA,NA
"prot-ol","OID21355","137492","VPS37A","ENSG00000155975","Q8NEZ2",NA,NA,NA,NA,NA,NA
"prot-ol","OID21356","5208","PFKFB2","ENSG00000123836","O60825",NA,NA,NA,NA,NA,NA
"prot-ol","OID21357","374","AREG","ENSG00000109321","P15514",NA,NA,NA,NA,NA,NA
"prot-ol","OID21358","5420","PODXL","ENSG00000128567","O00592",NA,NA,NA,NA,NA,NA
"prot-ol","OID21359","54518","APBB1IP","ENSG00000077420","Q7Z5R6",NA,NA,NA,NA,NA,NA
"prot-ol","OID21360","11054","OGFR","ENSG00000060491","Q9NZT2",NA,NA,NA,NA,NA,NA
"prot-ol","OID21361","10788","IQGAP2","ENSG00000145703","Q13576",NA,NA,NA,NA,NA,NA
"prot-ol","OID21362","26254","OPTC","ENSG00000188770","Q9UBM4",NA,NA,NA,NA,NA,NA
"prot-ol","OID21363","3337","DNAJB1","ENSG00000132002","P25685",NA,NA,NA,NA,NA,NA
"prot-ol","OID21364","5651","TMPRSS15","ENSG00000154646","P98073",NA,NA,NA,NA,NA,NA
"prot-ol","OID21365","5948","RBP2","ENSG00000114113","P50120",NA,NA,NA,NA,NA,NA
"prot-ol","OID21366","8824","CES2","ENSG00000172831","O00748",NA,NA,NA,NA,NA,NA
"prot-ol","OID21367","8615","USO1","ENSG00000138768","O60763",NA,NA,NA,NA,NA,NA
"prot-ol","OID21368","3491","CCN1","ENSG00000142871","O00622",NA,NA,NA,NA,NA,NA
"prot-ol","OID21369","83758","RBP5","ENSG00000139194","P82980",NA,NA,NA,NA,NA,NA
"prot-ol","OID21370","347902","AMIGO2","ENSG00000139211","Q86SJ2",NA,NA,NA,NA,NA,NA
"prot-ol","OID21371","55568","GALNT10","ENSG00000164574","Q86SR1",NA,NA,NA,NA,NA,NA
"prot-ol","OID21372","54097","FAM3B","ENSG00000183844","P58499",NA,NA,NA,NA,NA,NA
"prot-ol","OID21373","1673","DEFB4A","ENSG00000171711","O15263",NA,NA,NA,NA,NA,NA
"prot-ol","OID21374","6283","S100A12","ENSG00000163221","P80511",NA,NA,NA,NA,NA,NA
"prot-ol","OID21375","22933","SIRT2","ENSG00000068903","Q8IXJ6",NA,NA,NA,NA,NA,NA
"prot-ol","OID21376","10223","GPA33","ENSG00000143167","Q99795",NA,NA,NA,NA,NA,NA
"prot-ol","OID21377","51809","GALNT7","ENSG00000109586","Q86SF2",NA,NA,NA,NA,NA,NA
"prot-ol","OID21379","2650","GCNT1","ENSG00000187210","Q02742",NA,NA,NA,NA,NA,NA
"prot-ol","OID21380","10232","MSLN","ENSG00000102854","Q13421",NA,NA,NA,NA,NA,NA
"prot-ol","OID21381","284013","VMO1","ENSG00000182853","Q7Z5L0",NA,NA,NA,NA,NA,NA
"prot-ol","OID21382","10493","VAT1","ENSG00000108828","Q99536",NA,NA,NA,NA,NA,NA
"prot-ol","OID21383","250","ALPP","ENSG00000163283","P05187",NA,NA,NA,NA,NA,NA
"prot-ol","OID21384","4340","MOG","ENSG00000137345","Q16653",NA,NA,NA,NA,NA,NA
"prot-ol","OID21385","3145","HMBS","ENSG00000256269","P08397",NA,NA,NA,NA,NA,NA
"prot-ol","OID21386","140689","CBLN4","ENSG00000054803","Q9NTU7",NA,NA,NA,NA,NA,NA
"prot-ol","OID21387","57658","CALCOCO1","ENSG00000012822","Q9P1Z2",NA,NA,NA,NA,NA,NA
"prot-ol","OID21388","4852","NPY","ENSG00000122585","P01303",NA,NA,NA,NA,NA,NA
"prot-ol","OID21389","10148","EBI3","ENSG00000105246","Q14213",NA,NA,NA,NA,NA,NA
"prot-ol","OID21390","27180","SIGLEC9","ENSG00000129450","Q9Y336",NA,NA,NA,NA,NA,NA
"prot-ol","OID21391","9622","KLK4","ENSG00000167749","Q9Y5K2",NA,NA,NA,NA,NA,NA
"prot-ol","OID21392","1363","CPE","ENSG00000109472","P16870",NA,NA,NA,NA,NA,NA
"prot-ol","OID21393","3695","ITGB7","ENSG00000139626","P26010",NA,NA,NA,NA,NA,NA
"prot-ol","OID21394","946","SIGLEC6","ENSG00000105492","O43699",NA,NA,NA,NA,NA,NA
"prot-ol","OID21395","54363","HAO1","ENSG00000101323","Q9UJM8",NA,NA,NA,NA,NA,NA
"prot-ol","OID21396","5133","PDCD1","ENSG00000188389","Q15116",NA,NA,NA,NA,NA,NA
"prot-ol","OID21397","64787","EPS8L2","ENSG00000177106","Q9H6S3",NA,NA,NA,NA,NA,NA
"prot-ol","OID21398","6375","XCL1","ENSG00000143184","P47992",NA,NA,NA,NA,NA,NA
"prot-ol","OID21399","1639","DCTN1","ENSG00000204843","Q14203",NA,NA,NA,NA,NA,NA
"prot-ol","OID21400","7857","SCG2","ENSG00000171951","P13521",NA,NA,NA,NA,NA,NA
"prot-ol","OID21401","23632","CA14","ENSG00000118298","Q9ULX7",NA,NA,NA,NA,NA,NA
"prot-ol","OID21402","26291","FGF21","ENSG00000105550","Q9NSA1",NA,NA,NA,NA,NA,NA
"prot-ol","OID21403","51499","TRIAP1","ENSG00000170855","O43715",NA,NA,NA,NA,NA,NA
"prot-ol","OID21404","9588","PRDX6","ENSG00000117592","P30041",NA,NA,NA,NA,NA,NA
"prot-ol","OID21405","1515","CTSV","ENSG00000136943","O60911",NA,NA,NA,NA,NA,NA
"prot-ol","OID21406","3963","LGALS7B","ENSG00000178934","P47929",NA,NA,NA,NA,NA,NA
"prot-ol","OID21407","43847","KLK14","ENSG00000129437","Q9P0G3",NA,NA,NA,NA,NA,NA
"prot-ol","OID21408","126393","HSPB6","ENSG00000004776","O14558",NA,NA,NA,NA,NA,NA
"prot-ol","OID21409","84631","SLITRK2","ENSG00000185985","Q9H156",NA,NA,NA,NA,NA,NA
"prot-ol","OID21410","84661","DPY30","ENSG00000162961","Q9C005",NA,NA,NA,NA,NA,NA
"prot-ol","OID21411","8074","FGF23","ENSG00000118972","Q9GZV9",NA,NA,NA,NA,NA,NA
"prot-ol","OID21412","10218","ANGPTL7","ENSG00000171819","O43827",NA,NA,NA,NA,NA,NA
"prot-ol","OID21413","259","AMBP","ENSG00000106927","P02760",NA,NA,NA,NA,NA,NA
"prot-ol","OID21414","841","CASP8","ENSG00000064012","Q14790",NA,NA,NA,NA,NA,NA
"prot-ol","OID21415","84870","RSPO3","ENSG00000146374","Q9BXY4",NA,NA,NA,NA,NA,NA
"prot-ol","OID21416","3685","ITGAV","ENSG00000138448","P06756",NA,NA,NA,NA,NA,NA
"prot-ol","OID21417","768","CA9","ENSG00000107159","Q16790",NA,NA,NA,NA,NA,NA
"prot-ol","OID21418","342510","CD300E","ENSG00000186407","Q496F6",NA,NA,NA,NA,NA,NA
"prot-ol","OID21419","79827","CLMP","ENSG00000166250","Q9H6B4",NA,NA,NA,NA,NA,NA
"prot-ol","OID21420","5816","PVALB","ENSG00000100362","P20472",NA,NA,NA,NA,NA,NA
"prot-ol","OID21421","64856","VWA1","ENSG00000179403","Q6PCB0",NA,NA,NA,NA,NA,NA
"prot-ol","OID21422","26762","HAVCR1","ENSG00000113249","Q96D42",NA,NA,NA,NA,NA,NA
"prot-ol","OID21423","2590","GALNT2","ENSG00000143641","Q10471",NA,NA,NA,NA,NA,NA
"prot-ol","OID21424","65078","RTN4R","ENSG00000040608","Q9BZR6",NA,NA,NA,NA,NA,NA
"prot-ol","OID21425","51540","SCLY","ENSG00000132330","Q96I15",NA,NA,NA,NA,NA,NA
"prot-ol","OID21426","6900","CNTN2","ENSG00000184144","Q02246",NA,NA,NA,NA,NA,NA
"prot-ol","OID21427","49860","CRNN","ENSG00000143536","Q9UBG3",NA,NA,NA,NA,NA,NA
"prot-ol","OID21428","1601","DAB2","ENSG00000153071","P98082",NA,NA,NA,NA,NA,NA
"prot-ol","OID21429","26018","LRIG1","ENSG00000144749","Q96JA1",NA,NA,NA,NA,NA,NA
"prot-ol","OID21430","3576","CXCL8","ENSG00000169429","P10145",NA,NA,NA,NA,NA,NA
"prot-ol","OID21431","822","CAPG","ENSG00000042493","P40121",NA,NA,NA,NA,NA,NA
"prot-ol","OID21432","51205","ACP6","ENSG00000162836","Q9NPH0",NA,NA,NA,NA,NA,NA
"prot-ol","OID21433","3049","HBQ1","ENSG00000086506","P09105",NA,NA,NA,NA,NA,NA
"prot-ol","OID21434","328","APEX1","ENSG00000100823","P27695",NA,NA,NA,NA,NA,NA
"prot-ol","OID21435","54504","CPVL","ENSG00000106066","Q9H3G5",NA,NA,NA,NA,NA,NA
"prot-ol","OID21436","83547","RILP","ENSG00000167705","Q96NA2",NA,NA,NA,NA,NA,NA
"prot-ol","OID21437","10988","METAP2","ENSG00000111142","P50579",NA,NA,NA,NA,NA,NA
"prot-ol","OID21438","2817","GPC1","ENSG00000063660","P35052",NA,NA,NA,NA,NA,NA
"prot-ol","OID21439","4321","MMP12","ENSG00000262406","P39900",NA,NA,NA,NA,NA,NA
"prot-ol","OID21440","2152","F3","ENSG00000117525","P13726",NA,NA,NA,NA,NA,NA
"prot-ol","OID21441","9394","HS6ST1","ENSG00000136720","O60243",NA,NA,NA,NA,NA,NA
"prot-ol","OID21442","2395","FXN","ENSG00000165060","Q16595",NA,NA,NA,NA,NA,NA
"prot-ol","OID21443","283659","PRTG","ENSG00000166450","Q2VWP7",NA,NA,NA,NA,NA,NA
"prot-ol","OID21444","8840","CCN4","ENSG00000104415","O95388",NA,NA,NA,NA,NA,NA
"prot-ol","OID21445","383","ARG1","ENSG00000118520","P05089",NA,NA,NA,NA,NA,NA
"prot-ol","OID21446","55504","TNFRSF19","ENSG00000127863","Q9NS68",NA,NA,NA,NA,NA,NA
"prot-ol","OID21447","4070","TACSTD2","ENSG00000184292","P09758",NA,NA,NA,NA,NA,NA
"prot-ol","OID21448","4925","NUCB2","ENSG00000070081","P80303",NA,NA,NA,NA,NA,NA
"prot-ol","OID21449","921","CD5","ENSG00000110448","P06127",NA,NA,NA,NA,NA,NA
"prot-ol","OID21450","404203","SPINK6","ENSG00000178172","Q6UWN8",NA,NA,NA,NA,NA,NA
"prot-ol","OID21451","60401","EDA2R","ENSG00000131080","Q9HAV5",NA,NA,NA,NA,NA,NA
"prot-ol","OID21452","4048","LTA4H","ENSG00000111144","P09960",NA,NA,NA,NA,NA,NA
"prot-ol","OID21453","6652","SORD","ENSG00000140263","Q00796",NA,NA,NA,NA,NA,NA
"prot-ol","OID21454","7044","LEFTY2","ENSG00000143768","O00292",NA,NA,NA,NA,NA,NA
"prot-ol","OID21455","3068","HDGF","ENSG00000143321","P51858",NA,NA,NA,NA,NA,NA
"prot-ol","OID21456","7180","CRISP2","ENSG00000124490","P16562",NA,NA,NA,NA,NA,NA
"prot-ol","OID21457","2674","GFRA1","ENSG00000151892","P56159",NA,NA,NA,NA,NA,NA
"prot-ol","OID21458","23413","NCS1","ENSG00000107130","P62166",NA,NA,NA,NA,NA,NA
"prot-ol","OID21459","3029","HAGH","ENSG00000063854","Q16775",NA,NA,NA,NA,NA,NA
"prot-ol","OID21460","1830","DSG3","ENSG00000134757","P32926",NA,NA,NA,NA,NA,NA
"prot-ol","OID21461","64093","SMOC1","ENSG00000198732","Q9H4F8",NA,NA,NA,NA,NA,NA
"prot-ol","OID21462","128488","WFDC12","ENSG00000168703","Q8WWY7",NA,NA,NA,NA,NA,NA
"prot-ol","OID21463","285","ANGPT2","ENSG00000091879","O15123",NA,NA,NA,NA,NA,NA
"prot-ol","OID21464","11197","WIF1","ENSG00000156076","Q9Y5W5",NA,NA,NA,NA,NA,NA
"prot-ol","OID21465","1839","HBEGF","ENSG00000113070","Q99075",NA,NA,NA,NA,NA,NA
"prot-ol","OID21466","6355","CCL8","ENSG00000108700","P80075",NA,NA,NA,NA,NA,NA
"prot-ol","OID21467","133","ADM","ENSG00000148926","P35318",NA,NA,NA,NA,NA,NA
"prot-ol","OID21468","3425","IDUA","ENSG00000127415","P35475",NA,NA,NA,NA,NA,NA
"prot-ol","OID21469","146722","CD300LF","ENSG00000186074","Q8TDQ1",NA,NA,NA,NA,NA,NA
"prot-ol","OID21470","11140","CDC37","ENSG00000105401","Q16543",NA,NA,NA,NA,NA,NA
"prot-ol","OID21471","27429","HTRA2","ENSG00000115317","O43464",NA,NA,NA,NA,NA,NA
"prot-ol","OID21472","945","CD33","ENSG00000105383","P20138",NA,NA,NA,NA,NA,NA
"prot-ol","OID21473","23659","PLA2G15","ENSG00000103066","Q8NCC3",NA,NA,NA,NA,NA,NA
"prot-ol","OID21474","131566","DCBLD2","ENSG00000057019","Q96PD2",NA,NA,NA,NA,NA,NA
"prot-ol","OID21475","4659","PPP1R12A","ENSG00000058272","O14974",NA,NA,NA,NA,NA,NA
"prot-ol","OID21476","475","ATOX1","ENSG00000177556","O00244",NA,NA,NA,NA,NA,NA
"prot-ol","OID21477","93643","TJAP1","ENSG00000137221","Q5JTD0",NA,NA,NA,NA,NA,NA
"prot-ol","OID21478","2263","FGFR2","ENSG00000066468","P21802",NA,NA,NA,NA,NA,NA
"prot-ol","OID21479","56265","CPXM1","ENSG00000088882","Q96SM3",NA,NA,NA,NA,NA,NA
"prot-ol","OID21480","51181","DCXR","ENSG00000169738","Q7Z4W1",NA,NA,NA,NA,NA,NA
"prot-ol","OID21481","725","C4BPB","ENSG00000123843","P20851",NA,NA,NA,NA,NA,NA
"prot-ol","OID21482","51330","TNFRSF12A","ENSG00000006327","Q9NP84",NA,NA,NA,NA,NA,NA
"prot-ol","OID21483","911","CD1C","ENSG00000158481","P29017",NA,NA,NA,NA,NA,NA
"prot-ol","OID21484","3897","L1CAM","ENSG00000198910","P32004",NA,NA,NA,NA,NA,NA
"prot-ol","OID21485","2352","FOLR3","ENSG00000110203","P41439",NA,NA,NA,NA,NA,NA
"prot-ol","OID21486","4681","NBL1","ENSG00000158747","P41271",NA,NA,NA,NA,NA,NA
"prot-ol","OID21487","50512","PODXL2","ENSG00000114631","Q9NZ53",NA,NA,NA,NA,NA,NA
"prot-ol","OID21488","23544","SEZ6L","ENSG00000100095","Q9BYH1",NA,NA,NA,NA,NA,NA
"prot-ol","OID21489","4192","MDK","ENSG00000110492","P21741",NA,NA,NA,NA,NA,NA
"prot-ol","OID21490","81607","NECTIN4","ENSG00000143217","Q96NY8",NA,NA,NA,NA,NA,NA
"prot-ol","OID21491","2324","FLT4","ENSG00000037280","P35916",NA,NA,NA,NA,NA,NA
"prot-ol","OID21492","54682","MANSC1","ENSG00000111261","Q9H8J5",NA,NA,NA,NA,NA,NA
"prot-ol","OID21493","7048","TGFBR2","ENSG00000163513","P37173",NA,NA,NA,NA,NA,NA
"prot-ol","OID21494","4745","NELL1","ENSG00000165973","Q92832",NA,NA,NA,NA,NA,NA
"prot-ol","OID21495","79770","TXNDC15","ENSG00000113621","Q96J42",NA,NA,NA,NA,NA,NA
"prot-ol","OID21496","7010","TEK","ENSG00000120156","Q02763",NA,NA,NA,NA,NA,NA
"prot-ol","OID21497","3791","KDR","ENSG00000128052","P35968",NA,NA,NA,NA,NA,NA
"prot-ol","OID21498","4907","NT5E","ENSG00000135318","P21589",NA,NA,NA,NA,NA,NA
"prot-ol","OID21499","3816","KLK1","ENSG00000167748","P06870",NA,NA,NA,NA,NA,NA
"prot-ol","OID21500","8722","CTSF","ENSG00000174080","Q9UBX1",NA,NA,NA,NA,NA,NA
"prot-ol","OID21501","57019","CIAPIN1","ENSG00000005194","Q6FI81",NA,NA,NA,NA,NA,NA
"prot-ol","OID21502","11095","ADAMTS8","ENSG00000134917","Q9UP79",NA,NA,NA,NA,NA,NA
"prot-ol","OID21503","54414","SIAE","ENSG00000110013","Q9HAT2",NA,NA,NA,NA,NA,NA
"prot-ol","OID21504","3597","IL13RA1","ENSG00000131724","P78552",NA,NA,NA,NA,NA,NA
"prot-ol","OID21505","10406","WFDC2","ENSG00000101443","Q14508",NA,NA,NA,NA,NA,NA
"prot-ol","OID21506","9342","SNAP29","ENSG00000099940","O95721",NA,NA,NA,NA,NA,NA
"prot-ol","OID21507","9982","FGFBP1","ENSG00000137440","Q14512",NA,NA,NA,NA,NA,NA
"prot-ol","OID21508","7512","XPNPEP2","ENSG00000122121","O43895",NA,NA,NA,NA,NA,NA
"prot-ol","OID21509","5034","P4HB","ENSG00000185624","P07237",NA,NA,NA,NA,NA,NA
"prot-ol","OID21510","2066","ERBB4","ENSG00000178568","Q15303",NA,NA,NA,NA,NA,NA
"prot-ol","OID21511","6678","SPARC","ENSG00000113140","P09486",NA,NA,NA,NA,NA,NA
"prot-ol","OID21512","7980","TFPI2","ENSG00000105825","P48307",NA,NA,NA,NA,NA,NA
"prot-ol","OID21513","4482","MSRA","ENSG00000175806","Q9UJ68",NA,NA,NA,NA,NA,NA
"prot-ol","OID21514","5045","FURIN","ENSG00000140564","P09958",NA,NA,NA,NA,NA,NA
"prot-ol","OID21515","8804","CREG1","ENSG00000143162","O75629",NA,NA,NA,NA,NA,NA
"prot-ol","OID21516","5539","PPY","ENSG00000108849","P01298",NA,NA,NA,NA,NA,NA
"prot-ol","OID21517","11202","KLK8","ENSG00000129455","O60259",NA,NA,NA,NA,NA,NA
"prot-ol","OID21518","11012","KLK11","ENSG00000167757","Q9UBX7",NA,NA,NA,NA,NA,NA
"prot-ol","OID21519","6275","S100A4","ENSG00000196154","P26447",NA,NA,NA,NA,NA,NA
"prot-ol","OID21520","2064","ERBB2","ENSG00000141736","P04626",NA,NA,NA,NA,NA,NA
"prot-ol","OID21521","6714","SRC","ENSG00000197122","P12931",NA,NA,NA,NA,NA,NA
"prot-ol","OID21522","3693","ITGB5","ENSG00000082781","P18084",NA,NA,NA,NA,NA,NA
"prot-ol","OID21523","5655","KLK10","ENSG00000129451","O43240",NA,NA,NA,NA,NA,NA
"prot-ol","OID21524","7424","VEGFC","ENSG00000150630","P49767",NA,NA,NA,NA,NA,NA
"prot-ol","OID21525","28514","DLL1","ENSG00000198719","O00548",NA,NA,NA,NA,NA,NA
"prot-ol","OID21526","5653","KLK6","ENSG00000167755","Q92876",NA,NA,NA,NA,NA,NA
"prot-ol","OID21527","939","CD27","ENSG00000139193","P26842",NA,NA,NA,NA,NA,NA
"prot-ol","OID21528","634","CEACAM1","ENSG00000079385","P13688",NA,NA,NA,NA,NA,NA
"prot-ol","OID21529","2348","FOLR1","ENSG00000110195","P15328",NA,NA,NA,NA,NA,NA
"prot-ol","OID21530","27076","LYPD3","ENSG00000124466","O95274",NA,NA,NA,NA,NA,NA
"prot-ol","OID21531","8190","MIA","ENSG00000261857","Q16674",NA,NA,NA,NA,NA,NA
