"tissue","assay","feature_id","gene_symbol","platform","contrast_type","contrast_category","Timepoint","logFC","CI.L_calculated","CI.R_calculated","p_value","adj_p_value"
"blood","prot-ol","OID20101","IL6",NA,"Endur_vs_Resist","EE-RE","post_24_hr",0.0896226094395647,-0.617843273251924,0.797088492131053,0.802806552649958,0.949563343159425
"blood","prot-ol","OID20101","IL6",NA,"exercise_with_controls","EE-CON","post_10_min",0.32227350072999,-0.267446122551981,0.911993124011961,0.282083688757282,0.786744953895692
"blood","prot-ol","OID20101","IL6",NA,"exercise_with_controls","EE-CON","post_24_hr",0.274060191979191,-0.445091296509195,0.993211680467577,0.452829798555696,0.986437074865836
"blood","prot-ol","OID20101","IL6",NA,"exercise_with_controls","EE-CON","during_40_min",0.178861272172516,-0.424375598009962,0.782098142354994,0.558990863644051,0.73680020608282
"blood","prot-ol","OID20101","IL6",NA,"Endur_vs_Resist","EE-RE","post_15_30_45_min",-0.0887222281287154,-0.636648371958645,0.459203915701214,0.749542749352054,0.9962271718238
"blood","prot-ol","OID20101","IL6",NA,"exercise_with_controls","RE-CON","post_3.5_4_hr",-0.858868225488269,-1.54807040855468,-0.169666042421859,0.0149068415691741,0.182535648068065
"blood","prot-ol","OID20101","IL6",NA,"exercise_with_controls","EE-CON","post_15_30_45_min",0.214352771871284,-0.386764492265487,0.815470036008055,0.48229953686953,0.894767619118963
"blood","prot-ol","OID20101","IL6",NA,"exercise_with_controls","EE-CON","during_20_min",-0.105669356412867,-0.695388979694941,0.484050266869207,0.723888179999203,0.870016582747134
"blood","prot-ol","OID20101","IL6",NA,"Endur_vs_Resist","EE-RE","post_3.5_4_hr",0.37121887146248,-0.365822001466455,1.10825974439142,0.321447781447885,0.988378319957115
"blood","prot-ol","OID20101","IL6",NA,"exercise_with_controls","RE-CON","post_10_min",0.231796567463569,-0.329443255488705,0.793036390415844,0.415900735861909,0.745045945279803
"blood","prot-ol","OID20101","IL6",NA,"Endur_vs_Resist","EE-RE","post_10_min",0.090476933266421,-0.453561963797109,0.634515830329951,0.743006687979118,0.954524457721134
"blood","prot-ol","OID20101","IL6",NA,"exercise_with_controls","EE-CON","post_3.5_4_hr",-0.487649354025789,-1.2520783723866,0.27677966433502,0.209585551184541,0.860169181055597
"blood","prot-ol","OID20101","IL6",NA,"exercise_with_controls","RE-CON","post_24_hr",0.184437582539626,-0.522716665415105,0.891591830494357,0.607254559676531,0.775280583220558
"blood","prot-ol","OID20101","IL6",NA,"exercise_with_controls","RE-CON","post_15_30_45_min",0.303075,-0.249731123083281,0.855881123083281,0.280536370410393,0.599885649890587
"blood","prot-ol","OID20106","DCN",NA,"Endur_vs_Resist","EE-RE","post_10_min",0.164996752116208,-0.0584813318406819,0.388474836073098,0.146795855550723,0.442573887905051
"blood","prot-ol","OID20106","DCN",NA,"exercise_with_controls","EE-CON","post_15_30_45_min",0.0827075878039177,-0.164395996363101,0.329811171970936,0.509585140951836,0.899451636601312
"blood","prot-ol","OID20106","DCN",NA,"exercise_with_controls","EE-CON","during_40_min",0.0120010479519653,-0.235746680279177,0.259748776183107,0.923915643734171,0.964898272085216
"blood","prot-ol","OID20106","DCN",NA,"exercise_with_controls","EE-CON","post_24_hr",-0.259021734235682,-0.55304882045742,0.0350053519860562,0.0838428092973464,0.986437074865836
"blood","prot-ol","OID20106","DCN",NA,"exercise_with_controls","EE-CON","post_10_min",0.0437501038614231,-0.198732769868754,0.286232977591601,0.72208774792583,0.942939154549897
"blood","prot-ol","OID20106","DCN",NA,"exercise_with_controls","RE-CON","post_10_min",-0.121246648254785,-0.351934884744636,0.109441588235066,0.30087611147853,0.673525197417183
"blood","prot-ol","OID20106","DCN",NA,"exercise_with_controls","EE-CON","post_3.5_4_hr",-0.130786046047048,-0.443445636185448,0.181873544091353,0.41009629336938,0.860169181055597
"blood","prot-ol","OID20106","DCN",NA,"Endur_vs_Resist","EE-RE","post_3.5_4_hr",0.159501902372407,-0.141316141113389,0.460319945858204,0.296746820748451,0.988378319957115
"blood","prot-ol","OID20106","DCN",NA,"exercise_with_controls","EE-CON","during_20_min",-0.0668225151861961,-0.309305388916356,0.175660358543964,0.587062757556637,0.786264581718105
"blood","prot-ol","OID20106","DCN",NA,"exercise_with_controls","RE-CON","post_15_30_45_min",-0.0461583333333335,-0.27355964122661,0.181242974559943,0.689067091285741,0.848935893748158
"blood","prot-ol","OID20106","DCN",NA,"Endur_vs_Resist","EE-RE","post_15_30_45_min",0.128865921137251,-0.0963404657169925,0.354072307991495,0.260169985181676,0.9962271718238
"blood","prot-ol","OID20106","DCN",NA,"exercise_with_controls","RE-CON","post_24_hr",-0.25882512332277,-0.547487968970406,0.0298377223248656,0.0785257027042944,0.436356551890138
"blood","prot-ol","OID20106","DCN",NA,"exercise_with_controls","RE-CON","post_3.5_4_hr",-0.290287948419455,-0.571788262989706,-0.00878763384920456,0.0433388921349587,0.322112801616581
"blood","prot-ol","OID20106","DCN",NA,"Endur_vs_Resist","EE-RE","post_24_hr",-0.00019661091291201,-0.288336374061784,0.28794315223596,0.998926978187537,0.998977466363943
"blood","prot-ol","OID20147","IL6ST",NA,"exercise_with_controls","EE-CON","post_10_min",-0.0541940730845265,-0.264143934876529,0.155755788707476,0.610907798565409,0.907583190856719
"blood","prot-ol","OID20147","IL6ST",NA,"exercise_with_controls","EE-CON","during_20_min",0.0413285459630927,-0.168621315828916,0.251278407755102,0.697970609389781,0.850407870597867
"blood","prot-ol","OID20147","IL6ST",NA,"exercise_with_controls","EE-CON","post_3.5_4_hr",-0.10380223356096,-0.37333535634098,0.165730889219061,0.448170129279848,0.866196889505676
"blood","prot-ol","OID20147","IL6ST",NA,"exercise_with_controls","EE-CON","post_15_30_45_min",-0.129072084371189,-0.342990645463689,0.0848464767213116,0.23518632743168,0.736210013273019
"blood","prot-ol","OID20147","IL6ST",NA,"exercise_with_controls","RE-CON","post_15_30_45_min",-0.0438833333333332,-0.240836568133111,0.153069901466445,0.660500210104006,0.837463787990189
"blood","prot-ol","OID20147","IL6ST",NA,"exercise_with_controls","RE-CON","post_3.5_4_hr",-0.195016768132201,-0.437536479340745,0.0475029430763437,0.114293613931172,0.55296059923153
"blood","prot-ol","OID20147","IL6ST",NA,"Endur_vs_Resist","EE-RE","post_3.5_4_hr",0.0912145345712411,-0.167770712768358,0.35019978191084,0.487882243277993,0.988378319957115
"blood","prot-ol","OID20147","IL6ST",NA,"Endur_vs_Resist","EE-RE","post_24_hr",-0.0384959721778811,-0.286230448686682,0.20923850433092,0.75945101730601,0.934309264546234
"blood","prot-ol","OID20147","IL6ST",NA,"Endur_vs_Resist","EE-RE","post_15_30_45_min",-0.0851887510378555,-0.280132442610864,0.109754940535153,0.389426890638874,0.9962271718238
"blood","prot-ol","OID20147","IL6ST",NA,"exercise_with_controls","RE-CON","post_10_min",-0.0784358244878068,-0.27812774446867,0.121256095493057,0.439071069850389,0.751507627097342
"blood","prot-ol","OID20147","IL6ST",NA,"Endur_vs_Resist","EE-RE","post_10_min",0.0242417514032803,-0.169122296752589,0.21760579955915,0.804778739547229,0.968643559449031
"blood","prot-ol","OID20147","IL6ST",NA,"exercise_with_controls","EE-CON","post_24_hr",-0.061074716131502,-0.314527221441885,0.192377789178881,0.634912497549081,0.986437074865836
"blood","prot-ol","OID20147","IL6ST",NA,"exercise_with_controls","RE-CON","post_24_hr",-0.0225787439536209,-0.271197856665458,0.226040368758216,0.857943770901089,0.925523014342765
"blood","prot-ol","OID20147","IL6ST",NA,"exercise_with_controls","EE-CON","during_40_min",-0.0238719790229225,-0.238201582640497,0.190457624594652,0.826190765190533,0.913419586052742
"blood","prot-ol","OID20232","KYAT1",NA,"exercise_with_controls","EE-CON","post_24_hr",-0.342099477360354,-1.10450462856641,0.420305673845699,0.376985424423532,0.986437074865836
"blood","prot-ol","OID20232","KYAT1",NA,"exercise_with_controls","EE-CON","during_20_min",0.0375726133943952,-0.591701172343398,0.666846399132189,0.906286331931211,0.959079710490311
"blood","prot-ol","OID20232","KYAT1",NA,"Endur_vs_Resist","EE-RE","post_3.5_4_hr",-0.245372744009738,-1.02520065299375,0.53445516497428,0.535365272997478,0.988378319957115
"blood","prot-ol","OID20232","KYAT1",NA,"exercise_with_controls","EE-CON","during_40_min",-0.0578446926160483,-0.700677668631658,0.584988283399561,0.859191215638265,0.922328751938955
"blood","prot-ol","OID20232","KYAT1",NA,"exercise_with_controls","EE-CON","post_15_30_45_min",-0.33750590675383,-0.978750828774135,0.303739015266475,0.300187660610751,0.782052253347737
"blood","prot-ol","OID20232","KYAT1",NA,"exercise_with_controls","RE-CON","post_24_hr",0.19473567659069,-0.553624166507014,0.943095519688395,0.608156603145912,0.775280583220558
"blood","prot-ol","OID20232","KYAT1",NA,"exercise_with_controls","EE-CON","post_3.5_4_hr",-0.261417060721737,-1.07215896646589,0.549324845022421,0.525289085593229,0.888227487214326
"blood","prot-ol","OID20232","KYAT1",NA,"Endur_vs_Resist","EE-RE","post_24_hr",-0.536835153951044,-1.28359334464224,0.209923036740156,0.157725630756449,0.637422810990774
"blood","prot-ol","OID20232","KYAT1",NA,"Endur_vs_Resist","EE-RE","post_10_min",-0.911137423895099,-1.49101452830353,-0.33126031948667,0.00226158156172009,0.0717932428219786
"blood","prot-ol","OID20232","KYAT1",NA,"Endur_vs_Resist","EE-RE","post_15_30_45_min",-0.332161462309386,-0.91657130626888,0.252248381650108,0.26336502424602,0.9962271718238
"blood","prot-ol","OID20232","KYAT1",NA,"exercise_with_controls","RE-CON","post_15_30_45_min",-0.00534444444444437,-0.595514892979484,0.584826004090595,0.98575397810999,0.990647792185714
"blood","prot-ol","OID20232","KYAT1",NA,"exercise_with_controls","RE-CON","post_3.5_4_hr",-0.0160443167119984,-0.745881980598323,0.713793347174326,0.965437311076991,0.994416710556287
"blood","prot-ol","OID20232","KYAT1",NA,"exercise_with_controls","RE-CON","post_10_min",0.438261227765686,-0.160376324833434,1.03689878036481,0.150196750158386,0.550378292705708
"blood","prot-ol","OID20232","KYAT1",NA,"exercise_with_controls","EE-CON","post_10_min",-0.472876196129414,-1.1021499818672,0.15639758960837,0.139768181969811,0.702356889036487
"blood","prot-ol","OID20247","PLAT",NA,"Endur_vs_Resist","EE-RE","post_24_hr",-0.174618813138898,-1.08828204725673,0.739044420978939,0.706451780155752,0.917200529511886
"blood","prot-ol","OID20247","PLAT",NA,"exercise_with_controls","EE-CON","during_20_min",1.39521623879383,0.628463551018323,2.16196892656935,0.000433289697586471,0.0227385859566904
"blood","prot-ol","OID20247","PLAT",NA,"exercise_with_controls","RE-CON","post_15_30_45_min",0.826627777777778,0.107653556409566,1.54560199914599,0.0245038783221385,0.218495803366434
"blood","prot-ol","OID20247","PLAT",NA,"Endur_vs_Resist","EE-RE","post_10_min",-0.0813994320054731,-0.788255456647671,0.625456592636725,0.820398017407773,0.971453121498133
"blood","prot-ol","OID20247","PLAT",NA,"exercise_with_controls","RE-CON","post_24_hr",0.946550506242126,0.0318462524947674,1.86125475998948,0.0426226207942741,0.360900875488822
"blood","prot-ol","OID20247","PLAT",NA,"exercise_with_controls","EE-CON","post_24_hr",0.771931693103228,-0.159388640055358,1.70325202626181,0.103642129779134,0.986437074865836
"blood","prot-ol","OID20247","PLAT",NA,"exercise_with_controls","EE-CON","post_3.5_4_hr",0.186955108900228,-0.803303428466835,1.17721364626729,0.709819812059895,0.919103361077817
"blood","prot-ol","OID20247","PLAT",NA,"exercise_with_controls","RE-CON","post_10_min",1.15200852794216,0.422478734005109,1.88153832187922,0.00215388143754417,0.0635843108243429
"blood","prot-ol","OID20247","PLAT",NA,"Endur_vs_Resist","EE-RE","post_3.5_4_hr",0.187904032586472,-0.765402830701177,1.14121089587412,0.69768465906482,0.988378319957115
"blood","prot-ol","OID20247","PLAT",NA,"exercise_with_controls","EE-CON","post_10_min",1.07060909593669,0.303856408161053,1.83736178371233,0.00649973676868651,0.23025317503072
"blood","prot-ol","OID20247","PLAT",NA,"exercise_with_controls","RE-CON","post_3.5_4_hr",-0.000948923686243996,-0.892825255231054,0.890927407858566,0.998326580240874,0.999031613136524
"blood","prot-ol","OID20247","PLAT",NA,"exercise_with_controls","EE-CON","post_15_30_45_min",0.439437491877601,-0.341980926815615,1.22085591057082,0.268421003442372,0.757674426051475
"blood","prot-ol","OID20247","PLAT",NA,"exercise_with_controls","EE-CON","during_40_min",2.05242578491035,1.26875963913992,2.83609193068077,6.75755624015219e-07,7.97954766024637e-05
"blood","prot-ol","OID20247","PLAT",NA,"Endur_vs_Resist","EE-RE","post_15_30_45_min",-0.387190285900177,-1.09939110868591,0.325010536885554,0.284608994044835,0.9962271718238
"blood","prot-ol","OID20251","GDF15",NA,"exercise_with_controls","EE-CON","post_3.5_4_hr",0.105726146412059,-0.328679413662847,0.540131706486966,0.631462379759147,0.900790454970818
"blood","prot-ol","OID20251","GDF15",NA,"exercise_with_controls","EE-CON","during_40_min",0.359733625546562,0.0172325886000972,0.702234662493028,0.0396550220395438,0.157398224733988
"blood","prot-ol","OID20251","GDF15",NA,"Endur_vs_Resist","EE-RE","post_3.5_4_hr",-0.0963798084773262,-0.515459661317807,0.322700044363154,0.650366178628961,0.988378319957115
"blood","prot-ol","OID20251","GDF15",NA,"exercise_with_controls","EE-CON","post_24_hr",0.127100494311475,-0.281631097359596,0.535832085982547,0.540060889853609,0.986437074865836
"blood","prot-ol","OID20251","GDF15",NA,"exercise_with_controls","EE-CON","during_20_min",0.15304295237011,-0.181684542174351,0.487770446914572,0.367919765819177,0.65187793518558
"blood","prot-ol","OID20251","GDF15",NA,"exercise_with_controls","RE-CON","post_24_hr",0.217184332609633,-0.18491476056501,0.619283425784277,0.287779179873143,0.62264223955404
"blood","prot-ol","OID20251","GDF15",NA,"Endur_vs_Resist","EE-RE","post_10_min",0.138032592399013,-0.170844305034413,0.44690948983244,0.378823378158027,0.72148569718023
"blood","prot-ol","OID20251","GDF15",NA,"Endur_vs_Resist","EE-RE","post_15_30_45_min",0.0754351892323946,-0.235605095777567,0.386475474242357,0.632633307949753,0.9962271718238
"blood","prot-ol","OID20251","GDF15",NA,"Endur_vs_Resist","EE-RE","post_24_hr",-0.090083838298158,-0.492568321651345,0.312400645055029,0.659139612538174,0.906154145553707
"blood","prot-ol","OID20251","GDF15",NA,"exercise_with_controls","EE-CON","post_10_min",0.114607238084396,-0.220120256460088,0.449334732628881,0.499912912583088,0.866788262939294
"blood","prot-ol","OID20251","GDF15",NA,"exercise_with_controls","RE-CON","post_3.5_4_hr",0.202105954889385,-0.189715542801564,0.593927452580335,0.3099549698454,0.846570751542394
"blood","prot-ol","OID20251","GDF15",NA,"exercise_with_controls","RE-CON","post_15_30_45_min",-0.100480555555555,-0.414223616606471,0.213262505495361,0.527980327023187,0.764025790500921
"blood","prot-ol","OID20251","GDF15",NA,"exercise_with_controls","EE-CON","post_15_30_45_min",-0.0250453663231604,-0.366268163557087,0.316177430910766,0.884933415127063,0.971494228208209
"blood","prot-ol","OID20251","GDF15",NA,"exercise_with_controls","RE-CON","post_10_min",-0.0234253543146168,-0.342018897467223,0.295168188837989,0.884733549968373,0.967149358809243
"blood","prot-ol","OID20276","CTSB",NA,"Endur_vs_Resist","EE-RE","post_15_30_45_min",0.0189027762336318,-0.423630984263192,0.461436536730456,0.932880452872084,0.9962271718238
"blood","prot-ol","OID20276","CTSB",NA,"Endur_vs_Resist","EE-RE","post_10_min",0.0546551904833344,-0.384816951395382,0.49412733236205,0.806309471245778,0.968643559449031
"blood","prot-ol","OID20276","CTSB",NA,"Endur_vs_Resist","EE-RE","post_24_hr",-0.0727759206888466,-0.645744869971905,0.500193028594212,0.802297886329947,0.949563343159425
"blood","prot-ol","OID20276","CTSB",NA,"exercise_with_controls","EE-CON","post_24_hr",0.260503336895127,-0.321205000396904,0.842211674187158,0.377854361268719,0.986437074865836
"blood","prot-ol","OID20276","CTSB",NA,"exercise_with_controls","EE-CON","post_3.5_4_hr",0.132816870971371,-0.485406532870481,0.751040274813223,0.67196803293062,0.909581181761157
"blood","prot-ol","OID20276","CTSB",NA,"exercise_with_controls","EE-CON","post_10_min",0.0545623978424048,-0.421657734002742,0.530782529687552,0.82128453763889,0.975513615459351
"blood","prot-ol","OID20276","CTSB",NA,"Endur_vs_Resist","EE-RE","post_3.5_4_hr",-0.00407157262168983,-0.600576659797699,0.592433514554319,0.989263380395577,0.997002994324703
"blood","prot-ol","OID20276","CTSB",NA,"exercise_with_controls","RE-CON","post_15_30_45_min",-0.0442722222222224,-0.490625429956023,0.402080985511578,0.844953803053935,0.927343268869597
"blood","prot-ol","OID20276","CTSB",NA,"exercise_with_controls","RE-CON","post_3.5_4_hr",0.136888443593061,-0.420797308313365,0.694574195499486,0.628564507723718,0.962028136058094
"blood","prot-ol","OID20276","CTSB",NA,"exercise_with_controls","EE-CON","during_40_min",0.509221110600887,0.0219028896023544,0.99653933159942,0.0406635430804824,0.160082296194137
"blood","prot-ol","OID20276","CTSB",NA,"exercise_with_controls","RE-CON","post_10_min",-9.27926409295954e-05,-0.453371159414941,0.453185574133082,0.999677939934151,0.999677939934151
"blood","prot-ol","OID20276","CTSB",NA,"exercise_with_controls","EE-CON","during_20_min",0.349570731175738,-0.126649400669387,0.825790863020862,0.149110910829957,0.479768198062501
"blood","prot-ol","OID20276","CTSB",NA,"exercise_with_controls","EE-CON","post_15_30_45_min",-0.0253694459885906,-0.510840722818954,0.460101830841773,0.917934338377788,0.97431682208339
"blood","prot-ol","OID20276","CTSB",NA,"exercise_with_controls","RE-CON","post_24_hr",0.333279257583974,-0.239063290061716,0.905621805229664,0.251914434394064,0.585019466215721
"blood","prot-ol","OID20385","IL6R",NA,"Endur_vs_Resist","EE-RE","post_3.5_4_hr",0.176433880562433,-0.336799129898655,0.689666891023521,0.498292112426341,0.988378319957115
"blood","prot-ol","OID20385","IL6R",NA,"exercise_with_controls","RE-CON","post_10_min",-0.154322655577919,-0.54651180039328,0.237866489237443,0.43827187304044,0.751507627097342
"blood","prot-ol","OID20385","IL6R",NA,"Endur_vs_Resist","EE-RE","post_15_30_45_min",-0.0626123089483032,-0.445488619760638,0.320264001864032,0.747165659170091,0.9962271718238
"blood","prot-ol","OID20385","IL6R",NA,"exercise_with_controls","EE-CON","post_24_hr",-0.223980496989544,-0.725199612502828,0.27723861852374,0.37891207896711,0.986437074865836
"blood","prot-ol","OID20385","IL6R",NA,"exercise_with_controls","EE-CON","post_3.5_4_hr",0.142251094350549,-0.390648772966897,0.675150961667995,0.598883090089384,0.893556463649795
"blood","prot-ol","OID20385","IL6R",NA,"exercise_with_controls","RE-CON","post_15_30_45_min",-0.0765555555555556,-0.46300825660007,0.309897145488959,0.696163777299814,0.852605075569435
"blood","prot-ol","OID20385","IL6R",NA,"Endur_vs_Resist","EE-RE","post_24_hr",-0.0485315803579516,-0.540630278515874,0.443567117799971,0.845878284676763,0.958771299698826
"blood","prot-ol","OID20385","IL6R",NA,"exercise_with_controls","EE-CON","post_15_30_45_min",-0.139167864503859,-0.559243327660342,0.280907598652625,0.513902434666539,0.902354089123279
"blood","prot-ol","OID20385","IL6R",NA,"exercise_with_controls","EE-CON","during_40_min",0.107279904878634,-0.314082943188371,0.528642752945639,0.615819350752445,0.771023445630117
"blood","prot-ol","OID20385","IL6R",NA,"exercise_with_controls","RE-CON","post_24_hr",-0.175448916631593,-0.667879702865112,0.316981869601927,0.482795684881581,0.717093138662221
"blood","prot-ol","OID20385","IL6R",NA,"exercise_with_controls","RE-CON","post_3.5_4_hr",-0.0341827862118841,-0.51426899502437,0.445903422600602,0.888382025623238,0.988881177317023
"blood","prot-ol","OID20385","IL6R",NA,"exercise_with_controls","EE-CON","during_20_min",0.342538921553288,-0.0696307977692526,0.754708640875828,0.102712288848719,0.411113484996353
"blood","prot-ol","OID20385","IL6R",NA,"Endur_vs_Resist","EE-RE","post_10_min",-0.0357431847735553,-0.41579157625802,0.344305206710909,0.852899298858172,0.981769542227481
"blood","prot-ol","OID20385","IL6R",NA,"exercise_with_controls","EE-CON","post_10_min",-0.190065840351474,-0.602235559674097,0.222103878971149,0.363847345898225,0.809289895872283
"blood","prot-ol","OID20464","CXCL12",NA,"exercise_with_controls","RE-CON","post_3.5_4_hr",-0.0181284571859635,-0.50116825432042,0.464911339948493,0.941031302944554,0.989041301874304
"blood","prot-ol","OID20464","CXCL12",NA,"exercise_with_controls","EE-CON","post_3.5_4_hr",0.0396904716241815,-0.496693049763148,0.57607399301151,0.884036492430928,0.969685572524738
"blood","prot-ol","OID20464","CXCL12",NA,"exercise_with_controls","RE-CON","post_24_hr",-0.175050313829292,-0.670430011084433,0.320329383425849,0.486426354928231,0.719085876404783
"blood","prot-ol","OID20464","CXCL12",NA,"Endur_vs_Resist","EE-RE","post_3.5_4_hr",0.0578189288101449,-0.458454616521533,0.574092474141822,0.825307001218745,0.988378319957115
"blood","prot-ol","OID20464","CXCL12",NA,"exercise_with_controls","RE-CON","post_10_min",0.410737540080978,0.0153975265351705,0.806077553626786,0.0418148596327635,0.309528330431497
"blood","prot-ol","OID20464","CXCL12",NA,"exercise_with_controls","EE-CON","during_20_min",0.336896446149048,-0.0786280883960535,0.752420980694149,0.111321138260382,0.425180735619841
"blood","prot-ol","OID20464","CXCL12",NA,"exercise_with_controls","EE-CON","during_40_min",0.271633758908238,-0.153011983675174,0.69627950149165,0.208369985420342,0.45494648588694
"blood","prot-ol","OID20464","CXCL12",NA,"exercise_with_controls","EE-CON","post_15_30_45_min",0.0412016076768431,-0.382261278149115,0.464664493502801,0.847887728103636,0.971494228208209
"blood","prot-ol","OID20464","CXCL12",NA,"exercise_with_controls","EE-CON","post_24_hr",-0.292478963609447,-0.796923963001624,0.21196603578273,0.254004418937557,0.986437074865836
"blood","prot-ol","OID20464","CXCL12",NA,"Endur_vs_Resist","EE-RE","post_24_hr",-0.117428649780155,-0.61214150455132,0.377284204991011,0.640016007351309,0.901507773620712
"blood","prot-ol","OID20464","CXCL12",NA,"Endur_vs_Resist","EE-RE","post_15_30_45_min",-0.166120614545378,-0.552068638431977,0.21982740934122,0.396627555680778,0.9962271718238
"blood","prot-ol","OID20464","CXCL12",NA,"exercise_with_controls","EE-CON","post_10_min",0.20189644614905,-0.213628088396122,0.617420980694221,0.338766118012358,0.794195855319755
"blood","prot-ol","OID20464","CXCL12",NA,"exercise_with_controls","RE-CON","post_15_30_45_min",0.207322222222222,-0.182324758681148,0.596969203125591,0.294973798116242,0.611973458170886
"blood","prot-ol","OID20464","CXCL12",NA,"Endur_vs_Resist","EE-RE","post_10_min",-0.208841093931929,-0.591872509280019,0.174190321416162,0.283255635416094,0.630099270619475
"blood","prot-ol","OID20503","FGF2",NA,"exercise_with_controls","RE-CON","post_15_30_45_min",0.322099999999999,-0.20863629718695,0.852836297186948,0.232512604264366,0.561278296835786
"blood","prot-ol","OID20503","FGF2",NA,"exercise_with_controls","EE-CON","post_10_min",-0.500659577293495,-1.06654808468334,0.0652289300963537,0.0825211483819,0.667689336558787
"blood","prot-ol","OID20503","FGF2",NA,"Endur_vs_Resist","EE-RE","post_3.5_4_hr",-0.279044845003097,-0.980026901861981,0.421937211855788,0.433117143607888,0.988378319957115
"blood","prot-ol","OID20503","FGF2",NA,"exercise_with_controls","RE-CON","post_24_hr",0.165375092935881,-0.507337420921574,0.838087606793336,0.628135311883187,0.788360047520111
"blood","prot-ol","OID20503","FGF2",NA,"exercise_with_controls","EE-CON","post_3.5_4_hr",0.0883724232332097,-0.640473351981974,0.817218198448394,0.811130969680201,0.952757423850923
"blood","prot-ol","OID20503","FGF2",NA,"exercise_with_controls","EE-CON","post_24_hr",-0.130452797273489,-0.815838123893447,0.55493252934647,0.707603607856947,0.986437074865836
"blood","prot-ol","OID20503","FGF2",NA,"exercise_with_controls","EE-CON","during_40_min",0.21752917159594,-0.360516513713437,0.795574856905317,0.458533827087468,0.68901636583557
"blood","prot-ol","OID20503","FGF2",NA,"exercise_with_controls","RE-CON","post_3.5_4_hr",0.367417268236306,-0.288661149782363,1.02349568625498,0.270536448553407,0.813698290729183
"blood","prot-ol","OID20503","FGF2",NA,"Endur_vs_Resist","EE-RE","post_24_hr",-0.29582789020937,-0.96701249049045,0.37535671007171,0.385567370573699,0.80109818783421
"blood","prot-ol","OID20503","FGF2",NA,"Endur_vs_Resist","EE-RE","post_15_30_45_min",-0.273482330393574,-0.799015928306167,0.25205126751902,0.305692196448251,0.9962271718238
"blood","prot-ol","OID20503","FGF2",NA,"exercise_with_controls","EE-CON","during_20_min",0.174116613182695,-0.39177189420718,0.74000512057257,0.544335123291799,0.75379895253061
"blood","prot-ol","OID20503","FGF2",NA,"exercise_with_controls","EE-CON","post_15_30_45_min",0.0486176696064253,-0.528029301853618,0.625264641066469,0.867990095909519,0.971494228208209
"blood","prot-ol","OID20503","FGF2",NA,"exercise_with_controls","RE-CON","post_10_min",0.427058438680564,-0.11127024150354,0.965387118864669,0.119183483004785,0.520157049491922
"blood","prot-ol","OID20503","FGF2",NA,"Endur_vs_Resist","EE-RE","post_10_min",-0.92771801597406,-1.44915874179587,-0.406277290152246,0.00057198655868748,0.0717932428219786
"blood","prot-ol","OID20563","IL6",NA,"exercise_with_controls","EE-CON","during_20_min",-0.0876407539599338,-0.737129975893161,0.561848467973293,0.790205452396175,0.901627508042289
"blood","prot-ol","OID20563","IL6",NA,"Endur_vs_Resist","EE-RE","post_15_30_45_min",-0.10316835798808,-0.70653921039399,0.50020249441783,0.736049012946261,0.9962271718238
"blood","prot-ol","OID20563","IL6",NA,"exercise_with_controls","RE-CON","post_24_hr",-0.0255825995607011,-0.802488506045827,0.751323306924425,0.948242567851614,0.972961418280766
"blood","prot-ol","OID20563","IL6",NA,"exercise_with_controls","RE-CON","post_15_30_45_min",0.25058611111111,-0.358335568644234,0.859507790866454,0.417580253146447,0.697515741875376
"blood","prot-ol","OID20563","IL6",NA,"Endur_vs_Resist","EE-RE","post_24_hr",0.212193019064515,-0.564479532256286,0.988865570385315,0.590355922828529,0.887747869336261
"blood","prot-ol","OID20563","IL6",NA,"Endur_vs_Resist","EE-RE","post_3.5_4_hr",0.0576081686608918,-0.752132526837421,0.867348864159204,0.888466118551908,0.988378319957115
"blood","prot-ol","OID20563","IL6",NA,"exercise_with_controls","EE-CON","post_10_min",0.289940198421018,-0.359549023512271,0.939429420354308,0.379303991708285,0.818760812452684
"blood","prot-ol","OID20563","IL6",NA,"Endur_vs_Resist","EE-RE","post_10_min",0.0437435206377565,-0.555229133114173,0.642716174389686,0.885505047510295,0.989102920001103
"blood","prot-ol","OID20563","IL6",NA,"exercise_with_controls","EE-CON","post_24_hr",0.186610419503814,-0.603945863252173,0.9771667022598,0.641782379568665,0.986437074865836
"blood","prot-ol","OID20563","IL6",NA,"exercise_with_controls","RE-CON","post_10_min",0.246196677783262,-0.371845632699395,0.864238988265919,0.432625575016897,0.746779202688605
"blood","prot-ol","OID20563","IL6",NA,"exercise_with_controls","EE-CON","post_3.5_4_hr",-0.533319926005139,-1.37378737274669,0.307147520736411,0.212015530875153,0.860169181055597
"blood","prot-ol","OID20563","IL6",NA,"exercise_with_controls","RE-CON","post_3.5_4_hr",-0.590928094666031,-1.3482814134133,0.166425224081234,0.125342104946922,0.58811179705228
"blood","prot-ol","OID20563","IL6",NA,"exercise_with_controls","EE-CON","post_15_30_45_min",0.14741775312303,-0.51455919505959,0.80939470130565,0.660680216949839,0.933519308351035
"blood","prot-ol","OID20563","IL6",NA,"exercise_with_controls","EE-CON","during_40_min",0.373367585752003,-0.290739411281568,1.03747458278557,0.268544545388243,0.533699327931472
"blood","prot-ol","OID20650","VEGFA",NA,"exercise_with_controls","RE-CON","post_15_30_45_min",-0.0618777777777781,-0.338585815635724,0.214830260080168,0.659365807559916,0.837463787990189
"blood","prot-ol","OID20650","VEGFA",NA,"Endur_vs_Resist","EE-RE","post_3.5_4_hr",0.0341775144222803,-0.334206258476047,0.402561287320608,0.854890326065552,0.988378319957115
"blood","prot-ol","OID20650","VEGFA",NA,"exercise_with_controls","EE-CON","post_3.5_4_hr",0.0427674368758644,-0.339471344477593,0.425006218229322,0.825435010813123,0.95476994488591
"blood","prot-ol","OID20650","VEGFA",NA,"Endur_vs_Resist","EE-RE","post_24_hr",0.179630359508624,-0.173821692008299,0.533082411025548,0.31716301690145,0.755327722603958
"blood","prot-ol","OID20650","VEGFA",NA,"exercise_with_controls","EE-CON","post_10_min",0.190586208789417,-0.104575035076669,0.485747452655503,0.204101752909085,0.739140563098894
"blood","prot-ol","OID20650","VEGFA",NA,"exercise_with_controls","RE-CON","post_3.5_4_hr",0.00858992245358403,-0.335926163534652,0.35310600844182,0.960798310912495,0.992394311382734
"blood","prot-ol","OID20650","VEGFA",NA,"exercise_with_controls","EE-CON","post_24_hr",0.0103048473336353,-0.349258865360714,0.369868560027985,0.954944568954027,0.994366247793521
"blood","prot-ol","OID20650","VEGFA",NA,"exercise_with_controls","RE-CON","post_10_min",0.0244136024241116,-0.256472201314169,0.305299406162392,0.863937157040399,0.95900729128042
"blood","prot-ol","OID20650","VEGFA",NA,"exercise_with_controls","RE-CON","post_24_hr",-0.169325512174989,-0.522769250967658,0.18411822661768,0.345609102696029,0.647788490106181
"blood","prot-ol","OID20650","VEGFA",NA,"exercise_with_controls","EE-CON","post_15_30_45_min",0.209718033850161,-0.0911307972559682,0.510566864956291,0.170548219758577,0.673836540985437
"blood","prot-ol","OID20650","VEGFA",NA,"exercise_with_controls","EE-CON","during_40_min",0.369481878982513,0.0676246374294683,0.671339120535557,0.0167538922339456,0.10102240551277
"blood","prot-ol","OID20650","VEGFA",NA,"Endur_vs_Resist","EE-RE","post_10_min",0.166172606365305,-0.10607164945857,0.43841686218918,0.229836924655718,0.556716106388294
"blood","prot-ol","OID20650","VEGFA",NA,"exercise_with_controls","EE-CON","during_20_min",0.350226684979893,0.0550654411138014,0.645387928845985,0.0203391757731097,0.21792751038159
"blood","prot-ol","OID20650","VEGFA",NA,"Endur_vs_Resist","EE-RE","post_15_30_45_min",0.271595811627939,-0.00262409324629292,0.545815716502172,0.0522065223765773,0.74378401161213
"blood","prot-ol","OID20718","HSPA1A",NA,"exercise_with_controls","RE-CON","post_15_30_45_min",0.346005555555556,-0.38363145373916,1.07564256485027,0.350441508919613,0.651633363700005
"blood","prot-ol","OID20718","HSPA1A",NA,"exercise_with_controls","EE-CON","post_3.5_4_hr",-0.242340003830598,-1.24089231709476,0.756212309433561,0.632523996256855,0.900790454970818
"blood","prot-ol","OID20718","HSPA1A",NA,"Endur_vs_Resist","EE-RE","post_24_hr",-0.57032484308213,-1.48813209906939,0.347482412905135,0.221714758525218,0.679403229215492
"blood","prot-ol","OID20718","HSPA1A",NA,"exercise_with_controls","RE-CON","post_3.5_4_hr",0.0915887138085407,-0.806888462394278,0.99006589001136,0.840778558881318,0.987879948536341
"blood","prot-ol","OID20718","HSPA1A",NA,"exercise_with_controls","EE-CON","post_15_30_45_min",0.147942450350246,-0.644547452677265,0.940432353377757,0.712887268870395,0.942709406252907
"blood","prot-ol","OID20718","HSPA1A",NA,"Endur_vs_Resist","EE-RE","post_3.5_4_hr",-0.333928717639139,-1.29341094246268,0.625553507184399,0.493066548281759,0.988378319957115
"blood","prot-ol","OID20718","HSPA1A",NA,"exercise_with_controls","EE-CON","during_20_min",0.240037839316199,-0.537748656951782,1.01782433558418,0.543103952620752,0.753141471368083
"blood","prot-ol","OID20718","HSPA1A",NA,"Endur_vs_Resist","EE-RE","post_15_30_45_min",-0.19806310520531,-0.920258581666893,0.524132371256274,0.588876113342709,0.9962271718238
"blood","prot-ol","OID20718","HSPA1A",NA,"exercise_with_controls","RE-CON","post_24_hr",0.305760554572869,-0.615314781212888,1.22683589035863,0.513209305018205,0.733044187813147
"blood","prot-ol","OID20718","HSPA1A",NA,"Endur_vs_Resist","EE-RE","post_10_min",-1.01083114631688,-1.72717700049756,-0.294485292136206,0.00596059101799762,0.0849369930652843
"blood","prot-ol","OID20718","HSPA1A",NA,"exercise_with_controls","EE-CON","during_40_min",0.406449515083253,-0.387567335679134,1.20046636584564,0.313634577827272,0.575912694204965
"blood","prot-ol","OID20718","HSPA1A",NA,"exercise_with_controls","RE-CON","post_10_min",0.532793985633083,-0.206991890455672,1.27257986172184,0.15690258591343,0.551689737566576
"blood","prot-ol","OID20718","HSPA1A",NA,"exercise_with_controls","EE-CON","post_24_hr",-0.26456428850926,-1.20354194475055,0.674413367732031,0.578835463635451,0.986437074865836
"blood","prot-ol","OID20718","HSPA1A",NA,"exercise_with_controls","EE-CON","post_10_min",-0.478037160683802,-1.25582365695174,0.299749335584138,0.226643174663744,0.746868322089593
"blood","prot-ol","OID20770","FST",NA,"Endur_vs_Resist","EE-RE","post_3.5_4_hr",0.167872627689703,-0.166409189044005,0.50215444442341,0.322827387428462,0.988378319957115
"blood","prot-ol","OID20770","FST",NA,"exercise_with_controls","EE-CON","post_24_hr",-0.0915925062110124,-0.417222234229766,0.234037221807741,0.579348171652356,0.986437074865836
"blood","prot-ol","OID20770","FST",NA,"exercise_with_controls","RE-CON","post_24_hr",-0.474485261549246,-0.795293891942078,-0.153676631156414,0.00399177007216632,0.220388445312025
"blood","prot-ol","OID20770","FST",NA,"exercise_with_controls","EE-CON","post_3.5_4_hr",-0.0096315239852105,-0.355557225743619,0.336294177773198,0.956219610637842,0.987573141463521
"blood","prot-ol","OID20770","FST",NA,"Endur_vs_Resist","EE-RE","post_24_hr",0.382892755338234,0.0613374642527802,0.704448046423688,0.0199061063330172,0.440733635529459
"blood","prot-ol","OID20770","FST",NA,"Endur_vs_Resist","EE-RE","post_15_30_45_min",0.0170345309452528,-0.22997738346382,0.264046445354325,0.891841353479714,0.9962271718238
"blood","prot-ol","OID20770","FST",NA,"exercise_with_controls","RE-CON","post_3.5_4_hr",-0.177504151674913,-0.489935388596122,0.134927085246296,0.263554815165785,0.804448542013167
"blood","prot-ol","OID20770","FST",NA,"exercise_with_controls","EE-CON","post_10_min",-0.047031724175349,-0.312764388168949,0.218700939818251,0.727151138300474,0.942939154549897
"blood","prot-ol","OID20770","FST",NA,"exercise_with_controls","EE-CON","post_15_30_45_min",-0.150218246832525,-0.421171061429548,0.120734567764499,0.275212242922687,0.765148613760643
"blood","prot-ol","OID20770","FST",NA,"exercise_with_controls","RE-CON","post_15_30_45_min",-0.167252777777777,-0.416256212371868,0.0817506568163133,0.186561508622735,0.511330092298675
"blood","prot-ol","OID20770","FST",NA,"exercise_with_controls","EE-CON","during_20_min",-0.0415174384610635,-0.307250102454683,0.224215225532556,0.758066090897693,0.889314588348536
"blood","prot-ol","OID20770","FST",NA,"Endur_vs_Resist","EE-RE","post_10_min",0.0440628369769749,-0.201325194909836,0.289450868863785,0.72334657989815,0.945651046854586
"blood","prot-ol","OID20770","FST",NA,"exercise_with_controls","RE-CON","post_10_min",-0.0910945611523239,-0.344092971289587,0.161903848984939,0.478075870659306,0.764847505445577
"blood","prot-ol","OID20770","FST",NA,"exercise_with_controls","EE-CON","during_40_min",0.148893056694971,-0.123237950430284,0.421024063820226,0.281535020843669,0.539463036770425
"blood","prot-ol","OID20861","GDNF",NA,"exercise_with_controls","EE-CON","during_40_min",0.192215512591847,-0.215461961100752,0.599892986284446,0.353194894508559,0.614082411679298
"blood","prot-ol","OID20861","GDNF",NA,"exercise_with_controls","EE-CON","post_3.5_4_hr",0.220523699205693,-0.297424422322482,0.738471820733867,0.401717403695276,0.860169181055597
"blood","prot-ol","OID20861","GDNF",NA,"exercise_with_controls","EE-CON","post_15_30_45_min",0.504051361187501,0.0980772028723803,0.910025519502622,0.0152796095669379,0.399898629477949
"blood","prot-ol","OID20861","GDNF",NA,"exercise_with_controls","EE-CON","post_10_min",0.68323622559024,0.285058266621827,1.08141418455865,0.000883650786149733,0.057578037561428
"blood","prot-ol","OID20861","GDNF",NA,"Endur_vs_Resist","EE-RE","post_3.5_4_hr",-0.266242197429779,-0.76653508428379,0.234050689424231,0.294880813396078,0.988378319957115
"blood","prot-ol","OID20861","GDNF",NA,"exercise_with_controls","EE-CON","post_24_hr",-0.198216097044351,-0.685713715343954,0.289281521255252,0.423198965617911,0.986437074865836
"blood","prot-ol","OID20861","GDNF",NA,"Endur_vs_Resist","EE-RE","post_24_hr",-0.317527997133727,-0.798574543612078,0.163518549344624,0.194275925935461,0.671589127013166
"blood","prot-ol","OID20861","GDNF",NA,"exercise_with_controls","RE-CON","post_10_min",0.380138843791749,0.00107156383087476,0.759206123752623,0.0493635223994126,0.337488108777978
"blood","prot-ol","OID20861","GDNF",NA,"exercise_with_controls","RE-CON","post_24_hr",0.119311900089376,-0.360780328677105,0.599404128855856,0.624272125887534,0.78577521876899
"blood","prot-ol","OID20861","GDNF",NA,"Endur_vs_Resist","EE-RE","post_15_30_45_min",0.352823583409723,-0.017269279796847,0.722916446616293,0.0615503248621347,0.786761787572816
"blood","prot-ol","OID20861","GDNF",NA,"Endur_vs_Resist","EE-RE","post_10_min",0.303097381798491,-0.0645266788860043,0.670721442482987,0.10544105059995,0.368004849015095
"blood","prot-ol","OID20861","GDNF",NA,"exercise_with_controls","RE-CON","post_15_30_45_min",0.151227777777778,-0.221909536046788,0.524365091602344,0.424671801178568,0.701636153457116
"blood","prot-ol","OID20861","GDNF",NA,"exercise_with_controls","EE-CON","during_20_min",0.555706463685478,0.157528504717185,0.953884422653771,0.00652546326748359,0.142116584068498
"blood","prot-ol","OID20861","GDNF",NA,"exercise_with_controls","RE-CON","post_3.5_4_hr",0.486765896635472,0.0191377414511709,0.954394051819773,0.0414326280426243,0.320525967590641
"blood","prot-ol","OID20911","IL6",NA,"exercise_with_controls","EE-CON","post_10_min",0.383223956396468,-0.209426120409808,0.975874033202743,0.203440984130717,0.739140563098894
"blood","prot-ol","OID20911","IL6",NA,"exercise_with_controls","RE-CON","post_10_min",0.225785477665506,-0.338215463066376,0.789786418397388,0.430343872022017,0.746779202688605
"blood","prot-ol","OID20911","IL6",NA,"exercise_with_controls","EE-CON","post_3.5_4_hr",-0.601253341975136,-1.36900013596485,0.166493452014577,0.123949073405405,0.840104135438625
"blood","prot-ol","OID20911","IL6",NA,"Endur_vs_Resist","EE-RE","post_10_min",0.157438478730962,-0.389233464067733,0.704110421529657,0.570323815308107,0.876517186867232
"blood","prot-ol","OID20911","IL6",NA,"exercise_with_controls","RE-CON","post_3.5_4_hr",-0.877784793463944,-1.5698357615709,-0.185733825356987,0.0132386620892448,0.176973435664716
"blood","prot-ol","OID20911","IL6",NA,"exercise_with_controls","EE-CON","post_24_hr",-0.0512344430789502,-0.773460398847852,0.670991512689951,0.888774758871279,0.990616573813196
"blood","prot-ol","OID20911","IL6",NA,"Endur_vs_Resist","EE-RE","post_3.5_4_hr",0.276531451488808,-0.463496289044456,1.01655919202207,0.461687077275449,0.988378319957115
"blood","prot-ol","OID20911","IL6",NA,"Endur_vs_Resist","EE-RE","post_15_30_45_min",0.00676415429432131,-0.543853921359596,0.557382229948238,0.980674754796226,0.9962271718238
"blood","prot-ol","OID20911","IL6",NA,"exercise_with_controls","RE-CON","post_24_hr",-0.280581675401235,-0.990597371363552,0.429434020561082,0.436365340525552,0.685021914165435
"blood","prot-ol","OID20911","IL6",NA,"exercise_with_controls","RE-CON","post_15_30_45_min",0.142427777777779,-0.413154900654259,0.698010456209816,0.613349444429824,0.81349712194306
"blood","prot-ol","OID20911","IL6",NA,"exercise_with_controls","EE-CON","during_20_min",0.100901337348849,-0.491748739457627,0.693551414155325,0.73713149670711,0.875536740011714
"blood","prot-ol","OID20911","IL6",NA,"exercise_with_controls","EE-CON","post_15_30_45_min",0.1491919320721,-0.454889742350584,0.753273606494784,0.626396459028522,0.927889075420117
"blood","prot-ol","OID20911","IL6",NA,"Endur_vs_Resist","EE-RE","post_24_hr",0.229347232322285,-0.480787642971073,0.939482107615643,0.524598736942346,0.847720035721187
"blood","prot-ol","OID20911","IL6",NA,"exercise_with_controls","EE-CON","during_40_min",0.35010655378678,-0.256036139966126,0.956249247539685,0.255708620254058,0.517627307000001
"blood","prot-ol","OID20976","CX3CL1",NA,"exercise_with_controls","EE-CON","post_24_hr",0.149723489062961,-0.1230939787245,0.422540956850422,0.280082705158534,0.986437074865836
"blood","prot-ol","OID20976","CX3CL1",NA,"exercise_with_controls","EE-CON","during_20_min",0.56809068997232,0.345205016860948,0.790976363083693,1.28585302244832e-06,0.000364410746561854
"blood","prot-ol","OID20976","CX3CL1",NA,"exercise_with_controls","EE-CON","post_15_30_45_min",0.228112838021904,0.000866961926370674,0.455358714117436,0.0491427086991057,0.486348189620916
"blood","prot-ol","OID20976","CX3CL1",NA,"exercise_with_controls","RE-CON","post_15_30_45_min",0.115630555555556,-0.0932423416707802,0.324503452781892,0.275901861563517,0.595238737377178
"blood","prot-ol","OID20976","CX3CL1",NA,"exercise_with_controls","RE-CON","post_24_hr",-0.0641008909414583,-0.332746237802072,0.204544455919155,0.638141945501281,0.791810102255092
"blood","prot-ol","OID20976","CX3CL1",NA,"Endur_vs_Resist","EE-RE","post_10_min",0.144905466653064,-0.0608667837020738,0.350677717008202,0.16623699997129,0.472225868893699
"blood","prot-ol","OID20976","CX3CL1",NA,"exercise_with_controls","EE-CON","post_3.5_4_hr",0.234084678382904,-0.0557834043322433,0.523952761098052,0.112724944829928,0.840104135438625
"blood","prot-ol","OID20976","CX3CL1",NA,"Endur_vs_Resist","EE-RE","post_24_hr",0.213824380004419,-0.055329842016727,0.482978602025566,0.118653668147892,0.602624543962593
"blood","prot-ol","OID20976","CX3CL1",NA,"exercise_with_controls","EE-CON","during_40_min",0.560544271107797,0.332354424806367,0.788734117409227,2.88885102950083e-06,0.00022741677271126
"blood","prot-ol","OID20976","CX3CL1",NA,"exercise_with_controls","EE-CON","post_10_min",0.301787118543749,0.0789014454323654,0.524672791655132,0.00827368283511482,0.260529079496838
"blood","prot-ol","OID20976","CX3CL1",NA,"Endur_vs_Resist","EE-RE","post_3.5_4_hr",0.149477635416154,-0.130476551595604,0.429431822427912,0.293278728532048,0.988378319957115
"blood","prot-ol","OID20976","CX3CL1",NA,"exercise_with_controls","RE-CON","post_3.5_4_hr",0.08460704296675,-0.17707452124258,0.346288607176081,0.524065482964744,0.962028136058094
"blood","prot-ol","OID20976","CX3CL1",NA,"Endur_vs_Resist","EE-RE","post_15_30_45_min",0.112482282466348,-0.0946773449209451,0.319641909853641,0.285187253595827,0.9962271718238
"blood","prot-ol","OID20976","CX3CL1",NA,"exercise_with_controls","RE-CON","post_10_min",0.156881651890685,-0.055302138499477,0.369065442280847,0.146200131411415,0.548752985009452
"blood","prot-ol","OID21276","IL6",NA,"Endur_vs_Resist","EE-RE","post_3.5_4_hr",0.229225045497967,-0.449254481017232,0.907704572013166,0.505651947697879,0.988378319957115
"blood","prot-ol","OID21276","IL6",NA,"exercise_with_controls","EE-CON","post_15_30_45_min",0.313118492501761,-0.239741439787953,0.865978424791475,0.265026914917374,0.755931471841525
"blood","prot-ol","OID21276","IL6",NA,"exercise_with_controls","EE-CON","during_20_min",0.125595818687018,-0.416759744974001,0.667951382348037,0.648046965880394,0.826536949282195
"blood","prot-ol","OID21276","IL6",NA,"exercise_with_controls","EE-CON","post_3.5_4_hr",-0.415398039839721,-1.11887761654957,0.288081536870126,0.245317771925479,0.860169181055597
"blood","prot-ol","OID21276","IL6",NA,"Endur_vs_Resist","EE-RE","post_24_hr",0.163462337629801,-0.487981950461896,0.814906625721498,0.620962618275858,0.901507773620712
"blood","prot-ol","OID21276","IL6",NA,"exercise_with_controls","RE-CON","post_24_hr",0.0177478207621788,-0.633228589522584,0.668724231046941,0.957134883477535,0.978868492556116
"blood","prot-ol","OID21276","IL6",NA,"Endur_vs_Resist","EE-RE","post_10_min",0.0959589888366168,-0.404451952796541,0.596369930469774,0.705411846648633,0.942014566453642
"blood","prot-ol","OID21276","IL6",NA,"exercise_with_controls","EE-CON","during_40_min",0.452793441784712,-0.102080976370346,1.00766785993977,0.109027698372997,0.305925244741658
"blood","prot-ol","OID21276","IL6",NA,"Endur_vs_Resist","EE-RE","post_15_30_45_min",0.128543492501761,-0.375405198381604,0.632492183385125,0.615136196150802,0.9962271718238
"blood","prot-ol","OID21276","IL6",NA,"exercise_with_controls","RE-CON","post_10_min",0.210780877469449,-0.305409123042657,0.726970877981554,0.421192753598519,0.745607262876125
"blood","prot-ol","OID21276","IL6",NA,"exercise_with_controls","RE-CON","post_15_30_45_min",0.184575000000001,-0.323803954857285,0.692953954857287,0.474401154676064,0.72946310979961
"blood","prot-ol","OID21276","IL6",NA,"exercise_with_controls","EE-CON","post_24_hr",0.18121015839198,-0.480649194791864,0.843069511575823,0.589502923643134,0.986437074865836
"blood","prot-ol","OID21276","IL6",NA,"exercise_with_controls","RE-CON","post_3.5_4_hr",-0.644623085337688,-1.27901436117611,-0.0102318094992688,0.0464590888758893,0.323172690648602
"blood","prot-ol","OID21276","IL6",NA,"exercise_with_controls","EE-CON","post_10_min",0.306739866306066,-0.23561569735501,0.849095429967141,0.265690358506782,0.776260216576367
"blood","prot-ol","OID21307","MME",NA,"Endur_vs_Resist","EE-RE","post_15_30_45_min",-0.0382328720208566,-0.216642343743604,0.140176599701891,0.672709138795981,0.9962271718238
"blood","prot-ol","OID21307","MME",NA,"exercise_with_controls","EE-CON","during_20_min",0.175560662341009,-0.016345275049135,0.367466599731153,0.0726900162070541,0.387224635208254
"blood","prot-ol","OID21307","MME",NA,"exercise_with_controls","EE-CON","post_10_min",0.103238043293389,-0.0886678940963122,0.29514398068309,0.289650786778945,0.786744953895692
"blood","prot-ol","OID21307","MME",NA,"exercise_with_controls","RE-CON","post_10_min",0.0948447748726384,-0.08788502984772,0.277574579592997,0.306887702567613,0.67850015486303
"blood","prot-ol","OID21307","MME",NA,"Endur_vs_Resist","EE-RE","post_10_min",0.00839326842075039,-0.168867004268322,0.185653541109822,0.925615448021403,0.992602642544967
"blood","prot-ol","OID21307","MME",NA,"exercise_with_controls","EE-CON","post_24_hr",0.107154863568083,-0.128290258225479,0.342599985361645,0.370112695397721,0.986437074865836
"blood","prot-ol","OID21307","MME",NA,"exercise_with_controls","RE-CON","post_3.5_4_hr",0.137949759531905,-0.0880287423946377,0.363928261458447,0.2297623813901,0.764390723855788
"blood","prot-ol","OID21307","MME",NA,"exercise_with_controls","EE-CON","during_40_min",0.317752314957197,0.121166591805042,0.514338038109351,0.00169988445090456,0.0261819159449104
"blood","prot-ol","OID21307","MME",NA,"exercise_with_controls","EE-CON","post_15_30_45_min",0.062658794645811,-0.13303493582315,0.258352525114772,0.528073419821832,0.905647922778771
"blood","prot-ol","OID21307","MME",NA,"exercise_with_controls","RE-CON","post_24_hr",-0.0158998787478914,-0.247990355725966,0.216190598230183,0.892551129744681,0.945250336956811
"blood","prot-ol","OID21307","MME",NA,"Endur_vs_Resist","EE-RE","post_3.5_4_hr",0.0339858196679232,-0.207821450734701,0.275793090070547,0.781704886479464,0.988378319957115
"blood","prot-ol","OID21307","MME",NA,"Endur_vs_Resist","EE-RE","post_24_hr",0.123054742315974,-0.109682119703033,0.355791604334982,0.297982265088324,0.73501627942611
"blood","prot-ol","OID21307","MME",NA,"exercise_with_controls","RE-CON","post_15_30_45_min",0.100891666666668,-0.0789151261306604,0.280698459463996,0.26946940614406,0.591997129466872
"blood","prot-ol","OID21307","MME",NA,"exercise_with_controls","EE-CON","post_3.5_4_hr",0.171935579199828,-0.0781381209451976,0.422009279344853,0.176436196364815,0.844628683273456
"blood","prot-ol","OID21368","CCN1",NA,"exercise_with_controls","EE-CON","post_10_min",0.35181436775415,-0.100658749635121,0.804287485143421,0.126615498579861,0.689092699672228
"blood","prot-ol","OID21368","CCN1",NA,"exercise_with_controls","EE-CON","post_24_hr",0.109588280787616,-0.442162453490092,0.661339015065325,0.695422553575705,0.986437074865836
"blood","prot-ol","OID21368","CCN1",NA,"exercise_with_controls","RE-CON","post_15_30_45_min",0.600252777777778,0.17610035467365,1.02440520088191,0.00583047332017623,0.103245722950892
"blood","prot-ol","OID21368","CCN1",NA,"exercise_with_controls","EE-CON","during_20_min",0.566846510611295,0.1143733932221,1.01931962800049,0.0144032066784207,0.196458680448434
"blood","prot-ol","OID21368","CCN1",NA,"exercise_with_controls","RE-CON","post_10_min",1.01722129935446,0.586601597863919,1.44784100084501,6.49298776855861e-06,0.00102228485200528
"blood","prot-ol","OID21368","CCN1",NA,"exercise_with_controls","EE-CON","post_15_30_45_min",0.348421101730577,-0.112795611690577,0.809637815151731,0.13768399606164,0.636749517621995
"blood","prot-ol","OID21368","CCN1",NA,"exercise_with_controls","EE-CON","post_3.5_4_hr",0.60940718129612,0.0229151776521311,1.19589918494011,0.0417915562816372,0.677015658434544
"blood","prot-ol","OID21368","CCN1",NA,"exercise_with_controls","RE-CON","post_3.5_4_hr",0.779155859282715,0.250389215149277,1.30792250341615,0.00412268805139237,0.082279562941169
"blood","prot-ol","OID21368","CCN1",NA,"Endur_vs_Resist","EE-RE","post_10_min",-0.665406931600312,-1.08282622078876,-0.247987642411863,0.00196070641020171,0.0717932428219786
"blood","prot-ol","OID21368","CCN1",NA,"exercise_with_controls","EE-CON","during_40_min",0.764203420354736,0.301364752549557,1.22704208815991,0.00135784176323329,0.0221994365010937
"blood","prot-ol","OID21368","CCN1",NA,"exercise_with_controls","RE-CON","post_24_hr",0.217588585755968,-0.324947204743294,0.76012437625523,0.429563426260951,0.684451702307248
"blood","prot-ol","OID21368","CCN1",NA,"Endur_vs_Resist","EE-RE","post_15_30_45_min",-0.251831676047201,-0.67223601781323,0.168572665718828,0.238550701610513,0.9962271718238
"blood","prot-ol","OID21368","CCN1",NA,"Endur_vs_Resist","EE-RE","post_3.5_4_hr",-0.169748677986595,-0.735214219370046,0.395716863396856,0.554172687410339,0.988378319957115
"blood","prot-ol","OID21368","CCN1",NA,"Endur_vs_Resist","EE-RE","post_24_hr",-0.108000304968352,-0.650763037669692,0.434762427732989,0.694922437122189,0.917200529511886
"muscle","transcript-rna-seq","ENSG00000006210.7","CX3CL1",NA,"exercise_with_controls","EE-CON","post_15_30_45_min",3.62605042265678,3.27631629983293,3.97578454548064,3.33198728078686e-57,5.50077780185103e-53
"muscle","transcript-rna-seq","ENSG00000006210.7","CX3CL1",NA,"Endur_vs_Resist","EE-RE","post_15_30_45_min",1.04065738403174,0.795613286980713,1.28570148108277,2.30069037217833e-15,4.22023303936578e-12
"muscle","transcript-rna-seq","ENSG00000006210.7","CX3CL1",NA,"exercise_with_controls","RE-CON","post_24_hr",-0.171985721380723,-0.50421694395622,0.160245501194775,0.309037376977201,0.54989200867823
"muscle","transcript-rna-seq","ENSG00000006210.7","CX3CL1",NA,"exercise_with_controls","EE-CON","post_3.5_4_hr",0.536484088624811,0.159574205283088,0.913393971966534,0.00543861384568715,0.0416447476708948
"muscle","transcript-rna-seq","ENSG00000006210.7","CX3CL1",NA,"Endur_vs_Resist","EE-RE","post_24_hr",0.299362484737596,0.0146530395874099,0.584071929887782,0.0393923386736167,0.139312137796836
"muscle","transcript-rna-seq","ENSG00000006210.7","CX3CL1",NA,"exercise_with_controls","EE-CON","post_24_hr",0.127376763356873,-0.208772736035723,0.463526262749469,0.456328571859426,0.759577317074328
"muscle","transcript-rna-seq","ENSG00000006210.7","CX3CL1",NA,"Endur_vs_Resist","EE-RE","post_3.5_4_hr",0.253850856230846,-0.0501551545024975,0.557856866964189,0.101352885430549,0.230314492164202
"muscle","transcript-rna-seq","ENSG00000006210.7","CX3CL1",NA,"exercise_with_controls","RE-CON","post_15_30_45_min",2.58539303862504,2.24158143033715,2.92920464691294,7.53441974115981e-37,1.55482169383509e-33
"muscle","transcript-rna-seq","ENSG00000006210.7","CX3CL1",NA,"exercise_with_controls","RE-CON","post_3.5_4_hr",0.282633232393965,-0.0853989568127586,0.650665421600689,0.131717809617627,0.251287983210983
"muscle","transcript-rna-seq","ENSG00000011465.18","DCN",NA,"exercise_with_controls","EE-CON","post_3.5_4_hr",-0.173064674893683,-0.480061202169825,0.133931852382458,0.268081745083252,0.544776160706475
"muscle","transcript-rna-seq","ENSG00000011465.18","DCN",NA,"exercise_with_controls","RE-CON","post_24_hr",-0.147777484002652,-0.428136805371719,0.132581837366415,0.300312202945099,0.53924887518171
"muscle","transcript-rna-seq","ENSG00000011465.18","DCN",NA,"Endur_vs_Resist","EE-RE","post_3.5_4_hr",-0.174167810161969,-0.423652777722772,0.0753171573988336,0.170480277028335,0.332403317994659
"muscle","transcript-rna-seq","ENSG00000011465.18","DCN",NA,"Endur_vs_Resist","EE-RE","post_15_30_45_min",0.0831041683352085,-0.162858186080459,0.329066522750876,0.506519341263915,0.926416009618757
"muscle","transcript-rna-seq","ENSG00000011465.18","DCN",NA,"exercise_with_controls","RE-CON","post_3.5_4_hr",0.00110313526828598,-0.293076482945537,0.295282753482109,0.994115440340735,0.996522899215526
"muscle","transcript-rna-seq","ENSG00000011465.18","DCN",NA,"Endur_vs_Resist","EE-RE","post_24_hr",0.0061114222264349,-0.230457299750753,0.242680144203623,0.959474345965965,0.98365753468531
"muscle","transcript-rna-seq","ENSG00000011465.18","DCN",NA,"exercise_with_controls","RE-CON","post_15_30_45_min",0.118575967460235,-0.16496896579768,0.402120900718151,0.411050338625839,0.761192376934826
"muscle","transcript-rna-seq","ENSG00000011465.18","DCN",NA,"exercise_with_controls","EE-CON","post_24_hr",-0.141666061776217,-0.427723993707115,0.144391870154682,0.330439783187469,0.661292196923565
"muscle","transcript-rna-seq","ENSG00000011465.18","DCN",NA,"exercise_with_controls","EE-CON","post_15_30_45_min",0.201680135795444,-0.0906577806626663,0.494018052253554,0.175528125016378,0.542658017957937
"muscle","transcript-rna-seq","ENSG00000017427.17","IGF1",NA,"Endur_vs_Resist","EE-RE","post_24_hr",-0.0266943015427668,-0.232409788788468,0.179021185702935,0.798506367584571,0.90629962439679
"muscle","transcript-rna-seq","ENSG00000017427.17","IGF1",NA,"exercise_with_controls","EE-CON","post_15_30_45_min",0.231375019087205,-0.021887233373889,0.484637271548298,0.0731820630013056,0.361076711921265
"muscle","transcript-rna-seq","ENSG00000017427.17","IGF1",NA,"exercise_with_controls","EE-CON","post_3.5_4_hr",-0.0108276185814962,-0.275549715191856,0.253894478028864,0.935864028543211,0.974458786235432
"muscle","transcript-rna-seq","ENSG00000017427.17","IGF1",NA,"exercise_with_controls","RE-CON","post_15_30_45_min",0.155096958253668,-0.0912409730933559,0.401434889600692,0.216142749480082,0.592445733217113
"muscle","transcript-rna-seq","ENSG00000017427.17","IGF1",NA,"exercise_with_controls","RE-CON","post_3.5_4_hr",0.0537575260003385,-0.199617287530087,0.307132339530764,0.676421449403871,0.793451876382585
"muscle","transcript-rna-seq","ENSG00000017427.17","IGF1",NA,"exercise_with_controls","EE-CON","post_24_hr",-0.0391339551265606,-0.283942499049446,0.205674588796325,0.753166138395218,0.920350296116648
"muscle","transcript-rna-seq","ENSG00000017427.17","IGF1",NA,"exercise_with_controls","RE-CON","post_24_hr",-0.0124396535837938,-0.253024616692194,0.228145309524606,0.918971857711579,0.967563376798904
"muscle","transcript-rna-seq","ENSG00000017427.17","IGF1",NA,"Endur_vs_Resist","EE-RE","post_15_30_45_min",0.0762780608335367,-0.137054011416335,0.289610133083409,0.482023324706903,0.916863295163441
"muscle","transcript-rna-seq","ENSG00000017427.17","IGF1",NA,"Endur_vs_Resist","EE-RE","post_3.5_4_hr",-0.0645851445818346,-0.286146245928919,0.156975956765249,0.566455455572208,0.727808632270339
"muscle","transcript-rna-seq","ENSG00000083123.15","BCKDHB",NA,"exercise_with_controls","EE-CON","post_24_hr",0.331382575698731,0.143157861383449,0.519607290014014,0.000617336837698156,0.0134276862365729
"muscle","transcript-rna-seq","ENSG00000083123.15","BCKDHB",NA,"exercise_with_controls","EE-CON","post_3.5_4_hr",-0.0182939002741231,-0.222672736914387,0.186084936366141,0.860224117990284,0.94555834867832
"muscle","transcript-rna-seq","ENSG00000083123.15","BCKDHB",NA,"exercise_with_controls","EE-CON","post_15_30_45_min",-0.103611309209114,-0.298975522858612,0.0917529044403845,0.297293161841074,0.673200219071662
"muscle","transcript-rna-seq","ENSG00000083123.15","BCKDHB",NA,"Endur_vs_Resist","EE-RE","post_3.5_4_hr",0.0331675580166371,-0.136132704577873,0.202467820611147,0.699981156612223,0.823662787919543
"muscle","transcript-rna-seq","ENSG00000083123.15","BCKDHB",NA,"exercise_with_controls","RE-CON","post_24_hr",-0.261041650323393,-0.452828898489934,-0.0692544021568526,0.00783627363132619,0.0399287164751741
"muscle","transcript-rna-seq","ENSG00000083123.15","BCKDHB",NA,"Endur_vs_Resist","EE-RE","post_15_30_45_min",-0.0170376057102382,-0.183438721928497,0.149363510508021,0.840378998778441,0.982406799229003
"muscle","transcript-rna-seq","ENSG00000083123.15","BCKDHB",NA,"Endur_vs_Resist","EE-RE","post_24_hr",0.592424226022125,0.430778760456206,0.754069691588043,6.1459034929028e-12,8.38534882349855e-10
"muscle","transcript-rna-seq","ENSG00000083123.15","BCKDHB",NA,"exercise_with_controls","RE-CON","post_3.5_4_hr",-0.0514614582907602,-0.251170565572938,0.148247648991418,0.612282802390987,0.746101032231532
"muscle","transcript-rna-seq","ENSG00000083123.15","BCKDHB",NA,"exercise_with_controls","RE-CON","post_15_30_45_min",-0.0865737034988756,-0.275944803657056,0.102797396659304,0.368819620052889,0.731392565459836
"muscle","transcript-rna-seq","ENSG00000092969.12","TGFB2",NA,"Endur_vs_Resist","EE-RE","post_15_30_45_min",0.0873550660780258,-0.235999489434346,0.410709621590397,0.595381880247835,0.940829575463709
"muscle","transcript-rna-seq","ENSG00000092969.12","TGFB2",NA,"exercise_with_controls","RE-CON","post_15_30_45_min",0.123749520578893,-0.266138315122743,0.513637356280528,0.53267258723491,0.829768988739491
"muscle","transcript-rna-seq","ENSG00000092969.12","TGFB2",NA,"Endur_vs_Resist","EE-RE","post_3.5_4_hr",-1.84415040283637,-2.15012097734721,-1.53817982832553,4.88942996112206e-27,1.58273723976792e-24
"muscle","transcript-rna-seq","ENSG00000092969.12","TGFB2",NA,"exercise_with_controls","EE-CON","post_3.5_4_hr",0.209990731044694,-0.205624447716312,0.625605909805699,0.320886965420988,0.601171460750691
"muscle","transcript-rna-seq","ENSG00000092969.12","TGFB2",NA,"Endur_vs_Resist","EE-RE","post_24_hr",-0.771258654003081,-1.07764093239243,-0.464876375613735,1.2278310359235e-06,3.33941722768717e-05
"muscle","transcript-rna-seq","ENSG00000092969.12","TGFB2",NA,"exercise_with_controls","EE-CON","post_15_30_45_min",0.211104586656918,-0.188546632944164,0.610755806258001,0.299407307467411,0.675077197347649
"muscle","transcript-rna-seq","ENSG00000092969.12","TGFB2",NA,"exercise_with_controls","RE-CON","post_3.5_4_hr",2.05414113388106,1.6711976346742,2.43708463308792,2.30314647154683e-22,3.04181160790133e-20
"muscle","transcript-rna-seq","ENSG00000092969.12","TGFB2",NA,"exercise_with_controls","RE-CON","post_24_hr",0.516334728794281,0.152209013039518,0.880460444549043,0.00560160624118548,0.0306683825247298
"muscle","transcript-rna-seq","ENSG00000092969.12","TGFB2",NA,"exercise_with_controls","EE-CON","post_24_hr",-0.2549239252088,-0.640352158322532,0.130504307904932,0.194049541817447,0.518627794376595
"muscle","transcript-rna-seq","ENSG00000103507.14","BCKDK",NA,"exercise_with_controls","RE-CON","post_15_30_45_min",0.000853530130445534,-0.101681389590418,0.103388449851309,0.98693029765878,0.997314869887542
"muscle","transcript-rna-seq","ENSG00000103507.14","BCKDK",NA,"Endur_vs_Resist","EE-RE","post_3.5_4_hr",0.0340335805101812,-0.0567231907093098,0.124790351729672,0.460831127280282,0.64528400235981
"muscle","transcript-rna-seq","ENSG00000103507.14","BCKDK",NA,"exercise_with_controls","EE-CON","post_3.5_4_hr",0.0455445128370773,-0.0658342065934864,0.156923232267641,0.421325550462545,0.689355369451612
"muscle","transcript-rna-seq","ENSG00000103507.14","BCKDK",NA,"exercise_with_controls","RE-CON","post_3.5_4_hr",0.011510932326896,-0.0951549813801636,0.118176846033956,0.831834975874313,0.898741074391952
"muscle","transcript-rna-seq","ENSG00000103507.14","BCKDK",NA,"Endur_vs_Resist","EE-RE","post_24_hr",0.0447613913179401,-0.0406545404239367,0.130177323059817,0.302966874074912,0.54374122844379
"muscle","transcript-rna-seq","ENSG00000103507.14","BCKDK",NA,"Endur_vs_Resist","EE-RE","post_15_30_45_min",-0.0463347412777271,-0.135428643321028,0.0427591607655741,0.306657554603559,0.85329631482659
"muscle","transcript-rna-seq","ENSG00000103507.14","BCKDK",NA,"exercise_with_controls","EE-CON","post_24_hr",-0.00350570147530593,-0.106915498182385,0.099904095231773,0.946811184210829,0.987599923654293
"muscle","transcript-rna-seq","ENSG00000103507.14","BCKDK",NA,"exercise_with_controls","EE-CON","post_15_30_45_min",-0.0454812111472815,-0.151321116684118,0.0603586943895545,0.398117900091127,0.74886055149472
"muscle","transcript-rna-seq","ENSG00000103507.14","BCKDK",NA,"exercise_with_controls","RE-CON","post_24_hr",-0.048267092793246,-0.149318390514501,0.0527842049280091,0.347678396158329,0.590638263241186
"muscle","transcript-rna-seq","ENSG00000104368.19","PLAT",NA,"Endur_vs_Resist","EE-RE","post_24_hr",-0.0102937734165254,-0.372504805458752,0.351917258625701,0.955433698971887,0.982084237365474
"muscle","transcript-rna-seq","ENSG00000104368.19","PLAT",NA,"exercise_with_controls","RE-CON","post_3.5_4_hr",-0.11171193794096,-0.539967129065207,0.316543253183287,0.608084339067535,0.742574476933644
"muscle","transcript-rna-seq","ENSG00000104368.19","PLAT",NA,"exercise_with_controls","EE-CON","post_15_30_45_min",-0.0821900642306042,-0.512528765206656,0.348148636745447,0.707295324026595,0.916487201538158
"muscle","transcript-rna-seq","ENSG00000104368.19","PLAT",NA,"exercise_with_controls","EE-CON","post_24_hr",0.0498184166060254,-0.374510089218182,0.474146922430232,0.817428932802368,0.944087089771082
"muscle","transcript-rna-seq","ENSG00000104368.19","PLAT",NA,"exercise_with_controls","EE-CON","post_3.5_4_hr",-0.602436589998988,-1.05977012972072,-0.145103050277256,0.0100029107855461,0.0654271212989622
"muscle","transcript-rna-seq","ENSG00000104368.19","PLAT",NA,"exercise_with_controls","RE-CON","post_24_hr",0.0601121900225507,-0.35804383116963,0.478268211214732,0.777421397137714,0.897012150219914
"muscle","transcript-rna-seq","ENSG00000104368.19","PLAT",NA,"Endur_vs_Resist","EE-RE","post_3.5_4_hr",-0.490724652058028,-0.889402922076507,-0.0920463820395483,0.0160193616306181,0.0566910270439173
"muscle","transcript-rna-seq","ENSG00000104368.19","PLAT",NA,"Endur_vs_Resist","EE-RE","post_15_30_45_min",-0.122766566541912,-0.491834923790721,0.246301790706898,0.513241736263866,0.928092911651604
"muscle","transcript-rna-seq","ENSG00000104368.19","PLAT",NA,"exercise_with_controls","RE-CON","post_15_30_45_min",0.0405765023113074,-0.374234826270844,0.455387830893458,0.847475431981839,0.956625536380184
"muscle","transcript-rna-seq","ENSG00000105552.15","BCAT2",NA,"exercise_with_controls","EE-CON","post_15_30_45_min",-0.233032551627848,-0.356807704767862,-0.109257398487833,0.000257813239542266,0.00754652264468664
"muscle","transcript-rna-seq","ENSG00000105552.15","BCAT2",NA,"Endur_vs_Resist","EE-RE","post_24_hr",0.365576791024211,0.264379481424912,0.46677410062351,1.21989868878633e-11,1.53735171398271e-09
"muscle","transcript-rna-seq","ENSG00000105552.15","BCAT2",NA,"exercise_with_controls","EE-CON","post_24_hr",0.109478038749753,-0.010154440993698,0.229110518493204,0.0726955287180263,0.308047816920776
"muscle","transcript-rna-seq","ENSG00000105552.15","BCAT2",NA,"exercise_with_controls","RE-CON","post_24_hr",-0.256098752274458,-0.37477144525934,-0.137426059289576,3.0373526995048e-05,0.00043190056603036
"muscle","transcript-rna-seq","ENSG00000105552.15","BCAT2",NA,"Endur_vs_Resist","EE-RE","post_15_30_45_min",-0.0641821874498185,-0.170136458060482,0.0417720831608447,0.233988452768364,0.801841686215453
"muscle","transcript-rna-seq","ENSG00000105552.15","BCAT2",NA,"exercise_with_controls","EE-CON","post_3.5_4_hr",0.111718201162633,-0.0180879116377135,0.241524313962979,0.0913055499416856,0.290716166632071
"muscle","transcript-rna-seq","ENSG00000105552.15","BCAT2",NA,"exercise_with_controls","RE-CON","post_3.5_4_hr",-0.109286138035881,-0.235490598308348,0.0169183222365853,0.089342576105864,0.187034819798594
"muscle","transcript-rna-seq","ENSG00000105552.15","BCAT2",NA,"Endur_vs_Resist","EE-RE","post_3.5_4_hr",0.221004339198514,0.113410695445393,0.328597982951635,6.96526100716514e-05,0.000580461857482531
"muscle","transcript-rna-seq","ENSG00000105552.15","BCAT2",NA,"exercise_with_controls","RE-CON","post_15_30_45_min",-0.168850364178029,-0.288175058175421,-0.0495256701806368,0.0057324386653001,0.0860334817503994
"muscle","transcript-rna-seq","ENSG00000107562.17","CXCL12",NA,"exercise_with_controls","EE-CON","post_3.5_4_hr",0.0387807902498425,-0.132437054255831,0.209998634755516,0.655978692766692,0.845134402909733
"muscle","transcript-rna-seq","ENSG00000107562.17","CXCL12",NA,"exercise_with_controls","EE-CON","post_15_30_45_min",-0.00709713907387677,-0.170157803103728,0.155963524955974,0.931766766306168,0.984167469286534
"muscle","transcript-rna-seq","ENSG00000107562.17","CXCL12",NA,"exercise_with_controls","RE-CON","post_15_30_45_min",0.00880893914642567,-0.149096486117837,0.166714364410688,0.912611942766368,0.97605017900557
"muscle","transcript-rna-seq","ENSG00000107562.17","CXCL12",NA,"exercise_with_controls","RE-CON","post_24_hr",0.0539269386900898,-0.102048045527886,0.209901922908066,0.496585669672639,0.716620001802937
"muscle","transcript-rna-seq","ENSG00000107562.17","CXCL12",NA,"exercise_with_controls","EE-CON","post_24_hr",0.0395831735674168,-0.119904446028229,0.199070793163063,0.625456628542888,0.862442323107083
"muscle","transcript-rna-seq","ENSG00000107562.17","CXCL12",NA,"Endur_vs_Resist","EE-RE","post_3.5_4_hr",0.193403084213293,0.0534806049419484,0.333325563484638,0.00692794733888139,0.0287659664531169
"muscle","transcript-rna-seq","ENSG00000107562.17","CXCL12",NA,"Endur_vs_Resist","EE-RE","post_24_hr",-0.014343765122673,-0.146335958707829,0.117648428462483,0.830724084412405,0.921978077953909
"muscle","transcript-rna-seq","ENSG00000107562.17","CXCL12",NA,"Endur_vs_Resist","EE-RE","post_15_30_45_min",-0.0159060782203024,-0.153256181750034,0.121444025309429,0.819804722800449,0.97740710397289
"muscle","transcript-rna-seq","ENSG00000107562.17","CXCL12",NA,"exercise_with_controls","RE-CON","post_3.5_4_hr",-0.154622293963451,-0.318637271833152,0.00939268390625045,0.0645337872865162,0.145485223858131
"muscle","transcript-rna-seq","ENSG00000109062.12","SLC9A3R1",NA,"Endur_vs_Resist","EE-RE","post_3.5_4_hr",0.200509892055375,-0.0641879279120669,0.465207712022816,0.137115497532356,0.286355439438541
"muscle","transcript-rna-seq","ENSG00000109062.12","SLC9A3R1",NA,"exercise_with_controls","RE-CON","post_24_hr",0.00469289977312148,-0.317534495037602,0.326920294583845,0.977152305426354,0.991471139038712
"muscle","transcript-rna-seq","ENSG00000109062.12","SLC9A3R1",NA,"exercise_with_controls","EE-CON","post_24_hr",-0.00790891642681435,-0.334008419070045,0.318190586216417,0.961963418894404,0.992445702799014
"muscle","transcript-rna-seq","ENSG00000109062.12","SLC9A3R1",NA,"Endur_vs_Resist","EE-RE","post_24_hr",-0.0126018161999359,-0.281108491469936,0.255904859070064,0.926470034007063,0.969069619663809
"muscle","transcript-rna-seq","ENSG00000109062.12","SLC9A3R1",NA,"exercise_with_controls","EE-CON","post_3.5_4_hr",0.234238720145694,-0.0944670408549355,0.562944481146324,0.161861856853076,0.40862481510158
"muscle","transcript-rna-seq","ENSG00000109062.12","SLC9A3R1",NA,"exercise_with_controls","EE-CON","post_15_30_45_min",-0.0952612982504616,-0.434526497102349,0.244003900601426,0.580969537005992,0.856622432959659
"muscle","transcript-rna-seq","ENSG00000109062.12","SLC9A3R1",NA,"Endur_vs_Resist","EE-RE","post_15_30_45_min",0.146384589424435,-0.140134758883647,0.432903937732517,0.315514663178624,0.858127112753856
"muscle","transcript-rna-seq","ENSG00000109062.12","SLC9A3R1",NA,"exercise_with_controls","RE-CON","post_15_30_45_min",-0.241645887674897,-0.575481636985865,0.0921898616360715,0.155339902569576,0.51407130024386
"muscle","transcript-rna-seq","ENSG00000109062.12","SLC9A3R1",NA,"exercise_with_controls","RE-CON","post_3.5_4_hr",0.0337288280903199,-0.290792150684802,0.358249806865441,0.83807798957815,0.903240685565756
"muscle","transcript-rna-seq","ENSG00000109576.14","AADAT",NA,"exercise_with_controls","RE-CON","post_24_hr",0.154159445614329,-0.042465873579518,0.350784764808176,0.123857857744088,0.306378389795797
"muscle","transcript-rna-seq","ENSG00000109576.14","AADAT",NA,"Endur_vs_Resist","EE-RE","post_24_hr",-0.159671738136211,-0.3209112355201,0.00156775924767824,0.0522536730792752,0.170992247545244
"muscle","transcript-rna-seq","ENSG00000109576.14","AADAT",NA,"exercise_with_controls","RE-CON","post_15_30_45_min",-0.297798551184576,-0.507557986547833,-0.0880391158213197,0.00556090250899759,0.0842247151569185
"muscle","transcript-rna-seq","ENSG00000109576.14","AADAT",NA,"exercise_with_controls","EE-CON","post_3.5_4_hr",-0.696837148409912,-0.918599230345884,-0.47507506647394,2.23904641119121e-09,1.40618265036392e-07
"muscle","transcript-rna-seq","ENSG00000109576.14","AADAT",NA,"exercise_with_controls","RE-CON","post_3.5_4_hr",-0.912753026339658,-1.13576994129232,-0.689736111386998,2.57385512190985e-14,1.04402393630491e-12
"muscle","transcript-rna-seq","ENSG00000109576.14","AADAT",NA,"exercise_with_controls","EE-CON","post_15_30_45_min",-0.359104503269062,-0.573709994612607,-0.144499011925518,0.00111748578501354,0.0242744379273534
"muscle","transcript-rna-seq","ENSG00000109576.14","AADAT",NA,"Endur_vs_Resist","EE-RE","post_3.5_4_hr",0.215915877929746,0.013976933914592,0.4178548219449,0.0362115334795084,0.107058776184313
"muscle","transcript-rna-seq","ENSG00000109576.14","AADAT",NA,"Endur_vs_Resist","EE-RE","post_15_30_45_min",-0.0613059520844862,-0.243863302658154,0.121251398489182,0.509106612572117,0.927369982442667
"muscle","transcript-rna-seq","ENSG00000109576.14","AADAT",NA,"exercise_with_controls","EE-CON","post_24_hr",-0.00551229252188201,-0.205159073796904,0.19413448875314,0.956691242659264,0.990158342741006
"muscle","transcript-rna-seq","ENSG00000109819.9","PPARGC1A",NA,"exercise_with_controls","RE-CON","post_3.5_4_hr",3.38029887795814,3.10862672724312,3.65197102867315,8.64160547610627e-73,1.42664264805038e-68
"muscle","transcript-rna-seq","ENSG00000109819.9","PPARGC1A",NA,"exercise_with_controls","EE-CON","post_3.5_4_hr",3.01937473819931,2.73584721627547,3.30290226012315,2.1347235835418e-60,3.52421516406915e-56
"muscle","transcript-rna-seq","ENSG00000109819.9","PPARGC1A",NA,"Endur_vs_Resist","EE-RE","post_15_30_45_min",-0.11143939230513,-0.336839578799716,0.113960794189455,0.33134300337469,0.868523426218465
"muscle","transcript-rna-seq","ENSG00000109819.9","PPARGC1A",NA,"exercise_with_controls","RE-CON","post_15_30_45_min",0.272573709231226,0.0121340586872167,0.533013359775236,0.0403027844011391,0.273584978486186
"muscle","transcript-rna-seq","ENSG00000109819.9","PPARGC1A",NA,"Endur_vs_Resist","EE-RE","post_24_hr",0.060467077260653,-0.156886645037583,0.277820799558889,0.584423558460108,0.781520113486943
"muscle","transcript-rna-seq","ENSG00000109819.9","PPARGC1A",NA,"exercise_with_controls","EE-CON","post_15_30_45_min",0.161134316926096,-0.107476515055546,0.429745148907737,0.238703048723913,0.619446522732666
"muscle","transcript-rna-seq","ENSG00000109819.9","PPARGC1A",NA,"exercise_with_controls","RE-CON","post_24_hr",0.241317605158841,-0.016357354392112,0.498992564709794,0.066313646128927,0.198112917832511
"muscle","transcript-rna-seq","ENSG00000109819.9","PPARGC1A",NA,"exercise_with_controls","EE-CON","post_24_hr",0.301784682419494,0.0390532206754997,0.564516144163488,0.0245168247017314,0.163059162297372
"muscle","transcript-rna-seq","ENSG00000109819.9","PPARGC1A",NA,"Endur_vs_Resist","EE-RE","post_3.5_4_hr",-0.360924139758829,-0.59319047336669,-0.128657806150968,0.00243060434845058,0.0119394295278305
"muscle","transcript-rna-seq","ENSG00000112293.15","GPLD1",NA,"Endur_vs_Resist","EE-RE","post_3.5_4_hr",0.583337368682215,0.376916045968068,0.789758691396363,6.91503274186394e-08,1.1756979972753e-06
"muscle","transcript-rna-seq","ENSG00000112293.15","GPLD1",NA,"exercise_with_controls","RE-CON","post_15_30_45_min",-0.0181896883554526,-0.224521343666064,0.188141966955158,0.862274953916924,0.96003739193378
"muscle","transcript-rna-seq","ENSG00000112293.15","GPLD1",NA,"exercise_with_controls","EE-CON","post_24_hr",-0.046314169738209,-0.252331444781784,0.159703105305366,0.658280291259268,0.880970660933966
"muscle","transcript-rna-seq","ENSG00000112293.15","GPLD1",NA,"exercise_with_controls","EE-CON","post_15_30_45_min",0.0372724572030771,-0.179684399769525,0.254229314175679,0.735342218712257,0.926165680201142
"muscle","transcript-rna-seq","ENSG00000112293.15","GPLD1",NA,"exercise_with_controls","RE-CON","post_3.5_4_hr",-0.896307189427914,-1.13326152960721,-0.659352849248617,1.67669305227948e-12,5.20310631580486e-11
"muscle","transcript-rna-seq","ENSG00000112293.15","GPLD1",NA,"exercise_with_controls","RE-CON","post_24_hr",-0.498879157566268,-0.703175908086616,-0.29458240704592,2.66734736811636e-06,5.52512392725634e-05
"muscle","transcript-rna-seq","ENSG00000112293.15","GPLD1",NA,"Endur_vs_Resist","EE-RE","post_15_30_45_min",0.0554621455585298,-0.119144902128001,0.230069193245061,0.532111371206332,0.929229278058054
"muscle","transcript-rna-seq","ENSG00000112293.15","GPLD1",NA,"exercise_with_controls","EE-CON","post_3.5_4_hr",-0.312969820745699,-0.554022087033048,-0.0719175544583503,0.01115542028625,0.0709964662705091
"muscle","transcript-rna-seq","ENSG00000112293.15","GPLD1",NA,"Endur_vs_Resist","EE-RE","post_24_hr",0.452564987828059,0.285918184475548,0.61921179118057,2.06157923034417e-07,7.2414067050536e-06
"muscle","transcript-rna-seq","ENSG00000112715.26","VEGFA",NA,"exercise_with_controls","RE-CON","post_3.5_4_hr",1.37062317153433,1.13741489490255,1.60383144816611,8.36533474128815e-26,1.6841867224869e-23
"muscle","transcript-rna-seq","ENSG00000112715.26","VEGFA",NA,"exercise_with_controls","RE-CON","post_24_hr",0.154348609171705,-0.0672706451222006,0.37596786346561,0.171516507156922,0.381099060114889
"muscle","transcript-rna-seq","ENSG00000112715.26","VEGFA",NA,"Endur_vs_Resist","EE-RE","post_15_30_45_min",-0.531214969963925,-0.727335582486412,-0.335094357441439,1.94000035273834e-07,4.05410959789333e-05
"muscle","transcript-rna-seq","ENSG00000112715.26","VEGFA",NA,"Endur_vs_Resist","EE-RE","post_3.5_4_hr",0.207908699013988,0.0069089711754107,0.408908426852565,0.0426743639933983,0.122014387801699
"muscle","transcript-rna-seq","ENSG00000112715.26","VEGFA",NA,"exercise_with_controls","RE-CON","post_15_30_45_min",0.869150395607043,0.643872305463575,1.09442848575051,4.22200608500207e-13,8.01162051233323e-11
"muscle","transcript-rna-seq","ENSG00000112715.26","VEGFA",NA,"Endur_vs_Resist","EE-RE","post_24_hr",0.115928640677307,-0.0714602997634232,0.303317581118037,0.224369649371512,0.453025155429367
"muscle","transcript-rna-seq","ENSG00000112715.26","VEGFA",NA,"exercise_with_controls","EE-CON","post_3.5_4_hr",1.57853187054832,1.33414618985489,1.82291755124174,6.43059216308332e-30,6.6351653762714e-27
"muscle","transcript-rna-seq","ENSG00000112715.26","VEGFA",NA,"exercise_with_controls","EE-CON","post_24_hr",0.270277249849012,0.0441097292916024,0.496444770406421,0.0193367725195964,0.139952116407723
"muscle","transcript-rna-seq","ENSG00000112715.26","VEGFA",NA,"exercise_with_controls","EE-CON","post_15_30_45_min",0.337935425643117,0.106170438523396,0.569700412762838,0.00440730057865979,0.0665691905334807
"muscle","transcript-rna-seq","ENSG00000115306.16","SPTBN1",NA,"Endur_vs_Resist","EE-RE","post_24_hr",0.0362126442807735,-0.064622427819666,0.137047716381213,0.480136611492459,0.708425714463224
"muscle","transcript-rna-seq","ENSG00000115306.16","SPTBN1",NA,"Endur_vs_Resist","EE-RE","post_15_30_45_min",-0.0219963916392283,-0.126835473071733,0.0828426897932767,0.679887755985015,0.961522179564457
"muscle","transcript-rna-seq","ENSG00000115306.16","SPTBN1",NA,"exercise_with_controls","EE-CON","post_15_30_45_min",0.0455124279461412,-0.0789048229514264,0.169929678843709,0.472021439035872,0.795894386379656
"muscle","transcript-rna-seq","ENSG00000115306.16","SPTBN1",NA,"exercise_with_controls","EE-CON","post_24_hr",0.030564167374016,-0.0913815183766666,0.152509853124699,0.622090307606804,0.860137387887066
"muscle","transcript-rna-seq","ENSG00000115306.16","SPTBN1",NA,"exercise_with_controls","EE-CON","post_3.5_4_hr",-0.0243209728458025,-0.155314448854765,0.10667250316316,0.715011848078521,0.878025449920283
"muscle","transcript-rna-seq","ENSG00000115306.16","SPTBN1",NA,"exercise_with_controls","RE-CON","post_15_30_45_min",0.0675088195853695,-0.0530898907726077,0.188107529943347,0.271391881181127,0.649334574843367
"muscle","transcript-rna-seq","ENSG00000115306.16","SPTBN1",NA,"exercise_with_controls","RE-CON","post_24_hr",-0.00564847690675752,-0.124977389305161,0.113680435491646,0.925815078299953,0.970429012330838
"muscle","transcript-rna-seq","ENSG00000115306.16","SPTBN1",NA,"exercise_with_controls","RE-CON","post_3.5_4_hr",0.0996742443192522,-0.0256573816103745,0.225005870248879,0.118582342590836,0.232199726465675
"muscle","transcript-rna-seq","ENSG00000115306.16","SPTBN1",NA,"Endur_vs_Resist","EE-RE","post_3.5_4_hr",-0.123995217165055,-0.230494220490172,-0.0174962138399373,0.02265783740618,0.0743063642706846
"muscle","transcript-rna-seq","ENSG00000116690.13","PRG4",NA,"exercise_with_controls","EE-CON","post_3.5_4_hr",0.0388062844591699,-1.0401402770037,1.11775284592204,0.943630467664426,0.977375957755946
"muscle","transcript-rna-seq","ENSG00000116690.13","PRG4",NA,"exercise_with_controls","RE-CON","post_24_hr",-0.753291071095332,-1.71412633522549,0.20754419303483,0.123929682548899,0.306418320982442
"muscle","transcript-rna-seq","ENSG00000116690.13","PRG4",NA,"exercise_with_controls","RE-CON","post_15_30_45_min",-0.53035979888165,-1.61246519124551,0.551745593482206,0.335569758993986,0.705876318814948
"muscle","transcript-rna-seq","ENSG00000116690.13","PRG4",NA,"exercise_with_controls","EE-CON","post_15_30_45_min",0.0660691896440252,-1.03928852199997,1.17142690128802,0.906451748404524,0.976991294081218
"muscle","transcript-rna-seq","ENSG00000116690.13","PRG4",NA,"Endur_vs_Resist","EE-RE","post_24_hr",0.135444712434549,-0.70873822174679,0.979627646615887,0.752438984194203,0.883123502777058
"muscle","transcript-rna-seq","ENSG00000116690.13","PRG4",NA,"exercise_with_controls","RE-CON","post_3.5_4_hr",0.495576881664452,-0.547913296177591,1.5390670595065,0.350802693136742,0.513194653167432
"muscle","transcript-rna-seq","ENSG00000116690.13","PRG4",NA,"Endur_vs_Resist","EE-RE","post_15_30_45_min",0.596428988525676,-0.300737254492195,1.49359523154355,0.191824236014442,0.774055497118296
"muscle","transcript-rna-seq","ENSG00000116690.13","PRG4",NA,"Endur_vs_Resist","EE-RE","post_3.5_4_hr",-0.456770597205282,-1.30445392798827,0.390912733577705,0.289917067680448,0.477525777744838
"muscle","transcript-rna-seq","ENSG00000116690.13","PRG4",NA,"exercise_with_controls","EE-CON","post_24_hr",-0.617846358660784,-1.5760943525436,0.340401635222034,0.205507498435066,0.533288128658373
"muscle","transcript-rna-seq","ENSG00000120885.22","CLU",NA,"exercise_with_controls","RE-CON","post_15_30_45_min",0.0795084615469239,-0.53406043837289,0.693077361466738,0.798902765886558,0.939093844742869
"muscle","transcript-rna-seq","ENSG00000120885.22","CLU",NA,"Endur_vs_Resist","EE-RE","post_24_hr",0.0119448014756696,-0.499961974806015,0.523851577757354,0.963406426009779,0.98512707878572
"muscle","transcript-rna-seq","ENSG00000120885.22","CLU",NA,"exercise_with_controls","EE-CON","post_24_hr",0.142709650412696,-0.462634503405035,0.748053804230427,0.643058483816474,0.873395433371982
"muscle","transcript-rna-seq","ENSG00000120885.22","CLU",NA,"Endur_vs_Resist","EE-RE","post_15_30_45_min",-0.178934539818127,-0.71623918270733,0.358370103071075,0.512781060304558,0.928092911651604
"muscle","transcript-rna-seq","ENSG00000120885.22","CLU",NA,"exercise_with_controls","EE-CON","post_15_30_45_min",-0.0994260782712035,-0.730673890065833,0.531821733523426,0.756827451298078,0.933500596912006
"muscle","transcript-rna-seq","ENSG00000120885.22","CLU",NA,"exercise_with_controls","RE-CON","post_24_hr",0.130764848937027,-0.470513420808135,0.732043118682188,0.668978614280898,0.835287244226543
"muscle","transcript-rna-seq","ENSG00000120885.22","CLU",NA,"exercise_with_controls","EE-CON","post_3.5_4_hr",-0.235900981573442,-0.888141144445792,0.416339181298908,0.47722821485372,0.731528375025076
"muscle","transcript-rna-seq","ENSG00000120885.22","CLU",NA,"Endur_vs_Resist","EE-RE","post_3.5_4_hr",-0.23812435900411,-0.785562285674685,0.309313567666465,0.392729177549557,0.582582980695987
"muscle","transcript-rna-seq","ENSG00000120885.22","CLU",NA,"exercise_with_controls","RE-CON","post_3.5_4_hr",0.00222337743066792,-0.62636481098833,0.630811565849666,0.994451387956904,0.996624656333426
"muscle","transcript-rna-seq","ENSG00000121966.7","CXCR4",NA,"exercise_with_controls","EE-CON","post_15_30_45_min",0.367512898215492,-0.128724968038971,0.863750764469954,0.146041904889885,0.500017720119745
"muscle","transcript-rna-seq","ENSG00000121966.7","CXCR4",NA,"exercise_with_controls","RE-CON","post_24_hr",-0.309564702180698,-0.790953770556503,0.171824366195107,0.206649957032526,0.429565155152871
"muscle","transcript-rna-seq","ENSG00000121966.7","CXCR4",NA,"exercise_with_controls","EE-CON","post_24_hr",-0.275931648944498,-0.771875336808268,0.220012038919272,0.274417990693026,0.611963610475641
"muscle","transcript-rna-seq","ENSG00000121966.7","CXCR4",NA,"exercise_with_controls","EE-CON","post_3.5_4_hr",0.292402806708048,-0.222531785526432,0.807337398942529,0.264674641707113,0.541652864750556
"muscle","transcript-rna-seq","ENSG00000121966.7","CXCR4",NA,"Endur_vs_Resist","EE-RE","post_15_30_45_min",0.412437385841145,0.0215728307182402,0.803301940964049,0.0386950920297545,0.441019996935107
"muscle","transcript-rna-seq","ENSG00000121966.7","CXCR4",NA,"Endur_vs_Resist","EE-RE","post_24_hr",0.0336330532361999,-0.368622126076633,0.435888232549032,0.869404025291618,0.941503896684802
"muscle","transcript-rna-seq","ENSG00000121966.7","CXCR4",NA,"exercise_with_controls","RE-CON","post_15_30_45_min",-0.0449244876256529,-0.533198839550223,0.443349864298917,0.856429577188233,0.958215100373496
"muscle","transcript-rna-seq","ENSG00000121966.7","CXCR4",NA,"Endur_vs_Resist","EE-RE","post_3.5_4_hr",0.300233256029085,-0.102876184770563,0.703342696828734,0.143784089440066,0.296087256151435
"muscle","transcript-rna-seq","ENSG00000121966.7","CXCR4",NA,"exercise_with_controls","RE-CON","post_3.5_4_hr",-0.00783044932103727,-0.511497755214539,0.495836856572464,0.975610107525323,0.98706263568601
"muscle","transcript-rna-seq","ENSG00000125166.13","GOT2",NA,"Endur_vs_Resist","EE-RE","post_24_hr",0.121554471896932,0.0207508407852052,0.222358103008659,0.0183113378946138,0.0797770972798883
"muscle","transcript-rna-seq","ENSG00000125166.13","GOT2",NA,"exercise_with_controls","EE-CON","post_15_30_45_min",-0.0434853785249381,-0.167499437708806,0.0805286806589302,0.490425803152851,0.807368189034328
"muscle","transcript-rna-seq","ENSG00000125166.13","GOT2",NA,"exercise_with_controls","EE-CON","post_24_hr",0.127803516135032,0.00632745527143544,0.249279576998628,0.0392842951281315,0.216759501427247
"muscle","transcript-rna-seq","ENSG00000125166.13","GOT2",NA,"exercise_with_controls","EE-CON","post_3.5_4_hr",0.0544237481493006,-0.0761794919742434,0.185026988272845,0.412575876144406,0.682144731023335
"muscle","transcript-rna-seq","ENSG00000125166.13","GOT2",NA,"Endur_vs_Resist","EE-RE","post_3.5_4_hr",0.040986253676845,-0.0660735800693815,0.148046087423072,0.451561363584733,0.63743323847936
"muscle","transcript-rna-seq","ENSG00000125166.13","GOT2",NA,"exercise_with_controls","RE-CON","post_24_hr",0.0062490442380998,-0.112305529737386,0.124803618213586,0.917392383874652,0.967178381775923
"muscle","transcript-rna-seq","ENSG00000125166.13","GOT2",NA,"exercise_with_controls","RE-CON","post_3.5_4_hr",0.0134374944724556,-0.111292886057757,0.138167875002668,0.832131434413258,0.898884895029017
"muscle","transcript-rna-seq","ENSG00000125166.13","GOT2",NA,"exercise_with_controls","RE-CON","post_15_30_45_min",-0.0429988268826378,-0.163092460057365,0.0770948062920891,0.481326796346301,0.802670315378235
"muscle","transcript-rna-seq","ENSG00000125166.13","GOT2",NA,"Endur_vs_Resist","EE-RE","post_15_30_45_min",-0.00048655164230027,-0.105590877904941,0.10461777462034,0.992732602678116,0.998410504607152
"muscle","transcript-rna-seq","ENSG00000133116.8","KL",NA,"exercise_with_controls","RE-CON","post_24_hr",-0.199464726680142,-0.490181262598434,0.0912518092381494,0.177931311093126,0.390240163748288
"muscle","transcript-rna-seq","ENSG00000133116.8","KL",NA,"exercise_with_controls","RE-CON","post_15_30_45_min",0.149609020368101,-0.170318687688769,0.46953672842497,0.358085320664352,0.723754965578817
"muscle","transcript-rna-seq","ENSG00000133116.8","KL",NA,"exercise_with_controls","RE-CON","post_3.5_4_hr",-0.177019656991793,-0.483732460844918,0.129693146861332,0.256919815308799,0.411835054950283
"muscle","transcript-rna-seq","ENSG00000133116.8","KL",NA,"Endur_vs_Resist","EE-RE","post_15_30_45_min",0.0821112575570648,-0.182654934068766,0.346877449182895,0.542113698892792,0.931075421057162
"muscle","transcript-rna-seq","ENSG00000133116.8","KL",NA,"exercise_with_controls","EE-CON","post_3.5_4_hr",-0.567661751531993,-0.894475085468664,-0.240848417595321,0.000719054232044092,0.00878672562310579
"muscle","transcript-rna-seq","ENSG00000133116.8","KL",NA,"Endur_vs_Resist","EE-RE","post_3.5_4_hr",-0.3906420945402,-0.666404806898077,-0.114879382182323,0.00565196931976172,0.0243243903805908
"muscle","transcript-rna-seq","ENSG00000133116.8","KL",NA,"exercise_with_controls","EE-CON","post_15_30_45_min",0.231720277925165,-0.0966589822691729,0.560099538119504,0.165935849983556,0.530308887768335
"muscle","transcript-rna-seq","ENSG00000133116.8","KL",NA,"exercise_with_controls","EE-CON","post_24_hr",-0.323880252777602,-0.622934057177029,-0.0248264483781757,0.0338823743308636,0.198502152320414
"muscle","transcript-rna-seq","ENSG00000133116.8","KL",NA,"Endur_vs_Resist","EE-RE","post_24_hr",-0.12441552609746,-0.377009411820975,0.128178359626055,0.33311704503919,0.573655436698005
"muscle","transcript-rna-seq","ENSG00000134352.20","IL6ST",NA,"exercise_with_controls","RE-CON","post_15_30_45_min",-0.00779854128427537,-0.115178762863269,0.0995816802947184,0.886430196080508,0.968575089320259
"muscle","transcript-rna-seq","ENSG00000134352.20","IL6ST",NA,"exercise_with_controls","EE-CON","post_15_30_45_min",0.0351957749909708,-0.0755149796414969,0.145906529623439,0.531990451520614,0.831010003641556
"muscle","transcript-rna-seq","ENSG00000134352.20","IL6ST",NA,"exercise_with_controls","EE-CON","post_3.5_4_hr",-0.0125751519801716,-0.128643468507409,0.103493164547066,0.831297091352287,0.932913928826551
"muscle","transcript-rna-seq","ENSG00000134352.20","IL6ST",NA,"exercise_with_controls","EE-CON","post_24_hr",-0.100089014352997,-0.20824466640629,0.00806663770029699,0.0695772408155578,0.299830506036033
"muscle","transcript-rna-seq","ENSG00000134352.20","IL6ST",NA,"exercise_with_controls","RE-CON","post_24_hr",-0.153983826506087,-0.259996396981811,-0.047971256030363,0.00456427823681637,0.0260912982727152
"muscle","transcript-rna-seq","ENSG00000134352.20","IL6ST",NA,"exercise_with_controls","RE-CON","post_3.5_4_hr",0.0793607227179889,-0.0318677894321216,0.190589234868099,0.161305019455433,0.292539225111473
"muscle","transcript-rna-seq","ENSG00000134352.20","IL6ST",NA,"Endur_vs_Resist","EE-RE","post_15_30_45_min",0.0429943162752462,-0.0501486808314305,0.136137313381923,0.364368766106772,0.879097144319013
"muscle","transcript-rna-seq","ENSG00000134352.20","IL6ST",NA,"Endur_vs_Resist","EE-RE","post_24_hr",0.0538948121530902,-0.0357151245330268,0.143504748839207,0.237468867432055,0.468383934580144
"muscle","transcript-rna-seq","ENSG00000134352.20","IL6ST",NA,"Endur_vs_Resist","EE-RE","post_3.5_4_hr",-0.0919358746981604,-0.186430597739952,0.0025588483436311,0.0564920102499228,0.150666655446846
"muscle","transcript-rna-seq","ENSG00000134363.12","FST",NA,"exercise_with_controls","EE-CON","post_15_30_45_min",0.35704797590192,-0.141113897396125,0.855209849199965,0.159445259527253,0.520831379013736
"muscle","transcript-rna-seq","ENSG00000134363.12","FST",NA,"exercise_with_controls","EE-CON","post_3.5_4_hr",-0.528586906999752,-1.07999279637449,0.022818982374985,0.0601966983000656,0.222572741822124
"muscle","transcript-rna-seq","ENSG00000134363.12","FST",NA,"exercise_with_controls","RE-CON","post_15_30_45_min",0.375769410594307,-0.0963362671535178,0.847875088342131,0.118316680806797,0.46081926093141
"muscle","transcript-rna-seq","ENSG00000134363.12","FST",NA,"exercise_with_controls","RE-CON","post_3.5_4_hr",-0.256663376668792,-0.772931881960606,0.259605128623022,0.328663343887972,0.489481564659136
"muscle","transcript-rna-seq","ENSG00000134363.12","FST",NA,"Endur_vs_Resist","EE-RE","post_24_hr",0.350714838442103,-0.0896234201405874,0.791053097024794,0.11806213162937,0.300216172757525
"muscle","transcript-rna-seq","ENSG00000134363.12","FST",NA,"Endur_vs_Resist","EE-RE","post_15_30_45_min",-0.0187214346923867,-0.440607979256215,0.403165109871441,0.930477742615812,0.99266848626471
"muscle","transcript-rna-seq","ENSG00000134363.12","FST",NA,"exercise_with_controls","EE-CON","post_24_hr",0.102695526373029,-0.382551132117812,0.58794218486387,0.677334690770047,0.888456889394781
"muscle","transcript-rna-seq","ENSG00000134363.12","FST",NA,"exercise_with_controls","RE-CON","post_24_hr",-0.248019312069074,-0.733580727385263,0.237542103247115,0.315548375323019,0.556952963991073
"muscle","transcript-rna-seq","ENSG00000134363.12","FST",NA,"Endur_vs_Resist","EE-RE","post_3.5_4_hr",-0.271923530330961,-0.772547591225745,0.228700530563824,0.285937996169935,0.473333037077054
"muscle","transcript-rna-seq","ENSG00000135821.19","GLUL",NA,"exercise_with_controls","EE-CON","post_3.5_4_hr",0.41380398669949,0.0888522337064935,0.738755739692486,0.0127704148052375,0.0781708483573101
"muscle","transcript-rna-seq","ENSG00000135821.19","GLUL",NA,"exercise_with_controls","RE-CON","post_24_hr",-0.608943636163014,-0.905159701614475,-0.312727570711553,6.87446354358076e-05,0.000857629822676847
"muscle","transcript-rna-seq","ENSG00000135821.19","GLUL",NA,"exercise_with_controls","RE-CON","post_15_30_45_min",0.558405179484179,0.257360045629582,0.859450313338776,0.0003154908975114,0.00990197571675989
"muscle","transcript-rna-seq","ENSG00000135821.19","GLUL",NA,"exercise_with_controls","EE-CON","post_24_hr",-0.0371216498922937,-0.341110696199652,0.266867396415065,0.810141219632062,0.941808421583389
"muscle","transcript-rna-seq","ENSG00000135821.19","GLUL",NA,"exercise_with_controls","EE-CON","post_15_30_45_min",0.099956188008127,-0.210071961484486,0.40998433750074,0.526024704938141,0.826903623483505
"muscle","transcript-rna-seq","ENSG00000135821.19","GLUL",NA,"exercise_with_controls","RE-CON","post_3.5_4_hr",1.03052502222075,0.719382533178234,1.34166751126327,3.70977852841024e-10,7.6844082466154e-09
"muscle","transcript-rna-seq","ENSG00000135821.19","GLUL",NA,"Endur_vs_Resist","EE-RE","post_15_30_45_min",-0.458448991476052,-0.720769915625272,-0.196128067326832,0.000675537993365566,0.0341053722705569
"muscle","transcript-rna-seq","ENSG00000135821.19","GLUL",NA,"Endur_vs_Resist","EE-RE","post_24_hr",0.57182198627072,0.322261672637516,0.821382299903924,9.83169439116507e-06,0.000189616171382879
"muscle","transcript-rna-seq","ENSG00000135821.19","GLUL",NA,"Endur_vs_Resist","EE-RE","post_3.5_4_hr",-0.616721035521261,-0.882790504182659,-0.350651566859862,7.7554904195042e-06,8.32479787617652e-05
"muscle","transcript-rna-seq","ENSG00000137944.18","KYAT3",NA,"exercise_with_controls","RE-CON","post_24_hr",0.0984354247101826,-0.0781470081726373,0.275017857593003,0.273288523757098,0.510144757881719
"muscle","transcript-rna-seq","ENSG00000137944.18","KYAT3",NA,"exercise_with_controls","EE-CON","post_3.5_4_hr",-0.15248783707981,-0.346606306161076,0.0416306320014554,0.123097152385283,0.347743136332757
"muscle","transcript-rna-seq","ENSG00000137944.18","KYAT3",NA,"Endur_vs_Resist","EE-RE","post_15_30_45_min",0.00474726432518069,-0.151857108265698,0.16135163691606,0.952443327184855,0.994833163080012
"muscle","transcript-rna-seq","ENSG00000137944.18","KYAT3",NA,"Endur_vs_Resist","EE-RE","post_24_hr",0.0780668874150279,-0.0695506059943004,0.225684380824356,0.29861599164243,0.539607202936173
"muscle","transcript-rna-seq","ENSG00000137944.18","KYAT3",NA,"exercise_with_controls","EE-CON","post_24_hr",0.17650231212521,-0.00263048866160792,0.355635112912029,0.0534336353871691,0.259552340147979
"muscle","transcript-rna-seq","ENSG00000137944.18","KYAT3",NA,"exercise_with_controls","EE-CON","post_15_30_45_min",0.00133584858641522,-0.184444263256292,0.187115960429123,0.988712439351632,0.997412383822554
"muscle","transcript-rna-seq","ENSG00000137944.18","KYAT3",NA,"exercise_with_controls","RE-CON","post_15_30_45_min",-0.00341141573876547,-0.183219533928498,0.176396702450967,0.970222246972732,0.991948493421822
"muscle","transcript-rna-seq","ENSG00000137944.18","KYAT3",NA,"Endur_vs_Resist","EE-RE","post_3.5_4_hr",-0.100237917163395,-0.259901843137145,0.0594260088103556,0.217451762576239,0.394466969492924
"muscle","transcript-rna-seq","ENSG00000137944.18","KYAT3",NA,"exercise_with_controls","RE-CON","post_3.5_4_hr",-0.0522499199164155,-0.238845048630893,0.134345208798062,0.581784188983494,0.721017579455634
"muscle","transcript-rna-seq","ENSG00000138685.17","FGF2",NA,"exercise_with_controls","EE-CON","post_3.5_4_hr",-0.0832010694137026,-0.425026122763836,0.258623983936431,0.632193728292716,0.83129321070366
"muscle","transcript-rna-seq","ENSG00000138685.17","FGF2",NA,"Endur_vs_Resist","EE-RE","post_15_30_45_min",-0.0216549197901794,-0.31115612180832,0.267846282227961,0.883039700188894,0.988309051004374
"muscle","transcript-rna-seq","ENSG00000138685.17","FGF2",NA,"Endur_vs_Resist","EE-RE","post_24_hr",0.133547589005582,-0.151702477172625,0.418797655183789,0.357469221885994,0.59852529250668
"muscle","transcript-rna-seq","ENSG00000138685.17","FGF2",NA,"Endur_vs_Resist","EE-RE","post_3.5_4_hr",-0.309331299239616,-0.594089996404048,-0.024572602075183,0.0333569162785593,0.100472419420313
"muscle","transcript-rna-seq","ENSG00000138685.17","FGF2",NA,"exercise_with_controls","EE-CON","post_15_30_45_min",0.0789005936734588,-0.267284345387387,0.425085532734304,0.654009796235908,0.894525315747995
"muscle","transcript-rna-seq","ENSG00000138685.17","FGF2",NA,"exercise_with_controls","RE-CON","post_24_hr",-0.215484730603152,-0.538280214820528,0.107310753614224,0.189849302720606,0.407412210920899
"muscle","transcript-rna-seq","ENSG00000138685.17","FGF2",NA,"exercise_with_controls","EE-CON","post_24_hr",-0.0819371415975698,-0.40459119528596,0.24071691209082,0.617507026969618,0.856979506094738
"muscle","transcript-rna-seq","ENSG00000138685.17","FGF2",NA,"exercise_with_controls","RE-CON","post_3.5_4_hr",0.226130229825913,-0.105708893961302,0.557969353613128,0.180854508895418,0.318783588229174
"muscle","transcript-rna-seq","ENSG00000138685.17","FGF2",NA,"exercise_with_controls","RE-CON","post_15_30_45_min",0.100555513463638,-0.234077282164803,0.43518830909208,0.554599795120737,0.839667382561108
"muscle","transcript-rna-seq","ENSG00000142871.18","CCN1",NA,"exercise_with_controls","RE-CON","post_24_hr",0.87077864999672,0.313515577763905,1.42804172222953,0.00229923073458788,0.0151528942903439
"muscle","transcript-rna-seq","ENSG00000142871.18","CCN1",NA,"exercise_with_controls","RE-CON","post_3.5_4_hr",2.58589193434417,1.97929717352718,3.19248669516116,1.99621464046713e-15,9.98651742408237e-14
"muscle","transcript-rna-seq","ENSG00000142871.18","CCN1",NA,"exercise_with_controls","EE-CON","post_24_hr",0.0126771906514898,-0.582566644937979,0.607921026240959,0.96659674112761,0.992938792701678
"muscle","transcript-rna-seq","ENSG00000142871.18","CCN1",NA,"Endur_vs_Resist","EE-RE","post_3.5_4_hr",-2.21823756073107,-2.70371914894593,-1.7327559725162,2.66107834231076e-17,2.44065235295602e-15
"muscle","transcript-rna-seq","ENSG00000142871.18","CCN1",NA,"exercise_with_controls","EE-CON","post_3.5_4_hr",0.367654373613103,-0.293025529412551,1.02833427663876,0.274342759766791,0.551677378588252
"muscle","transcript-rna-seq","ENSG00000142871.18","CCN1",NA,"Endur_vs_Resist","EE-RE","post_15_30_45_min",-0.556976480318736,-0.985707499731072,-0.128245460906399,0.0110515796618869,0.219555389456186
"muscle","transcript-rna-seq","ENSG00000142871.18","CCN1",NA,"Endur_vs_Resist","EE-RE","post_24_hr",-0.85810145934523,-1.32896668593171,-0.387236232758749,0.000392644151309125,0.00398167217073855
"muscle","transcript-rna-seq","ENSG00000142871.18","CCN1",NA,"exercise_with_controls","RE-CON","post_15_30_45_min",4.75094478592689,4.12311719255315,5.37877237930064,1.24217252166662e-37,2.92957516574203e-34
"muscle","transcript-rna-seq","ENSG00000142871.18","CCN1",NA,"exercise_with_controls","EE-CON","post_15_30_45_min",4.19396830560816,3.55195970245366,4.83597690876265,2.33890109057614e-30,2.27134812378362e-27
"muscle","transcript-rna-seq","ENSG00000144476.6","ACKR3",NA,"exercise_with_controls","EE-CON","post_3.5_4_hr",0.717892452518478,0.418923118991042,1.01686178604591,3.64217805006968e-06,0.000103670202463104
"muscle","transcript-rna-seq","ENSG00000144476.6","ACKR3",NA,"exercise_with_controls","EE-CON","post_24_hr",-0.16740729039061,-0.458681087665225,0.123866506884005,0.258819436920413,0.59710034713794
"muscle","transcript-rna-seq","ENSG00000144476.6","ACKR3",NA,"Endur_vs_Resist","EE-RE","post_3.5_4_hr",1.14038487478508,0.8904880925369,1.39028165703326,4.21819886269169e-17,3.66517079074617e-15
"muscle","transcript-rna-seq","ENSG00000144476.6","ACKR3",NA,"exercise_with_controls","RE-CON","post_3.5_4_hr",-0.422492422266602,-0.724990448766244,-0.119994395766959,0.00636717121307747,0.0220645737944366
"muscle","transcript-rna-seq","ENSG00000144476.6","ACKR3",NA,"exercise_with_controls","RE-CON","post_24_hr",-0.371416637138469,-0.661872958334959,-0.0809603159419786,0.0124009569063047,0.057114767266698
"muscle","transcript-rna-seq","ENSG00000144476.6","ACKR3",NA,"Endur_vs_Resist","EE-RE","post_15_30_45_min",-0.141126539855679,-0.385169842159609,0.102916762448251,0.255937297673289,0.819009274527685
"muscle","transcript-rna-seq","ENSG00000144476.6","ACKR3",NA,"exercise_with_controls","RE-CON","post_15_30_45_min",0.260621986057071,-0.0301551856029883,0.55139915771713,0.0787584787001684,0.382747081106418
"muscle","transcript-rna-seq","ENSG00000144476.6","ACKR3",NA,"exercise_with_controls","EE-CON","post_15_30_45_min",0.119495446201392,-0.18011942031344,0.419110312716224,0.433014059833,0.771544551674732
"muscle","transcript-rna-seq","ENSG00000144476.6","ACKR3",NA,"Endur_vs_Resist","EE-RE","post_24_hr",0.204009346747859,-0.0428758439667952,0.450894537462512,0.104921181947634,0.277631638527567
"muscle","transcript-rna-seq","ENSG00000160097.20","FNDC5",NA,"exercise_with_controls","EE-CON","post_24_hr",0.0425325010964688,-0.176299075377063,0.26136407757,0.70216374748526,0.899512788642365
"muscle","transcript-rna-seq","ENSG00000160097.20","FNDC5",NA,"Endur_vs_Resist","EE-RE","post_15_30_45_min",-0.0131561451938644,-0.202096130518967,0.175783840131239,0.891022523745487,0.988891394042569
"muscle","transcript-rna-seq","ENSG00000160097.20","FNDC5",NA,"exercise_with_controls","EE-CON","post_15_30_45_min",-0.17206634566812,-0.395583416396905,0.0514507250606655,0.130725985797698,0.474487405492704
"muscle","transcript-rna-seq","ENSG00000160097.20","FNDC5",NA,"exercise_with_controls","RE-CON","post_15_30_45_min",-0.158910200474256,-0.375183564012413,0.0573631630639017,0.149089597639549,0.505486679020433
"muscle","transcript-rna-seq","ENSG00000160097.20","FNDC5",NA,"exercise_with_controls","EE-CON","post_3.5_4_hr",-0.0194732676981095,-0.25508338912848,0.216136853732261,0.870811033213646,0.949690299835044
"muscle","transcript-rna-seq","ENSG00000160097.20","FNDC5",NA,"Endur_vs_Resist","EE-RE","post_24_hr",0.209511842375211,0.0285287404707697,0.390494944279653,0.0234588041867404,0.096290750452237
"muscle","transcript-rna-seq","ENSG00000160097.20","FNDC5",NA,"exercise_with_controls","RE-CON","post_3.5_4_hr",-0.0318781122595588,-0.256864468245658,0.193108243726541,0.780409495476427,0.863813634651045
"muscle","transcript-rna-seq","ENSG00000160097.20","FNDC5",NA,"Endur_vs_Resist","EE-RE","post_3.5_4_hr",0.0124048445614493,-0.179988190847903,0.204797879970802,0.899047378663476,0.943709906665579
"muscle","transcript-rna-seq","ENSG00000160097.20","FNDC5",NA,"exercise_with_controls","RE-CON","post_24_hr",-0.166979341278743,-0.380581364887508,0.0466226823300229,0.124895438075519,0.307921689046585
"muscle","transcript-rna-seq","ENSG00000160712.13","IL6R",NA,"exercise_with_controls","EE-CON","post_24_hr",-0.644093131666565,-0.980360164364256,-0.307826098968875,0.000198253129457815,0.00588779645481743
"muscle","transcript-rna-seq","ENSG00000160712.13","IL6R",NA,"exercise_with_controls","EE-CON","post_15_30_45_min",-0.0528043068558066,-0.404680543658184,0.299071929946571,0.767919832401044,0.935149699871382
"muscle","transcript-rna-seq","ENSG00000160712.13","IL6R",NA,"Endur_vs_Resist","EE-RE","post_3.5_4_hr",-0.155784365285139,-0.440570006804701,0.129001276234424,0.2825597606829,0.470002930893098
"muscle","transcript-rna-seq","ENSG00000160712.13","IL6R",NA,"Endur_vs_Resist","EE-RE","post_24_hr",0.163947713472988,-0.119950483086364,0.447845910032339,0.256611831593959,0.489871036977876
"muscle","transcript-rna-seq","ENSG00000160712.13","IL6R",NA,"exercise_with_controls","RE-CON","post_15_30_45_min",0.123679672622605,-0.21567807732838,0.463037422573589,0.473728573222065,0.799716416271426
"muscle","transcript-rna-seq","ENSG00000160712.13","IL6R",NA,"exercise_with_controls","EE-CON","post_3.5_4_hr",0.778203639190485,0.423505879030394,1.13290139935058,2.15885235936521e-05,0.000491310460644054
"muscle","transcript-rna-seq","ENSG00000160712.13","IL6R",NA,"exercise_with_controls","RE-CON","post_24_hr",-0.808040845139553,-1.13719659053167,-0.478885099747434,2.22058897980634e-06,4.74252308766143e-05
"muscle","transcript-rna-seq","ENSG00000160712.13","IL6R",NA,"Endur_vs_Resist","EE-RE","post_15_30_45_min",-0.176483979478411,-0.469298173312157,0.116330214355334,0.236488632540362,0.804525462949064
"muscle","transcript-rna-seq","ENSG00000160712.13","IL6R",NA,"exercise_with_controls","RE-CON","post_3.5_4_hr",0.933988004475624,0.593753843604219,1.27422216534703,1.3719066924711e-07,1.71451987782024e-06
"muscle","transcript-rna-seq","ENSG00000163430.12","FSTL1",NA,"Endur_vs_Resist","EE-RE","post_24_hr",-0.0759129547398398,-0.418244167114251,0.266418257634571,0.66279597439078,0.833493200884932
"muscle","transcript-rna-seq","ENSG00000163430.12","FSTL1",NA,"Endur_vs_Resist","EE-RE","post_3.5_4_hr",-0.160790247006265,-0.521414972536909,0.19983447852438,0.380920025096449,0.571380037644673
"muscle","transcript-rna-seq","ENSG00000163430.12","FSTL1",NA,"exercise_with_controls","EE-CON","post_15_30_45_min",0.224140795238302,-0.201301279208342,0.649582869684947,0.300605411294789,0.675893454519303
"muscle","transcript-rna-seq","ENSG00000163430.12","FSTL1",NA,"Endur_vs_Resist","EE-RE","post_15_30_45_min",0.0666195255423787,-0.29008556212097,0.423324613205727,0.713441842368567,0.965813928863556
"muscle","transcript-rna-seq","ENSG00000163430.12","FSTL1",NA,"exercise_with_controls","EE-CON","post_24_hr",-0.153256413919101,-0.564711308433698,0.258198480595497,0.464057513104503,0.765523034739463
"muscle","transcript-rna-seq","ENSG00000163430.12","FSTL1",NA,"exercise_with_controls","EE-CON","post_3.5_4_hr",-0.0329000014735827,-0.473744076337425,0.407944073390259,0.883323284070416,0.954515837120879
"muscle","transcript-rna-seq","ENSG00000163430.12","FSTL1",NA,"exercise_with_controls","RE-CON","post_3.5_4_hr",0.127890245532682,-0.295051282441757,0.550831773507121,0.552189657078259,0.696842917650587
"muscle","transcript-rna-seq","ENSG00000163430.12","FSTL1",NA,"exercise_with_controls","RE-CON","post_15_30_45_min",0.157521269695923,-0.255442104631981,0.570484644023828,0.453366852322054,0.787590800064158
"muscle","transcript-rna-seq","ENSG00000163430.12","FSTL1",NA,"exercise_with_controls","RE-CON","post_24_hr",-0.0773434591792608,-0.480593466164477,0.325906547805955,0.706042626932316,0.857913936819119
"muscle","transcript-rna-seq","ENSG00000163644.15","PPM1K",NA,"Endur_vs_Resist","EE-RE","post_24_hr",0.660530314127088,0.477600207484314,0.843460420769862,1.29415531784988e-11,1.60640677762283e-09
"muscle","transcript-rna-seq","ENSG00000163644.15","PPM1K",NA,"Endur_vs_Resist","EE-RE","post_15_30_45_min",0.00105216306579514,-0.191198945701827,0.193303271833418,0.991407737813406,0.998410504607152
"muscle","transcript-rna-seq","ENSG00000163644.15","PPM1K",NA,"exercise_with_controls","RE-CON","post_24_hr",-0.377586173399731,-0.59038880189166,-0.164783544907803,0.000564256749191941,0.00487712810073809
"muscle","transcript-rna-seq","ENSG00000163644.15","PPM1K",NA,"exercise_with_controls","EE-CON","post_24_hr",0.282944140727357,0.0703258937901804,0.495562387664533,0.00931402480305441,0.0878156684600944
"muscle","transcript-rna-seq","ENSG00000163644.15","PPM1K",NA,"exercise_with_controls","RE-CON","post_3.5_4_hr",-0.0761141029742518,-0.311184483100666,0.158956277152162,0.524188414937088,0.673921543664542
"muscle","transcript-rna-seq","ENSG00000163644.15","PPM1K",NA,"exercise_with_controls","EE-CON","post_15_30_45_min",-0.0856332493763152,-0.30743522112435,0.136168722371719,0.447684916140405,0.781850235963392
"muscle","transcript-rna-seq","ENSG00000163644.15","PPM1K",NA,"exercise_with_controls","RE-CON","post_15_30_45_min",-0.0866854124421099,-0.300938542236424,0.127567717352204,0.426235099007933,0.769460388137995
"muscle","transcript-rna-seq","ENSG00000163644.15","PPM1K",NA,"Endur_vs_Resist","EE-RE","post_3.5_4_hr",0.362413637817409,0.162372999769795,0.562454275865023,0.000432323432986342,0.00279562379756033
"muscle","transcript-rna-seq","ENSG00000163644.15","PPM1K",NA,"exercise_with_controls","EE-CON","post_3.5_4_hr",0.286299534843157,0.04678934782935,0.525809721856964,0.0193424135686167,0.104183982252624
"muscle","transcript-rna-seq","ENSG00000164733.22","CTSB",NA,"exercise_with_controls","EE-CON","post_3.5_4_hr",0.0434600859136207,-0.104933233247043,0.191853405074284,0.564675765679953,0.791741879592199
"muscle","transcript-rna-seq","ENSG00000164733.22","CTSB",NA,"Endur_vs_Resist","EE-RE","post_24_hr",-0.224096237225616,-0.338294566916022,-0.109897907535211,0.000140615921815605,0.00174150656658202
"muscle","transcript-rna-seq","ENSG00000164733.22","CTSB",NA,"exercise_with_controls","EE-CON","post_24_hr",0.134379048210644,-0.00361246601465073,0.272370562435938,0.0562605165675701,0.267744268669361
"muscle","transcript-rna-seq","ENSG00000164733.22","CTSB",NA,"Endur_vs_Resist","EE-RE","post_3.5_4_hr",-0.292208328864229,-0.413079792611504,-0.171336865116954,3.16714673309164e-06,3.76974948930136e-05
"muscle","transcript-rna-seq","ENSG00000164733.22","CTSB",NA,"exercise_with_controls","EE-CON","post_15_30_45_min",0.0138756104308708,-0.127237602758982,0.154988823620724,0.846628378633233,0.961132513524657
"muscle","transcript-rna-seq","ENSG00000164733.22","CTSB",NA,"exercise_with_controls","RE-CON","post_15_30_45_min",0.00515936781395077,-0.131581005454032,0.141899741081933,0.940832648135489,0.983798213077577
"muscle","transcript-rna-seq","ENSG00000164733.22","CTSB",NA,"Endur_vs_Resist","EE-RE","post_15_30_45_min",0.00871624261692006,-0.110149569015729,0.127582054249569,0.885312303560912,0.988309051004374
"muscle","transcript-rna-seq","ENSG00000164733.22","CTSB",NA,"exercise_with_controls","RE-CON","post_24_hr",0.35847528543626,0.223463465347643,0.493487105524877,3.51131270010552e-07,9.89219477236213e-06
"muscle","transcript-rna-seq","ENSG00000164733.22","CTSB",NA,"exercise_with_controls","RE-CON","post_3.5_4_hr",0.33566841477785,0.193683895880987,0.477652933674712,5.12665273277353e-06,4.44049894886454e-05
"muscle","transcript-rna-seq","ENSG00000168329.14","CX3CR1",NA,"Endur_vs_Resist","EE-RE","post_3.5_4_hr",0.366512874011444,0.0688836548571237,0.664142093165764,0.0160093792932596,0.0566800005902685
"muscle","transcript-rna-seq","ENSG00000168329.14","CX3CR1",NA,"exercise_with_controls","EE-CON","post_24_hr",-0.044376252655216,-0.333332752210205,0.244580246899773,0.762538463272734,0.923712987516748
"muscle","transcript-rna-seq","ENSG00000168329.14","CX3CR1",NA,"exercise_with_controls","EE-CON","post_15_30_45_min",-0.236767188107661,-0.541856379068756,0.0683220028534346,0.127659602287357,0.469697431281919
"muscle","transcript-rna-seq","ENSG00000168329.14","CX3CR1",NA,"exercise_with_controls","RE-CON","post_24_hr",-0.356431146017556,-0.645843345192727,-0.0670189468423849,0.0159991689110138,0.0697834292079069
"muscle","transcript-rna-seq","ENSG00000168329.14","CX3CR1",NA,"Endur_vs_Resist","EE-RE","post_15_30_45_min",0.255263797227409,-0.01376437854369,0.524291972998508,0.0628302000306334,0.539786282812954
"muscle","transcript-rna-seq","ENSG00000168329.14","CX3CR1",NA,"Endur_vs_Resist","EE-RE","post_24_hr",0.31205489336234,0.0606481462796419,0.563461640445038,0.0151961741511315,0.0698752136921499
"muscle","transcript-rna-seq","ENSG00000168329.14","CX3CR1",NA,"exercise_with_controls","RE-CON","post_15_30_45_min",-0.49203098533507,-0.793863414356192,-0.190198556313948,0.00149982953249411,0.0327956102674772
"muscle","transcript-rna-seq","ENSG00000168329.14","CX3CR1",NA,"exercise_with_controls","EE-CON","post_3.5_4_hr",-0.776865751908405,-1.0980084392214,-0.455723064595411,3.23535690520076e-06,9.32155447608365e-05
"muscle","transcript-rna-seq","ENSG00000168329.14","CX3CR1",NA,"exercise_with_controls","RE-CON","post_3.5_4_hr",-1.14337862591985,-1.45862450049463,-0.82813275134507,1.03715188718374e-11,2.82546873028322e-10
"muscle","transcript-rna-seq","ENSG00000168610.16","STAT3",NA,"exercise_with_controls","RE-CON","post_15_30_45_min",0.114705014071173,-0.0618615599649751,0.29127158810732,0.201924372231064,0.578251682487182
"muscle","transcript-rna-seq","ENSG00000168610.16","STAT3",NA,"exercise_with_controls","RE-CON","post_3.5_4_hr",0.369716805395425,0.186138984858659,0.55329462593219,9.50201025777033e-05,0.000598507010093591
"muscle","transcript-rna-seq","ENSG00000168610.16","STAT3",NA,"exercise_with_controls","EE-CON","post_24_hr",0.0744212527524297,-0.104111431268002,0.252953936772862,0.412454331807705,0.72949215309023
"muscle","transcript-rna-seq","ENSG00000168610.16","STAT3",NA,"Endur_vs_Resist","EE-RE","post_3.5_4_hr",-0.119314131764176,-0.2757697059253,0.0371414423969489,0.134390681114844,0.28255931667409
"muscle","transcript-rna-seq","ENSG00000168610.16","STAT3",NA,"Endur_vs_Resist","EE-RE","post_24_hr",0.0153433383691119,-0.132336146989721,0.163022823727945,0.838038652918929,0.926297544258074
"muscle","transcript-rna-seq","ENSG00000168610.16","STAT3",NA,"exercise_with_controls","EE-CON","post_15_30_45_min",0.0688747113590944,-0.113331280547814,0.251080703266003,0.45729948724572,0.787980326111822
"muscle","transcript-rna-seq","ENSG00000168610.16","STAT3",NA,"exercise_with_controls","EE-CON","post_3.5_4_hr",0.250402673631249,0.058483605730391,0.442321741532107,0.0107557784308988,0.069011716329463
"muscle","transcript-rna-seq","ENSG00000168610.16","STAT3",NA,"exercise_with_controls","RE-CON","post_24_hr",0.0590779143833178,-0.115478905415805,0.233634734182441,0.505664428948663,0.724378999363632
"muscle","transcript-rna-seq","ENSG00000168610.16","STAT3",NA,"Endur_vs_Resist","EE-RE","post_15_30_45_min",-0.0458303027120781,-0.199492204632975,0.107831599208819,0.557488136357801,0.9341684210736
"muscle","transcript-rna-seq","ENSG00000168621.15","GDNF",NA,"exercise_with_controls","EE-CON","post_3.5_4_hr",-0.326814625044551,-0.891037309480572,0.23740805939147,0.255114725644561,0.532277192604159
"muscle","transcript-rna-seq","ENSG00000168621.15","GDNF",NA,"exercise_with_controls","EE-CON","post_15_30_45_min",0.134750345997803,-0.401535471106628,0.671036163102235,0.62121150287017,0.877745695043105
"muscle","transcript-rna-seq","ENSG00000168621.15","GDNF",NA,"Endur_vs_Resist","EE-RE","post_24_hr",-0.764143363060556,-1.16060992343724,-0.36767680268387,0.000182895403968571,0.00214555033858943
"muscle","transcript-rna-seq","ENSG00000168621.15","GDNF",NA,"exercise_with_controls","RE-CON","post_24_hr",0.750761783622162,0.289386699945278,1.21213686729904,0.00152188942698223,0.0108718617698181
"muscle","transcript-rna-seq","ENSG00000168621.15","GDNF",NA,"exercise_with_controls","RE-CON","post_15_30_45_min",1.12417896583469,0.624225342139661,1.62413258952972,1.39556224911965e-05,0.000715074281598657
"muscle","transcript-rna-seq","ENSG00000168621.15","GDNF",NA,"Endur_vs_Resist","EE-RE","post_3.5_4_hr",-0.644491471801575,-1.10812115370306,-0.180861789900094,0.00661937232394651,0.0277147394613322
"muscle","transcript-rna-seq","ENSG00000168621.15","GDNF",NA,"exercise_with_controls","RE-CON","post_3.5_4_hr",0.317676846757023,-0.198366706554111,0.833720400068158,0.226547004516675,0.374831078128462
"muscle","transcript-rna-seq","ENSG00000168621.15","GDNF",NA,"Endur_vs_Resist","EE-RE","post_15_30_45_min",-0.989428619836886,-1.41523668331762,-0.563620556356147,7.23803468694897e-06,0.000885131219606226
"muscle","transcript-rna-seq","ENSG00000168621.15","GDNF",NA,"exercise_with_controls","EE-CON","post_24_hr",-0.0133815794383945,-0.502684882717358,0.475921723840569,0.957098434134947,0.990463099695699
"muscle","transcript-rna-seq","ENSG00000171097.14","KYAT1",NA,"exercise_with_controls","EE-CON","post_15_30_45_min",-0.188582810198634,-0.34118634236792,-0.0359792780293472,0.0156195656243128,0.152001457369507
"muscle","transcript-rna-seq","ENSG00000171097.14","KYAT1",NA,"exercise_with_controls","EE-CON","post_24_hr",0.0714024056095393,-0.0735025959063504,0.216307407125429,0.332875607623574,0.662980263754081
"muscle","transcript-rna-seq","ENSG00000171097.14","KYAT1",NA,"exercise_with_controls","RE-CON","post_24_hr",0.116525518376435,-0.0251380710253945,0.258189107778264,0.106524546870198,0.277888846102388
"muscle","transcript-rna-seq","ENSG00000171097.14","KYAT1",NA,"exercise_with_controls","EE-CON","post_3.5_4_hr",-0.0108241964974476,-0.170827557388904,0.149179164394009,0.894153613666704,0.958668788675388
"muscle","transcript-rna-seq","ENSG00000171097.14","KYAT1",NA,"exercise_with_controls","RE-CON","post_15_30_45_min",-0.0556232376375736,-0.20251856742443,0.0912720921492824,0.456646811787682,0.789235994116713
"muscle","transcript-rna-seq","ENSG00000171097.14","KYAT1",NA,"Endur_vs_Resist","EE-RE","post_3.5_4_hr",0.0891189161743691,-0.042067287776227,0.220305120124965,0.182222838116403,0.348992672211566
"muscle","transcript-rna-seq","ENSG00000171097.14","KYAT1",NA,"Endur_vs_Resist","EE-RE","post_15_30_45_min",-0.13295957256106,-0.260310658039614,-0.005608487082506,0.0407903605721437,0.449280229526735
"muscle","transcript-rna-seq","ENSG00000171097.14","KYAT1",NA,"Endur_vs_Resist","EE-RE","post_24_hr",-0.0451231127668956,-0.164237537215746,0.0739913116819549,0.456448243523836,0.690778078081704
"muscle","transcript-rna-seq","ENSG00000171097.14","KYAT1",NA,"exercise_with_controls","RE-CON","post_3.5_4_hr",-0.0999431126718167,-0.255845691201339,0.055959465857706,0.208011228929895,0.353509355092391
"muscle","transcript-rna-seq","ENSG00000171388.12","APLN",NA,"exercise_with_controls","EE-CON","post_24_hr",0.470317625893271,0.111622565303076,0.829012686483467,0.0103773682351367,0.093617471144192
"muscle","transcript-rna-seq","ENSG00000171388.12","APLN",NA,"Endur_vs_Resist","EE-RE","post_24_hr",-0.0458576499692818,-0.316023542226814,0.22430824228825,0.738450080519562,0.875345404881472
"muscle","transcript-rna-seq","ENSG00000171388.12","APLN",NA,"exercise_with_controls","EE-CON","post_3.5_4_hr",0.387438327845954,-0.0210867487348517,0.79596340442676,0.0629549413651786,0.228568310863501
"muscle","transcript-rna-seq","ENSG00000171388.12","APLN",NA,"Endur_vs_Resist","EE-RE","post_3.5_4_hr",-0.215102404620223,-0.521940781455683,0.0917359722152372,0.168626117910901,0.329944233695283
"muscle","transcript-rna-seq","ENSG00000171388.12","APLN",NA,"exercise_with_controls","RE-CON","post_3.5_4_hr",0.602540732466177,0.207416347050428,0.997665117881927,0.00294077078671358,0.0115648368074927
"muscle","transcript-rna-seq","ENSG00000171388.12","APLN",NA,"exercise_with_controls","RE-CON","post_15_30_45_min",0.391574444107676,0.0272500842197333,0.755898803995619,0.0352628101376419,0.254387653739913
"muscle","transcript-rna-seq","ENSG00000171388.12","APLN",NA,"Endur_vs_Resist","EE-RE","post_15_30_45_min",-0.376972437700054,-0.681262732034281,-0.0726821433658262,0.015379124206555,0.273004259705395
"muscle","transcript-rna-seq","ENSG00000171388.12","APLN",NA,"exercise_with_controls","EE-CON","post_15_30_45_min",0.0146020064076224,-0.365070310544205,0.394274323359449,0.939686298433217,0.984523147690613
"muscle","transcript-rna-seq","ENSG00000171388.12","APLN",NA,"exercise_with_controls","RE-CON","post_24_hr",0.516175275862553,0.163338090623767,0.869012461101339,0.00430362652979494,0.0248595417706035
"muscle","transcript-rna-seq","ENSG00000176697.20","BDNF",NA,"Endur_vs_Resist","EE-RE","post_15_30_45_min",-0.331477976204404,-1.062509328865,0.399553376456193,0.372930781615561,0.88251802898656
"muscle","transcript-rna-seq","ENSG00000176697.20","BDNF",NA,"exercise_with_controls","RE-CON","post_3.5_4_hr",0.280356315058181,-0.602083977703417,1.16279660781978,0.532316001513168,0.681346322606674
"muscle","transcript-rna-seq","ENSG00000176697.20","BDNF",NA,"Endur_vs_Resist","EE-RE","post_24_hr",0.0992569553936393,-0.667105661232397,0.865619572019676,0.798958421276751,0.90629962439679
"muscle","transcript-rna-seq","ENSG00000176697.20","BDNF",NA,"exercise_with_controls","RE-CON","post_24_hr",-0.589038931454441,-1.461080009458,0.283002146549124,0.184719920781644,0.399887381613448
"muscle","transcript-rna-seq","ENSG00000176697.20","BDNF",NA,"exercise_with_controls","EE-CON","post_15_30_45_min",-0.189562602269163,-1.08966141097384,0.710536206435519,0.678832820672681,0.904481180442126
"muscle","transcript-rna-seq","ENSG00000176697.20","BDNF",NA,"exercise_with_controls","EE-CON","post_3.5_4_hr",0.224780144732056,-0.665386806317683,1.11494709578179,0.619628151097647,0.823825492991145
"muscle","transcript-rna-seq","ENSG00000176697.20","BDNF",NA,"exercise_with_controls","EE-CON","post_24_hr",-0.489781976060801,-1.34374959102199,0.364185638900389,0.259900858621718,0.597674226909868
"muscle","transcript-rna-seq","ENSG00000176697.20","BDNF",NA,"exercise_with_controls","RE-CON","post_15_30_45_min",0.141915373935241,-0.72232824095897,1.00615898882945,0.746792178842163,0.921364262502003
"muscle","transcript-rna-seq","ENSG00000176697.20","BDNF",NA,"Endur_vs_Resist","EE-RE","post_3.5_4_hr",-0.0555761703261253,-0.738806183489659,0.627653842837409,0.872935268041853,0.929769057203055
"muscle","transcript-rna-seq","ENSG00000178752.16","ERFE",NA,"exercise_with_controls","EE-CON","post_15_30_45_min",0.508091755443206,-0.0534564898709,1.06964000075731,0.0759830439995585,0.367750699271845
"muscle","transcript-rna-seq","ENSG00000178752.16","ERFE",NA,"exercise_with_controls","EE-CON","post_24_hr",-0.196208554424857,-0.721511385030377,0.329094276180663,0.462790167264482,0.764792146651746
"muscle","transcript-rna-seq","ENSG00000178752.16","ERFE",NA,"Endur_vs_Resist","EE-RE","post_3.5_4_hr",0.0136561122897664,-0.37716871706392,0.404480941643453,0.945226303288854,0.970283002989922
"muscle","transcript-rna-seq","ENSG00000178752.16","ERFE",NA,"exercise_with_controls","EE-CON","post_3.5_4_hr",1.05886956453603,0.507142002852706,1.61059712621935,0.00019291569990661,0.00305061809363814
"muscle","transcript-rna-seq","ENSG00000178752.16","ERFE",NA,"exercise_with_controls","RE-CON","post_24_hr",-0.229088214257372,-0.725800142273783,0.267623713759039,0.364704170058044,0.60676218315915
"muscle","transcript-rna-seq","ENSG00000178752.16","ERFE",NA,"exercise_with_controls","RE-CON","post_15_30_45_min",0.495847317650894,-0.0347116195730764,1.02640625487486,0.0668705225705989,0.352326983557089
"muscle","transcript-rna-seq","ENSG00000178752.16","ERFE",NA,"exercise_with_controls","RE-CON","post_3.5_4_hr",1.04521345224626,0.517740853652628,1.57268605083989,0.000120291957199346,0.000733345613516987
"muscle","transcript-rna-seq","ENSG00000178752.16","ERFE",NA,"Endur_vs_Resist","EE-RE","post_15_30_45_min",0.0122444377923124,-0.414405342681136,0.438894218265761,0.954994395835406,0.994833163080012
"muscle","transcript-rna-seq","ENSG00000178752.16","ERFE",NA,"Endur_vs_Resist","EE-RE","post_24_hr",0.0328796598325151,-0.389995013488037,0.455754333153067,0.878452246091807,0.946221685458481
"muscle","transcript-rna-seq","ENSG00000181092.10","ADIPOQ",NA,"exercise_with_controls","RE-CON","post_15_30_45_min",-0.401751799694003,-1.94265623124433,1.13915263185632,0.608315158389531,0.866569587527205
"muscle","transcript-rna-seq","ENSG00000181092.10","ADIPOQ",NA,"exercise_with_controls","EE-CON","post_15_30_45_min",-0.869442268530748,-2.51611702755411,0.777232490492615,0.299670687571508,0.67512053570554
"muscle","transcript-rna-seq","ENSG00000181092.10","ADIPOQ",NA,"Endur_vs_Resist","EE-RE","post_3.5_4_hr",-0.893421508144794,-2.2881864133412,0.501343397051609,0.208509509456898,0.383012917069365
"muscle","transcript-rna-seq","ENSG00000181092.10","ADIPOQ",NA,"Endur_vs_Resist","EE-RE","post_24_hr",-0.470449767041916,-1.78599574889681,0.845096214812973,0.48220482616667,0.709227616801105
"muscle","transcript-rna-seq","ENSG00000181092.10","ADIPOQ",NA,"exercise_with_controls","RE-CON","post_24_hr",-0.153159077990345,-1.86656373712316,1.56024558114247,0.860500141181279,0.939115279352266
"muscle","transcript-rna-seq","ENSG00000181092.10","ADIPOQ",NA,"exercise_with_controls","RE-CON","post_3.5_4_hr",-0.428411081324065,-2.05318597134342,1.19636380869529,0.604329268427779,0.739995404803172
"muscle","transcript-rna-seq","ENSG00000181092.10","ADIPOQ",NA,"exercise_with_controls","EE-CON","post_24_hr",-0.623608845032261,-2.29109135403914,1.04387366397461,0.462407982154991,0.764623320995209
"muscle","transcript-rna-seq","ENSG00000181092.10","ADIPOQ",NA,"exercise_with_controls","EE-CON","post_3.5_4_hr",-1.32183258946886,-2.97170318378169,0.328038004843974,0.115971862767926,0.335973869671961
"muscle","transcript-rna-seq","ENSG00000181092.10","ADIPOQ",NA,"Endur_vs_Resist","EE-RE","post_15_30_45_min",-0.467690468836745,-1.86122645068706,0.925845513013564,0.509506168451782,0.927369982442667
"muscle","transcript-rna-seq","ENSG00000184557.4","SOCS3",NA,"exercise_with_controls","RE-CON","post_24_hr",-0.286121524551877,-1.11165691445292,0.539413865349162,0.495864754523446,0.716294174352858
"muscle","transcript-rna-seq","ENSG00000184557.4","SOCS3",NA,"Endur_vs_Resist","EE-RE","post_3.5_4_hr",-0.856548844280549,-1.63032254778702,-0.0827751407740739,0.0301381705446487,0.0929654442304942
"muscle","transcript-rna-seq","ENSG00000184557.4","SOCS3",NA,"exercise_with_controls","EE-CON","post_3.5_4_hr",0.476898190085347,-0.507145990102516,1.46094237027321,0.341142364763586,0.619162078631948
"muscle","transcript-rna-seq","ENSG00000184557.4","SOCS3",NA,"exercise_with_controls","RE-CON","post_15_30_45_min",1.27739250922103,0.371760101214859,2.1830249172272,0.00583776298156785,0.0872967654553475
"muscle","transcript-rna-seq","ENSG00000184557.4","SOCS3",NA,"exercise_with_controls","EE-CON","post_24_hr",-0.398116488850555,-1.27135934624623,0.47512636854512,0.370485520829905,0.695671686007837
"muscle","transcript-rna-seq","ENSG00000184557.4","SOCS3",NA,"Endur_vs_Resist","EE-RE","post_15_30_45_min",0.453982694896196,-0.224350819842469,1.13231620963486,0.188951100552508,0.77079162812487
"muscle","transcript-rna-seq","ENSG00000184557.4","SOCS3",NA,"exercise_with_controls","RE-CON","post_3.5_4_hr",1.3334470343659,0.419893394626075,2.24700067410572,0.00434798315891313,0.0160583565929523
"muscle","transcript-rna-seq","ENSG00000184557.4","SOCS3",NA,"Endur_vs_Resist","EE-RE","post_24_hr",-0.111994964298678,-0.897291010756186,0.67330108215883,0.779234102031987,0.896659635494951
"muscle","transcript-rna-seq","ENSG00000184557.4","SOCS3",NA,"exercise_with_controls","EE-CON","post_15_30_45_min",1.73137520411723,0.798993901234293,2.66375650700016,0.000300540938460813,0.00850380131676238
"muscle","transcript-rna-seq","ENSG00000185567.7","AHNAK2",NA,"Endur_vs_Resist","EE-RE","post_24_hr",-0.231458098203352,-0.760649743907088,0.297733547500384,0.390132408455903,0.632308652189132
"muscle","transcript-rna-seq","ENSG00000185567.7","AHNAK2",NA,"exercise_with_controls","EE-CON","post_24_hr",-0.319899319639332,-0.919972761907966,0.280174122629301,0.29504968131831,0.631710603315785
"muscle","transcript-rna-seq","ENSG00000185567.7","AHNAK2",NA,"exercise_with_controls","RE-CON","post_24_hr",-0.0884412214359807,-0.685279802630663,0.508397359758702,0.770811569477232,0.893477446721208
"muscle","transcript-rna-seq","ENSG00000185567.7","AHNAK2",NA,"Endur_vs_Resist","EE-RE","post_15_30_45_min",-0.477327384747005,-1.07757946327441,0.122924693780398,0.118677836260505,0.682073252273141
"muscle","transcript-rna-seq","ENSG00000185567.7","AHNAK2",NA,"Endur_vs_Resist","EE-RE","post_3.5_4_hr",-0.581855813835042,-1.18485822070531,0.0211465930352278,0.0585409735102533,0.154756274088194
"muscle","transcript-rna-seq","ENSG00000185567.7","AHNAK2",NA,"exercise_with_controls","EE-CON","post_15_30_45_min",-0.288881172235052,-0.988719700405246,0.410957355935142,0.417294498740201,0.761064149195891
"muscle","transcript-rna-seq","ENSG00000185567.7","AHNAK2",NA,"exercise_with_controls","EE-CON","post_3.5_4_hr",-0.627986026849233,-1.31980604445297,0.0638339907545065,0.0750654813989245,0.25700042148794
"muscle","transcript-rna-seq","ENSG00000185567.7","AHNAK2",NA,"exercise_with_controls","RE-CON","post_3.5_4_hr",-0.0461302130141903,-0.701158344134396,0.608897918106015,0.889886494930083,0.936283842357246
"muscle","transcript-rna-seq","ENSG00000185567.7","AHNAK2",NA,"exercise_with_controls","RE-CON","post_15_30_45_min",0.188446212511953,-0.476152222225494,0.853044647249401,0.577283153119007,0.850745783141763
"muscle","transcript-rna-seq","ENSG00000196549.13","MME",NA,"exercise_with_controls","RE-CON","post_15_30_45_min",0.0507274956541188,-0.104731682785736,0.206186674093973,0.521085648686063,0.824466530925232
"muscle","transcript-rna-seq","ENSG00000196549.13","MME",NA,"exercise_with_controls","EE-CON","post_3.5_4_hr",-0.109692905754371,-0.277456387243612,0.0580705757348706,0.199069940597331,0.462553926716585
"muscle","transcript-rna-seq","ENSG00000196549.13","MME",NA,"exercise_with_controls","EE-CON","post_24_hr",-0.0536762834444975,-0.209662904153873,0.102310337264878,0.498638346739531,0.786734700474638
"muscle","transcript-rna-seq","ENSG00000196549.13","MME",NA,"exercise_with_controls","RE-CON","post_24_hr",-0.0916699753452388,-0.244536589698483,0.0611966390080057,0.238738990029182,0.46976662531487
"muscle","transcript-rna-seq","ENSG00000196549.13","MME",NA,"Endur_vs_Resist","EE-RE","post_15_30_45_min",0.0616082170131289,-0.0729791634356975,0.196195597461955,0.368249202488111,0.880938927027457
"muscle","transcript-rna-seq","ENSG00000196549.13","MME",NA,"Endur_vs_Resist","EE-RE","post_24_hr",0.0379936919007413,-0.0917994718844177,0.1677868556859,0.564834908945361,0.768300198712941
"muscle","transcript-rna-seq","ENSG00000196549.13","MME",NA,"exercise_with_controls","EE-CON","post_15_30_45_min",0.112335712667248,-0.04780154222424,0.272472967558736,0.168364562991929,0.53299554045049
"muscle","transcript-rna-seq","ENSG00000196549.13","MME",NA,"exercise_with_controls","RE-CON","post_3.5_4_hr",0.0219163675634917,-0.138937060567743,0.182769795694726,0.788691058168298,0.869714827286116
"muscle","transcript-rna-seq","ENSG00000196549.13","MME",NA,"Endur_vs_Resist","EE-RE","post_3.5_4_hr",-0.131609273317863,-0.269009301941347,0.00579075530562193,0.0603924511202986,0.157856075925429
"muscle","transcript-rna-seq","ENSG00000204388.7","HSPA1B",NA,"exercise_with_controls","EE-CON","post_3.5_4_hr",0.53292895582434,0.0943475583482625,0.971510353300417,0.0174029228846626,0.0967095150637825
"muscle","transcript-rna-seq","ENSG00000204388.7","HSPA1B",NA,"exercise_with_controls","RE-CON","post_15_30_45_min",0.911078883731542,0.504790543577731,1.31736722388535,1.42386824807084e-05,0.000723281258689275
"muscle","transcript-rna-seq","ENSG00000204388.7","HSPA1B",NA,"exercise_with_controls","EE-CON","post_24_hr",0.00764173734750084,-0.401143075027057,0.416426549722059,0.970679540513703,0.994012796697345
"muscle","transcript-rna-seq","ENSG00000204388.7","HSPA1B",NA,"exercise_with_controls","RE-CON","post_3.5_4_hr",1.46823377422103,1.04732612695736,1.88914142148471,3.74437842578017e-11,9.25388374718635e-10
"muscle","transcript-rna-seq","ENSG00000204388.7","HSPA1B",NA,"Endur_vs_Resist","EE-RE","post_3.5_4_hr",-0.935304818396693,-1.29245990081082,-0.57814973598257,4.57728037506363e-07,6.55957653749353e-06
"muscle","transcript-rna-seq","ENSG00000204388.7","HSPA1B",NA,"Endur_vs_Resist","EE-RE","post_15_30_45_min",0.560669189471105,0.20743754257454,0.913900836367671,0.00195975330011327,0.0738665918528994
"muscle","transcript-rna-seq","ENSG00000204388.7","HSPA1B",NA,"exercise_with_controls","EE-CON","post_15_30_45_min",1.47174807320265,1.05210098806538,1.89139515833991,3.03520589160319e-11,4.17568450537308e-09
"muscle","transcript-rna-seq","ENSG00000204388.7","HSPA1B",NA,"Endur_vs_Resist","EE-RE","post_24_hr",-0.100563378470092,-0.439128060562242,0.238001303622058,0.559308410749084,0.763866855812097
"muscle","transcript-rna-seq","ENSG00000204388.7","HSPA1B",NA,"exercise_with_controls","RE-CON","post_24_hr",0.108205115817593,-0.292472016833238,0.508882248468424,0.595501752227195,0.787120770818156
"muscle","transcript-rna-seq","ENSG00000204389.10","HSPA1A",NA,"exercise_with_controls","EE-CON","post_3.5_4_hr",0.567509220167157,0.164177428677902,0.970841011656412,0.00596782197114845,0.0446665638370465
"muscle","transcript-rna-seq","ENSG00000204389.10","HSPA1A",NA,"exercise_with_controls","RE-CON","post_15_30_45_min",0.987640953175244,0.61165780855665,1.36362409779384,4.28046073803836e-07,3.28679657322211e-05
"muscle","transcript-rna-seq","ENSG00000204389.10","HSPA1A",NA,"exercise_with_controls","EE-CON","post_24_hr",-0.088436926745759,-0.467145711746119,0.290271858254601,0.646188047081507,0.874924183731469
"muscle","transcript-rna-seq","ENSG00000204389.10","HSPA1A",NA,"exercise_with_controls","RE-CON","post_24_hr",0.141468427009046,-0.230675121364444,0.513611975382537,0.454999911599588,0.68580238661532
"muscle","transcript-rna-seq","ENSG00000204389.10","HSPA1A",NA,"exercise_with_controls","RE-CON","post_3.5_4_hr",1.58054064200706,1.19175134120547,1.96932994280865,2.55417419721435e-14,1.03859265570965e-12
"muscle","transcript-rna-seq","ENSG00000204389.10","HSPA1A",NA,"exercise_with_controls","EE-CON","post_15_30_45_min",1.19587967070363,0.807695686420049,1.58406365498721,3.97288629040296e-09,4.1776038068957e-07
"muscle","transcript-rna-seq","ENSG00000204389.10","HSPA1A",NA,"Endur_vs_Resist","EE-RE","post_3.5_4_hr",-1.0130314218399,-1.34465415209877,-0.681408691581034,5.15172833995629e-09,1.1002572207547e-07
"muscle","transcript-rna-seq","ENSG00000204389.10","HSPA1A",NA,"Endur_vs_Resist","EE-RE","post_24_hr",-0.229905353754805,-0.543008394867182,0.0831976873575712,0.149509959229968,0.351403746715196
"muscle","transcript-rna-seq","ENSG00000204389.10","HSPA1A",NA,"Endur_vs_Resist","EE-RE","post_15_30_45_min",0.208238717528383,-0.121323867617586,0.537801302674352,0.214691461607697,0.791717586265439
"muscle","transcript-rna-seq","ENSG00000248098.12","BCKDHA",NA,"exercise_with_controls","EE-CON","post_3.5_4_hr",0.0410035763299339,-0.0563724362950705,0.138379588954938,0.4077000186296,0.679253164553038
"muscle","transcript-rna-seq","ENSG00000248098.12","BCKDHA",NA,"Endur_vs_Resist","EE-RE","post_3.5_4_hr",0.0172374966311022,-0.0621619271660122,0.0966369204282166,0.669331404414875,0.801653522597589
"muscle","transcript-rna-seq","ENSG00000248098.12","BCKDHA",NA,"Endur_vs_Resist","EE-RE","post_15_30_45_min",-0.0844699170653556,-0.162492396261678,-0.00644743786903279,0.0339616606887325,0.412154879544299
"muscle","transcript-rna-seq","ENSG00000248098.12","BCKDHA",NA,"exercise_with_controls","RE-CON","post_24_hr",-0.0455959389698677,-0.133815460153513,0.0426235822137774,0.309663245440753,0.550590255140698
"muscle","transcript-rna-seq","ENSG00000248098.12","BCKDHA",NA,"exercise_with_controls","RE-CON","post_3.5_4_hr",0.0237660796988317,-0.0694302134380264,0.11696237283569,0.615924345926162,0.748558258751275
"muscle","transcript-rna-seq","ENSG00000248098.12","BCKDHA",NA,"Endur_vs_Resist","EE-RE","post_24_hr",0.106642577247457,0.0319866929509742,0.18129846154394,0.0052953782186551,0.0311836272048186
"muscle","transcript-rna-seq","ENSG00000248098.12","BCKDHA",NA,"exercise_with_controls","RE-CON","post_15_30_45_min",-0.0627521926091639,-0.152273904737968,0.0267695195196407,0.168630826706716,0.533613904972378
"muscle","transcript-rna-seq","ENSG00000248098.12","BCKDHA",NA,"exercise_with_controls","EE-CON","post_24_hr",0.0610466382775892,-0.029210238973552,0.15130351552873,0.184027004495033,0.503701578904047
"muscle","transcript-rna-seq","ENSG00000248098.12","BCKDHA",NA,"exercise_with_controls","EE-CON","post_15_30_45_min",-0.147222109674519,-0.239724634846654,-0.0547195845023852,0.0019284950919108,0.0366791768114693
"muscle","transcript-rna-seq","ENSG00000250722.6","SELENOP",NA,"exercise_with_controls","EE-CON","post_15_30_45_min",-0.0352490847585676,-0.17868895490824,0.108190785391105,0.628874233122104,0.883130717473019
"muscle","transcript-rna-seq","ENSG00000250722.6","SELENOP",NA,"Endur_vs_Resist","EE-RE","post_3.5_4_hr",0.115797576504359,-0.00765238921360718,0.239247542222324,0.0658766827064495,0.168561400310102
"muscle","transcript-rna-seq","ENSG00000250722.6","SELENOP",NA,"Endur_vs_Resist","EE-RE","post_15_30_45_min",0.0780315480831462,-0.0429946741302156,0.199057770296508,0.205383311676541,0.785423463624742
"muscle","transcript-rna-seq","ENSG00000250722.6","SELENOP",NA,"exercise_with_controls","RE-CON","post_24_hr",-0.454972607977754,-0.592412681362029,-0.317532534593479,3.68317430411669e-10,2.41291764232787e-08
"muscle","transcript-rna-seq","ENSG00000250722.6","SELENOP",NA,"exercise_with_controls","EE-CON","post_24_hr",-0.213964447728542,-0.35424836614973,-0.0736805293073546,0.00292932060871189,0.0408102564803584
"muscle","transcript-rna-seq","ENSG00000250722.6","SELENOP",NA,"exercise_with_controls","RE-CON","post_3.5_4_hr",-0.372245957406239,-0.516883735347631,-0.227608179464847,7.59479550868841e-07,8.00143452794748e-06
"muscle","transcript-rna-seq","ENSG00000250722.6","SELENOP",NA,"exercise_with_controls","RE-CON","post_15_30_45_min",-0.113280632841714,-0.252326904621631,0.0257656389382035,0.109875263482541,0.448513633237901
"muscle","transcript-rna-seq","ENSG00000250722.6","SELENOP",NA,"exercise_with_controls","EE-CON","post_3.5_4_hr",-0.25644838090188,-0.407296410044921,-0.10560035175884,0.000934301682253661,0.0108241308577724
"muscle","transcript-rna-seq","ENSG00000250722.6","SELENOP",NA,"Endur_vs_Resist","EE-RE","post_24_hr",0.241008160249212,0.124478359705391,0.357537960793033,6.17148082955522e-05,0.000891382126116598
"adipose","transcript-rna-seq","ENSG00000006210.7","CX3CL1",NA,"exercise_with_controls","RE-CON","post_15_30_45_min",0.190877406829512,-0.0915962529354457,0.473351066594469,0.184287426820571,0.813732442243683
"adipose","transcript-rna-seq","ENSG00000006210.7","CX3CL1",NA,"Endur_vs_Resist","EE-RE","post_24_hr",0.0388175107406239,-0.187475750633577,0.265110772114824,0.735606662884544,0.999827188422841
"adipose","transcript-rna-seq","ENSG00000006210.7","CX3CL1",NA,"Endur_vs_Resist","EE-RE","post_15_30_45_min",0.396903604734343,0.157327968622197,0.63647924084649,0.00127085813675882,0.31136024350591
"adipose","transcript-rna-seq","ENSG00000006210.7","CX3CL1",NA,"exercise_with_controls","RE-CON","post_3.5_4_hr",-0.11047199289556,-0.326832191550985,0.105888205759865,0.315213995846786,0.849831176353012
"adipose","transcript-rna-seq","ENSG00000006210.7","CX3CL1",NA,"exercise_with_controls","EE-CON","post_3.5_4_hr",-0.143809043507776,-0.370618567878202,0.0830004808626496,0.212656315824484,0.888364674728322
"adipose","transcript-rna-seq","ENSG00000006210.7","CX3CL1",NA,"Endur_vs_Resist","EE-RE","post_3.5_4_hr",-0.0333370506122161,-0.216149938939631,0.149475837715199,0.719516062645205,0.999161799173372
"adipose","transcript-rna-seq","ENSG00000006210.7","CX3CL1",NA,"exercise_with_controls","RE-CON","post_24_hr",-0.0271805145064974,-0.29090248868024,0.236541459667245,0.83919803918343,0.999660577093274
"adipose","transcript-rna-seq","ENSG00000006210.7","CX3CL1",NA,"exercise_with_controls","EE-CON","post_24_hr",0.0116369962341265,-0.250715211068297,0.27398920353655,0.930404517127667,0.999984488297589
"adipose","transcript-rna-seq","ENSG00000006210.7","CX3CL1",NA,"exercise_with_controls","EE-CON","post_15_30_45_min",0.587781011563855,0.30693987842247,0.868622144705241,5.30284925264155e-05,0.0273164721757869
"adipose","transcript-rna-seq","ENSG00000011465.18","DCN",NA,"exercise_with_controls","RE-CON","post_15_30_45_min",0.161585361011014,0.00907874183915713,0.31409198018287,0.0379592564137474,0.630365197057113
"adipose","transcript-rna-seq","ENSG00000011465.18","DCN",NA,"exercise_with_controls","EE-CON","post_15_30_45_min",0.118174036291821,-0.0344909535417999,0.270839026125442,0.128413240787183,0.73888303893328
"adipose","transcript-rna-seq","ENSG00000011465.18","DCN",NA,"exercise_with_controls","EE-CON","post_3.5_4_hr",-0.00128601332022527,-0.123974816327135,0.121402789686685,0.983519188362427,0.998165842258904
"adipose","transcript-rna-seq","ENSG00000011465.18","DCN",NA,"Endur_vs_Resist","EE-RE","post_24_hr",0.00695415399608734,-0.118126853243448,0.132035161235623,0.912769663610157,0.999827188422841
"adipose","transcript-rna-seq","ENSG00000011465.18","DCN",NA,"exercise_with_controls","RE-CON","post_3.5_4_hr",0.034247102627539,-0.083420399811036,0.151914605066114,0.5664236129669,0.937912170568517
"adipose","transcript-rna-seq","ENSG00000011465.18","DCN",NA,"exercise_with_controls","RE-CON","post_24_hr",0.105943255606199,-0.0388079655127617,0.25069447672516,0.150421363143537,0.999660577093274
"adipose","transcript-rna-seq","ENSG00000011465.18","DCN",NA,"Endur_vs_Resist","EE-RE","post_3.5_4_hr",-0.0355331159477643,-0.133199741745762,0.0621335098502338,0.473687845859926,0.999161799173372
"adipose","transcript-rna-seq","ENSG00000011465.18","DCN",NA,"exercise_with_controls","EE-CON","post_24_hr",0.112897409602287,-0.0306872125720704,0.256482031776644,0.122535269402779,0.999984488297589
"adipose","transcript-rna-seq","ENSG00000011465.18","DCN",NA,"Endur_vs_Resist","EE-RE","post_15_30_45_min",-0.0434113247191927,-0.176564231940656,0.0897415825022704,0.520849769370004,0.927812720929543
"adipose","transcript-rna-seq","ENSG00000017427.17","IGF1",NA,"exercise_with_controls","RE-CON","post_15_30_45_min",-0.172547736902846,-0.439596299701805,0.094500825896113,0.204027865722508,0.827098965391323
"adipose","transcript-rna-seq","ENSG00000017427.17","IGF1",NA,"exercise_with_controls","EE-CON","post_24_hr",-0.135896829269403,-0.386792208932547,0.114998550393741,0.28665890817884,0.999984488297589
"adipose","transcript-rna-seq","ENSG00000017427.17","IGF1",NA,"Endur_vs_Resist","EE-RE","post_15_30_45_min",0.222970488385909,-0.0114114155819004,0.457352392353718,0.0621211230532893,0.679538801471331
"adipose","transcript-rna-seq","ENSG00000017427.17","IGF1",NA,"exercise_with_controls","RE-CON","post_24_hr",-0.156829134689534,-0.409424519187311,0.0957662498082424,0.222190705442976,0.999660577093274
"adipose","transcript-rna-seq","ENSG00000017427.17","IGF1",NA,"exercise_with_controls","EE-CON","post_15_30_45_min",0.0504227514830626,-0.216986533708961,0.317832036675086,0.71034236041571,0.955597924675124
"adipose","transcript-rna-seq","ENSG00000017427.17","IGF1",NA,"exercise_with_controls","RE-CON","post_3.5_4_hr",0.14960476296828,-0.0591199694418199,0.358329495378379,0.158991324960702,0.737505360992958
"adipose","transcript-rna-seq","ENSG00000017427.17","IGF1",NA,"Endur_vs_Resist","EE-RE","post_3.5_4_hr",0.148330269805896,-0.0247336591260519,0.321394198737845,0.0925230030247001,0.999161799173372
"adipose","transcript-rna-seq","ENSG00000017427.17","IGF1",NA,"Endur_vs_Resist","EE-RE","post_24_hr",0.0209323054201311,-0.199057297575885,0.240921908416147,0.851320137548082,0.999827188422841
"adipose","transcript-rna-seq","ENSG00000017427.17","IGF1",NA,"exercise_with_controls","EE-CON","post_3.5_4_hr",0.297935032774176,0.0802699825823308,0.515600082966021,0.00757403781681015,0.522663288023947
"adipose","transcript-rna-seq","ENSG00000083123.15","BCKDHB",NA,"exercise_with_controls","EE-CON","post_24_hr",-0.0771137415502112,-0.230471863982363,0.076244380881941,0.322443116832847,0.999984488297589
"adipose","transcript-rna-seq","ENSG00000083123.15","BCKDHB",NA,"exercise_with_controls","RE-CON","post_15_30_45_min",-0.050484565018702,-0.218738712812607,0.117769582775203,0.554579437251345,0.939354413768617
"adipose","transcript-rna-seq","ENSG00000083123.15","BCKDHB",NA,"exercise_with_controls","EE-CON","post_15_30_45_min",0.200220796753316,0.0331390811484298,0.367302512358203,0.0191089279621166,0.522310697631186
"adipose","transcript-rna-seq","ENSG00000083123.15","BCKDHB",NA,"exercise_with_controls","RE-CON","post_3.5_4_hr",-0.0303334943840046,-0.159234612171733,0.098567623403724,0.642927769415487,0.95357076602365
"adipose","transcript-rna-seq","ENSG00000083123.15","BCKDHB",NA,"exercise_with_controls","RE-CON","post_24_hr",-0.0761185641832878,-0.230530611566237,0.078293483199661,0.33201784141423,0.999660577093274
"adipose","transcript-rna-seq","ENSG00000083123.15","BCKDHB",NA,"Endur_vs_Resist","EE-RE","post_24_hr",-0.00099517736692345,-0.140232794593214,0.138242439859367,0.988764495362628,0.999827188422841
"adipose","transcript-rna-seq","ENSG00000083123.15","BCKDHB",NA,"exercise_with_controls","EE-CON","post_3.5_4_hr",0.0409969401159547,-0.0939903053947597,0.175984185626669,0.549710520030259,0.961443726228488
"adipose","transcript-rna-seq","ENSG00000083123.15","BCKDHB",NA,"Endur_vs_Resist","EE-RE","post_15_30_45_min",0.250705361772019,0.102213255577857,0.39919746796618,0.00104512552240641,0.284904631199074
"adipose","transcript-rna-seq","ENSG00000083123.15","BCKDHB",NA,"Endur_vs_Resist","EE-RE","post_3.5_4_hr",0.0713304344999592,-0.0388397097096867,0.181500578709605,0.203020898024124,0.999161799173372
"adipose","transcript-rna-seq","ENSG00000092969.12","TGFB2",NA,"exercise_with_controls","RE-CON","post_24_hr",-0.0803454507469974,-0.45881302832669,0.298122126832695,0.676001654517205,0.999660577093274
"adipose","transcript-rna-seq","ENSG00000092969.12","TGFB2",NA,"exercise_with_controls","EE-CON","post_15_30_45_min",-0.300175451772976,-0.712455220268972,0.11210431672302,0.152718346736097,0.75446739989102
"adipose","transcript-rna-seq","ENSG00000092969.12","TGFB2",NA,"Endur_vs_Resist","EE-RE","post_15_30_45_min",-0.0940610242535611,-0.437073866321041,0.248951817813919,0.589373585576735,0.943336566602647
"adipose","transcript-rna-seq","ENSG00000092969.12","TGFB2",NA,"Endur_vs_Resist","EE-RE","post_24_hr",-0.172805020036506,-0.489481328934365,0.143871288861353,0.283263303389872,0.999827188422841
"adipose","transcript-rna-seq","ENSG00000092969.12","TGFB2",NA,"exercise_with_controls","EE-CON","post_3.5_4_hr",-0.346223027958985,-0.674922287829023,-0.017523768088946,0.0390768809045579,0.682396739030786
"adipose","transcript-rna-seq","ENSG00000092969.12","TGFB2",NA,"exercise_with_controls","EE-CON","post_24_hr",-0.253150470783503,-0.640656095824263,0.134355154257257,0.199201952452595,0.999984488297589
"adipose","transcript-rna-seq","ENSG00000092969.12","TGFB2",NA,"exercise_with_controls","RE-CON","post_15_30_45_min",-0.206114427519415,-0.610334309862786,0.198105454823956,0.316022156680843,0.871578595811866
"adipose","transcript-rna-seq","ENSG00000092969.12","TGFB2",NA,"Endur_vs_Resist","EE-RE","post_3.5_4_hr",0.00180316985689788,-0.250345869215275,0.25395220892907,0.988760941493981,0.999378308723222
"adipose","transcript-rna-seq","ENSG00000092969.12","TGFB2",NA,"exercise_with_controls","RE-CON","post_3.5_4_hr",-0.348026197815883,-0.663435102627858,-0.0326172930039071,0.0307428006268916,0.464447748023019
"adipose","transcript-rna-seq","ENSG00000103507.14","BCKDK",NA,"exercise_with_controls","RE-CON","post_24_hr",-0.0266325103371612,-0.111969104820391,0.0587040841460686,0.538890209761921,0.999660577093274
"adipose","transcript-rna-seq","ENSG00000103507.14","BCKDK",NA,"exercise_with_controls","RE-CON","post_15_30_45_min",-0.0739275770777832,-0.164890594419848,0.0170354402642819,0.110574190784652,0.75088187657963
"adipose","transcript-rna-seq","ENSG00000103507.14","BCKDK",NA,"Endur_vs_Resist","EE-RE","post_15_30_45_min",0.0506960609076268,-0.0285336364913822,0.129925758306636,0.208459606619164,0.821451437479235
"adipose","transcript-rna-seq","ENSG00000103507.14","BCKDK",NA,"exercise_with_controls","EE-CON","post_3.5_4_hr",0.0651926953541802,-0.00842383302734433,0.138809223735705,0.0822727954257956,0.770705515504463
"adipose","transcript-rna-seq","ENSG00000103507.14","BCKDK",NA,"exercise_with_controls","EE-CON","post_24_hr",0.00636891332640754,-0.0790713313653733,0.0918091580181884,0.883257215845489,0.999984488297589
"adipose","transcript-rna-seq","ENSG00000103507.14","BCKDK",NA,"Endur_vs_Resist","EE-RE","post_3.5_4_hr",0.0175534671057083,-0.04100800658885,0.0761149408002666,0.554968888183377,0.999161799173372
"adipose","transcript-rna-seq","ENSG00000103507.14","BCKDK",NA,"exercise_with_controls","RE-CON","post_3.5_4_hr",0.0476392282484719,-0.0225916689650835,0.117870125462027,0.182437661209661,0.760870998388136
"adipose","transcript-rna-seq","ENSG00000103507.14","BCKDK",NA,"exercise_with_controls","EE-CON","post_15_30_45_min",-0.0232315161701564,-0.11456932286828,0.0681062905279674,0.616467828932592,0.937782902190734
"adipose","transcript-rna-seq","ENSG00000103507.14","BCKDK",NA,"Endur_vs_Resist","EE-RE","post_24_hr",0.0330014236635687,-0.0405440144613409,0.106546861788478,0.377232568475137,0.999827188422841
"adipose","transcript-rna-seq","ENSG00000104368.19","PLAT",NA,"Endur_vs_Resist","EE-RE","post_15_30_45_min",-0.272541042040273,-0.532828047361561,-0.0122540367189849,0.0402444223310495,0.627335003213394
"adipose","transcript-rna-seq","ENSG00000104368.19","PLAT",NA,"exercise_with_controls","RE-CON","post_15_30_45_min",0.235706337129275,-0.0706152691541762,0.542027943412726,0.130718256078788,0.773528649373449
"adipose","transcript-rna-seq","ENSG00000104368.19","PLAT",NA,"exercise_with_controls","EE-CON","post_15_30_45_min",-0.0368347049109978,-0.347522854712269,0.273853444890274,0.815335733650856,0.975361534095816
"adipose","transcript-rna-seq","ENSG00000104368.19","PLAT",NA,"exercise_with_controls","EE-CON","post_24_hr",0.194055282080672,-0.099824485939983,0.487935050101328,0.194299464867018,0.999984488297589
"adipose","transcript-rna-seq","ENSG00000104368.19","PLAT",NA,"Endur_vs_Resist","EE-RE","post_24_hr",-0.125400860541019,-0.367349816836092,0.116548095754055,0.307905691122711,0.999827188422841
"adipose","transcript-rna-seq","ENSG00000104368.19","PLAT",NA,"exercise_with_controls","EE-CON","post_3.5_4_hr",0.0430498107652557,-0.197530797670211,0.283630419200722,0.724430491792618,0.978452671761758
"adipose","transcript-rna-seq","ENSG00000104368.19","PLAT",NA,"exercise_with_controls","RE-CON","post_3.5_4_hr",0.0843693012834486,-0.144941632221218,0.313680234788115,0.468764600436612,0.909006470291281
"adipose","transcript-rna-seq","ENSG00000104368.19","PLAT",NA,"exercise_with_controls","RE-CON","post_24_hr",0.319456142621691,0.0264366473257098,0.612475637917672,0.0327821271713685,0.999660577093274
"adipose","transcript-rna-seq","ENSG00000104368.19","PLAT",NA,"Endur_vs_Resist","EE-RE","post_3.5_4_hr",-0.0413194905181928,-0.234308691611963,0.151669710575577,0.673174087355042,0.999161799173372
"adipose","transcript-rna-seq","ENSG00000105552.15","BCAT2",NA,"exercise_with_controls","EE-CON","post_24_hr",-0.0211149685662906,-0.161034616558649,0.118804679426068,0.766219345723308,0.999984488297589
"adipose","transcript-rna-seq","ENSG00000105552.15","BCAT2",NA,"Endur_vs_Resist","EE-RE","post_24_hr",-0.0104314768864695,-0.134046838341549,0.113183884568609,0.867948398762433,0.999827188422841
"adipose","transcript-rna-seq","ENSG00000105552.15","BCAT2",NA,"exercise_with_controls","EE-CON","post_15_30_45_min",-0.0927625343571443,-0.247004634434598,0.0614795657203097,0.236927053002301,0.817735822472119
"adipose","transcript-rna-seq","ENSG00000105552.15","BCAT2",NA,"exercise_with_controls","EE-CON","post_3.5_4_hr",0.0166620718796953,-0.102626015548229,0.135950159307619,0.783135116661718,0.985294620098567
"adipose","transcript-rna-seq","ENSG00000105552.15","BCAT2",NA,"Endur_vs_Resist","EE-RE","post_15_30_45_min",0.0528882887757662,-0.0825175044248397,0.188294081976372,0.441909360604089,0.908231105323391
"adipose","transcript-rna-seq","ENSG00000105552.15","BCAT2",NA,"exercise_with_controls","RE-CON","post_24_hr",-0.0106834916798211,-0.149659684061849,0.128292700702207,0.879603079002124,0.999660577093274
"adipose","transcript-rna-seq","ENSG00000105552.15","BCAT2",NA,"exercise_with_controls","RE-CON","post_3.5_4_hr",-0.0103918987154126,-0.124493959977188,0.103710162546362,0.857561863070747,0.986510411652044
"adipose","transcript-rna-seq","ENSG00000105552.15","BCAT2",NA,"Endur_vs_Resist","EE-RE","post_3.5_4_hr",0.0270539705951078,-0.0700841677285995,0.124192108918815,0.583259613181196,0.999161799173372
"adipose","transcript-rna-seq","ENSG00000105552.15","BCAT2",NA,"exercise_with_controls","RE-CON","post_15_30_45_min",-0.145650823132911,-0.299460156925918,0.00815851066009651,0.0633101741216367,0.698786107084526
"adipose","transcript-rna-seq","ENSG00000107562.17","CXCL12",NA,"exercise_with_controls","EE-CON","post_24_hr",0.161016835968722,0.00718777222943576,0.314845899708008,0.0403148367626979,0.999984488297589
"adipose","transcript-rna-seq","ENSG00000107562.17","CXCL12",NA,"Endur_vs_Resist","EE-RE","post_24_hr",0.0291493773566422,-0.104518409674797,0.162817164388082,0.66751383587746,0.999827188422841
"adipose","transcript-rna-seq","ENSG00000107562.17","CXCL12",NA,"exercise_with_controls","RE-CON","post_15_30_45_min",0.0605783789993044,-0.102848326611305,0.224005084609913,0.465487822045775,0.919167943861916
"adipose","transcript-rna-seq","ENSG00000107562.17","CXCL12",NA,"Endur_vs_Resist","EE-RE","post_15_30_45_min",-0.128422362983066,-0.27105299051072,0.0142082645445877,0.0773169315673712,0.707643800458777
"adipose","transcript-rna-seq","ENSG00000107562.17","CXCL12",NA,"exercise_with_controls","RE-CON","post_3.5_4_hr",-0.0563631108532796,-0.182257500619122,0.0695312789125627,0.378136039833654,0.877635595259548
"adipose","transcript-rna-seq","ENSG00000107562.17","CXCL12",NA,"exercise_with_controls","EE-CON","post_15_30_45_min",-0.0678439839837619,-0.231635209463862,0.0959472414963384,0.414841279183713,0.888122553934702
"adipose","transcript-rna-seq","ENSG00000107562.17","CXCL12",NA,"exercise_with_controls","EE-CON","post_3.5_4_hr",-0.00357309702477693,-0.134930425118258,0.127784231068704,0.957249217339331,0.997046571494407
"adipose","transcript-rna-seq","ENSG00000107562.17","CXCL12",NA,"Endur_vs_Resist","EE-RE","post_3.5_4_hr",0.0527900138285027,-0.0520396790899557,0.157619706746961,0.321660702415596,0.999161799173372
"adipose","transcript-rna-seq","ENSG00000107562.17","CXCL12",NA,"exercise_with_controls","RE-CON","post_24_hr",0.13186745861208,-0.023106158435002,0.286841075659161,0.0948854852507192,0.999660577093274
"adipose","transcript-rna-seq","ENSG00000109062.12","SLC9A3R1",NA,"Endur_vs_Resist","EE-RE","post_3.5_4_hr",-0.0549084045912247,-0.193785284157433,0.0839684749749839,0.436348105451739,0.999161799173372
"adipose","transcript-rna-seq","ENSG00000109062.12","SLC9A3R1",NA,"exercise_with_controls","RE-CON","post_15_30_45_min",-0.085804779244838,-0.299742478701315,0.128132920211639,0.429853882918764,0.909748289497513
"adipose","transcript-rna-seq","ENSG00000109062.12","SLC9A3R1",NA,"Endur_vs_Resist","EE-RE","post_24_hr",0.0129397091816559,-0.15966634791081,0.185545766274121,0.882605811530533,0.999827188422841
"adipose","transcript-rna-seq","ENSG00000109062.12","SLC9A3R1",NA,"Endur_vs_Resist","EE-RE","post_15_30_45_min",0.0530997926061545,-0.134481559721499,0.240681144933808,0.577253546095276,0.941182548817069
"adipose","transcript-rna-seq","ENSG00000109062.12","SLC9A3R1",NA,"exercise_with_controls","EE-CON","post_3.5_4_hr",-0.117144901436618,-0.291414395594105,0.0571245927208687,0.186413827523701,0.867583291530367
"adipose","transcript-rna-seq","ENSG00000109062.12","SLC9A3R1",NA,"exercise_with_controls","EE-CON","post_24_hr",0.0542755006950113,-0.147419265384955,0.255970266774978,0.596174449619281,0.999984488297589
"adipose","transcript-rna-seq","ENSG00000109062.12","SLC9A3R1",NA,"exercise_with_controls","RE-CON","post_3.5_4_hr",-0.0622364968453937,-0.22765223355913,0.103179239868343,0.458844017462674,0.906204453921327
"adipose","transcript-rna-seq","ENSG00000109062.12","SLC9A3R1",NA,"exercise_with_controls","EE-CON","post_15_30_45_min",-0.0327049866386835,-0.24526509795919,0.179855124681823,0.761841583183459,0.963617439628532
"adipose","transcript-rna-seq","ENSG00000109062.12","SLC9A3R1",NA,"exercise_with_controls","RE-CON","post_24_hr",0.0413357915133554,-0.160157883456114,0.242829466482825,0.686183952818318,0.999660577093274
"adipose","transcript-rna-seq","ENSG00000109576.14","AADAT",NA,"exercise_with_controls","RE-CON","post_15_30_45_min",-0.10094647334638,-0.378471797856274,0.176578851163515,0.474371459779507,0.921229446128607
"adipose","transcript-rna-seq","ENSG00000109576.14","AADAT",NA,"exercise_with_controls","EE-CON","post_3.5_4_hr",-0.144924340523746,-0.364634363429333,0.0747856823818421,0.194950444247751,0.879499423587278
"adipose","transcript-rna-seq","ENSG00000109576.14","AADAT",NA,"Endur_vs_Resist","EE-RE","post_15_30_45_min",0.0775054657769298,-0.160010748398317,0.315021679952177,0.520975327748735,0.927842373161461
"adipose","transcript-rna-seq","ENSG00000109576.14","AADAT",NA,"exercise_with_controls","RE-CON","post_24_hr",-0.115622840903105,-0.367619105647134,0.136373423840923,0.366970810850538,0.999660577093274
"adipose","transcript-rna-seq","ENSG00000109576.14","AADAT",NA,"exercise_with_controls","RE-CON","post_3.5_4_hr",-0.120724817968257,-0.331751445854689,0.0903018099181759,0.260723859057436,0.818824576922779
"adipose","transcript-rna-seq","ENSG00000109576.14","AADAT",NA,"Endur_vs_Resist","EE-RE","post_24_hr",0.0537102843351727,-0.159949780862685,0.26737034953303,0.620932799400255,0.999827188422841
"adipose","transcript-rna-seq","ENSG00000109576.14","AADAT",NA,"exercise_with_controls","EE-CON","post_15_30_45_min",-0.0234410075694498,-0.300506598396826,0.253624583257926,0.867775337174067,0.983615804774712
"adipose","transcript-rna-seq","ENSG00000109576.14","AADAT",NA,"exercise_with_controls","EE-CON","post_24_hr",-0.0619125565679328,-0.31340153363814,0.189576420502274,0.628132294748558,0.999984488297589
"adipose","transcript-rna-seq","ENSG00000109576.14","AADAT",NA,"Endur_vs_Resist","EE-RE","post_3.5_4_hr",-0.0241995225554887,-0.202552060745084,0.154153015634106,0.789370982919988,0.999161799173372
"adipose","transcript-rna-seq","ENSG00000109819.9","PPARGC1A",NA,"exercise_with_controls","RE-CON","post_15_30_45_min",0.0200211004568509,-0.348667856020818,0.38871005693452,0.914870024470843,0.992051535144343
"adipose","transcript-rna-seq","ENSG00000109819.9","PPARGC1A",NA,"exercise_with_controls","EE-CON","post_24_hr",0.123516256390571,-0.215022082726455,0.462054595507598,0.47281909614702,0.999984488297589
"adipose","transcript-rna-seq","ENSG00000109819.9","PPARGC1A",NA,"Endur_vs_Resist","EE-RE","post_3.5_4_hr",-0.0640064093028119,-0.306912998030887,0.178900179425263,0.603934226004336,0.999161799173372
"adipose","transcript-rna-seq","ENSG00000109819.9","PPARGC1A",NA,"Endur_vs_Resist","EE-RE","post_15_30_45_min",-0.0412920711535789,-0.35644689785363,0.273862755546472,0.79647524347841,0.976217902597843
"adipose","transcript-rna-seq","ENSG00000109819.9","PPARGC1A",NA,"exercise_with_controls","EE-CON","post_15_30_45_min",-0.0212709706967282,-0.392513400574025,0.349971459180569,0.910196054769739,0.98901610799943
"adipose","transcript-rna-seq","ENSG00000109819.9","PPARGC1A",NA,"exercise_with_controls","RE-CON","post_24_hr",0.0167161717142392,-0.327454663015886,0.360887006444365,0.923818344664205,0.999660577093274
"adipose","transcript-rna-seq","ENSG00000109819.9","PPARGC1A",NA,"Endur_vs_Resist","EE-RE","post_24_hr",0.106800084676332,-0.195035915206165,0.40863608455883,0.486325530091211,0.999827188422841
"adipose","transcript-rna-seq","ENSG00000109819.9","PPARGC1A",NA,"exercise_with_controls","EE-CON","post_3.5_4_hr",-0.167870330684031,-0.465191935736846,0.129451274368783,0.266947530334713,0.897755669652378
"adipose","transcript-rna-seq","ENSG00000109819.9","PPARGC1A",NA,"exercise_with_controls","RE-CON","post_3.5_4_hr",-0.10386392138122,-0.387583932783699,0.17985609002126,0.47126161733018,0.909738242736939
"adipose","transcript-rna-seq","ENSG00000112293.15","GPLD1",NA,"exercise_with_controls","RE-CON","post_3.5_4_hr",-0.167648410921506,-0.331746158024706,-0.00355066381830671,0.0452980889300282,0.526947658717004
"adipose","transcript-rna-seq","ENSG00000112293.15","GPLD1",NA,"exercise_with_controls","RE-CON","post_15_30_45_min",-0.0806393107277348,-0.294366901143326,0.133088279687856,0.45745836644512,0.916869598234473
"adipose","transcript-rna-seq","ENSG00000112293.15","GPLD1",NA,"exercise_with_controls","RE-CON","post_24_hr",-0.0940193286404707,-0.295885797928122,0.107847140647181,0.359222391105927,0.999660577093274
"adipose","transcript-rna-seq","ENSG00000112293.15","GPLD1",NA,"Endur_vs_Resist","EE-RE","post_24_hr",0.0502136786111276,-0.120595888565349,0.221023245787604,0.562511586485313,0.999827188422841
"adipose","transcript-rna-seq","ENSG00000112293.15","GPLD1",NA,"exercise_with_controls","EE-CON","post_15_30_45_min",0.0350948717842599,-0.179104736877737,0.249294480446257,0.746793720034402,0.962106312395225
"adipose","transcript-rna-seq","ENSG00000112293.15","GPLD1",NA,"Endur_vs_Resist","EE-RE","post_15_30_45_min",0.115734182511995,-0.0733339334982523,0.304802298522242,0.228626279568564,0.832676134948963
"adipose","transcript-rna-seq","ENSG00000112293.15","GPLD1",NA,"exercise_with_controls","EE-CON","post_3.5_4_hr",-0.111901795310066,-0.284623940998153,0.0608203503780203,0.2026656153782,0.884485253641694
"adipose","transcript-rna-seq","ENSG00000112293.15","GPLD1",NA,"Endur_vs_Resist","EE-RE","post_3.5_4_hr",0.0557466156114401,-0.082066601667801,0.193559832890681,0.425665066706321,0.999161799173372
"adipose","transcript-rna-seq","ENSG00000112293.15","GPLD1",NA,"exercise_with_controls","EE-CON","post_24_hr",-0.0438056500293431,-0.243797750403813,0.156186450345127,0.666032683875059,0.999984488297589
"adipose","transcript-rna-seq","ENSG00000112715.26","VEGFA",NA,"Endur_vs_Resist","EE-RE","post_24_hr",-0.00844932599344794,-0.234568179166387,0.217669527179491,0.94132936608273,0.999827188422841
"adipose","transcript-rna-seq","ENSG00000112715.26","VEGFA",NA,"exercise_with_controls","RE-CON","post_15_30_45_min",0.178239766237543,-0.0967963284022267,0.453275860877313,0.202725300974774,0.82611588165988
"adipose","transcript-rna-seq","ENSG00000112715.26","VEGFA",NA,"exercise_with_controls","RE-CON","post_3.5_4_hr",0.0507266128128228,-0.163071972981678,0.264525198607324,0.640268652127877,0.953445712873027
"adipose","transcript-rna-seq","ENSG00000112715.26","VEGFA",NA,"exercise_with_controls","EE-CON","post_3.5_4_hr",0.144659896901531,-0.0780571448799561,0.367376938683018,0.20165536675666,0.884244230692858
"adipose","transcript-rna-seq","ENSG00000112715.26","VEGFA",NA,"exercise_with_controls","EE-CON","post_24_hr",-0.167371733163241,-0.425883329146894,0.0911398628204114,0.20314110614164,0.999984488297589
"adipose","transcript-rna-seq","ENSG00000112715.26","VEGFA",NA,"exercise_with_controls","EE-CON","post_15_30_45_min",0.47270851329393,0.197845518393509,0.747571508194351,0.000840950580271153,0.149510594315464
"adipose","transcript-rna-seq","ENSG00000112715.26","VEGFA",NA,"Endur_vs_Resist","EE-RE","post_15_30_45_min",0.294468747056387,0.0553698487352972,0.533567645377476,0.0160486088841042,0.506944264908261
"adipose","transcript-rna-seq","ENSG00000112715.26","VEGFA",NA,"Endur_vs_Resist","EE-RE","post_3.5_4_hr",0.0939332840887079,-0.0836585217992569,0.271525089976673,0.298067981975391,0.999161799173372
"adipose","transcript-rna-seq","ENSG00000112715.26","VEGFA",NA,"exercise_with_controls","RE-CON","post_24_hr",-0.158922407169793,-0.419019643378137,0.10117482903855,0.229634024416985,0.999660577093274
"adipose","transcript-rna-seq","ENSG00000115306.16","SPTBN1",NA,"exercise_with_controls","EE-CON","post_24_hr",-0.0213115275839524,-0.121975376186329,0.0793523210184244,0.676766056663991,0.999984488297589
"adipose","transcript-rna-seq","ENSG00000115306.16","SPTBN1",NA,"exercise_with_controls","EE-CON","post_15_30_45_min",0.0170542564933687,-0.0897785242813169,0.123887037268054,0.753250476721583,0.963173139104265
"adipose","transcript-rna-seq","ENSG00000115306.16","SPTBN1",NA,"Endur_vs_Resist","EE-RE","post_15_30_45_min",-0.0186301358457079,-0.111878921643074,0.0746186499516582,0.694036662980564,0.95856695032074
"adipose","transcript-rna-seq","ENSG00000115306.16","SPTBN1",NA,"exercise_with_controls","RE-CON","post_3.5_4_hr",-0.044379832149291,-0.127376180342222,0.0386165160436397,0.29286873943823,0.83947760858692
"adipose","transcript-rna-seq","ENSG00000115306.16","SPTBN1",NA,"Endur_vs_Resist","EE-RE","post_24_hr",0.0482381557498073,-0.0393412777821384,0.135817589281753,0.27874954281216,0.999827188422841
"adipose","transcript-rna-seq","ENSG00000115306.16","SPTBN1",NA,"Endur_vs_Resist","EE-RE","post_3.5_4_hr",0.0253312281293177,-0.0435989527502361,0.0942614090088714,0.469393063312011,0.999161799173372
"adipose","transcript-rna-seq","ENSG00000115306.16","SPTBN1",NA,"exercise_with_controls","RE-CON","post_24_hr",-0.0695496833337597,-0.171003368368582,0.0319040017010622,0.177959881777223,0.999660577093274
"adipose","transcript-rna-seq","ENSG00000115306.16","SPTBN1",NA,"exercise_with_controls","EE-CON","post_3.5_4_hr",-0.0190486040199733,-0.105501750064477,0.0674045420245308,0.664336216870782,0.976716963334477
"adipose","transcript-rna-seq","ENSG00000115306.16","SPTBN1",NA,"exercise_with_controls","RE-CON","post_15_30_45_min",0.0356843923390766,-0.0710696262843501,0.142438410962503,0.510557238451567,0.930264367902411
"adipose","transcript-rna-seq","ENSG00000116690.13","PRG4",NA,"exercise_with_controls","EE-CON","post_24_hr",0.611118925409782,0.0829754250120487,1.13926242580752,0.023595695211605,0.999984488297589
"adipose","transcript-rna-seq","ENSG00000116690.13","PRG4",NA,"exercise_with_controls","RE-CON","post_3.5_4_hr",0.171839841212464,-0.275327449942312,0.61900713236724,0.449145460325735,0.90207429253934
"adipose","transcript-rna-seq","ENSG00000116690.13","PRG4",NA,"exercise_with_controls","RE-CON","post_15_30_45_min",0.543425988333966,0.015195851937398,1.07165612473053,0.0438309259581444,0.658644228533249
"adipose","transcript-rna-seq","ENSG00000116690.13","PRG4",NA,"Endur_vs_Resist","EE-RE","post_3.5_4_hr",-0.0080368201815304,-0.351774205470033,0.335700565106972,0.96324083730885,0.999378308723222
"adipose","transcript-rna-seq","ENSG00000116690.13","PRG4",NA,"Endur_vs_Resist","EE-RE","post_15_30_45_min",-0.428653461466274,-0.905378632030113,0.0480717090975649,0.0777079129904742,0.707643800458777
"adipose","transcript-rna-seq","ENSG00000116690.13","PRG4",NA,"exercise_with_controls","EE-CON","post_15_30_45_min",0.114772526867692,-0.443371262694161,0.672916316429544,0.685363322267646,0.94951721566492
"adipose","transcript-rna-seq","ENSG00000116690.13","PRG4",NA,"Endur_vs_Resist","EE-RE","post_24_hr",0.310373051619671,-0.114070684135683,0.734816787375026,0.150753079150784,0.999827188422841
"adipose","transcript-rna-seq","ENSG00000116690.13","PRG4",NA,"exercise_with_controls","RE-CON","post_24_hr",0.300745873790111,-0.227057906511755,0.828549654091977,0.262284150615267,0.999660577093274
"adipose","transcript-rna-seq","ENSG00000116690.13","PRG4",NA,"exercise_with_controls","EE-CON","post_3.5_4_hr",0.163803021030934,-0.299476724766527,0.627082766828394,0.486152936105169,0.953138722197019
"adipose","transcript-rna-seq","ENSG00000120885.22","CLU",NA,"exercise_with_controls","RE-CON","post_3.5_4_hr",-0.0168605125388499,-0.116576717907576,0.082855692829876,0.738913424782795,0.965429513107805
"adipose","transcript-rna-seq","ENSG00000120885.22","CLU",NA,"exercise_with_controls","RE-CON","post_24_hr",0.0807811395789884,-0.0428037703351399,0.204366049493117,0.198665625789311,0.999660577093274
"adipose","transcript-rna-seq","ENSG00000120885.22","CLU",NA,"exercise_with_controls","EE-CON","post_24_hr",0.0401824037631631,-0.0823579539469605,0.162722761473287,0.518263591405662,0.999984488297589
"adipose","transcript-rna-seq","ENSG00000120885.22","CLU",NA,"exercise_with_controls","EE-CON","post_3.5_4_hr",0.0635972963006157,-0.0405013408325896,0.167695933433821,0.22944495843093,0.892109419710416
"adipose","transcript-rna-seq","ENSG00000120885.22","CLU",NA,"Endur_vs_Resist","EE-RE","post_15_30_45_min",-0.0130658933979593,-0.126879052276453,0.100747265480535,0.820975108667051,0.981987381681533
"adipose","transcript-rna-seq","ENSG00000120885.22","CLU",NA,"Endur_vs_Resist","EE-RE","post_3.5_4_hr",0.0804578088394656,-0.00230906475899172,0.163224682437923,0.0566640346718415,0.999161799173372
"adipose","transcript-rna-seq","ENSG00000120885.22","CLU",NA,"Endur_vs_Resist","EE-RE","post_24_hr",-0.0405987358158253,-0.147227167048497,0.0660296954168463,0.453293690075446,0.999827188422841
"adipose","transcript-rna-seq","ENSG00000120885.22","CLU",NA,"exercise_with_controls","RE-CON","post_15_30_45_min",-0.0510791879794379,-0.180896901111024,0.0787385251521487,0.438363157510063,0.911668305836146
"adipose","transcript-rna-seq","ENSG00000120885.22","CLU",NA,"exercise_with_controls","EE-CON","post_15_30_45_min",-0.0641450813773972,-0.194248037465765,0.0659578747109707,0.331769607845989,0.86606110926798
"adipose","transcript-rna-seq","ENSG00000121966.7","CXCR4",NA,"Endur_vs_Resist","EE-RE","post_15_30_45_min",0.100563325558859,-0.327618641825849,0.528745292943566,0.64391570564988,0.9520281489223
"adipose","transcript-rna-seq","ENSG00000121966.7","CXCR4",NA,"exercise_with_controls","RE-CON","post_3.5_4_hr",-0.307136157870093,-0.695133015195975,0.0808606994557886,0.120144188557072,0.685028190963678
"adipose","transcript-rna-seq","ENSG00000121966.7","CXCR4",NA,"exercise_with_controls","RE-CON","post_15_30_45_min",-0.441148428952161,-0.956717102536837,0.0744202446325158,0.0931635990181355,0.732377108645461
"adipose","transcript-rna-seq","ENSG00000121966.7","CXCR4",NA,"exercise_with_controls","EE-CON","post_3.5_4_hr",-0.178211278425153,-0.589516268274218,0.233093711423911,0.394005089048776,0.930315503715648
"adipose","transcript-rna-seq","ENSG00000121966.7","CXCR4",NA,"exercise_with_controls","RE-CON","post_24_hr",0.00447297444285244,-0.503422985589883,0.512368934475588,0.986166253709632,0.999660577093274
"adipose","transcript-rna-seq","ENSG00000121966.7","CXCR4",NA,"Endur_vs_Resist","EE-RE","post_3.5_4_hr",0.12892487944494,-0.192317945218194,0.450167704108074,0.429726307535542,0.999161799173372
"adipose","transcript-rna-seq","ENSG00000121966.7","CXCR4",NA,"Endur_vs_Resist","EE-RE","post_24_hr",-0.0071812950723813,-0.394249823884785,0.379887233740023,0.97086231486694,0.999827188422841
"adipose","transcript-rna-seq","ENSG00000121966.7","CXCR4",NA,"exercise_with_controls","EE-CON","post_15_30_45_min",-0.340585103393302,-0.847872070935578,0.166701864148974,0.187185607017577,0.781820965692957
"adipose","transcript-rna-seq","ENSG00000121966.7","CXCR4",NA,"exercise_with_controls","EE-CON","post_24_hr",-0.00270832062952886,-0.519307629941043,0.513890988681985,0.991764831373642,0.999984488297589
"adipose","transcript-rna-seq","ENSG00000125166.13","GOT2",NA,"exercise_with_controls","EE-CON","post_3.5_4_hr",0.0180132468856282,-0.0869554446238102,0.122981938395067,0.735444492166725,0.978452671761758
"adipose","transcript-rna-seq","ENSG00000125166.13","GOT2",NA,"exercise_with_controls","RE-CON","post_3.5_4_hr",0.058371014134666,-0.0414843388701239,0.158226367139456,0.250427404837119,0.813959968156887
"adipose","transcript-rna-seq","ENSG00000125166.13","GOT2",NA,"Endur_vs_Resist","EE-RE","post_15_30_45_min",-0.0262318556396037,-0.138416330739841,0.0859526194606334,0.645371484195892,0.952276020753169
"adipose","transcript-rna-seq","ENSG00000125166.13","GOT2",NA,"exercise_with_controls","EE-CON","post_15_30_45_min",-0.00649922363744881,-0.137253575066695,0.124255127791797,0.92204916706835,0.989342051876443
"adipose","transcript-rna-seq","ENSG00000125166.13","GOT2",NA,"exercise_with_controls","EE-CON","post_24_hr",0.00861666184755627,-0.113050229912257,0.130283553607369,0.88910966870008,0.999984488297589
"adipose","transcript-rna-seq","ENSG00000125166.13","GOT2",NA,"exercise_with_controls","RE-CON","post_15_30_45_min",0.0197326320021549,-0.110145732092129,0.149610996096439,0.764889741815319,0.97471629143678
"adipose","transcript-rna-seq","ENSG00000125166.13","GOT2",NA,"Endur_vs_Resist","EE-RE","post_24_hr",0.00943537913775572,-0.0935000245647533,0.112370782840265,0.856800777078177,0.999827188422841
"adipose","transcript-rna-seq","ENSG00000125166.13","GOT2",NA,"Endur_vs_Resist","EE-RE","post_3.5_4_hr",-0.0403577672490378,-0.123948142389897,0.0432326078918209,0.342240287993407,0.999161799173372
"adipose","transcript-rna-seq","ENSG00000125166.13","GOT2",NA,"exercise_with_controls","RE-CON","post_24_hr",-0.000818717290199444,-0.121786186843966,0.120148752263567,0.989368541967817,0.999660577093274
"adipose","transcript-rna-seq","ENSG00000130513.7","GDF15",NA,"exercise_with_controls","RE-CON","post_3.5_4_hr",0.0890565622789979,-0.589055723493054,0.767168848051049,0.795961347496125,0.977673271016851
"adipose","transcript-rna-seq","ENSG00000130513.7","GDF15",NA,"Endur_vs_Resist","EE-RE","post_15_30_45_min",0.53125928038373,-0.284844655643596,1.34736321641106,0.200845336568171,0.820704678082001
"adipose","transcript-rna-seq","ENSG00000130513.7","GDF15",NA,"exercise_with_controls","RE-CON","post_15_30_45_min",-1.23123174173486,-2.07474287593256,-0.387720607537148,0.00441955912533,0.372255032263931
"adipose","transcript-rna-seq","ENSG00000130513.7","GDF15",NA,"Endur_vs_Resist","EE-RE","post_3.5_4_hr",-0.067851632057813,-0.596772446947702,0.461069182832076,0.800614134366784,0.999161799173372
"adipose","transcript-rna-seq","ENSG00000130513.7","GDF15",NA,"exercise_with_controls","EE-CON","post_15_30_45_min",-0.699972461351127,-1.56936942190954,0.169424499207288,0.114011780831698,0.72050854888607
"adipose","transcript-rna-seq","ENSG00000130513.7","GDF15",NA,"exercise_with_controls","RE-CON","post_24_hr",0.794339858805904,-0.131510006773089,1.7201897243849,0.0922784788239576,0.999660577093274
"adipose","transcript-rna-seq","ENSG00000130513.7","GDF15",NA,"exercise_with_controls","EE-CON","post_3.5_4_hr",0.0212049302211849,-0.71029995296399,0.75270981340636,0.95448269761956,0.996621336487072
"adipose","transcript-rna-seq","ENSG00000130513.7","GDF15",NA,"Endur_vs_Resist","EE-RE","post_24_hr",-0.259534938971903,-0.963857491891541,0.444787613947735,0.468501893595411,0.999827188422841
"adipose","transcript-rna-seq","ENSG00000130513.7","GDF15",NA,"exercise_with_controls","EE-CON","post_24_hr",0.534804919834001,-0.429476399793542,1.49908623946154,0.275563202916862,0.999984488297589
"adipose","transcript-rna-seq","ENSG00000133116.8","KL",NA,"exercise_with_controls","EE-CON","post_3.5_4_hr",-0.270206271558896,-0.450956185196658,-0.0894563579211337,0.00358343192515167,0.425075130178472
"adipose","transcript-rna-seq","ENSG00000133116.8","KL",NA,"Endur_vs_Resist","EE-RE","post_15_30_45_min",-0.130870065921266,-0.335761978540652,0.0740218466981208,0.209379083441831,0.821451437479235
"adipose","transcript-rna-seq","ENSG00000133116.8","KL",NA,"exercise_with_controls","EE-CON","post_15_30_45_min",0.0281393887741972,-0.213296761179185,0.26957553872758,0.81849110744071,0.9762277015284
"adipose","transcript-rna-seq","ENSG00000133116.8","KL",NA,"Endur_vs_Resist","EE-RE","post_3.5_4_hr",0.0965665901909563,-0.0528399440150737,0.245973124396986,0.203920443481048,0.999161799173372
"adipose","transcript-rna-seq","ENSG00000133116.8","KL",NA,"exercise_with_controls","EE-CON","post_24_hr",-0.103544549559102,-0.326374171436033,0.11928507231783,0.360666562891871,0.999984488297589
"adipose","transcript-rna-seq","ENSG00000133116.8","KL",NA,"exercise_with_controls","RE-CON","post_3.5_4_hr",-0.366772861749852,-0.538052041764597,-0.195493681735107,3.69500380648839e-05,0.035835436635144
"adipose","transcript-rna-seq","ENSG00000133116.8","KL",NA,"Endur_vs_Resist","EE-RE","post_24_hr",-0.0688731068501283,-0.257462846018008,0.119716632317751,0.472353355734729,0.999827188422841
"adipose","transcript-rna-seq","ENSG00000133116.8","KL",NA,"exercise_with_controls","RE-CON","post_24_hr",-0.0346714427089734,-0.254215979628615,0.184873094210669,0.755848829755215,0.999660577093274
"adipose","transcript-rna-seq","ENSG00000133116.8","KL",NA,"exercise_with_controls","RE-CON","post_15_30_45_min",0.159009454695463,-0.0799827755015469,0.398001684892473,0.191087815311296,0.816104211225326
"adipose","transcript-rna-seq","ENSG00000134352.20","IL6ST",NA,"Endur_vs_Resist","EE-RE","post_24_hr",0.0291883017053625,-0.0728416170416793,0.131218220452404,0.573449507708426,0.999827188422841
"adipose","transcript-rna-seq","ENSG00000134352.20","IL6ST",NA,"exercise_with_controls","RE-CON","post_3.5_4_hr",0.0328429335063358,-0.0649064462245299,0.130592313237202,0.508385027024748,0.921344996287665
"adipose","transcript-rna-seq","ENSG00000134352.20","IL6ST",NA,"Endur_vs_Resist","EE-RE","post_15_30_45_min",-0.0435634294727176,-0.152336187660917,0.0652093287154822,0.43077647619097,0.90572118962023
"adipose","transcript-rna-seq","ENSG00000134352.20","IL6ST",NA,"exercise_with_controls","EE-CON","post_15_30_45_min",0.0350465582504302,-0.08990593532998,0.15999905183084,0.580953003528052,0.932116567453804
"adipose","transcript-rna-seq","ENSG00000134352.20","IL6ST",NA,"exercise_with_controls","RE-CON","post_15_30_45_min",0.0786099877231479,-0.0461171824100176,0.203337157856313,0.215497063724749,0.832040412218141
"adipose","transcript-rna-seq","ENSG00000134352.20","IL6ST",NA,"Endur_vs_Resist","EE-RE","post_3.5_4_hr",-0.00823788913910661,-0.0895169178856789,0.0730411396074656,0.841787888582815,0.999161799173372
"adipose","transcript-rna-seq","ENSG00000134352.20","IL6ST",NA,"exercise_with_controls","EE-CON","post_24_hr",0.0657890049140537,-0.0519712904671797,0.183549300295287,0.272041249871656,0.999984488297589
"adipose","transcript-rna-seq","ENSG00000134352.20","IL6ST",NA,"exercise_with_controls","RE-CON","post_24_hr",0.0366007032086912,-0.081878870965573,0.155080277382956,0.54323011113539,0.999660577093274
"adipose","transcript-rna-seq","ENSG00000134352.20","IL6ST",NA,"exercise_with_controls","EE-CON","post_3.5_4_hr",0.0246050443672292,-0.0772255430773668,0.126435631811825,0.63427595701782,0.973540242281016
"adipose","transcript-rna-seq","ENSG00000134363.12","FST",NA,"exercise_with_controls","RE-CON","post_24_hr",0.0669728647390837,-0.229773276311225,0.363719005789392,0.656853843557791,0.999660577093274
"adipose","transcript-rna-seq","ENSG00000134363.12","FST",NA,"Endur_vs_Resist","EE-RE","post_24_hr",-0.101544552573082,-0.352559362045367,0.149470256899203,0.426118095662738,0.999827188422841
"adipose","transcript-rna-seq","ENSG00000134363.12","FST",NA,"exercise_with_controls","EE-CON","post_15_30_45_min",0.0137612320503067,-0.314306127494021,0.341828591594634,0.934181388130707,0.990683061802512
"adipose","transcript-rna-seq","ENSG00000134363.12","FST",NA,"exercise_with_controls","RE-CON","post_3.5_4_hr",0.0586771142596532,-0.193209982604863,0.310564211124169,0.646476215152024,0.953704262727286
"adipose","transcript-rna-seq","ENSG00000134363.12","FST",NA,"Endur_vs_Resist","EE-RE","post_15_30_45_min",-0.235803335883445,-0.499889125933286,0.0282824541663962,0.079834148675796,0.710533878900622
"adipose","transcript-rna-seq","ENSG00000134363.12","FST",NA,"exercise_with_controls","RE-CON","post_15_30_45_min",0.249564567933751,-0.0755483190487371,0.57467745491624,0.13174080444367,0.774089978589138
"adipose","transcript-rna-seq","ENSG00000134363.12","FST",NA,"exercise_with_controls","EE-CON","post_24_hr",-0.0345716878339983,-0.330832212949836,0.26168883728184,0.818287785101676,0.999984488297589
"adipose","transcript-rna-seq","ENSG00000134363.12","FST",NA,"exercise_with_controls","EE-CON","post_3.5_4_hr",-0.0611405050172267,-0.324376800512159,0.202095790477706,0.647456594213946,0.974581537297033
"adipose","transcript-rna-seq","ENSG00000134363.12","FST",NA,"Endur_vs_Resist","EE-RE","post_3.5_4_hr",-0.11981761927688,-0.327789704377218,0.0881544658234588,0.257288103482558,0.999161799173372
"adipose","transcript-rna-seq","ENSG00000135821.19","GLUL",NA,"exercise_with_controls","EE-CON","post_3.5_4_hr",0.233368095211812,0.0128839944776694,0.453852195945955,0.0381618012207989,0.682396739030786
"adipose","transcript-rna-seq","ENSG00000135821.19","GLUL",NA,"Endur_vs_Resist","EE-RE","post_3.5_4_hr",-0.0495530006682365,-0.225253682330302,0.126147680993829,0.578459371740986,0.999161799173372
"adipose","transcript-rna-seq","ENSG00000135821.19","GLUL",NA,"exercise_with_controls","EE-CON","post_24_hr",-0.2521148496848,-0.510152329150817,0.00592262978121738,0.0554349644279553,0.999984488297589
"adipose","transcript-rna-seq","ENSG00000135821.19","GLUL",NA,"exercise_with_controls","RE-CON","post_15_30_45_min",0.145485631246709,-0.128439407163798,0.419410669657216,0.29599602829967,0.864530486132773
"adipose","transcript-rna-seq","ENSG00000135821.19","GLUL",NA,"exercise_with_controls","RE-CON","post_24_hr",-0.110980270290009,-0.371186845224524,0.149226304644506,0.401081573588498,0.999660577093274
"adipose","transcript-rna-seq","ENSG00000135821.19","GLUL",NA,"Endur_vs_Resist","EE-RE","post_15_30_45_min",0.128706286799558,-0.111262798438973,0.368675372038088,0.291291780132001,0.861954708471349
"adipose","transcript-rna-seq","ENSG00000135821.19","GLUL",NA,"exercise_with_controls","EE-CON","post_15_30_45_min",0.274191918046267,-0.000121146649026127,0.548504982741559,0.0501001667506363,0.646354137636778
"adipose","transcript-rna-seq","ENSG00000135821.19","GLUL",NA,"Endur_vs_Resist","EE-RE","post_24_hr",-0.141134579394791,-0.367065308248454,0.0847961494588722,0.219295825323283,0.999827188422841
"adipose","transcript-rna-seq","ENSG00000135821.19","GLUL",NA,"exercise_with_controls","RE-CON","post_3.5_4_hr",0.282921095880049,0.0714661435548505,0.494376048205247,0.00902895251999156,0.332828726837854
"adipose","transcript-rna-seq","ENSG00000136244.12","IL6",NA,"Endur_vs_Resist","EE-RE","post_3.5_4_hr",-0.456883019229188,-1.27069519852495,0.356929160066574,0.269936484604124,0.999161799173372
"adipose","transcript-rna-seq","ENSG00000136244.12","IL6",NA,"exercise_with_controls","RE-CON","post_24_hr",0.338347589120533,-1.25919719816373,1.9358923764048,0.676823584592975,0.999660577093274
"adipose","transcript-rna-seq","ENSG00000136244.12","IL6",NA,"Endur_vs_Resist","EE-RE","post_24_hr",0.816013855272123,-0.425672293353669,2.05770000389791,0.196690525501088,0.999827188422841
"adipose","transcript-rna-seq","ENSG00000136244.12","IL6",NA,"exercise_with_controls","EE-CON","post_3.5_4_hr",0.223478463225614,-0.788244623810106,1.23520155026133,0.66383408397158,0.976716963334477
"adipose","transcript-rna-seq","ENSG00000136244.12","IL6",NA,"exercise_with_controls","RE-CON","post_3.5_4_hr",0.680361482454801,-0.248777501869492,1.60950046677909,0.150444640926713,0.728136053446972
"adipose","transcript-rna-seq","ENSG00000136244.12","IL6",NA,"Endur_vs_Resist","EE-RE","post_15_30_45_min",-0.613987267080736,-1.76081742476026,0.532842890598785,0.292804137747936,0.862361693175876
"adipose","transcript-rna-seq","ENSG00000136244.12","IL6",NA,"exercise_with_controls","EE-CON","post_15_30_45_min",0.721186184348191,-0.66741043446085,2.10978280315723,0.307379183514185,0.855269916861411
"adipose","transcript-rna-seq","ENSG00000136244.12","IL6",NA,"exercise_with_controls","RE-CON","post_15_30_45_min",1.33517345142893,-0.0112404014936249,2.68158730435148,0.051929305155818,0.673605707594175
"adipose","transcript-rna-seq","ENSG00000136244.12","IL6",NA,"exercise_with_controls","EE-CON","post_24_hr",1.15436144439266,-0.400672996599193,2.7093958853845,0.144929453802985,0.999984488297589
"adipose","transcript-rna-seq","ENSG00000137944.18","KYAT3",NA,"exercise_with_controls","RE-CON","post_24_hr",0.00353239726927512,-0.130419959720957,0.137484754259507,0.958566654153776,0.999660577093274
"adipose","transcript-rna-seq","ENSG00000137944.18","KYAT3",NA,"Endur_vs_Resist","EE-RE","post_24_hr",-0.00503041385929004,-0.123707971357355,0.113647143638775,0.933454925534051,0.999827188422841
"adipose","transcript-rna-seq","ENSG00000137944.18","KYAT3",NA,"Endur_vs_Resist","EE-RE","post_15_30_45_min",0.0738500372783895,-0.0532846866154725,0.200984761172251,0.253330286593046,0.847085202579875
"adipose","transcript-rna-seq","ENSG00000137944.18","KYAT3",NA,"exercise_with_controls","EE-CON","post_3.5_4_hr",0.0473375229735593,-0.0714604556999995,0.166135501647118,0.432761225560342,0.938957493177812
"adipose","transcript-rna-seq","ENSG00000137944.18","KYAT3",NA,"exercise_with_controls","EE-CON","post_15_30_45_min",0.0635947569188113,-0.0823555599790096,0.209545073816632,0.391161982015539,0.883178021597512
"adipose","transcript-rna-seq","ENSG00000137944.18","KYAT3",NA,"exercise_with_controls","EE-CON","post_24_hr",-0.00149801659001492,-0.136115634096768,0.133119600916739,0.982509264099826,0.999984488297589
"adipose","transcript-rna-seq","ENSG00000137944.18","KYAT3",NA,"exercise_with_controls","RE-CON","post_15_30_45_min",-0.0102552803595781,-0.156193052338067,0.135682491618911,0.889904413958598,0.991105922299614
"adipose","transcript-rna-seq","ENSG00000137944.18","KYAT3",NA,"exercise_with_controls","RE-CON","post_3.5_4_hr",0.0820437055522159,-0.0315356759502967,0.195623087054728,0.155788594342526,0.734607324572549
"adipose","transcript-rna-seq","ENSG00000137944.18","KYAT3",NA,"Endur_vs_Resist","EE-RE","post_3.5_4_hr",-0.0347061825786565,-0.129653614402713,0.0602412492454,0.471683553336765,0.999161799173372
"adipose","transcript-rna-seq","ENSG00000138685.17","FGF2",NA,"Endur_vs_Resist","EE-RE","post_24_hr",0.00345500352330586,-0.177650899405096,0.184560906451708,0.970032543130401,0.999827188422841
"adipose","transcript-rna-seq","ENSG00000138685.17","FGF2",NA,"exercise_with_controls","RE-CON","post_3.5_4_hr",0.25690201134254,0.08516232526638,0.428641697418699,0.00357028180568091,0.226984055304207
"adipose","transcript-rna-seq","ENSG00000138685.17","FGF2",NA,"exercise_with_controls","EE-CON","post_3.5_4_hr",0.189608057551784,0.0101567873769361,0.369059327726633,0.0384810141191891,0.682396739030786
"adipose","transcript-rna-seq","ENSG00000138685.17","FGF2",NA,"exercise_with_controls","EE-CON","post_24_hr",-0.0941800445919698,-0.30117805037713,0.11281796119319,0.370708812973318,0.999984488297589
"adipose","transcript-rna-seq","ENSG00000138685.17","FGF2",NA,"exercise_with_controls","RE-CON","post_24_hr",-0.0976350481152757,-0.305391849249375,0.110121753018823,0.355217603838145,0.999660577093274
"adipose","transcript-rna-seq","ENSG00000138685.17","FGF2",NA,"Endur_vs_Resist","EE-RE","post_15_30_45_min",0.0474025129487892,-0.145519901343295,0.240324927240873,0.628598724777426,0.950300576031204
"adipose","transcript-rna-seq","ENSG00000138685.17","FGF2",NA,"exercise_with_controls","RE-CON","post_15_30_45_min",0.100096115759041,-0.120478446818599,0.320670678336682,0.371975861842869,0.889392600186874
"adipose","transcript-rna-seq","ENSG00000138685.17","FGF2",NA,"Endur_vs_Resist","EE-RE","post_3.5_4_hr",-0.0672939537907551,-0.210414010548787,0.075826102967277,0.354856451765398,0.999161799173372
"adipose","transcript-rna-seq","ENSG00000138685.17","FGF2",NA,"exercise_with_controls","EE-CON","post_15_30_45_min",0.14749862870783,-0.0740197403541097,0.36901699776977,0.190708613980794,0.78422178511567
"adipose","transcript-rna-seq","ENSG00000142871.18","CCN1",NA,"Endur_vs_Resist","EE-RE","post_15_30_45_min",0.675841871927922,0.302090576668943,1.0495931671869,0.00044276031142807,0.234080385699735
"adipose","transcript-rna-seq","ENSG00000142871.18","CCN1",NA,"Endur_vs_Resist","EE-RE","post_24_hr",0.0894451103139104,-0.288502810910037,0.467393031537858,0.641424935976451,0.999827188422841
"adipose","transcript-rna-seq","ENSG00000142871.18","CCN1",NA,"exercise_with_controls","RE-CON","post_15_30_45_min",1.01470498396633,0.54857177100094,1.48083819693171,2.6440449114147e-05,0.0230951575088353
"adipose","transcript-rna-seq","ENSG00000142871.18","CCN1",NA,"exercise_with_controls","RE-CON","post_24_hr",-0.0645020492020096,-0.517018066843389,0.38801396843937,0.77905081146833,0.999660577093274
"adipose","transcript-rna-seq","ENSG00000142871.18","CCN1",NA,"exercise_with_controls","EE-CON","post_3.5_4_hr",0.0816514210191928,-0.317444721209891,0.480747563248276,0.687123838479621,0.978038953840012
"adipose","transcript-rna-seq","ENSG00000142871.18","CCN1",NA,"exercise_with_controls","EE-CON","post_15_30_45_min",1.69054685589425,1.22863470734412,2.15245900444438,7.98555851530555e-12,1.24038175363968e-07
"adipose","transcript-rna-seq","ENSG00000142871.18","CCN1",NA,"Endur_vs_Resist","EE-RE","post_3.5_4_hr",-0.0590979380617043,-0.371215362605429,0.253019486482021,0.709314983446092,0.999161799173372
"adipose","transcript-rna-seq","ENSG00000142871.18","CCN1",NA,"exercise_with_controls","EE-CON","post_24_hr",0.0249430611119008,-0.427509693796758,0.47739581602056,0.913586644506859,0.999984488297589
"adipose","transcript-rna-seq","ENSG00000142871.18","CCN1",NA,"exercise_with_controls","RE-CON","post_3.5_4_hr",0.140749359080897,-0.238887219319501,0.520385937481296,0.465653285635038,0.90715380084499
"adipose","transcript-rna-seq","ENSG00000144476.6","ACKR3",NA,"exercise_with_controls","RE-CON","post_24_hr",0.122677562309381,-0.105766030201274,0.351121154820036,0.291095681414386,0.999660577093274
"adipose","transcript-rna-seq","ENSG00000144476.6","ACKR3",NA,"Endur_vs_Resist","EE-RE","post_15_30_45_min",0.081462146743589,-0.126913665007748,0.289837958494926,0.44195669902328,0.908235483160565
"adipose","transcript-rna-seq","ENSG00000144476.6","ACKR3",NA,"Endur_vs_Resist","EE-RE","post_24_hr",0.0322053611936139,-0.163668596119407,0.228079318506635,0.746263514748791,0.999827188422841
"adipose","transcript-rna-seq","ENSG00000144476.6","ACKR3",NA,"exercise_with_controls","EE-CON","post_15_30_45_min",0.320649437986143,0.0792807899416761,0.56201808603061,0.00944624359887875,0.425902484976003
"adipose","transcript-rna-seq","ENSG00000144476.6","ACKR3",NA,"Endur_vs_Resist","EE-RE","post_3.5_4_hr",-0.0219461059252541,-0.182122138635417,0.138229926784909,0.787341419975634,0.999161799173372
"adipose","transcript-rna-seq","ENSG00000144476.6","ACKR3",NA,"exercise_with_controls","RE-CON","post_15_30_45_min",0.239187291242554,-0.00158918792882123,0.479963770413929,0.0515186062876859,0.673605707594175
"adipose","transcript-rna-seq","ENSG00000144476.6","ACKR3",NA,"exercise_with_controls","RE-CON","post_3.5_4_hr",0.082772604050442,-0.109776000784823,0.275321208885706,0.397712930251182,0.885030111399025
"adipose","transcript-rna-seq","ENSG00000144476.6","ACKR3",NA,"exercise_with_controls","EE-CON","post_3.5_4_hr",0.0608264981251878,-0.139991542298575,0.261644538548951,0.551091746033822,0.961443726228488
"adipose","transcript-rna-seq","ENSG00000144476.6","ACKR3",NA,"exercise_with_controls","EE-CON","post_24_hr",0.154882923502995,-0.0730459693519931,0.382811816357982,0.181906267386987,0.999984488297589
"adipose","transcript-rna-seq","ENSG00000146469.13","VIP",NA,"exercise_with_controls","EE-CON","post_15_30_45_min",0.060509611832784,-0.452335836815463,0.573355060481031,0.816296828508881,0.9755696892039
"adipose","transcript-rna-seq","ENSG00000146469.13","VIP",NA,"exercise_with_controls","EE-CON","post_3.5_4_hr",-0.120754992870949,-0.511860515669618,0.27035052992772,0.543295587831085,0.9606451484055
"adipose","transcript-rna-seq","ENSG00000146469.13","VIP",NA,"Endur_vs_Resist","EE-RE","post_15_30_45_min",0.0238497753836502,-0.423764856367702,0.471464407135003,0.916450350789434,0.990823783627152
"adipose","transcript-rna-seq","ENSG00000146469.13","VIP",NA,"Endur_vs_Resist","EE-RE","post_24_hr",0.143325918357602,-0.247916619940019,0.534568456655224,0.471059582423228,0.999827188422841
"adipose","transcript-rna-seq","ENSG00000146469.13","VIP",NA,"Endur_vs_Resist","EE-RE","post_3.5_4_hr",0.0158145001567288,-0.309995920797231,0.341624921110688,0.923828912446809,0.999378308723222
"adipose","transcript-rna-seq","ENSG00000146469.13","VIP",NA,"exercise_with_controls","RE-CON","post_15_30_45_min",0.0366598364491337,-0.478019834994688,0.551339507892956,0.888459261813819,0.991105922299614
"adipose","transcript-rna-seq","ENSG00000146469.13","VIP",NA,"exercise_with_controls","EE-CON","post_24_hr",0.106705872393013,-0.348223406682798,0.561635151468825,0.644320380090226,0.999984488297589
"adipose","transcript-rna-seq","ENSG00000146469.13","VIP",NA,"exercise_with_controls","RE-CON","post_3.5_4_hr",-0.136569493027677,-0.50232006372087,0.229181077665515,0.462360199196375,0.906813426232994
"adipose","transcript-rna-seq","ENSG00000146469.13","VIP",NA,"exercise_with_controls","RE-CON","post_24_hr",-0.0366200459645891,-0.488692400470197,0.415452308541019,0.87328383307222,0.999660577093274
"adipose","transcript-rna-seq","ENSG00000160097.20","FNDC5",NA,"exercise_with_controls","RE-CON","post_24_hr",-0.0568101876754832,-0.415850220613159,0.302229845262192,0.755346398087296,0.999660577093274
"adipose","transcript-rna-seq","ENSG00000160097.20","FNDC5",NA,"Endur_vs_Resist","EE-RE","post_3.5_4_hr",0.10781791173718,-0.149697672914999,0.36533349638936,0.409878951001851,0.999161799173372
"adipose","transcript-rna-seq","ENSG00000160097.20","FNDC5",NA,"exercise_with_controls","RE-CON","post_15_30_45_min",0.27157822927073,-0.138269933602759,0.681426392144219,0.192826399700306,0.817798160327631
"adipose","transcript-rna-seq","ENSG00000160097.20","FNDC5",NA,"exercise_with_controls","EE-CON","post_24_hr",-0.253230106809119,-0.617113028709912,0.110652815091674,0.171493812625805,0.999984488297589
"adipose","transcript-rna-seq","ENSG00000160097.20","FNDC5",NA,"exercise_with_controls","EE-CON","post_15_30_45_min",0.198966001050821,-0.218630011383885,0.616562013485528,0.348577004198879,0.871442510497197
"adipose","transcript-rna-seq","ENSG00000160097.20","FNDC5",NA,"Endur_vs_Resist","EE-RE","post_15_30_45_min",-0.0726122282199084,-0.420591329937505,0.275366873497688,0.68118414686726,0.955836455482338
"adipose","transcript-rna-seq","ENSG00000160097.20","FNDC5",NA,"exercise_with_controls","EE-CON","post_3.5_4_hr",0.0593164299582978,-0.261809263488276,0.380442123404871,0.715989098053776,0.978452671761758
"adipose","transcript-rna-seq","ENSG00000160097.20","FNDC5",NA,"Endur_vs_Resist","EE-RE","post_24_hr",-0.196419919133636,-0.519836693828768,0.126996855561496,0.232477159499676,0.999827188422841
"adipose","transcript-rna-seq","ENSG00000160097.20","FNDC5",NA,"exercise_with_controls","RE-CON","post_3.5_4_hr",-0.0485014817788822,-0.355881207993081,0.258878244435316,0.755936797469938,0.96817405006128
"adipose","transcript-rna-seq","ENSG00000160712.13","IL6R",NA,"exercise_with_controls","EE-CON","post_3.5_4_hr",0.198370224165305,-0.0194806878946971,0.416221136225306,0.0740878020490141,0.764499026854346
"adipose","transcript-rna-seq","ENSG00000160712.13","IL6R",NA,"exercise_with_controls","RE-CON","post_24_hr",-0.0513149098643746,-0.303495120614751,0.200865300886002,0.688818715062518,0.999660577093274
"adipose","transcript-rna-seq","ENSG00000160712.13","IL6R",NA,"exercise_with_controls","EE-CON","post_15_30_45_min",-0.357370174173776,-0.624612059461284,-0.0901282888862683,0.00898957144645206,0.416007700000108
"adipose","transcript-rna-seq","ENSG00000160712.13","IL6R",NA,"exercise_with_controls","RE-CON","post_3.5_4_hr",0.0648655164643968,-0.143701977198585,0.273433010127379,0.540481569648462,0.932188943207479
"adipose","transcript-rna-seq","ENSG00000160712.13","IL6R",NA,"Endur_vs_Resist","EE-RE","post_15_30_45_min",0.0136281920922929,-0.22078331629011,0.248039700474695,0.908901169364746,0.989725431574267
"adipose","transcript-rna-seq","ENSG00000160712.13","IL6R",NA,"Endur_vs_Resist","EE-RE","post_24_hr",0.0845077230459639,-0.127767605718912,0.296783051810839,0.433609134876862,0.999827188422841
"adipose","transcript-rna-seq","ENSG00000160712.13","IL6R",NA,"exercise_with_controls","EE-CON","post_24_hr",0.0331928131815893,-0.219944777668774,0.286330404031952,0.796341037158725,0.999984488297589
"adipose","transcript-rna-seq","ENSG00000160712.13","IL6R",NA,"Endur_vs_Resist","EE-RE","post_3.5_4_hr",0.133504707700908,-0.0364492803481158,0.303458695749932,0.122999411984581,0.999161799173372
"adipose","transcript-rna-seq","ENSG00000160712.13","IL6R",NA,"exercise_with_controls","RE-CON","post_15_30_45_min",-0.370998366266069,-0.635076879646276,-0.106919852885862,0.00609643657171318,0.399572533511227
"adipose","transcript-rna-seq","ENSG00000163430.12","FSTL1",NA,"exercise_with_controls","EE-CON","post_3.5_4_hr",0.0521071088107465,-0.0593531866344812,0.163567404255974,0.357483214042244,0.925680548209083
"adipose","transcript-rna-seq","ENSG00000163430.12","FSTL1",NA,"exercise_with_controls","EE-CON","post_15_30_45_min",0.105818571301635,-0.0327428166499265,0.244379959253196,0.133590098088265,0.73888303893328
"adipose","transcript-rna-seq","ENSG00000163430.12","FSTL1",NA,"exercise_with_controls","EE-CON","post_24_hr",0.0573047776361317,-0.0730048178758522,0.187614373148116,0.386705087723919,0.999984488297589
"adipose","transcript-rna-seq","ENSG00000163430.12","FSTL1",NA,"Endur_vs_Resist","EE-RE","post_3.5_4_hr",-0.0138594600483266,-0.102545680411878,0.0748267603152245,0.758131276035102,0.999161799173372
"adipose","transcript-rna-seq","ENSG00000163430.12","FSTL1",NA,"exercise_with_controls","RE-CON","post_3.5_4_hr",0.0659665688590731,-0.040870370194756,0.172803507912902,0.224644709011882,0.793216600746117
"adipose","transcript-rna-seq","ENSG00000163430.12","FSTL1",NA,"Endur_vs_Resist","EE-RE","post_24_hr",-0.00016124109408544,-0.113557627950398,0.113235145762227,0.997764669246826,0.999827188422841
"adipose","transcript-rna-seq","ENSG00000163430.12","FSTL1",NA,"Endur_vs_Resist","EE-RE","post_15_30_45_min",0.015752211547472,-0.105120331614834,0.136624754709778,0.797375453844756,0.976457594295152
"adipose","transcript-rna-seq","ENSG00000163430.12","FSTL1",NA,"exercise_with_controls","RE-CON","post_24_hr",0.0574660187302172,-0.0738173833156761,0.18874942077611,0.388907757056059,0.999660577093274
"adipose","transcript-rna-seq","ENSG00000163430.12","FSTL1",NA,"exercise_with_controls","RE-CON","post_15_30_45_min",0.0900663597541627,-0.0483142781751134,0.228446997683439,0.200707129904993,0.825212630800369
"adipose","transcript-rna-seq","ENSG00000163644.15","PPM1K",NA,"exercise_with_controls","RE-CON","post_15_30_45_min",0.0517720663763472,-0.116131649946733,0.219675782699428,0.543903803720413,0.936997819817054
"adipose","transcript-rna-seq","ENSG00000163644.15","PPM1K",NA,"exercise_with_controls","RE-CON","post_24_hr",0.0593489921130477,-0.0932629547153177,0.211960938941413,0.44409315147716,0.999660577093274
"adipose","transcript-rna-seq","ENSG00000163644.15","PPM1K",NA,"exercise_with_controls","EE-CON","post_24_hr",0.0783099909262885,-0.0747780597271079,0.231398041579685,0.314357040626803,0.999984488297589
"adipose","transcript-rna-seq","ENSG00000163644.15","PPM1K",NA,"exercise_with_controls","EE-CON","post_15_30_45_min",0.146715791469809,-0.0206051166907112,0.314036699630329,0.0853492567432982,0.700344801583748
"adipose","transcript-rna-seq","ENSG00000163644.15","PPM1K",NA,"exercise_with_controls","RE-CON","post_3.5_4_hr",-0.0130522387892436,-0.137254310138563,0.111149832560076,0.836015316964897,0.985125992918019
"adipose","transcript-rna-seq","ENSG00000163644.15","PPM1K",NA,"Endur_vs_Resist","EE-RE","post_24_hr",0.0189609988132409,-0.113696004503401,0.151618002129882,0.778379319865657,0.999827188422841
"adipose","transcript-rna-seq","ENSG00000163644.15","PPM1K",NA,"Endur_vs_Resist","EE-RE","post_15_30_45_min",0.0949437250934615,-0.0503066698977281,0.240194120084651,0.198950070852449,0.819280152849503
"adipose","transcript-rna-seq","ENSG00000163644.15","PPM1K",NA,"Endur_vs_Resist","EE-RE","post_3.5_4_hr",0.0252644872200518,-0.082486462491038,0.133015436931142,0.644286699947231,0.999161799173372
"adipose","transcript-rna-seq","ENSG00000163644.15","PPM1K",NA,"exercise_with_controls","EE-CON","post_3.5_4_hr",0.0122122484308083,-0.118869797857324,0.143294294718941,0.854408030261667,0.987109432340483
"adipose","transcript-rna-seq","ENSG00000163737.5","PF4",NA,"exercise_with_controls","RE-CON","post_15_30_45_min",-1.68251012255961,-3.63058878566111,0.265568540541893,0.090213775344904,0.732254848434682
"adipose","transcript-rna-seq","ENSG00000163737.5","PF4",NA,"exercise_with_controls","EE-CON","post_15_30_45_min",-2.72424457809429,-4.78298239506912,-0.665506761119458,0.00969657730779491,0.431786981511379
"adipose","transcript-rna-seq","ENSG00000163737.5","PF4",NA,"Endur_vs_Resist","EE-RE","post_15_30_45_min",-1.04173445553468,-2.96967962161241,0.886210710543038,0.288211403373318,0.860552039425872
"adipose","transcript-rna-seq","ENSG00000163737.5","PF4",NA,"exercise_with_controls","EE-CON","post_24_hr",0.214906271483628,-1.53542821870685,1.9652407616741,0.809152263591324,0.999984488297589
"adipose","transcript-rna-seq","ENSG00000163737.5","PF4",NA,"exercise_with_controls","EE-CON","post_3.5_4_hr",-1.06132301211585,-2.66589336975942,0.543247345527727,0.193819104625503,0.878390459128204
"adipose","transcript-rna-seq","ENSG00000163737.5","PF4",NA,"Endur_vs_Resist","EE-RE","post_3.5_4_hr",-0.453958517970614,-1.69830678354021,0.790389747598982,0.472946784711127,0.999161799173372
"adipose","transcript-rna-seq","ENSG00000163737.5","PF4",NA,"exercise_with_controls","RE-CON","post_24_hr",-0.701674931558604,-2.49760554180897,1.09425567869177,0.442358687155785,0.999660577093274
"adipose","transcript-rna-seq","ENSG00000163737.5","PF4",NA,"Endur_vs_Resist","EE-RE","post_24_hr",0.916581203042232,-0.426452833506264,2.25961523959073,0.18019266836525,0.999827188422841
"adipose","transcript-rna-seq","ENSG00000163737.5","PF4",NA,"exercise_with_controls","RE-CON","post_3.5_4_hr",-0.607364494145235,-2.02391924893983,0.809190260649358,0.399217589067249,0.886369901343003
"adipose","transcript-rna-seq","ENSG00000164733.22","CTSB",NA,"exercise_with_controls","RE-CON","post_15_30_45_min",-0.222302998894444,-0.470057304033747,0.0254513062448603,0.0783551220051828,0.71600279736855
"adipose","transcript-rna-seq","ENSG00000164733.22","CTSB",NA,"Endur_vs_Resist","EE-RE","post_24_hr",0.140173407249604,-0.0629016238384614,0.343248438337669,0.174988855567929,0.999827188422841
"adipose","transcript-rna-seq","ENSG00000164733.22","CTSB",NA,"exercise_with_controls","EE-CON","post_24_hr",0.0909795742552735,-0.143077060963507,0.325036209474054,0.444217725633698,0.999984488297589
"adipose","transcript-rna-seq","ENSG00000164733.22","CTSB",NA,"exercise_with_controls","EE-CON","post_3.5_4_hr",0.135873247427501,-0.0651645417157366,0.336911036570738,0.184052831140486,0.866200728241235
"adipose","transcript-rna-seq","ENSG00000164733.22","CTSB",NA,"exercise_with_controls","RE-CON","post_3.5_4_hr",0.00247791920645035,-0.190355884445055,0.195311722857955,0.979801854864675,0.999170357840102
"adipose","transcript-rna-seq","ENSG00000164733.22","CTSB",NA,"Endur_vs_Resist","EE-RE","post_15_30_45_min",0.0735569590638772,-0.142991020404631,0.290104938532385,0.503713569475948,0.922517669787012
"adipose","transcript-rna-seq","ENSG00000164733.22","CTSB",NA,"exercise_with_controls","RE-CON","post_24_hr",-0.0491938329943302,-0.284846522015506,0.186458856026845,0.680994656734864,0.999660577093274
"adipose","transcript-rna-seq","ENSG00000164733.22","CTSB",NA,"exercise_with_controls","EE-CON","post_15_30_45_min",-0.148746039830566,-0.397018817477164,0.0995267378160307,0.238802215962706,0.819708547497352
"adipose","transcript-rna-seq","ENSG00000164733.22","CTSB",NA,"Endur_vs_Resist","EE-RE","post_3.5_4_hr",0.13339532822105,-0.0264887989640442,0.293279455406145,0.101455690753878,0.999161799173372
"adipose","transcript-rna-seq","ENSG00000168329.14","CX3CR1",NA,"exercise_with_controls","EE-CON","post_3.5_4_hr",-0.033340703790685,-0.513890546689096,0.447209139107726,0.891376273927519,0.989624970499987
"adipose","transcript-rna-seq","ENSG00000168329.14","CX3CR1",NA,"Endur_vs_Resist","EE-RE","post_24_hr",-0.334051712193324,-0.786164992229378,0.118061567842731,0.146815590511789,0.999827188422841
"adipose","transcript-rna-seq","ENSG00000168329.14","CX3CR1",NA,"exercise_with_controls","EE-CON","post_15_30_45_min",-0.42381817682828,-1.10066992947405,0.253033575817493,0.218544315761238,0.804361558402368
"adipose","transcript-rna-seq","ENSG00000168329.14","CX3CR1",NA,"exercise_with_controls","EE-CON","post_24_hr",-0.0674813802419771,-0.650030238719024,0.51506747823507,0.819663310225515,0.999984488297589
"adipose","transcript-rna-seq","ENSG00000168329.14","CX3CR1",NA,"exercise_with_controls","RE-CON","post_15_30_45_min",-0.584735925836802,-1.29360724924815,0.124135397574542,0.105466748746177,0.740832625772864
"adipose","transcript-rna-seq","ENSG00000168329.14","CX3CR1",NA,"Endur_vs_Resist","EE-RE","post_15_30_45_min",0.160917749008522,-0.459062310626625,0.780897808643669,0.609487429685869,0.947305682340422
"adipose","transcript-rna-seq","ENSG00000168329.14","CX3CR1",NA,"exercise_with_controls","RE-CON","post_24_hr",0.266570331951347,-0.288888872853589,0.822029536756282,0.345374888468674,0.999660577093274
"adipose","transcript-rna-seq","ENSG00000168329.14","CX3CR1",NA,"exercise_with_controls","RE-CON","post_3.5_4_hr",-0.497537600343944,-0.954129328114699,-0.040945872573189,0.0328427710165964,0.478052729555167
"adipose","transcript-rna-seq","ENSG00000168329.14","CX3CR1",NA,"Endur_vs_Resist","EE-RE","post_3.5_4_hr",0.464196896553259,0.0739879841150441,0.854405808991473,0.0199454369445071,0.999161799173372
"adipose","transcript-rna-seq","ENSG00000168610.16","STAT3",NA,"exercise_with_controls","RE-CON","post_3.5_4_hr",0.044372314865349,-0.0254366489395091,0.114181278670207,0.211398295730538,0.783771706698127
"adipose","transcript-rna-seq","ENSG00000168610.16","STAT3",NA,"Endur_vs_Resist","EE-RE","post_15_30_45_min",-0.0358617946747604,-0.114538586324674,0.0428149969751533,0.3697491104202,0.886744613625621
"adipose","transcript-rna-seq","ENSG00000168610.16","STAT3",NA,"exercise_with_controls","EE-CON","post_3.5_4_hr",0.0570841430608393,-0.0157791508111129,0.129947436932791,0.123894842962741,0.824236774855405
"adipose","transcript-rna-seq","ENSG00000168610.16","STAT3",NA,"exercise_with_controls","RE-CON","post_15_30_45_min",0.0647879444272048,-0.0254283509511468,0.155004239805556,0.158250173446288,0.795402976648089
"adipose","transcript-rna-seq","ENSG00000168610.16","STAT3",NA,"exercise_with_controls","EE-CON","post_24_hr",-0.0574319784392792,-0.142359621763253,0.0274956648846946,0.183818892819021,0.999984488297589
"adipose","transcript-rna-seq","ENSG00000168610.16","STAT3",NA,"exercise_with_controls","EE-CON","post_15_30_45_min",0.0289261497524445,-0.0614372770769304,0.119289576581819,0.528521227610844,0.920722666927211
"adipose","transcript-rna-seq","ENSG00000168610.16","STAT3",NA,"Endur_vs_Resist","EE-RE","post_3.5_4_hr",0.0127118281954903,-0.0452738433812596,0.0706974997722403,0.665851470196991,0.999161799173372
"adipose","transcript-rna-seq","ENSG00000168610.16","STAT3",NA,"Endur_vs_Resist","EE-RE","post_24_hr",0.029692938005474,-0.044045421910443,0.103431297921391,0.428025428715785,0.999827188422841
"adipose","transcript-rna-seq","ENSG00000168610.16","STAT3",NA,"exercise_with_controls","RE-CON","post_24_hr",-0.0871249164447532,-0.172558954494974,-0.0016908783945324,0.0456786000061832,0.999660577093274
"adipose","transcript-rna-seq","ENSG00000171097.14","KYAT1",NA,"exercise_with_controls","EE-CON","post_24_hr",-0.104091118915959,-0.397216062061231,0.189033824229313,0.485010951922945,0.999984488297589
"adipose","transcript-rna-seq","ENSG00000171097.14","KYAT1",NA,"Endur_vs_Resist","EE-RE","post_15_30_45_min",-0.132441069306936,-0.40874046813769,0.143858329523819,0.346114013657231,0.878957215822749
"adipose","transcript-rna-seq","ENSG00000171097.14","KYAT1",NA,"Endur_vs_Resist","EE-RE","post_24_hr",-0.0317860581792786,-0.279077677162958,0.2155055608044,0.800394812607254,0.999827188422841
"adipose","transcript-rna-seq","ENSG00000171097.14","KYAT1",NA,"Endur_vs_Resist","EE-RE","post_3.5_4_hr",-0.0542335846004214,-0.270664327260175,0.162197158059332,0.621961466095097,0.999161799173372
"adipose","transcript-rna-seq","ENSG00000171097.14","KYAT1",NA,"exercise_with_controls","EE-CON","post_3.5_4_hr",-0.0942968303519292,-0.362637770461267,0.174044109757409,0.489397505743212,0.953821875279505
"adipose","transcript-rna-seq","ENSG00000171097.14","KYAT1",NA,"exercise_with_controls","RE-CON","post_15_30_45_min",-0.114982291314973,-0.42735606927356,0.197391486643614,0.469244229251575,0.920408714067178
"adipose","transcript-rna-seq","ENSG00000171097.14","KYAT1",NA,"exercise_with_controls","RE-CON","post_24_hr",-0.0723050607366806,-0.36319228434872,0.218582162875359,0.624930518291493,0.999660577093274
"adipose","transcript-rna-seq","ENSG00000171097.14","KYAT1",NA,"exercise_with_controls","EE-CON","post_15_30_45_min",-0.247423360621909,-0.563145315101923,0.0682985938581052,0.12400927080673,0.735022550938969
"adipose","transcript-rna-seq","ENSG00000171097.14","KYAT1",NA,"exercise_with_controls","RE-CON","post_3.5_4_hr",-0.0400632457515078,-0.294007826843832,0.213881335340816,0.756193787757546,0.96817405006128
"adipose","transcript-rna-seq","ENSG00000171388.12","APLN",NA,"exercise_with_controls","EE-CON","post_24_hr",-0.153585791624283,-0.837133553861392,0.529961970612827,0.658268050425586,0.999984488297589
"adipose","transcript-rna-seq","ENSG00000171388.12","APLN",NA,"Endur_vs_Resist","EE-RE","post_24_hr",-0.28387208089639,-0.788861653004095,0.221117491211315,0.269074462264598,0.999827188422841
"adipose","transcript-rna-seq","ENSG00000171388.12","APLN",NA,"exercise_with_controls","RE-CON","post_24_hr",0.130286289272107,-0.542337564158838,0.802910142703052,0.702958326024203,0.999660577093274
"adipose","transcript-rna-seq","ENSG00000171388.12","APLN",NA,"exercise_with_controls","RE-CON","post_3.5_4_hr",-0.296122988053079,-0.811865999027141,0.219620022920984,0.258991113555239,0.818590905134901
"adipose","transcript-rna-seq","ENSG00000171388.12","APLN",NA,"Endur_vs_Resist","EE-RE","post_3.5_4_hr",-0.0458689779604222,-0.499646016929554,0.40790806100871,0.842235281210404,0.999161799173372
"adipose","transcript-rna-seq","ENSG00000171388.12","APLN",NA,"exercise_with_controls","RE-CON","post_15_30_45_min",-0.341422252214713,-1.07158535365964,0.388740849230211,0.357726806430364,0.884854901008393
"adipose","transcript-rna-seq","ENSG00000171388.12","APLN",NA,"exercise_with_controls","EE-CON","post_3.5_4_hr",-0.341991966013501,-0.890507704931937,0.206523772904935,0.22040720015836,0.891662290949714
"adipose","transcript-rna-seq","ENSG00000171388.12","APLN",NA,"exercise_with_controls","EE-CON","post_15_30_45_min",0.16488012444231,-0.526237321257863,0.855997570142484,0.638634000552375,0.941696536881082
"adipose","transcript-rna-seq","ENSG00000171388.12","APLN",NA,"Endur_vs_Resist","EE-RE","post_15_30_45_min",0.506302376657023,-0.070006783888814,1.08261153720286,0.0847709028235965,0.722376957647623
"adipose","transcript-rna-seq","ENSG00000176697.20","BDNF",NA,"exercise_with_controls","EE-CON","post_24_hr",-0.636367074081709,-1.29871051879504,0.0259763706316208,0.0596265602942119,0.999984488297589
"adipose","transcript-rna-seq","ENSG00000176697.20","BDNF",NA,"exercise_with_controls","RE-CON","post_15_30_45_min",-1.07722821529432,-1.7967474967384,-0.357708933850226,0.00346481308563517,0.342651124327946
"adipose","transcript-rna-seq","ENSG00000176697.20","BDNF",NA,"Endur_vs_Resist","EE-RE","post_24_hr",-0.200607403145473,-0.791145472081302,0.389930665790356,0.504363848689235,0.999827188422841
"adipose","transcript-rna-seq","ENSG00000176697.20","BDNF",NA,"exercise_with_controls","RE-CON","post_3.5_4_hr",0.222790814329752,-0.301799925909957,0.747381554569461,0.403993818529592,0.889957762646722
"adipose","transcript-rna-seq","ENSG00000176697.20","BDNF",NA,"Endur_vs_Resist","EE-RE","post_3.5_4_hr",-0.472477454945024,-0.893007722557934,-0.0519471873321147,0.0277863972691729,0.999161799173372
"adipose","transcript-rna-seq","ENSG00000176697.20","BDNF",NA,"Endur_vs_Resist","EE-RE","post_15_30_45_min",0.0938560276178528,-0.591837869329025,0.779549924564731,0.787856420277251,0.974747877391439
"adipose","transcript-rna-seq","ENSG00000176697.20","BDNF",NA,"exercise_with_controls","RE-CON","post_24_hr",-0.435759670936235,-1.09593073019566,0.224411388323187,0.194981097488272,0.999660577093274
"adipose","transcript-rna-seq","ENSG00000176697.20","BDNF",NA,"exercise_with_controls","EE-CON","post_3.5_4_hr",-0.249686640615272,-0.79510938012128,0.295736098890735,0.368412814601898,0.925680548209083
"adipose","transcript-rna-seq","ENSG00000176697.20","BDNF",NA,"exercise_with_controls","EE-CON","post_15_30_45_min",-0.983372187676462,-1.68752034740876,-0.279224027944164,0.00634940657974166,0.374767257530755
"adipose","transcript-rna-seq","ENSG00000178752.16","ERFE",NA,"Endur_vs_Resist","EE-RE","post_15_30_45_min",-0.163510984877061,-1.00585493354268,0.67883296378856,0.702580435673726,0.961169503815314
"adipose","transcript-rna-seq","ENSG00000178752.16","ERFE",NA,"exercise_with_controls","RE-CON","post_24_hr",0.555753500995896,-0.373782035315202,1.48528903730699,0.240014755041217,0.999660577093274
"adipose","transcript-rna-seq","ENSG00000178752.16","ERFE",NA,"exercise_with_controls","RE-CON","post_15_30_45_min",0.582664016492368,-0.417477205409727,1.58280523839446,0.252275958380979,0.847488117404562
"adipose","transcript-rna-seq","ENSG00000178752.16","ERFE",NA,"exercise_with_controls","RE-CON","post_3.5_4_hr",0.405070538572184,-0.393817431694883,1.20395850883925,0.318577882102334,0.851426295960424
"adipose","transcript-rna-seq","ENSG00000178752.16","ERFE",NA,"exercise_with_controls","EE-CON","post_15_30_45_min",0.419153031615307,-0.616831249694907,1.45513731292552,0.426195127576025,0.888668277788747
"adipose","transcript-rna-seq","ENSG00000178752.16","ERFE",NA,"exercise_with_controls","EE-CON","post_3.5_4_hr",-0.0736550870859753,-0.980758255318351,0.833448081146401,0.872936824614496,0.988337667295858
"adipose","transcript-rna-seq","ENSG00000178752.16","ERFE",NA,"Endur_vs_Resist","EE-RE","post_24_hr",-0.0716512543653374,-0.838633340836883,0.695330832106208,0.85415766864319,0.999827188422841
"adipose","transcript-rna-seq","ENSG00000178752.16","ERFE",NA,"Endur_vs_Resist","EE-RE","post_3.5_4_hr",-0.478725625658159,-1.22049985975177,0.26304860843545,0.204609672348097,0.999161799173372
"adipose","transcript-rna-seq","ENSG00000178752.16","ERFE",NA,"exercise_with_controls","EE-CON","post_24_hr",0.484102246630558,-0.488615474558128,1.45681996781924,0.327798711035489,0.999984488297589
"adipose","transcript-rna-seq","ENSG00000181092.10","ADIPOQ",NA,"exercise_with_controls","RE-CON","post_24_hr",-0.113099325332108,-0.272187303345996,0.0459886526817803,0.162423994611182,0.999660577093274
"adipose","transcript-rna-seq","ENSG00000181092.10","ADIPOQ",NA,"exercise_with_controls","EE-CON","post_3.5_4_hr",0.077526488140796,-0.0576841496186742,0.212737125900266,0.259382266144614,0.89471489041411
"adipose","transcript-rna-seq","ENSG00000181092.10","ADIPOQ",NA,"exercise_with_controls","RE-CON","post_15_30_45_min",0.00229527088034764,-0.165211206700678,0.169801748461373,0.978462338714697,0.998124596710913
"adipose","transcript-rna-seq","ENSG00000181092.10","ADIPOQ",NA,"exercise_with_controls","EE-CON","post_15_30_45_min",0.122087314337712,-0.0455337737078403,0.289708402383264,0.152424665846367,0.75446739989102
"adipose","transcript-rna-seq","ENSG00000181092.10","ADIPOQ",NA,"Endur_vs_Resist","EE-RE","post_15_30_45_min",0.119792043457364,-0.0267503956455661,0.266334482560295,0.108512416219755,0.741391146252294
"adipose","transcript-rna-seq","ENSG00000181092.10","ADIPOQ",NA,"Endur_vs_Resist","EE-RE","post_24_hr",0.0664473952285523,-0.0711819522820178,0.204076742739122,0.34210651219649,0.999827188422841
"adipose","transcript-rna-seq","ENSG00000181092.10","ADIPOQ",NA,"exercise_with_controls","EE-CON","post_24_hr",-0.0466519301035557,-0.204456316737167,0.111152456530055,0.560432271093371,0.999984488297589
"adipose","transcript-rna-seq","ENSG00000181092.10","ADIPOQ",NA,"exercise_with_controls","RE-CON","post_3.5_4_hr",0.0725276947325657,-0.057221004390549,0.20227639385568,0.271478090856902,0.826293087309309
"adipose","transcript-rna-seq","ENSG00000181092.10","ADIPOQ",NA,"Endur_vs_Resist","EE-RE","post_3.5_4_hr",0.00499879340823028,-0.102691240782788,0.112688827599249,0.927117246662676,0.999378308723222
"adipose","transcript-rna-seq","ENSG00000184557.4","SOCS3",NA,"exercise_with_controls","EE-CON","post_15_30_45_min",0.416646662626267,-0.120467880990795,0.953761206243329,0.127820313584324,0.73870894246175
"adipose","transcript-rna-seq","ENSG00000184557.4","SOCS3",NA,"exercise_with_controls","RE-CON","post_24_hr",0.0264823288554159,-0.468925346370753,0.521890004081585,0.916228195225499,0.999660577093274
"adipose","transcript-rna-seq","ENSG00000184557.4","SOCS3",NA,"exercise_with_controls","EE-CON","post_24_hr",0.0832718312136516,-0.424828257245515,0.591371919672818,0.747100968809116,0.999984488297589
"adipose","transcript-rna-seq","ENSG00000184557.4","SOCS3",NA,"exercise_with_controls","EE-CON","post_3.5_4_hr",-0.0374854438457728,-0.465768967455883,0.390798079764337,0.863226837533784,0.987109432340483
"adipose","transcript-rna-seq","ENSG00000184557.4","SOCS3",NA,"exercise_with_controls","RE-CON","post_15_30_45_min",0.683316974903584,0.159498992142164,1.207134957665,0.0107732600077383,0.462574610367429
"adipose","transcript-rna-seq","ENSG00000184557.4","SOCS3",NA,"Endur_vs_Resist","EE-RE","post_3.5_4_hr",-0.299903627281676,-0.648344363704435,0.0485371091410836,0.0912587663319395,0.999161799173372
"adipose","transcript-rna-seq","ENSG00000184557.4","SOCS3",NA,"exercise_with_controls","RE-CON","post_3.5_4_hr",0.262418183435903,-0.129801415922787,0.654637782794593,0.18871544633367,0.767826008053776
"adipose","transcript-rna-seq","ENSG00000184557.4","SOCS3",NA,"Endur_vs_Resist","EE-RE","post_15_30_45_min",-0.266670312277317,-0.713889750810872,0.180549126256237,0.241406295276593,0.840227405425251
"adipose","transcript-rna-seq","ENSG00000184557.4","SOCS3",NA,"Endur_vs_Resist","EE-RE","post_24_hr",0.0567895023582357,-0.376018162269774,0.489597166986245,0.796281586668584,0.999827188422841
"adipose","transcript-rna-seq","ENSG00000185567.7","AHNAK2",NA,"Endur_vs_Resist","EE-RE","post_24_hr",0.0524808013716589,-0.17782594281526,0.282787545558578,0.653568790825623,0.999827188422841
"adipose","transcript-rna-seq","ENSG00000185567.7","AHNAK2",NA,"exercise_with_controls","RE-CON","post_24_hr",0.209702748031265,-0.059646897322234,0.479052393384765,0.126247858725486,0.999660577093274
"adipose","transcript-rna-seq","ENSG00000185567.7","AHNAK2",NA,"exercise_with_controls","EE-CON","post_3.5_4_hr",-0.0776781011087788,-0.306375154617336,0.151018952399779,0.503566463290684,0.955399517670844
"adipose","transcript-rna-seq","ENSG00000185567.7","AHNAK2",NA,"Endur_vs_Resist","EE-RE","post_3.5_4_hr",0.0603426810352827,-0.124139682089881,0.244825044160447,0.519443786005702,0.999161799173372
"adipose","transcript-rna-seq","ENSG00000185567.7","AHNAK2",NA,"exercise_with_controls","EE-CON","post_15_30_45_min",-0.000858065876329306,-0.289503390393904,0.287787258641245,0.995326940713674,0.998848141421805
"adipose","transcript-rna-seq","ENSG00000185567.7","AHNAK2",NA,"exercise_with_controls","RE-CON","post_3.5_4_hr",-0.138020782144062,-0.357680088194695,0.0816385239065718,0.216624010143865,0.788121788451075
"adipose","transcript-rna-seq","ENSG00000185567.7","AHNAK2",NA,"exercise_with_controls","EE-CON","post_24_hr",0.262183549402924,-0.0066008504155114,0.53096794922136,0.0558359985831956,0.999984488297589
"adipose","transcript-rna-seq","ENSG00000185567.7","AHNAK2",NA,"Endur_vs_Resist","EE-RE","post_15_30_45_min",-0.346837294154581,-0.593747395027576,-0.0999271932815849,0.00615114262202224,0.408160282202799
"adipose","transcript-rna-seq","ENSG00000185567.7","AHNAK2",NA,"exercise_with_controls","RE-CON","post_15_30_45_min",0.345979228278251,0.0605964887918565,0.631361967764646,0.0177679184813957,0.535247778169047
"adipose","transcript-rna-seq","ENSG00000196549.13","MME",NA,"exercise_with_controls","RE-CON","post_3.5_4_hr",0.05933232392006,-0.0837517041003331,0.202416351940453,0.414178835766467,0.892091815753112
"adipose","transcript-rna-seq","ENSG00000196549.13","MME",NA,"Endur_vs_Resist","EE-RE","post_24_hr",0.043377825301314,-0.10874675806202,0.195502408664648,0.574312323738855,0.999827188422841
"adipose","transcript-rna-seq","ENSG00000196549.13","MME",NA,"exercise_with_controls","EE-CON","post_3.5_4_hr",0.0529452862587139,-0.0962168904119739,0.202107462929402,0.484464292132811,0.951877503823795
"adipose","transcript-rna-seq","ENSG00000196549.13","MME",NA,"Endur_vs_Resist","EE-RE","post_3.5_4_hr",-0.00638703766134618,-0.125069484612462,0.11229540928977,0.915520462550395,0.999378308723222
"adipose","transcript-rna-seq","ENSG00000196549.13","MME",NA,"Endur_vs_Resist","EE-RE","post_15_30_45_min",0.2251232764143,0.0628215439954158,0.387425008833185,0.00683028215678323,0.419950020453758
"adipose","transcript-rna-seq","ENSG00000196549.13","MME",NA,"exercise_with_controls","RE-CON","post_15_30_45_min",-0.086344067830737,-0.271355185890157,0.0986670502286828,0.358261560522206,0.884854901008393
"adipose","transcript-rna-seq","ENSG00000196549.13","MME",NA,"exercise_with_controls","EE-CON","post_24_hr",-0.00204009945293748,-0.175550393951834,0.171470195045959,0.981511798340646,0.999984488297589
"adipose","transcript-rna-seq","ENSG00000196549.13","MME",NA,"exercise_with_controls","RE-CON","post_24_hr",-0.0454179247542514,-0.220194024253356,0.129358174744853,0.608673659745986,0.999660577093274
"adipose","transcript-rna-seq","ENSG00000196549.13","MME",NA,"exercise_with_controls","EE-CON","post_15_30_45_min",0.138779208583563,-0.0466526231175915,0.324211040284718,0.141447800663183,0.743276511369862
"adipose","transcript-rna-seq","ENSG00000204388.7","HSPA1B",NA,"exercise_with_controls","EE-CON","post_24_hr",0.0993050032800502,-0.0993539937860948,0.297964000346195,0.3254471667314,0.999984488297589
"adipose","transcript-rna-seq","ENSG00000204388.7","HSPA1B",NA,"exercise_with_controls","RE-CON","post_3.5_4_hr",0.0365728551317757,-0.123586505981771,0.196732216245323,0.652903653174614,0.954373053848079
"adipose","transcript-rna-seq","ENSG00000204388.7","HSPA1B",NA,"Endur_vs_Resist","EE-RE","post_24_hr",-0.0109378383369627,-0.18205752182911,0.160181845155184,0.899828264996952,0.999827188422841
"adipose","transcript-rna-seq","ENSG00000204388.7","HSPA1B",NA,"exercise_with_controls","EE-CON","post_15_30_45_min",-0.158850439040789,-0.370565856980006,0.0528649788984283,0.14057574311883,0.742653955708007
"adipose","transcript-rna-seq","ENSG00000204388.7","HSPA1B",NA,"Endur_vs_Resist","EE-RE","post_3.5_4_hr",-0.108986239974014,-0.243131632172496,0.0251591522244679,0.11068323912025,0.999161799173372
"adipose","transcript-rna-seq","ENSG00000204388.7","HSPA1B",NA,"exercise_with_controls","RE-CON","post_24_hr",0.110242841617013,-0.0896612476264949,0.310146930860521,0.278129390066807,0.999660577093274
"adipose","transcript-rna-seq","ENSG00000204388.7","HSPA1B",NA,"exercise_with_controls","RE-CON","post_15_30_45_min",-0.107216410088508,-0.317915288324182,0.103482468147165,0.316872068583877,0.871578595811866
"adipose","transcript-rna-seq","ENSG00000204388.7","HSPA1B",NA,"exercise_with_controls","EE-CON","post_3.5_4_hr",-0.0724133848422381,-0.240075480575714,0.0952487108912378,0.395326204839248,0.930315503715648
"adipose","transcript-rna-seq","ENSG00000204388.7","HSPA1B",NA,"Endur_vs_Resist","EE-RE","post_15_30_45_min",-0.0516340289522805,-0.234848644137078,0.131580586232517,0.579029070490022,0.94118585446966
"adipose","transcript-rna-seq","ENSG00000204389.10","HSPA1A",NA,"exercise_with_controls","RE-CON","post_24_hr",0.052198614810659,-0.127191181178602,0.23158841079992,0.566734870948137,0.999660577093274
"adipose","transcript-rna-seq","ENSG00000204389.10","HSPA1A",NA,"exercise_with_controls","EE-CON","post_15_30_45_min",-0.0966592290515038,-0.28611613615891,0.092797678055902,0.315591574737333,0.858557381437357
"adipose","transcript-rna-seq","ENSG00000204389.10","HSPA1A",NA,"exercise_with_controls","EE-CON","post_24_hr",0.0251522107619406,-0.15304271823291,0.203347139756792,0.781023462188196,0.999984488297589
"adipose","transcript-rna-seq","ENSG00000204389.10","HSPA1A",NA,"Endur_vs_Resist","EE-RE","post_15_30_45_min",-0.0218978860169488,-0.186866611164449,0.143070839130551,0.793782592979547,0.976141768538529
"adipose","transcript-rna-seq","ENSG00000204389.10","HSPA1A",NA,"exercise_with_controls","RE-CON","post_3.5_4_hr",-0.0517274736595876,-0.198027072956906,0.094572125637731,0.486357014844166,0.914529344796546
"adipose","transcript-rna-seq","ENSG00000204389.10","HSPA1A",NA,"Endur_vs_Resist","EE-RE","post_3.5_4_hr",-0.0470774097948903,-0.16909833713385,0.0749435175440696,0.447543813201078,0.999161799173372
"adipose","transcript-rna-seq","ENSG00000204389.10","HSPA1A",NA,"Endur_vs_Resist","EE-RE","post_24_hr",-0.0270464040487184,-0.181200712881603,0.127107904784166,0.729726494558536,0.999827188422841
"adipose","transcript-rna-seq","ENSG00000204389.10","HSPA1A",NA,"exercise_with_controls","EE-CON","post_3.5_4_hr",-0.0988048834544779,-0.251708845241063,0.0540990783321074,0.203988278717267,0.884485253641694
"adipose","transcript-rna-seq","ENSG00000204389.10","HSPA1A",NA,"exercise_with_controls","RE-CON","post_15_30_45_min",-0.0747613430345551,-0.263764413511532,0.114241727442422,0.436295281017278,0.911619844920694
"adipose","transcript-rna-seq","ENSG00000248098.12","BCKDHA",NA,"exercise_with_controls","RE-CON","post_24_hr",-0.028883268615826,-0.124589291897296,0.0668227546656444,0.5522035062497,0.999660577093274
"adipose","transcript-rna-seq","ENSG00000248098.12","BCKDHA",NA,"Endur_vs_Resist","EE-RE","post_3.5_4_hr",0.0155287215661506,-0.0501427763892289,0.0812002195215301,0.641274271222971,0.999161799173372
"adipose","transcript-rna-seq","ENSG00000248098.12","BCKDHA",NA,"exercise_with_controls","EE-CON","post_24_hr",0.0233371954364827,-0.0722299334820539,0.118904324355019,0.630447295995836,0.999984488297589
"adipose","transcript-rna-seq","ENSG00000248098.12","BCKDHA",NA,"exercise_with_controls","RE-CON","post_15_30_45_min",-0.051760331955272,-0.152661290850258,0.0491406269397143,0.312738837118664,0.870210974752627
"adipose","transcript-rna-seq","ENSG00000248098.12","BCKDHA",NA,"Endur_vs_Resist","EE-RE","post_15_30_45_min",0.0860816323638796,-0.00308994467741278,0.175253209405172,0.0583917925733171,0.676738934282675
"adipose","transcript-rna-seq","ENSG00000248098.12","BCKDHA",NA,"exercise_with_controls","RE-CON","post_3.5_4_hr",0.0306313253915178,-0.0474042425049043,0.10866689328794,0.439517345388279,0.899633567891037
"adipose","transcript-rna-seq","ENSG00000248098.12","BCKDHA",NA,"Endur_vs_Resist","EE-RE","post_24_hr",0.0522204640523087,-0.0317403527632017,0.136181280867819,0.22129785608152,0.999827188422841
"adipose","transcript-rna-seq","ENSG00000248098.12","BCKDHA",NA,"exercise_with_controls","EE-CON","post_15_30_45_min",0.0343213004086076,-0.0670956552131918,0.135738256030407,0.505086351959497,0.913150492014437
"adipose","transcript-rna-seq","ENSG00000248098.12","BCKDHA",NA,"exercise_with_controls","EE-CON","post_3.5_4_hr",0.0461600469576684,-0.0354730749246012,0.127793168839938,0.26592557899313,0.897755669652378
"adipose","transcript-rna-seq","ENSG00000250722.6","SELENOP",NA,"exercise_with_controls","RE-CON","post_3.5_4_hr",-0.0278797473278338,-0.118276493551604,0.0625169988959361,0.543535765510426,0.932619852655061
"adipose","transcript-rna-seq","ENSG00000250722.6","SELENOP",NA,"exercise_with_controls","EE-CON","post_15_30_45_min",0.0144961051297461,-0.102574173191855,0.131566383451347,0.80726539606212,0.972766423157869
"adipose","transcript-rna-seq","ENSG00000250722.6","SELENOP",NA,"Endur_vs_Resist","EE-RE","post_24_hr",-0.0276847516663299,-0.123511856702518,0.0681423533698581,0.569380561861729,0.999827188422841
"adipose","transcript-rna-seq","ENSG00000250722.6","SELENOP",NA,"exercise_with_controls","RE-CON","post_15_30_45_min",-0.036300874208326,-0.153146631666264,0.0805448832496119,0.540655363407201,0.936202328775953
"adipose","transcript-rna-seq","ENSG00000250722.6","SELENOP",NA,"Endur_vs_Resist","EE-RE","post_3.5_4_hr",0.0252258270445385,-0.0497932532432279,0.100244907332305,0.507805062428423,0.999161799173372
"adipose","transcript-rna-seq","ENSG00000250722.6","SELENOP",NA,"exercise_with_controls","EE-CON","post_24_hr",0.0387174989857986,-0.0713457118695191,0.148780709841116,0.48851114609392,0.999984488297589
"adipose","transcript-rna-seq","ENSG00000250722.6","SELENOP",NA,"exercise_with_controls","RE-CON","post_24_hr",0.0664022506521285,-0.0444264464907634,0.17723094779502,0.238686285826266,0.999660577093274
"adipose","transcript-rna-seq","ENSG00000250722.6","SELENOP",NA,"exercise_with_controls","EE-CON","post_3.5_4_hr",-0.00265392028329536,-0.0969401886659386,0.0916323480993479,0.955765229516742,0.996746442119568
"adipose","transcript-rna-seq","ENSG00000250722.6","SELENOP",NA,"Endur_vs_Resist","EE-RE","post_15_30_45_min",0.050796979338072,-0.0514778513307402,0.153071810006884,0.328417019571348,0.871569250505104
"adipose","prot-ph","O14745_S269s","SLC9A3R1",NA,"exercise_with_controls","EE-CON","post_3.5_4_hr",0.311574605448645,-0.107639915879913,0.730789126777204,0.137646679539335,0.404071595769821
"adipose","prot-ph","O14745_S269s","SLC9A3R1",NA,"exercise_with_controls","RE-CON","post_3.5_4_hr",0.31025724370349,-0.109113027324723,0.729627514731702,0.139374986042823,0.509437820159585
"adipose","prot-ph","O14745_S269s","SLC9A3R1",NA,"Endur_vs_Resist","EE-RE","post_3.5_4_hr",0.00131736174515562,-0.39482557778895,0.397460301279261,0.994571981811044,0.996885815867637
"adipose","prot-ph","O14745_S280s","SLC9A3R1",NA,"exercise_with_controls","EE-CON","post_3.5_4_hr",1.05826694805403,0.492663807764169,1.62387008834389,0.000527785797347831,0.0315973779191896
"adipose","prot-ph","O14745_S280s","SLC9A3R1",NA,"Endur_vs_Resist","EE-RE","post_3.5_4_hr",0.297708529522977,-0.235760350805041,0.831177409850994,0.265654518040245,0.613563580337572
"adipose","prot-ph","O14745_S280s","SLC9A3R1",NA,"exercise_with_controls","RE-CON","post_3.5_4_hr",0.760558418531054,0.194740390663683,1.32637644639842,0.00976352577466917,0.206981995315553
"adipose","prot-ph","O14745_S290s","SLC9A3R1",NA,"exercise_with_controls","EE-CON","post_3.5_4_hr",0.230907538909049,-0.0988341316589368,0.560649209477035,0.158589670490512,0.432652902768537
"adipose","prot-ph","O14745_S290s","SLC9A3R1",NA,"Endur_vs_Resist","EE-RE","post_3.5_4_hr",0.168443394119057,-0.138311323721385,0.4751981119595,0.2642541861695,0.61220214612505
"adipose","prot-ph","O14745_S290s","SLC9A3R1",NA,"exercise_with_controls","RE-CON","post_3.5_4_hr",0.062464144789992,-0.26545057592238,0.390378865502364,0.693905989434963,0.900553020738012
"adipose","prot-ph","O14745_S291s","SLC9A3R1",NA,"exercise_with_controls","EE-CON","post_3.5_4_hr",0.22252066780112,0.0322811074439506,0.41276022815829,0.0239159578532662,0.174376352113396
"adipose","prot-ph","O14745_S291s","SLC9A3R1",NA,"exercise_with_controls","RE-CON","post_3.5_4_hr",0.181918608270362,-0.00834398860924573,0.37218120514997,0.0600042280667865,0.391610057541638
"adipose","prot-ph","O14745_S291s","SLC9A3R1",NA,"Endur_vs_Resist","EE-RE","post_3.5_4_hr",0.0406020595307581,-0.14148981953168,0.222693938593196,0.648545656361082,0.8677530741388
"adipose","prot-ph","O14745_S291sS294s","SLC9A3R1",NA,"exercise_with_controls","EE-CON","post_3.5_4_hr",0.150642831464065,-0.0907601610885275,0.392045824016657,0.209299292621331,0.492073593256787
"adipose","prot-ph","O14745_S291sS294s","SLC9A3R1",NA,"exercise_with_controls","RE-CON","post_3.5_4_hr",0.0323072386674249,-0.209161600597389,0.273776077932238,0.784214245510893,0.933718769739344
"adipose","prot-ph","O14745_S291sS294s","SLC9A3R1",NA,"Endur_vs_Resist","EE-RE","post_3.5_4_hr",0.11833559279664,-0.111343117788781,0.34801430338206,0.297547428424745,0.642332992618017
"adipose","prot-ph","O14745_T293t","SLC9A3R1",NA,"exercise_with_controls","RE-CON","post_3.5_4_hr",-0.106984356861425,-0.381793811452201,0.16782509772935,0.435508238806998,0.766391534351056
"adipose","prot-ph","O14745_T293t","SLC9A3R1",NA,"exercise_with_controls","EE-CON","post_3.5_4_hr",-0.269465934088736,-0.54417102095864,0.00523915278116882,0.0543064500168946,0.260700880990194
"adipose","prot-ph","O14745_T293t","SLC9A3R1",NA,"Endur_vs_Resist","EE-RE","post_3.5_4_hr",-0.16248157722731,-0.421579528907353,0.0966163744527327,0.211968752896171,0.561531184419883
"adipose","prot-ph","O14874_S31s","BCKDK",NA,"exercise_with_controls","RE-CON","post_3.5_4_hr",0.0332794843327511,-0.31840260682249,0.384961575487992,0.844347994676759,0.954705697772378
"adipose","prot-ph","O14874_S31s","BCKDK",NA,"exercise_with_controls","EE-CON","post_3.5_4_hr",0.582643672259897,0.20200831903238,0.963279025487414,0.00488231851362708,0.0814935655349287
"adipose","prot-ph","O14874_S31s","BCKDK",NA,"Endur_vs_Resist","EE-RE","post_3.5_4_hr",0.549364187927146,0.206468246670413,0.892260129183879,0.00341705055342236,0.100815711964536
"adipose","prot-ph","O14874_T32t","BCKDK",NA,"exercise_with_controls","RE-CON","post_3.5_4_hr",-0.194258333019623,-0.50417886568843,0.115662199649185,0.204551273431023,0.580539167884203
"adipose","prot-ph","O14874_T32t","BCKDK",NA,"Endur_vs_Resist","EE-RE","post_3.5_4_hr",0.260406862661357,0.00274438448432585,0.518069340838389,0.0478514893680533,0.299122987527314
"adipose","prot-ph","O14874_T32t","BCKDK",NA,"exercise_with_controls","EE-CON","post_3.5_4_hr",0.0661485296417347,-0.234856700163317,0.367153759446786,0.64988512835349,0.837709855680739
"adipose","prot-ph","O14874_T35t","BCKDK",NA,"Endur_vs_Resist","EE-RE","post_3.5_4_hr",-0.504537825949742,-1.00292341226382,-0.0061522396356673,0.0474736534816275,0.298933473290578
"adipose","prot-ph","O14874_T35t","BCKDK",NA,"exercise_with_controls","EE-CON","post_3.5_4_hr",-0.556580571578758,-1.09357910988014,-0.0195820332773731,0.0428541805178577,0.235640940376566
"adipose","prot-ph","O14874_T35t","BCKDK",NA,"exercise_with_controls","RE-CON","post_3.5_4_hr",-0.0520427456290155,-0.577786727378243,0.473701236120212,0.838551095194704,0.952191911343529
"adipose","prot-ph","P07858_S216s","CTSB",NA,"exercise_with_controls","RE-CON","post_3.5_4_hr",-0.267104597155954,-1.17173131157023,0.637522117258316,0.543909842621867,0.824974108447679
"adipose","prot-ph","P07858_S216s","CTSB",NA,"exercise_with_controls","EE-CON","post_3.5_4_hr",-1.47990667833499,-2.38425736620136,-0.575555990468625,0.00283816687347622,0.0644338514451071
"adipose","prot-ph","P07858_S216s","CTSB",NA,"Endur_vs_Resist","EE-RE","post_3.5_4_hr",-1.21280208117904,-2.07182522325985,-0.353778939098223,0.00806462487992489,0.143110135598341
"adipose","prot-ph","P08473_S6s","MME",NA,"Endur_vs_Resist","EE-RE","post_3.5_4_hr",-0.317560522990805,-0.631434591776248,-0.00368645420536101,0.047582081507622,0.298933473290578
"adipose","prot-ph","P08473_S6s","MME",NA,"exercise_with_controls","EE-CON","post_3.5_4_hr",-0.268608977791173,-0.598053836564373,0.0608358809820261,0.105039040040383,0.358837125185145
"adipose","prot-ph","P08473_S6s","MME",NA,"exercise_with_controls","RE-CON","post_3.5_4_hr",0.0489515451996313,-0.280573433020199,0.378476523419462,0.761054511301455,0.925863001024897
"adipose","prot-ph","P12694_S337s","BCKDHA",NA,"exercise_with_controls","EE-CON","post_3.5_4_hr",0.213113243412063,-0.138980251913449,0.565206738737575,0.221544239880144,0.504753441453454
"adipose","prot-ph","P12694_S337s","BCKDHA",NA,"exercise_with_controls","RE-CON","post_3.5_4_hr",0.0213495666392096,-0.330878992764372,0.373578126042791,0.90074817242546,0.971111730497278
"adipose","prot-ph","P12694_S337s","BCKDHA",NA,"Endur_vs_Resist","EE-RE","post_3.5_4_hr",0.191763676772854,-0.140387689149429,0.523915042695137,0.243325101776339,0.58929409698699
"adipose","prot-ph","P12694_S339sS347s","BCKDHA",NA,"exercise_with_controls","RE-CON","post_3.5_4_hr",0.336579541766881,-0.147388302530158,0.82054738606392,0.167285617581913,0.542708140596193
"adipose","prot-ph","P12694_S339sS347s","BCKDHA",NA,"Endur_vs_Resist","EE-RE","post_3.5_4_hr",0.123325537344142,-0.332972726931722,0.579623801620007,0.587466297945556,0.835566456562336
"adipose","prot-ph","P12694_S339sS347s","BCKDHA",NA,"exercise_with_controls","EE-CON","post_3.5_4_hr",0.459905079111023,-0.0238789628457654,0.943689121067812,0.0618062350224401,0.276730588772107
"adipose","prot-ph","P12694_S347s","BCKDHA",NA,"exercise_with_controls","EE-CON","post_3.5_4_hr",0.141195133258325,-0.174774054726116,0.457164321242766,0.369483364627597,0.648531135374749
"adipose","prot-ph","P12694_S347s","BCKDHA",NA,"Endur_vs_Resist","EE-RE","post_3.5_4_hr",0.0760862010351797,-0.216750239103966,0.368922641174326,0.600266873206822,0.84248151840384
"adipose","prot-ph","P12694_S347s","BCKDHA",NA,"exercise_with_controls","RE-CON","post_3.5_4_hr",0.0651089322231453,-0.24941507938222,0.37963294382851,0.676073943636165,0.894442777242946
"adipose","prot-ph","P12694_T338tS339s","BCKDHA",NA,"Endur_vs_Resist","EE-RE","post_3.5_4_hr",0.0357783689853978,-0.465812588880291,0.537369326851086,0.882941853031113,0.964769546709316
"adipose","prot-ph","P12694_T338tS339s","BCKDHA",NA,"exercise_with_controls","RE-CON","post_3.5_4_hr",-0.076502483664537,-0.560845643009031,0.407840675679957,0.743522848763786,0.917478343192022
"adipose","prot-ph","P12694_T338tS339s","BCKDHA",NA,"exercise_with_controls","EE-CON","post_3.5_4_hr",-0.0407241146791393,-0.533735051519208,0.452286822160929,0.863730674338424,0.94233987441232
"adipose","prot-ph","P12694_Y345yS347s","BCKDHA",NA,"exercise_with_controls","EE-CON","post_3.5_4_hr",0.242371589891804,-0.116332180700782,0.60107536048439,0.174934680911984,0.453093304038678
"adipose","prot-ph","P12694_Y345yS347s","BCKDHA",NA,"Endur_vs_Resist","EE-RE","post_3.5_4_hr",0.343986781708307,0.00285167646086876,0.685121886955744,0.0482715692915551,0.300421559455228
"adipose","prot-ph","P12694_Y345yS347s","BCKDHA",NA,"exercise_with_controls","RE-CON","post_3.5_4_hr",-0.101615191816503,-0.460419993529571,0.257189609896565,0.562722286552912,0.838093722015575
"adipose","prot-ph","P15104_S343s","GLUL",NA,"Endur_vs_Resist","EE-RE","post_3.5_4_hr",-0.381644321704256,-0.739077709676236,-0.0242109337322758,0.0374091234611205,0.272036707172973
"adipose","prot-ph","P15104_S343s","GLUL",NA,"exercise_with_controls","RE-CON","post_3.5_4_hr",0.80498737643765,0.42937925697219,1.18059549590311,0.000191954984980284,0.0450731399824678
"adipose","prot-ph","P15104_S343s","GLUL",NA,"exercise_with_controls","EE-CON","post_3.5_4_hr",0.423343054733394,0.0478337865802638,0.798852322886524,0.0288118726718066,0.193524727499311
"adipose","prot-ph","P25106_S350s","ACKR3",NA,"exercise_with_controls","RE-CON","post_3.5_4_hr",-0.138464694167468,-0.391600742736571,0.114671354401634,0.269437094442689,0.643355824576363
"adipose","prot-ph","P25106_S350s","ACKR3",NA,"exercise_with_controls","EE-CON","post_3.5_4_hr",-0.370404936175048,-0.623459429262289,-0.117350443087806,0.00598923160611643,0.089509734106505
"adipose","prot-ph","P25106_S350s","ACKR3",NA,"Endur_vs_Resist","EE-RE","post_3.5_4_hr",-0.231940242007579,-0.472048005762863,0.00816752174770538,0.0576558550423829,0.322022733964284
"adipose","prot-ph","P40189_S667s","IL6ST",NA,"exercise_with_controls","RE-CON","post_3.5_4_hr",-0.00965881729038875,-0.205655331221121,0.186337696640343,0.92105338782353,0.976294181034844
"adipose","prot-ph","P40189_S667s","IL6ST",NA,"exercise_with_controls","EE-CON","post_3.5_4_hr",-0.0421727439249949,-0.238094821881576,0.153749334031586,0.665466347920024,0.845959773771107
"adipose","prot-ph","P40189_S667s","IL6ST",NA,"Endur_vs_Resist","EE-RE","post_3.5_4_hr",-0.0325139266346062,-0.217304858851633,0.152277005582421,0.723656107862309,0.896614787989856
"adipose","prot-ph","P40189_S820s","IL6ST",NA,"exercise_with_controls","EE-CON","post_3.5_4_hr",-0.247323416727515,-0.503539389519828,0.00889255606479805,0.0578042994923243,0.268040905522417
"adipose","prot-ph","P40189_S820s","IL6ST",NA,"exercise_with_controls","RE-CON","post_3.5_4_hr",-0.293958472503607,-0.550262258883861,-0.0376546861233542,0.0264166123255899,0.293207570946325
"adipose","prot-ph","P40189_S820s","IL6ST",NA,"Endur_vs_Resist","EE-RE","post_3.5_4_hr",0.0466350557760925,-0.196130355550121,0.289400467102306,0.695009371323173,0.886886648949419
"adipose","prot-ph","P40189_S825s","IL6ST",NA,"exercise_with_controls","RE-CON","post_3.5_4_hr",-0.29075909067892,-0.654565466837802,0.0730472854799617,0.111898286867941,0.472140326140615
"adipose","prot-ph","P40189_S825s","IL6ST",NA,"Endur_vs_Resist","EE-RE","post_3.5_4_hr",-0.187485501272711,-0.531856920946653,0.156885918401231,0.272172655622874,0.618658908346422
"adipose","prot-ph","P40189_S825s","IL6ST",NA,"exercise_with_controls","EE-CON","post_3.5_4_hr",-0.478244591951631,-0.841923491330553,-0.11456569257271,0.0121835729718149,0.124812744343327
"adipose","prot-ph","P40189_S839s","IL6ST",NA,"exercise_with_controls","EE-CON","post_3.5_4_hr",-0.126363197688315,-0.349887440993726,0.0971610456170969,0.258029276646091,0.547576844614636
"adipose","prot-ph","P40189_S839s","IL6ST",NA,"Endur_vs_Resist","EE-RE","post_3.5_4_hr",0.0990748368983304,-0.108084741261504,0.306234415058165,0.337256633988735,0.677797423535462
"adipose","prot-ph","P40189_S839s","IL6ST",NA,"exercise_with_controls","RE-CON","post_3.5_4_hr",-0.225438034586645,-0.447939925179014,-0.00293614399427614,0.0472238685568104,0.3554968599351
"adipose","prot-ph","P40189_T783t","IL6ST",NA,"exercise_with_controls","RE-CON","post_3.5_4_hr",0.0724782537288768,-0.297178825636501,0.442135333094255,0.692249937647644,0.899739241548348
"adipose","prot-ph","P40189_T783t","IL6ST",NA,"exercise_with_controls","EE-CON","post_3.5_4_hr",0.0955382140378751,-0.265169604445083,0.456246032520834,0.593249825062967,0.804567962457805
"adipose","prot-ph","P40189_T783t","IL6ST",NA,"Endur_vs_Resist","EE-RE","post_3.5_4_hr",0.0230599603089983,-0.289249119407375,0.335369040025372,0.881385189721237,0.964439933047683
"adipose","prot-ph","P40763_S727s","STAT3",NA,"Endur_vs_Resist","EE-RE","post_3.5_4_hr",0.287805618087226,-0.113917244173001,0.689528480347453,0.15516209913329,0.497669120321389
"adipose","prot-ph","P40763_S727s","STAT3",NA,"exercise_with_controls","RE-CON","post_3.5_4_hr",0.0187448142595958,-0.407338217113397,0.444827845632589,0.929499085212471,0.980180732664082
"adipose","prot-ph","P40763_S727s","STAT3",NA,"exercise_with_controls","EE-CON","post_3.5_4_hr",0.306550432346822,-0.119370780303681,0.732471644997324,0.153315222888208,0.426511985001582
"adipose","prot-ph","P40763_T714t","STAT3",NA,"exercise_with_controls","EE-CON","post_3.5_4_hr",-0.0631301574075911,-0.286806665475861,0.160546350660679,0.56518353713013,0.787281240450011
"adipose","prot-ph","P40763_T714t","STAT3",NA,"exercise_with_controls","RE-CON","post_3.5_4_hr",-0.148084489381212,-0.371838241701536,0.0756692629391129,0.184313453323251,0.560549464684752
"adipose","prot-ph","P40763_T714t","STAT3",NA,"Endur_vs_Resist","EE-RE","post_3.5_4_hr",0.0849543319736205,-0.126935206055348,0.296843870002589,0.416030577750507,0.731459628262164
"adipose","prot-ph","Q01082_S1168s","SPTBN1",NA,"exercise_with_controls","EE-CON","post_3.5_4_hr",0.0676514031294535,-0.398228484088157,0.533531290347064,0.768573147087451,0.896457632676939
"adipose","prot-ph","Q01082_S1168s","SPTBN1",NA,"exercise_with_controls","RE-CON","post_3.5_4_hr",-0.306801048159181,-0.811015481146534,0.197413384828171,0.223270929129149,0.597146801547027
"adipose","prot-ph","Q01082_S1168s","SPTBN1",NA,"Endur_vs_Resist","EE-RE","post_3.5_4_hr",0.374452451288635,-0.0796069661382147,0.828511868715484,0.102392651922861,0.412968148084398
"adipose","prot-ph","Q01082_S1237s","SPTBN1",NA,"Endur_vs_Resist","EE-RE","post_3.5_4_hr",0.0247812448270605,-0.254964993533023,0.304527483187144,0.85643305436572,0.957661858661258
"adipose","prot-ph","Q01082_S1237s","SPTBN1",NA,"exercise_with_controls","RE-CON","post_3.5_4_hr",-0.287258719891273,-0.583275794499502,0.00875835471695674,0.0565963606203682,0.381122727051535
"adipose","prot-ph","Q01082_S1237s","SPTBN1",NA,"exercise_with_controls","EE-CON","post_3.5_4_hr",-0.262477475064212,-0.55838581809032,0.0334308679618958,0.0795035341050509,0.30993928083101
"adipose","prot-ph","Q01082_S1388s","SPTBN1",NA,"exercise_with_controls","EE-CON","post_3.5_4_hr",-0.0113489672962992,-0.356494700608339,0.333796766015741,0.946392997261942,0.977275250437004
"adipose","prot-ph","Q01082_S1388s","SPTBN1",NA,"Endur_vs_Resist","EE-RE","post_3.5_4_hr",0.418033514708017,0.0911797733427808,0.744887256073252,0.0143567218258614,0.179868467378124
"adipose","prot-ph","Q01082_S1388s","SPTBN1",NA,"exercise_with_controls","RE-CON","post_3.5_4_hr",-0.429382482004316,-0.774648771352996,-0.0841161926556364,0.0169868414331857,0.252337388540646
"adipose","prot-ph","Q01082_S1556s","SPTBN1",NA,"exercise_with_controls","EE-CON","post_3.5_4_hr",0.0246970663879874,-0.315033353986701,0.364427486762676,0.883774542703817,0.950754659107465
"adipose","prot-ph","Q01082_S1556s","SPTBN1",NA,"Endur_vs_Resist","EE-RE","post_3.5_4_hr",0.139397357897554,-0.181031568430147,0.459826284225255,0.384011352467839,0.713561721913474
"adipose","prot-ph","Q01082_S1556s","SPTBN1",NA,"exercise_with_controls","RE-CON","post_3.5_4_hr",-0.114700291509567,-0.45455978444739,0.225159201428257,0.498596894728574,0.802730516426768
"adipose","prot-ph","Q01082_S1609s","SPTBN1",NA,"Endur_vs_Resist","EE-RE","post_3.5_4_hr",0.181090871776569,-0.350398008154488,0.712579751707625,0.488740233617819,0.782649082064337
"adipose","prot-ph","Q01082_S1609s","SPTBN1",NA,"exercise_with_controls","RE-CON","post_3.5_4_hr",-0.282458791053971,-0.844886808574529,0.279969226466587,0.309924299587877,0.678314599926947
"adipose","prot-ph","Q01082_S1609s","SPTBN1",NA,"exercise_with_controls","EE-CON","post_3.5_4_hr",-0.101367919277402,-0.663589170908373,0.460853332353568,0.712794980101247,0.870955754693601
"adipose","prot-ph","Q01082_S201s","SPTBN1",NA,"exercise_with_controls","RE-CON","post_3.5_4_hr",-0.545571505439376,-0.930837408540749,-0.160305602338004,0.0075530288960767,0.189804959956292
"adipose","prot-ph","Q01082_S201s","SPTBN1",NA,"Endur_vs_Resist","EE-RE","post_3.5_4_hr",0.455302703338546,0.0887550556324996,0.821850351044592,0.0171076083678364,0.192085814057936
"adipose","prot-ph","Q01082_S201s","SPTBN1",NA,"exercise_with_controls","EE-CON","post_3.5_4_hr",-0.0902688021008307,-0.475431654040394,0.294894049838733,0.632290133132733,0.827198788286112
"adipose","prot-ph","Q01082_S2041s","SPTBN1",NA,"exercise_with_controls","RE-CON","post_3.5_4_hr",-0.273703011049981,-0.575494098797415,0.0280880766974534,0.0741921970597525,0.418702731161735
"adipose","prot-ph","Q01082_S2041s","SPTBN1",NA,"Endur_vs_Resist","EE-RE","post_3.5_4_hr",0.168087525708666,-0.116449455695768,0.4526245071131,0.239135426819507,0.585299117078875
"adipose","prot-ph","Q01082_S2041s","SPTBN1",NA,"exercise_with_controls","EE-CON","post_3.5_4_hr",-0.105615485341315,-0.407291958225704,0.196060987543073,0.482800950318179,0.732074403920044
"adipose","prot-ph","Q01082_S2048s","SPTBN1",NA,"exercise_with_controls","EE-CON","post_3.5_4_hr",-0.00508366544284988,-0.222654410772515,0.212487079886815,0.962333244893061,0.982727840010627
"adipose","prot-ph","Q01082_S2048s","SPTBN1",NA,"Endur_vs_Resist","EE-RE","post_3.5_4_hr",0.2440290212732,0.042387073375754,0.445670969170647,0.0192510969219501,0.202578269904531
"adipose","prot-ph","Q01082_S2048s","SPTBN1",NA,"exercise_with_controls","RE-CON","post_3.5_4_hr",-0.24911268671605,-0.465688309375885,-0.032537064056215,0.0255138552957679,0.289833404422459
"adipose","prot-ph","Q01082_S2102s","SPTBN1",NA,"exercise_with_controls","EE-CON","post_3.5_4_hr",-0.859288617364641,-1.54718988470975,-0.171387350019532,0.0171780348691508,0.148043736711089
"adipose","prot-ph","Q01082_S2102s","SPTBN1",NA,"exercise_with_controls","RE-CON","post_3.5_4_hr",0.278269716610169,-0.376856836811723,0.933396270032061,0.383159752755968,0.731799852205776
"adipose","prot-ph","Q01082_S2102s","SPTBN1",NA,"Endur_vs_Resist","EE-RE","post_3.5_4_hr",-1.13755833397481,-1.74672352543335,-0.528393142516272,0.00103424693327082,0.0623766714760368
"adipose","prot-ph","Q01082_S2122s","SPTBN1",NA,"Endur_vs_Resist","EE-RE","post_3.5_4_hr",-0.0667941828247893,-0.256010193305382,0.122421827655804,0.479194313177591,0.776920430258573
"adipose","prot-ph","Q01082_S2122s","SPTBN1",NA,"exercise_with_controls","EE-CON","post_3.5_4_hr",-0.0696077478279225,-0.270221454957637,0.131005959301792,0.486686665088391,0.734413043456036
"adipose","prot-ph","Q01082_S2122s","SPTBN1",NA,"exercise_with_controls","RE-CON","post_3.5_4_hr",-0.00281356500313318,-0.203503490580848,0.197876360574582,0.977505914537633,0.994355811943767
"adipose","prot-ph","Q01082_S2128s","SPTBN1",NA,"Endur_vs_Resist","EE-RE","post_3.5_4_hr",-0.0781065115481528,-0.307416839515967,0.151203816419662,0.494657644665887,0.786429952305947
"adipose","prot-ph","Q01082_S2128s","SPTBN1",NA,"exercise_with_controls","RE-CON","post_3.5_4_hr",-0.0783967918559207,-0.321612323867121,0.16481874015528,0.517970193075617,0.812937292288227
"adipose","prot-ph","Q01082_S2128s","SPTBN1",NA,"exercise_with_controls","EE-CON","post_3.5_4_hr",-0.156503303404074,-0.399626466501719,0.0866198596935719,0.200356128866776,0.482745980464033
"adipose","prot-ph","Q01082_S2128sS2138s","SPTBN1",NA,"exercise_with_controls","EE-CON","post_3.5_4_hr",0.147643800918656,-0.0541779242377947,0.349465526075107,0.146855199823966,0.41611361172885
"adipose","prot-ph","Q01082_S2128sS2138s","SPTBN1",NA,"Endur_vs_Resist","EE-RE","post_3.5_4_hr",0.322772003336891,0.13241660734333,0.513127399330452,0.00145809897999924,0.0724918976963883
"adipose","prot-ph","Q01082_S2128sS2138s","SPTBN1",NA,"exercise_with_controls","RE-CON","post_3.5_4_hr",-0.175128202418235,-0.377026604980671,0.0267702001442017,0.0871475816277447,0.440717433515777
"adipose","prot-ph","Q01082_S2138s","SPTBN1",NA,"exercise_with_controls","RE-CON","post_3.5_4_hr",-0.361376104157902,-0.604093944007123,-0.118658264308681,0.00533309856679967,0.166393016993417
"adipose","prot-ph","Q01082_S2138s","SPTBN1",NA,"exercise_with_controls","EE-CON","post_3.5_4_hr",-0.122350365734043,-0.365001515694864,0.120300784226779,0.307428941347037,0.595647846554756
"adipose","prot-ph","Q01082_S2138s","SPTBN1",NA,"Endur_vs_Resist","EE-RE","post_3.5_4_hr",0.23902573842386,0.00818297604805512,0.469868500799664,0.0430120633745744,0.289393133731789
"adipose","prot-ph","Q01082_S2161sS2165s","SPTBN1",NA,"exercise_with_controls","EE-CON","post_3.5_4_hr",-0.197961374233991,-0.543667699862538,0.147744951394557,0.253583438011208,0.542867934985664
"adipose","prot-ph","Q01082_S2161sS2165s","SPTBN1",NA,"exercise_with_controls","RE-CON","post_3.5_4_hr",-0.287171013737298,-0.63300868233332,0.0586666548587253,0.100964881595722,0.458180736116422
"adipose","prot-ph","Q01082_S2161sS2165s","SPTBN1",NA,"Endur_vs_Resist","EE-RE","post_3.5_4_hr",0.0892096395033068,-0.236855676118703,0.415274955125317,0.582902672900462,0.834373416951163
"adipose","prot-ph","Q01082_S2164s","SPTBN1",NA,"exercise_with_controls","EE-CON","post_3.5_4_hr",-0.88433687443649,-1.17391011300766,-0.594763635865322,5.49657071403035e-06,0.00342083004509617
"adipose","prot-ph","Q01082_S2164s","SPTBN1",NA,"Endur_vs_Resist","EE-RE","post_3.5_4_hr",-0.441817359197589,-0.725876629386645,-0.157758089008534,0.004261655664129,0.113206725004744
"adipose","prot-ph","Q01082_S2164s","SPTBN1",NA,"exercise_with_controls","RE-CON","post_3.5_4_hr",-0.442519515238901,-0.757014076786788,-0.128024953691013,0.00848721935129041,0.195796809249067
"adipose","prot-ph","Q01082_S2164sS2165s","SPTBN1",NA,"Endur_vs_Resist","EE-RE","post_3.5_4_hr",0.0810747874183062,-0.246461598592737,0.408611173429349,0.614081803316003,0.849228174336115
"adipose","prot-ph","Q01082_S2164sS2165s","SPTBN1",NA,"exercise_with_controls","EE-CON","post_3.5_4_hr",-0.206239070682773,-0.55346442175703,0.140986280391485,0.231754673735041,0.516968374872866
"adipose","prot-ph","Q01082_S2164sS2165s","SPTBN1",NA,"exercise_with_controls","RE-CON","post_3.5_4_hr",-0.287313858101079,-0.63467188673529,0.0600441705331322,0.100573334082691,0.457928482935999
"adipose","prot-ph","Q01082_S2165s","SPTBN1",NA,"exercise_with_controls","RE-CON","post_3.5_4_hr",-0.188836985267903,-0.51227013540143,0.134596164865623,0.239672493276791,0.61239484865709
"adipose","prot-ph","Q01082_S2165s","SPTBN1",NA,"Endur_vs_Resist","EE-RE","post_3.5_4_hr",-0.132021903633429,-0.437218669397286,0.173174862130428,0.38094076967003,0.711802900736645
"adipose","prot-ph","Q01082_S2165s","SPTBN1",NA,"exercise_with_controls","EE-CON","post_3.5_4_hr",-0.320858888901333,-0.644169719302554,0.00245194149988837,0.0516236655027477,0.252834308436543
"adipose","prot-ph","Q01082_S2165sS2169s","SPTBN1",NA,"exercise_with_controls","EE-CON","post_3.5_4_hr",-0.365996974885638,-0.673796435242582,-0.0581975145286933,0.0210439643677695,0.163586382528171
"adipose","prot-ph","Q01082_S2165sS2169s","SPTBN1",NA,"Endur_vs_Resist","EE-RE","post_3.5_4_hr",-0.0121150571449051,-0.302427153711513,0.278197039421703,0.933115241349387,0.982174351582628
"adipose","prot-ph","Q01082_S2165sS2169s","SPTBN1",NA,"exercise_with_controls","RE-CON","post_3.5_4_hr",-0.353881917740733,-0.661798319245456,-0.0459655162360091,0.0254195731500486,0.289517308308984
"adipose","prot-ph","Q01082_S2165sS2172s","SPTBN1",NA,"exercise_with_controls","RE-CON","post_3.5_4_hr",-0.328858687574145,-0.609361122579277,-0.0483562525690135,0.0227879742080617,0.27650311572589
"adipose","prot-ph","Q01082_S2165sS2172s","SPTBN1",NA,"Endur_vs_Resist","EE-RE","post_3.5_4_hr",-0.173068246337622,-0.437533697351025,0.0913972046757806,0.193145816726789,0.543794600952258
"adipose","prot-ph","Q01082_S2165sS2172s","SPTBN1",NA,"exercise_with_controls","EE-CON","post_3.5_4_hr",-0.501926933911767,-0.782322839103817,-0.221531028719718,0.000847658136418432,0.0396818341549661
"adipose","prot-ph","Q01082_S2169s","SPTBN1",NA,"exercise_with_controls","EE-CON","post_3.5_4_hr",-0.184305317721158,-0.397811360030845,0.0292007245885296,0.0872659026942332,0.327453837284605
"adipose","prot-ph","Q01082_S2169s","SPTBN1",NA,"exercise_with_controls","RE-CON","post_3.5_4_hr",-0.141104703106903,-0.354678442596029,0.0724690363822227,0.184693052676527,0.560549464684752
"adipose","prot-ph","Q01082_S2169s","SPTBN1",NA,"Endur_vs_Resist","EE-RE","post_3.5_4_hr",-0.0432006146142545,-0.245850534829691,0.159449305601182,0.66337517606178,0.876571193060618
"adipose","prot-ph","Q01082_S2172s","SPTBN1",NA,"Endur_vs_Resist","EE-RE","post_3.5_4_hr",-0.138840683859503,-0.466518315870499,0.188836948151493,0.385320377745776,0.714955447423649
"adipose","prot-ph","Q01082_S2172s","SPTBN1",NA,"exercise_with_controls","RE-CON","post_3.5_4_hr",-0.0542819899835033,-0.406733582575975,0.298169602608968,0.750083664941331,0.92049126514775
"adipose","prot-ph","Q01082_S2172s","SPTBN1",NA,"exercise_with_controls","EE-CON","post_3.5_4_hr",-0.193122673843007,-0.564469764899036,0.178224417213022,0.289754789104369,0.578080632764537
"adipose","prot-ph","Q01082_S2184s","SPTBN1",NA,"Endur_vs_Resist","EE-RE","post_3.5_4_hr",-0.348977220317288,-0.738372447891043,0.0404180072564668,0.0766460759554956,0.364330201745899
"adipose","prot-ph","Q01082_S2184s","SPTBN1",NA,"exercise_with_controls","RE-CON","post_3.5_4_hr",-0.0319425173788295,-0.4435749804533,0.379689945695641,0.873780155939395,0.962234854564039
"adipose","prot-ph","Q01082_S2184s","SPTBN1",NA,"exercise_with_controls","EE-CON","post_3.5_4_hr",-0.380919737696118,-0.792404921177144,0.030565445784909,0.0679867264307381,0.288228279518007
"adipose","prot-ph","Q01082_S228s","SPTBN1",NA,"exercise_with_controls","EE-CON","post_3.5_4_hr",-0.27435765121014,-0.642552211718293,0.0938369092980129,0.136637155300806,0.403519552509594
"adipose","prot-ph","Q01082_S228s","SPTBN1",NA,"Endur_vs_Resist","EE-RE","post_3.5_4_hr",0.682976651203258,0.332201350971462,1.03375195143506,0.000531154751327106,0.0517465875673842
"adipose","prot-ph","Q01082_S228s","SPTBN1",NA,"exercise_with_controls","RE-CON","post_3.5_4_hr",-0.957334302413399,-1.32561880988172,-0.589049794945073,1.98452626738171e-05,0.0332428211837991
"adipose","prot-ph","Q01082_S2314s","SPTBN1",NA,"Endur_vs_Resist","EE-RE","post_3.5_4_hr",-0.0694722766942842,-0.542905528971494,0.403960975582926,0.764184886579743,0.915236139762104
"adipose","prot-ph","Q01082_S2314s","SPTBN1",NA,"exercise_with_controls","RE-CON","post_3.5_4_hr",-0.0264140735251515,-0.524711729617018,0.471883582566715,0.913539593073107,0.974255872025212
"adipose","prot-ph","Q01082_S2314s","SPTBN1",NA,"exercise_with_controls","EE-CON","post_3.5_4_hr",-0.0958863502194357,-0.594037337086777,0.402264636647906,0.693869972953227,0.861823103968847
"adipose","prot-ph","Q01082_S2316s","SPTBN1",NA,"Endur_vs_Resist","EE-RE","post_3.5_4_hr",0.369404903814735,-0.0192764988550546,0.758086306484525,0.061462794665008,0.331018049128182
"adipose","prot-ph","Q01082_S2316s","SPTBN1",NA,"exercise_with_controls","RE-CON","post_3.5_4_hr",-0.313264325266024,-0.723591697748316,0.0970630472162681,0.127653706478011,0.494599289142133
"adipose","prot-ph","Q01082_S2316s","SPTBN1",NA,"exercise_with_controls","EE-CON","post_3.5_4_hr",0.0561405785487115,-0.354046478395527,0.46632763549295,0.779232049304897,0.900891260808618
"adipose","prot-ph","Q01082_S2316sS2319s","SPTBN1",NA,"exercise_with_controls","RE-CON","post_3.5_4_hr",0.0137060943812328,-0.322266549908691,0.349678738671157,0.933054425904693,0.980989513212792
"adipose","prot-ph","Q01082_S2316sS2319s","SPTBN1",NA,"exercise_with_controls","EE-CON","post_3.5_4_hr",-0.230871463243559,-0.575657421729926,0.113914495242808,0.178801746797185,0.457532928001138
"adipose","prot-ph","Q01082_S2316sS2319s","SPTBN1",NA,"Endur_vs_Resist","EE-RE","post_3.5_4_hr",-0.244577557624792,-0.564233176531367,0.0750780612817837,0.126678414306154,0.453471250554446
"adipose","prot-ph","Q01082_S2319s","SPTBN1",NA,"exercise_with_controls","RE-CON","post_3.5_4_hr",-0.206849062332822,-0.536834823529952,0.123136698864309,0.202364026805238,0.578097628050503
"adipose","prot-ph","Q01082_S2319s","SPTBN1",NA,"exercise_with_controls","EE-CON","post_3.5_4_hr",0.23138033676284,-0.117094805210829,0.579855478736509,0.178694379298807,0.457392516695214
"adipose","prot-ph","Q01082_S2319s","SPTBN1",NA,"Endur_vs_Resist","EE-RE","post_3.5_4_hr",0.438229399095661,0.131414687850961,0.745044110340362,0.00801408227235063,0.142503467018349
"adipose","prot-ph","Q01082_S2319sT2320t","SPTBN1",NA,"exercise_with_controls","RE-CON","post_3.5_4_hr",-0.535868803888196,-1.36264698515513,0.290909377378742,0.197349293657242,0.572214441143278
"adipose","prot-ph","Q01082_S2319sT2320t","SPTBN1",NA,"Endur_vs_Resist","EE-RE","post_3.5_4_hr",0.652829385674419,-0.126679942267123,1.43233871361596,0.0981748583653926,0.40675108936646
"adipose","prot-ph","Q01082_S2319sT2320t","SPTBN1",NA,"exercise_with_controls","EE-CON","post_3.5_4_hr",0.116960581786223,-0.709503603899467,0.943424767471914,0.776049435470172,0.900362014813796
"adipose","prot-ph","Q01082_S2340s","SPTBN1",NA,"Endur_vs_Resist","EE-RE","post_3.5_4_hr",-0.48132412458787,-0.71566280180225,-0.24698544737349,0.000176457231247254,0.0414895097956888
"adipose","prot-ph","Q01082_S2340s","SPTBN1",NA,"exercise_with_controls","EE-CON","post_3.5_4_hr",-0.466069618434084,-0.71452402057714,-0.217615216291028,0.000512945566110685,0.0312538092134434
"adipose","prot-ph","Q01082_S2340s","SPTBN1",NA,"exercise_with_controls","RE-CON","post_3.5_4_hr",0.0152545061537857,-0.23329429038139,0.263803302688961,0.901771458176975,0.971242490137232
"adipose","prot-ph","Q01082_S2341s","SPTBN1",NA,"Endur_vs_Resist","EE-RE","post_3.5_4_hr",0.0791475661460549,-0.173646597984777,0.331941730276887,0.523337679565431,0.802929417967726
"adipose","prot-ph","Q01082_S2341s","SPTBN1",NA,"exercise_with_controls","RE-CON","post_3.5_4_hr",-0.221069947256787,-0.489043030687052,0.0469031361734778,0.101154516121326,0.458212837521437
"adipose","prot-ph","Q01082_S2341s","SPTBN1",NA,"exercise_with_controls","EE-CON","post_3.5_4_hr",-0.141922381110732,-0.409793489479984,0.12594872725852,0.283705391097934,0.572204877925068
"adipose","prot-ph","Q01082_S257s","SPTBN1",NA,"exercise_with_controls","RE-CON","post_3.5_4_hr",-0.0648967675400762,-0.301197630146939,0.171404095066787,0.572182645269018,0.843843498346134
"adipose","prot-ph","Q01082_S257s","SPTBN1",NA,"Endur_vs_Resist","EE-RE","post_3.5_4_hr",-0.0371246453240226,-0.261630812646207,0.187381521998162,0.734007122699005,0.900507471145654
"adipose","prot-ph","Q01082_S257s","SPTBN1",NA,"exercise_with_controls","EE-CON","post_3.5_4_hr",-0.102021412864099,-0.344075631483407,0.14003280575521,0.390550453021426,0.664752119002868
"adipose","prot-ph","Q01082_S446s","SPTBN1",NA,"Endur_vs_Resist","EE-RE","post_3.5_4_hr",-0.430923704875562,-0.80884932676179,-0.0529980829893336,0.0268523066411375,0.23537640620144
"adipose","prot-ph","Q01082_S446s","SPTBN1",NA,"exercise_with_controls","RE-CON","post_3.5_4_hr",0.212598782612992,-0.207072180783434,0.632269746009417,0.308700877433201,0.678047959060049
"adipose","prot-ph","Q01082_S446s","SPTBN1",NA,"exercise_with_controls","EE-CON","post_3.5_4_hr",-0.21832492226257,-0.606089032736926,0.169439188211785,0.258893942090732,0.547909379994303
"adipose","prot-ph","Q01082_T1453t","SPTBN1",NA,"exercise_with_controls","RE-CON","post_3.5_4_hr",-0.08082623779349,-0.323537717099182,0.161885241512202,0.492480426720612,0.799414400867781
"adipose","prot-ph","Q01082_T1453t","SPTBN1",NA,"exercise_with_controls","EE-CON","post_3.5_4_hr",-0.221246866234504,-0.476937196436454,0.0344434639674464,0.0857911786838495,0.323872850897912
"adipose","prot-ph","Q01082_T1453t","SPTBN1",NA,"Endur_vs_Resist","EE-RE","post_3.5_4_hr",-0.140420628441014,-0.366068485605911,0.0852272287238833,0.20715503702276,0.557695462688821
"adipose","prot-ph","Q01082_T2155tT2159t","SPTBN1",NA,"exercise_with_controls","EE-CON","post_3.5_4_hr",-0.217786800133997,-0.537543488225361,0.101969887957366,0.176004225044732,0.454108620910498
"adipose","prot-ph","Q01082_T2155tT2159t","SPTBN1",NA,"Endur_vs_Resist","EE-RE","post_3.5_4_hr",-0.383061655967331,-0.684651640574021,-0.0814716713606418,0.014173080123845,0.17847436422359
"adipose","prot-ph","Q01082_T2155tT2159t","SPTBN1",NA,"exercise_with_controls","RE-CON","post_3.5_4_hr",0.165274855833334,-0.154603316272557,0.485153027939225,0.302170337456479,0.672537648838762
"adipose","prot-ph","Q01082_T2155tT2159tS2165s","SPTBN1",NA,"Endur_vs_Resist","EE-RE","post_3.5_4_hr",0.0548113940676351,-0.203674495581668,0.313297283716938,0.665620513125281,0.876855692784436
"adipose","prot-ph","Q01082_T2155tT2159tS2165s","SPTBN1",NA,"exercise_with_controls","EE-CON","post_3.5_4_hr",-0.152585271770325,-0.426262873192956,0.121092329652307,0.260879942841712,0.550108166016418
"adipose","prot-ph","Q01082_T2155tT2159tS2165s","SPTBN1",NA,"exercise_with_controls","RE-CON","post_3.5_4_hr",-0.20739666583796,-0.481176850916991,0.0663835192410714,0.130882169339937,0.499960540765212
"adipose","prot-ph","Q01082_T2171t","SPTBN1",NA,"exercise_with_controls","EE-CON","post_3.5_4_hr",0.0167700232049084,-0.299802675250315,0.333342721660132,0.913332895632671,0.962417696770398
"adipose","prot-ph","Q01082_T2171t","SPTBN1",NA,"exercise_with_controls","RE-CON","post_3.5_4_hr",-0.0405293318333287,-0.355690913961763,0.274632250295105,0.791688024028916,0.936242927717259
"adipose","prot-ph","Q01082_T2171t","SPTBN1",NA,"Endur_vs_Resist","EE-RE","post_3.5_4_hr",0.0572993550382371,-0.235994747804045,0.35059345788052,0.688886450477756,0.886216527795957
"adipose","prot-ph","Q01082_T2178t","SPTBN1",NA,"Endur_vs_Resist","EE-RE","post_3.5_4_hr",0.0392406434607311,-0.285333721637223,0.363815008558685,0.803620476385279,0.933182866415217
"adipose","prot-ph","Q01082_T2178t","SPTBN1",NA,"exercise_with_controls","RE-CON","post_3.5_4_hr",-0.212807427521461,-0.561665215082108,0.136050360039186,0.218100464459671,0.592365756495361
"adipose","prot-ph","Q01082_T2178t","SPTBN1",NA,"exercise_with_controls","EE-CON","post_3.5_4_hr",-0.17356678406073,-0.538740875362455,0.191607307240995,0.334437006064896,0.619857399243446
"adipose","prot-ph","Q01082_T2187t","SPTBN1",NA,"exercise_with_controls","RE-CON","post_3.5_4_hr",-0.489198997874676,-0.754466693181143,-0.223931302568208,0.000937495931963374,0.0917797983729986
"adipose","prot-ph","Q01082_T2187t","SPTBN1",NA,"Endur_vs_Resist","EE-RE","post_3.5_4_hr",-0.0340557409428736,-0.284293201868307,0.216181719982559,0.780545631258527,0.922601938781664
"adipose","prot-ph","Q01082_T2187t","SPTBN1",NA,"exercise_with_controls","EE-CON","post_3.5_4_hr",-0.523254738817549,-0.788421416239228,-0.25808806139587,0.000490062110786261,0.0302830579523453
"adipose","prot-ph","Q01082_T2195t","SPTBN1",NA,"Endur_vs_Resist","EE-RE","post_3.5_4_hr",-0.210964681063781,-0.40167711680587,-0.0202522453216921,0.0317801855878068,0.252193397565539
"adipose","prot-ph","Q01082_T2195t","SPTBN1",NA,"exercise_with_controls","RE-CON","post_3.5_4_hr",0.0232851154867166,-0.178172517068145,0.224742748041578,0.812052755140079,0.944396109921985
"adipose","prot-ph","Q01082_T2195t","SPTBN1",NA,"exercise_with_controls","EE-CON","post_3.5_4_hr",-0.187679565577064,-0.389066559766067,0.0137074286119379,0.0661224653420585,0.284877438678139
"adipose","prot-ph","Q01082_T2317tS2319s","SPTBN1",NA,"exercise_with_controls","EE-CON","post_3.5_4_hr",-0.408366564852737,-0.986169903172772,0.169436773467297,0.160664495824409,0.435012353050986
"adipose","prot-ph","Q01082_T2317tS2319s","SPTBN1",NA,"Endur_vs_Resist","EE-RE","post_3.5_4_hr",0.367650120016512,-0.17732581449721,0.912626054530234,0.180055854582169,0.527868997636083
"adipose","prot-ph","Q01082_T2317tS2319s","SPTBN1",NA,"exercise_with_controls","RE-CON","post_3.5_4_hr",-0.77601668486925,-1.35403954594439,-0.197993823794112,0.00984554002293636,0.208214053931661
"adipose","prot-ph","Q01082_T2317tS2319sT2320t","SPTBN1",NA,"exercise_with_controls","EE-CON","post_3.5_4_hr",-0.0168460527450487,-0.682591306503615,0.648899201013518,0.958514598863571,0.981607551083469
"adipose","prot-ph","Q01082_T2317tS2319sT2320t","SPTBN1",NA,"Endur_vs_Resist","EE-RE","post_3.5_4_hr",0.509592284169567,-0.0820980994280934,1.10128266776723,0.0875058069275916,0.387220972960948
"adipose","prot-ph","Q01082_T2317tS2319sT2320t","SPTBN1",NA,"exercise_with_controls","RE-CON","post_3.5_4_hr",-0.526438336914616,-1.16241007459698,0.109533400767748,0.0996306814270668,0.457928482935999
"adipose","prot-ph","Q01082_T2320t","SPTBN1",NA,"Endur_vs_Resist","EE-RE","post_3.5_4_hr",-0.188805638469235,-0.622752930593124,0.245141653654653,0.376721839503383,0.708324857055022
"adipose","prot-ph","Q01082_T2320t","SPTBN1",NA,"exercise_with_controls","EE-CON","post_3.5_4_hr",-0.587538867935872,-1.04622852104047,-0.128849214831279,0.0144795177112954,0.135074986957727
"adipose","prot-ph","Q01082_T2320t","SPTBN1",NA,"exercise_with_controls","RE-CON","post_3.5_4_hr",-0.398733229466637,-0.857588649851444,0.0601221909181697,0.0851571707597426,0.440602392416649
"adipose","prot-ph","Q01082_T2328t","SPTBN1",NA,"exercise_with_controls","EE-CON","post_3.5_4_hr",-0.0434844193401038,-0.345277392798395,0.258308554118187,0.765117965978719,0.894828568801688
"adipose","prot-ph","Q01082_T2328t","SPTBN1",NA,"exercise_with_controls","RE-CON","post_3.5_4_hr",0.35392981274677,0.0254391022271029,0.682420523266438,0.036219669232618,0.322842013653861
"adipose","prot-ph","Q01082_T2328t","SPTBN1",NA,"Endur_vs_Resist","EE-RE","post_3.5_4_hr",-0.397414232086874,-0.694765639343876,-0.100062824829872,0.0116508646694134,0.16560193126362
"adipose","prot-ph","Q01082_T2331t","SPTBN1",NA,"Endur_vs_Resist","EE-RE","post_3.5_4_hr",0.214634575269011,-0.24514652954719,0.674415680085211,0.350600453107605,0.688013907190668
"adipose","prot-ph","Q01082_T2331t","SPTBN1",NA,"exercise_with_controls","RE-CON","post_3.5_4_hr",-0.0656056662198173,-0.553267547861026,0.422056215421391,0.786823347397047,0.934835632115608
"adipose","prot-ph","Q01082_T2331t","SPTBN1",NA,"exercise_with_controls","EE-CON","post_3.5_4_hr",0.149028909049193,-0.338447767322384,0.63650558542077,0.539667535625971,0.773394280296521
"adipose","prot-ph","Q01082_T349t","SPTBN1",NA,"exercise_with_controls","EE-CON","post_3.5_4_hr",0.0181826768255248,-0.351659661839765,0.388025015490815,0.919307351819426,0.964793150811321
"adipose","prot-ph","Q01082_T349t","SPTBN1",NA,"exercise_with_controls","RE-CON","post_3.5_4_hr",0.0961047748469844,-0.256060387751327,0.448269937445296,0.574657988951728,0.845649913123804
"adipose","prot-ph","Q01082_T349t","SPTBN1",NA,"Endur_vs_Resist","EE-RE","post_3.5_4_hr",-0.0779220980214597,-0.405391072116653,0.249546876073734,0.624234683908381,0.855348595609984
"adipose","prot-ph","Q01082_Y1805y","SPTBN1",NA,"Endur_vs_Resist","EE-RE","post_3.5_4_hr",0.176404008799982,-0.174114456016306,0.52692247361627,0.303797913086597,0.648404520824137
"adipose","prot-ph","Q01082_Y1805y","SPTBN1",NA,"exercise_with_controls","RE-CON","post_3.5_4_hr",-0.20636725871807,-0.542694165902697,0.129959648466558,0.211782683391408,0.587276714054722
"adipose","prot-ph","Q01082_Y1805y","SPTBN1",NA,"exercise_with_controls","EE-CON","post_3.5_4_hr",-0.0299632499180877,-0.371449047264881,0.311522547428706,0.854493529117257,0.937919138221045
"adipose","prot-ph","Q01082-3_S10s","SPTBN1",NA,"exercise_with_controls","RE-CON","post_3.5_4_hr",0.0907686928071978,-0.16046862038261,0.342006005997005,0.462261950810501,0.782361792834004
"adipose","prot-ph","Q01082-3_S10s","SPTBN1",NA,"Endur_vs_Resist","EE-RE","post_3.5_4_hr",0.067729504998913,-0.169977881332544,0.30543689133037,0.561627375790518,0.822706678759715
"adipose","prot-ph","Q01082-3_S10s","SPTBN1",NA,"exercise_with_controls","EE-CON","post_3.5_4_hr",0.158498197806111,-0.0926497296506658,0.409646125262887,0.204530868782655,0.487569238297914
"adipose","prot-ph","Q8IVF2_S2666s","AHNAK2",NA,"exercise_with_controls","RE-CON","post_3.5_4_hr",0.268378915444659,-0.0877731143136647,0.624530945202984,0.130113063738953,0.498641584677609
"adipose","prot-ph","Q8IVF2_S2666s","AHNAK2",NA,"exercise_with_controls","EE-CON","post_3.5_4_hr",-0.497020939268647,-0.857956655655195,-0.136085222882099,0.00998996584391084,0.113632601041769
"adipose","prot-ph","Q8IVF2_S2666s","AHNAK2",NA,"Endur_vs_Resist","EE-RE","post_3.5_4_hr",-0.765399854713306,-1.13849051846102,-0.392309190965596,0.000418664033408944,0.0506685127379946
"adipose","prot-ph","Q8IVF2_S280s","AHNAK2",NA,"exercise_with_controls","EE-CON","post_3.5_4_hr",-0.112381099015841,-0.597102171835978,0.372339973804296,0.635291313549087,0.828140816121064
"adipose","prot-ph","Q8IVF2_S280s","AHNAK2",NA,"Endur_vs_Resist","EE-RE","post_3.5_4_hr",-0.445623903957948,-0.905498555523075,0.0142507476071792,0.0569068974467847,0.320303486727284
"adipose","prot-ph","Q8IVF2_S280s","AHNAK2",NA,"exercise_with_controls","RE-CON","post_3.5_4_hr",0.333242804942107,-0.151635439171579,0.818121049055793,0.168030960185763,0.543449798106367
"adipose","prot-ph","Q8IVF2_S294s","AHNAK2",NA,"exercise_with_controls","RE-CON","post_3.5_4_hr",0.0997653434020134,-0.151857286065789,0.351387972869815,0.420417026618397,0.753722953276974
"adipose","prot-ph","Q8IVF2_S294s","AHNAK2",NA,"exercise_with_controls","EE-CON","post_3.5_4_hr",-0.52421033204041,-0.775749584184448,-0.272671079896372,0.000261237202281466,0.0210755531803557
"adipose","prot-ph","Q8IVF2_S294s","AHNAK2",NA,"Endur_vs_Resist","EE-RE","post_3.5_4_hr",-0.623975675442423,-0.862502337141304,-0.385449013743543,1.60875977180006e-05,0.0313324187054932
"adipose","prot-ph","Q8IVF2_S332s","AHNAK2",NA,"exercise_with_controls","RE-CON","post_3.5_4_hr",0.22050677651877,-0.419615586680143,0.860629139717683,0.489809264049312,0.799014961559203
"adipose","prot-ph","Q8IVF2_S332s","AHNAK2",NA,"exercise_with_controls","EE-CON","post_3.5_4_hr",-0.646369055131983,-1.28624831129433,-0.00648979896963942,0.0478334645357749,0.246757238898879
"adipose","prot-ph","Q8IVF2_S332s","AHNAK2",NA,"Endur_vs_Resist","EE-RE","post_3.5_4_hr",-0.866875831650753,-1.47040089368481,-0.263350769616697,0.0060496989285459,0.127798498384282
"adipose","prot-ph","Q8IVF2_S365s","AHNAK2",NA,"exercise_with_controls","EE-CON","post_3.5_4_hr",0.363690383359827,-0.0493385992092105,0.776719365928864,0.0811076627601711,0.313052495689906
"adipose","prot-ph","Q8IVF2_S365s","AHNAK2",NA,"Endur_vs_Resist","EE-RE","post_3.5_4_hr",-0.270809136793001,-0.655832224915709,0.114213951329707,0.158078448972565,0.501711267216158
"adipose","prot-ph","Q8IVF2_S365s","AHNAK2",NA,"exercise_with_controls","RE-CON","post_3.5_4_hr",0.634499520152828,0.226394991706876,1.04260404859878,0.00407676024815595,0.155880464395567
"adipose","prot-ph","Q8IVF2_S447s","AHNAK2",NA,"Endur_vs_Resist","EE-RE","post_3.5_4_hr",-0.559052219489544,-0.915712556903769,-0.202391882075318,0.00353879097215618,0.103348607080101
"adipose","prot-ph","Q8IVF2_S447s","AHNAK2",NA,"exercise_with_controls","EE-CON","post_3.5_4_hr",-0.256498721969764,-0.633049100289734,0.120051656350207,0.172259454188365,0.449117228443475
"adipose","prot-ph","Q8IVF2_S447s","AHNAK2",NA,"exercise_with_controls","RE-CON","post_3.5_4_hr",0.30255349751978,-0.074127558731247,0.679234553770807,0.110215464674382,0.46933529195856
"adipose","prot-ph","Q8IVF2_S5128s","AHNAK2",NA,"Endur_vs_Resist","EE-RE","post_3.5_4_hr",-0.365176348848447,-0.806364101528332,0.0760114038314391,0.101519045086591,0.412224661282725
"adipose","prot-ph","Q8IVF2_S5128s","AHNAK2",NA,"exercise_with_controls","RE-CON","post_3.5_4_hr",0.23716749580122,-0.236419472782582,0.710754464385021,0.315321837103631,0.682848770858873
"adipose","prot-ph","Q8IVF2_S5128s","AHNAK2",NA,"exercise_with_controls","EE-CON","post_3.5_4_hr",-0.128008853047227,-0.621656981797855,0.365639275703401,0.600983514020072,0.808873545209248
"adipose","prot-ph","Q8IVF2_S842s","AHNAK2",NA,"exercise_with_controls","EE-CON","post_3.5_4_hr",0.335202607996064,-0.215730840593321,0.886136056585449,0.221102997898425,0.504707995988729
"adipose","prot-ph","Q8IVF2_S842s","AHNAK2",NA,"Endur_vs_Resist","EE-RE","post_3.5_4_hr",-0.24285409094726,-0.763108396101774,0.277400214207254,0.34511552596375,0.682793879296138
"adipose","prot-ph","Q8IVF2_S842s","AHNAK2",NA,"exercise_with_controls","RE-CON","post_3.5_4_hr",0.578056698943324,0.0269160802375381,1.12919731764911,0.0405909928690495,0.334287673756089
"adipose","prot-ph","Q8IVF2_T5715t","AHNAK2",NA,"exercise_with_controls","RE-CON","post_3.5_4_hr",-0.345589823666639,-0.74554991651582,0.0543702691825431,0.0865009731758669,0.440717433515777
"adipose","prot-ph","Q8IVF2_T5715t","AHNAK2",NA,"exercise_with_controls","EE-CON","post_3.5_4_hr",-0.877918391525403,-1.29073504100569,-0.465101742045115,0.000230468732573835,0.0204905517032227
"adipose","prot-ph","Q8IVF2_T5715t","AHNAK2",NA,"Endur_vs_Resist","EE-RE","post_3.5_4_hr",-0.532328567858764,-0.914545070849808,-0.150112064867721,0.00864184136873643,0.147327448868032
"adipose","prot-ph","Q8N3J5_S248s","PPM1K",NA,"exercise_with_controls","RE-CON","post_3.5_4_hr",0.0447994266259517,-0.305446496356946,0.39504534960885,0.79707292468721,0.938271334292024
"adipose","prot-ph","Q8N3J5_S248s","PPM1K",NA,"Endur_vs_Resist","EE-RE","post_3.5_4_hr",-0.295732795469703,-0.625954335206436,0.0344887442670297,0.0777402724417077,0.366929032386023
"adipose","prot-ph","Q8N3J5_S248s","PPM1K",NA,"exercise_with_controls","EE-CON","post_3.5_4_hr",-0.250933368843751,-0.601046274682913,0.0991795369954107,0.154997749757002,0.428530836949178
"adipose","prot-ph","Q92954-6_S151s","PRG4",NA,"exercise_with_controls","RE-CON","post_3.5_4_hr",-0.00468662899222827,-0.416535889595834,0.407162631611378,0.981395508513486,0.995235618677456
"adipose","prot-ph","Q92954-6_S151s","PRG4",NA,"Endur_vs_Resist","EE-RE","post_3.5_4_hr",0.0696992705463717,-0.323942608941175,0.463341150033918,0.717272949678005,0.89432712584379
"adipose","prot-ph","Q92954-6_S151s","PRG4",NA,"exercise_with_controls","EE-CON","post_3.5_4_hr",0.0650126415541433,-0.346771522714422,0.476796805822709,0.746583841166598,0.886600110138281
"blood","metab","Valine",NA,"metab-u-hilicpos","exercise_with_controls","EE-CON","during_20_min",-0.0770928842641077,-0.110762435305083,-0.0434233332231325,8.14181122334238e-06,0.000167625525186461
"blood","metab","Kynurenic acid",NA,"metab-u-hilicpos","exercise_with_controls","EE-CON","during_20_min",0.161100610880883,0.0134211611808039,0.308780060580962,0.0325557378622783,0.100836356210596
"blood","metab","Leucine",NA,"metab-u-hilicpos","exercise_with_controls","EE-CON","during_20_min",-0.031954509750868,-0.0747466438371302,0.0108376243353942,0.143061255277172,0.289430285242835
"blood","metab","Isoleucine",NA,"metab-u-hilicpos","exercise_with_controls","EE-CON","during_20_min",-0.0346448840798494,-0.0827773653035694,0.0134875971438705,0.158039042828577,0.312506581864417
"blood","metab","Lactic acid",NA,"metab-u-ionpneg","exercise_with_controls","EE-CON","during_20_min",1.14577591956137,0.989125769651708,1.30242606947102,5.1016367387469e-41,1.5559992053178e-39
"blood","metab","Ketoleucine",NA,"metab-u-rpneg","exercise_with_controls","EE-CON","during_20_min",0.284185424223526,0.167687956642764,0.400682891804289,2.05333925763956e-06,2.9920086325605e-05
"blood","metab","3-Hydroxybutyric acid",NA,"metab-u-rpneg","exercise_with_controls","EE-CON","during_20_min",-0.254750197471825,-0.392332773918428,-0.117167621025222,0.00029838047616387,0.00202898723791431
"blood","metab","Kynurenine",NA,"metab-u-rppos","exercise_with_controls","EE-CON","during_20_min",0.117185829900553,0.0154242300166163,0.218947429784489,0.0240708466712267,0.137130884066383
"blood","metab","Valine",NA,"metab-u-hilicpos","exercise_with_controls","EE-CON","during_40_min",-0.0932736301717725,-0.12717992318026,-0.0593673371632852,9.13373498372001e-08,1.10234732562138e-06
"blood","metab","Kynurenic acid",NA,"metab-u-hilicpos","exercise_with_controls","EE-CON","during_40_min",0.31989491550514,0.171207700301172,0.468582130709107,2.72034623191685e-05,0.000216391177538841
"blood","metab","Isoleucine",NA,"metab-u-hilicpos","exercise_with_controls","EE-CON","during_40_min",-0.0572296655902278,-0.105695151288351,-0.00876417989210423,0.0207161270882776,0.0594315121385013
"blood","metab","Leucine",NA,"metab-u-hilicpos","exercise_with_controls","EE-CON","during_40_min",-0.0479931694244264,-0.0910814772740581,-0.00490486157479481,0.0290845340434942,0.0789115264745966
"blood","metab","Lactic acid",NA,"metab-u-ionpneg","exercise_with_controls","EE-CON","during_40_min",1.10235146666247,0.944254634074809,1.26044829925012,7.62067485771161e-38,2.32430583160204e-36
"blood","metab","Ketoleucine",NA,"metab-u-rpneg","exercise_with_controls","EE-CON","during_40_min",0.265883452575544,0.149523265962701,0.382243639188386,8.50514524211689e-06,0.000216881203673981
"blood","metab","3-Hydroxybutyric acid",NA,"metab-u-rpneg","exercise_with_controls","EE-CON","during_40_min",-0.257190218429855,-0.394605560294133,-0.119774876565577,0.000256777113138661,0.00374160936287764
"blood","metab","Kynurenine",NA,"metab-u-rppos","exercise_with_controls","EE-CON","during_40_min",-0.015882301548551,-0.117999517869398,0.0862349147722957,0.760170641993073,0.887652675122346
"blood","metab","Kynurenic acid",NA,"metab-u-hilicpos","exercise_with_controls","EE-CON","post_10_min",0.447768611987165,0.298868084599839,0.59666913937449,5.56389858938465e-09,9.73682253142314e-08
"blood","metab","Valine",NA,"metab-u-hilicpos","exercise_with_controls","EE-CON","post_10_min",-0.0596470762310979,-0.093594493896171,-0.0256996585660248,0.000595290325770891,0.00408532576509435
"blood","metab","Isoleucine",NA,"metab-u-hilicpos","exercise_with_controls","EE-CON","post_10_min",-0.0255476535208281,-0.0740778125271975,0.0229825054855413,0.301685829877286,0.507849356865852
"blood","metab","Leucine",NA,"metab-u-hilicpos","exercise_with_controls","EE-CON","post_10_min",-0.0183585865101996,-0.0615042669235386,0.0247870939031394,0.40375913592881,0.60971056172337
"blood","metab","Lactic acid",NA,"metab-u-ionpneg","exercise_with_controls","EE-CON","post_10_min",0.858626670134878,0.699967151101535,1.01728618916822,1.68579978511437e-24,3.42779289639923e-23
"blood","metab","Ketoleucine",NA,"metab-u-rpneg","exercise_with_controls","EE-CON","post_10_min",0.2668299990404,0.149798307704661,0.38386169037614,8.89476351768779e-06,0.000181453175760831
"blood","metab","3-Hydroxybutyric acid",NA,"metab-u-rpneg","exercise_with_controls","EE-CON","post_10_min",-0.117922750687676,-0.256148740940406,0.0203032395650548,0.0943821540795966,0.271131505537406
"blood","metab","Kynurenine",NA,"metab-u-rppos","exercise_with_controls","EE-CON","post_10_min",-0.146417548657904,-0.249436341440143,-0.0433987558756659,0.00540881605799582,0.0290530691115204
"blood","metab","Kynurenic acid",NA,"metab-u-hilicpos","exercise_with_controls","EE-CON","post_15_30_45_min",0.294206072128997,0.147717201336601,0.440694942921392,8.86049673800367e-05,0.0012921557742922
"blood","metab","Valine",NA,"metab-u-hilicpos","exercise_with_controls","EE-CON","post_15_30_45_min",-0.056773644440753,-0.090168996690703,-0.0233782921908029,0.000889687321138978,0.00973095507495757
"blood","metab","Leucine",NA,"metab-u-hilicpos","exercise_with_controls","EE-CON","post_15_30_45_min",-0.0589776030341049,-0.10142300149836,-0.0165322045698499,0.00653169456344561,0.0444789621987228
"blood","metab","Isoleucine",NA,"metab-u-hilicpos","exercise_with_controls","EE-CON","post_15_30_45_min",-0.0499385153337997,-0.0976810415436747,-0.00219598912392464,0.0403794666671562,0.16717169859237
"blood","metab","Lactic acid",NA,"metab-u-ionpneg","exercise_with_controls","EE-CON","post_15_30_45_min",0.522563164804598,0.367050065670847,0.67807626393835,8.42959945505344e-11,1.71401855586087e-09
"blood","metab","Ketoleucine",NA,"metab-u-rpneg","exercise_with_controls","EE-CON","post_15_30_45_min",0.136223722105001,0.0207421186891619,0.25170532552084,0.0208484654486972,0.106327173788356
"blood","metab","3-Hydroxybutyric acid",NA,"metab-u-rpneg","exercise_with_controls","EE-CON","post_15_30_45_min",0.0343130051900324,-0.102038675944787,0.170664686324852,0.621388447662063,0.80994301460991
"blood","metab","Kynurenine",NA,"metab-u-rppos","exercise_with_controls","EE-CON","post_15_30_45_min",-0.0657954180408744,-0.166797026442919,0.0352061903611705,0.20131166263163,0.573267107444767
"blood","metab","Kynurenic acid",NA,"metab-u-hilicpos","exercise_with_controls","EE-CON","post_3.5_4_hr",0.278656384398012,0.0840596033432653,0.473253165452758,0.00507026756083562,0.136507203560959
"blood","metab","Valine",NA,"metab-u-hilicpos","exercise_with_controls","EE-CON","post_3.5_4_hr",-0.0462091200360604,-0.0906319189515476,-0.00178632112057313,0.0414955305627877,0.402442092789674
"blood","metab","Isoleucine",NA,"metab-u-hilicpos","exercise_with_controls","EE-CON","post_3.5_4_hr",0.056330698224194,-0.00713168149172655,0.119793077940115,0.0818197879273542,0.561851422988109
"blood","metab","Leucine",NA,"metab-u-hilicpos","exercise_with_controls","EE-CON","post_3.5_4_hr",0.010856324369616,-0.0455657883086077,0.0672784370478397,0.705706574310954,0.972067774120201
"blood","metab","Lactic acid",NA,"metab-u-ionpneg","exercise_with_controls","EE-CON","post_3.5_4_hr",-0.0287335710054784,-0.236737629153107,0.17927048714215,0.786302779252527,0.973317529252146
"blood","metab","3-Hydroxybutyric acid",NA,"metab-u-rpneg","exercise_with_controls","EE-CON","post_3.5_4_hr",0.160008745244586,-0.0202889725435348,0.340306463032706,0.0818715619271539,0.825353152931502
"blood","metab","Ketoleucine",NA,"metab-u-rpneg","exercise_with_controls","EE-CON","post_3.5_4_hr",-0.0327454536797589,-0.184878266248361,0.119387358888843,0.672713291468525,0.918435855109669
"blood","metab","Kynurenine",NA,"metab-u-rppos","exercise_with_controls","EE-CON","post_3.5_4_hr",0.0681714909162388,-0.065800978306135,0.202143960138612,0.3181020357556,0.84398329324225
"blood","metab","Isoleucine",NA,"metab-u-hilicpos","exercise_with_controls","EE-CON","post_24_hr",-0.0762403951670834,-0.135830740900865,-0.0166500494333017,0.012232105851546,0.2038684308591
"blood","metab","Leucine",NA,"metab-u-hilicpos","exercise_with_controls","EE-CON","post_24_hr",-0.0211773702154829,-0.0741568473324029,0.031802106901437,0.432822386295754,0.802989036493954
"blood","metab","Kynurenic acid",NA,"metab-u-hilicpos","exercise_with_controls","EE-CON","post_24_hr",-0.0364548499815882,-0.219197290688978,0.146287590725802,0.695419860003915,0.908592421128168
"blood","metab","Valine",NA,"metab-u-hilicpos","exercise_with_controls","EE-CON","post_24_hr",8.50951113449128e-05,-0.0416226373420536,0.0417928275647434,0.996804912140513,0.999467075799301
"blood","metab","Lactic acid",NA,"metab-u-ionpneg","exercise_with_controls","EE-CON","post_24_hr",-0.101016003632136,-0.29329833247034,0.0912663252060686,0.30267904232212,0.955052191233761
"blood","metab","Ketoleucine",NA,"metab-u-rpneg","exercise_with_controls","EE-CON","post_24_hr",-0.141857387562965,-0.284816267711433,0.0011014925855036,0.0517865223136399,0.585047998104499
"blood","metab","3-Hydroxybutyric acid",NA,"metab-u-rpneg","exercise_with_controls","EE-CON","post_24_hr",-0.0238338816542907,-0.193159283464809,0.145491520156228,0.782346539771533,0.973281345452088
"blood","metab","Kynurenine",NA,"metab-u-rppos","exercise_with_controls","EE-CON","post_24_hr",0.0305077718534221,-0.0952978883386651,0.156313432045509,0.634129459235418,0.969896045359225
"blood","metab","Valine",NA,"metab-u-hilicpos","exercise_with_controls","RE-CON","post_10_min",-0.118487779089577,-0.151986423496748,-0.0849891346824058,8.81094954951541e-12,1.9273952139565e-10
"blood","metab","Leucine",NA,"metab-u-hilicpos","exercise_with_controls","RE-CON","post_10_min",-0.143344444115804,-0.185918589921055,-0.100770298310554,7.6869400674794e-11,1.41601527558831e-09
"blood","metab","Isoleucine",NA,"metab-u-hilicpos","exercise_with_controls","RE-CON","post_10_min",-0.15174937678686,-0.199636641272437,-0.103862112301283,8.54045757267184e-10,1.3587091592887e-08
"blood","metab","Kynurenic acid",NA,"metab-u-hilicpos","exercise_with_controls","RE-CON","post_10_min",0.230775227737798,0.0838509560615992,0.377699499413997,0.00212443754459819,0.00872174304203069
"blood","metab","Lactic acid",NA,"metab-u-ionpneg","exercise_with_controls","RE-CON","post_10_min",1.52654008954066,1.36984977049587,1.68323040858545,1.39176092810459e-65,2.82991388714601e-64
"blood","metab","Ketoleucine",NA,"metab-u-rpneg","exercise_with_controls","RE-CON","post_10_min",0.523702768101689,0.408338431630281,0.639067104573097,4.54380800289354e-18,1.5448947209838e-16
"blood","metab","3-Hydroxybutyric acid",NA,"metab-u-rpneg","exercise_with_controls","RE-CON","post_10_min",0.344415371742503,0.208131166599042,0.480699576885964,8.83264675163478e-07,8.19027244242498e-06
"blood","metab","Kynurenine",NA,"metab-u-rppos","exercise_with_controls","RE-CON","post_10_min",0.0669585364524252,-0.0343061610715945,0.168223233976445,0.194627968568902,0.415796114669927
"blood","metab","Leucine",NA,"metab-u-hilicpos","exercise_with_controls","RE-CON","post_15_30_45_min",-0.202380740976992,-0.24409744574436,-0.160664036209623,2.76318980730662e-20,9.67116432557318e-19
"blood","metab","Isoleucine",NA,"metab-u-hilicpos","exercise_with_controls","RE-CON","post_15_30_45_min",-0.19344630932185,-0.240369101830817,-0.146523516812882,2.61597434532654e-15,7.04300785280221e-14
"blood","metab","Valine",NA,"metab-u-hilicpos","exercise_with_controls","RE-CON","post_15_30_45_min",-0.12253956369965,-0.155364470682262,-0.0897146567170384,6.50842360681185e-13,1.08473726780197e-11
"blood","metab","Kynurenic acid",NA,"metab-u-hilicpos","exercise_with_controls","RE-CON","post_15_30_45_min",0.207589711181731,0.0636265489179696,0.351552873445492,0.00477314215742165,0.0185622195010842
"blood","metab","Lactic acid",NA,"metab-u-ionpneg","exercise_with_controls","RE-CON","post_15_30_45_min",1.19534354839712,1.04235904383222,1.34832805296203,8.16317076889946e-46,2.48976708451434e-44
"blood","metab","Ketoleucine",NA,"metab-u-rpneg","exercise_with_controls","RE-CON","post_15_30_45_min",0.448372027837088,0.335503939283321,0.561240116390855,2.35252486501294e-14,2.9994692028915e-13
"blood","metab","3-Hydroxybutyric acid",NA,"metab-u-rpneg","exercise_with_controls","RE-CON","post_15_30_45_min",0.407974074507479,0.274696044948321,0.541252104066637,3.02623876522407e-09,2.20483110037754e-08
"blood","metab","Kynurenine",NA,"metab-u-rppos","exercise_with_controls","RE-CON","post_15_30_45_min",0.145071625641425,0.0458238224978011,0.244319428785048,0.00423246156455503,0.0225580485862483
"blood","metab","Valine",NA,"metab-u-hilicpos","exercise_with_controls","RE-CON","post_3.5_4_hr",-0.14048243743003,-0.183824289461327,-0.0971405853987339,3.5892897480887e-10,2.51250282366209e-08
"blood","metab","Kynurenic acid",NA,"metab-u-hilicpos","exercise_with_controls","RE-CON","post_3.5_4_hr",0.506426985562207,0.31670524906343,0.696148722060985,2.1217726566787e-07,4.95080286558363e-06
"blood","metab","Leucine",NA,"metab-u-hilicpos","exercise_with_controls","RE-CON","post_3.5_4_hr",-0.112498893949869,-0.167526588981205,-0.0574711989185333,6.62275137950817e-05,0.000922417749668006
"blood","metab","Isoleucine",NA,"metab-u-hilicpos","exercise_with_controls","RE-CON","post_3.5_4_hr",-0.0567089523501032,-0.118602321911618,0.00518441721141171,0.0724643009344154,0.159994141633918
"blood","metab","Lactic acid",NA,"metab-u-ionpneg","exercise_with_controls","RE-CON","post_3.5_4_hr",0.0544807269129812,-0.148039079246481,0.257000533072444,0.597549748528878,0.810988631145655
"blood","metab","Ketoleucine",NA,"metab-u-rpneg","exercise_with_controls","RE-CON","post_3.5_4_hr",-0.246743966891675,-0.394618612569773,-0.0988693212135766,0.0011047008319222,0.0112679484856064
"blood","metab","3-Hydroxybutyric acid",NA,"metab-u-rpneg","exercise_with_controls","RE-CON","post_3.5_4_hr",0.285605311579125,0.110127904448224,0.461082718710027,0.00145920143113852,0.0135307769069208
"blood","metab","Kynurenine",NA,"metab-u-rppos","exercise_with_controls","RE-CON","post_3.5_4_hr",-0.0561306820483836,-0.187033024730283,0.074771660633516,0.400126921279996,0.73744745296377
"blood","metab","Isoleucine",NA,"metab-u-hilicpos","exercise_with_controls","RE-CON","post_24_hr",-0.159649572476088,-0.218798266438091,-0.100500878514085,1.5624714620301e-07,2.73432505855267e-05
"blood","metab","Valine",NA,"metab-u-hilicpos","exercise_with_controls","RE-CON","post_24_hr",-0.0731868274779082,-0.114622822683874,-0.031750832271942,0.000557151045562167,0.0195002865946758
"blood","metab","Leucine",NA,"metab-u-hilicpos","exercise_with_controls","RE-CON","post_24_hr",-0.0638648040411773,-0.116452756795498,-0.0112768512868571,0.017374175931478,0.144784799428983
"blood","metab","Kynurenic acid",NA,"metab-u-hilicpos","exercise_with_controls","RE-CON","post_24_hr",-0.130860741717036,-0.31211475268185,0.050393269247777,0.156782359201109,0.489311009727664
"blood","metab","Lactic acid",NA,"metab-u-ionpneg","exercise_with_controls","RE-CON","post_24_hr",-0.057314287569433,-0.246618094889627,0.131989519750761,0.552413273646547,0.930586595539483
"blood","metab","Ketoleucine",NA,"metab-u-rpneg","exercise_with_controls","RE-CON","post_24_hr",-0.256427297624541,-0.397035811063285,-0.115818784185796,0.000366699221725982,0.0084539080668066
"blood","metab","3-Hydroxybutyric acid",NA,"metab-u-rpneg","exercise_with_controls","RE-CON","post_24_hr",-0.0555694389526558,-0.222297982761495,0.111159104856183,0.51307317486934,0.716523516364336
"blood","metab","Kynurenine",NA,"metab-u-rppos","exercise_with_controls","RE-CON","post_24_hr",-0.124686338324725,-0.248333855796864,-0.00103882085258623,0.0481113431839242,0.37345730519093
"blood","metab","Leucine",NA,"metab-u-hilicpos","Endur_vs_Resist","EE-RE","post_10_min",0.124985857605605,0.0893424045273846,0.160629310683825,1.30672628343229e-11,1.63340785429036e-10
"blood","metab","Isoleucine",NA,"metab-u-hilicpos","Endur_vs_Resist","EE-RE","post_10_min",0.126201723266032,0.0861102478939735,0.16629319863809,1.09452824019038e-09,1.24319038399138e-08
"blood","metab","Valine",NA,"metab-u-hilicpos","Endur_vs_Resist","EE-RE","post_10_min",0.058840702858479,0.0307901665561869,0.086891239160771,4.27643041955638e-05,0.000325380575401029
"blood","metab","Kynurenic acid",NA,"metab-u-hilicpos","Endur_vs_Resist","EE-RE","post_10_min",0.216993384249367,0.0940042089722201,0.339982559526514,0.000564940061525146,0.0034091210609276
"blood","metab","Lactic acid",NA,"metab-u-ionpneg","Endur_vs_Resist","EE-RE","post_10_min",-0.667913419405782,-0.798108264192537,-0.537718574619026,2.46604177099922e-22,5.01428493436508e-21
"blood","metab","3-Hydroxybutyric acid",NA,"metab-u-rpneg","Endur_vs_Resist","EE-RE","post_10_min",-0.462338122430179,-0.577555778703277,-0.347120466157081,1.31585155762089e-14,1.49129843197034e-13
"blood","metab","Ketoleucine",NA,"metab-u-rpneg","Endur_vs_Resist","EE-RE","post_10_min",-0.256872769061289,-0.354337441180717,-0.15940809694186,3.00698476763922e-07,1.91695278937e-06
"blood","metab","Kynurenine",NA,"metab-u-rppos","Endur_vs_Resist","EE-RE","post_10_min",-0.21337608511033,-0.299389344667685,-0.127362825552974,1.38440932008997e-06,1.23937596274721e-05
"blood","metab","Leucine",NA,"metab-u-hilicpos","Endur_vs_Resist","EE-RE","post_15_30_45_min",0.143403137942887,0.108015357573511,0.178790918312262,7.31137230433716e-15,1.0662417943825e-13
"blood","metab","Isoleucine",NA,"metab-u-hilicpos","Endur_vs_Resist","EE-RE","post_15_30_45_min",0.14350779398805,0.103703908187605,0.183311679788495,3.59571445885208e-12,4.3396553813732e-11
"blood","metab","Valine",NA,"metab-u-hilicpos","Endur_vs_Resist","EE-RE","post_15_30_45_min",0.0657659192588973,0.0379162276828071,0.0936156108349875,4.24164212497732e-06,3.24877759742639e-05
"blood","metab","Kynurenic acid",NA,"metab-u-hilicpos","Endur_vs_Resist","EE-RE","post_15_30_45_min",0.0866163609472661,-0.0354895788975557,0.208722300792088,0.164142972985015,0.304943370175039
"blood","metab","Lactic acid",NA,"metab-u-ionpneg","Endur_vs_Resist","EE-RE","post_15_30_45_min",-0.672780383592524,-0.802757774393558,-0.542802992791491,1.10390819436066e-22,2.24461332853333e-21
"blood","metab","3-Hydroxybutyric acid",NA,"metab-u-rpneg","Endur_vs_Resist","EE-RE","post_15_30_45_min",-0.373661069317446,-0.488541351118359,-0.258780787516533,3.15173198964741e-10,3.21476662944036e-09
"blood","metab","Ketoleucine",NA,"metab-u-rpneg","Endur_vs_Resist","EE-RE","post_15_30_45_min",-0.312148305732087,-0.409329557604469,-0.214967053859706,5.13415986188305e-10,4.76076641738246e-09
"blood","metab","Kynurenine",NA,"metab-u-rppos","Endur_vs_Resist","EE-RE","post_15_30_45_min",-0.210867043682299,-0.296012632759561,-0.125721454605037,1.44126275016916e-06,1.5053188723989e-05
"blood","metab","Leucine",NA,"metab-u-hilicpos","Endur_vs_Resist","EE-RE","post_3.5_4_hr",0.123355218319485,0.0767920275876468,0.169918409051324,2.60767962432223e-07,2.28171967128195e-05
"blood","metab","Valine",NA,"metab-u-hilicpos","Endur_vs_Resist","EE-RE","post_3.5_4_hr",0.09427331739397,0.057590855284136,0.130955779503804,5.78083089601534e-07,4.04658162721074e-05
"blood","metab","Isoleucine",NA,"metab-u-hilicpos","Endur_vs_Resist","EE-RE","post_3.5_4_hr",0.113039650574297,0.0606671404897,0.165412160658894,2.56339968819267e-05,0.000815627173515851
"blood","metab","Kynurenic acid",NA,"metab-u-hilicpos","Endur_vs_Resist","EE-RE","post_3.5_4_hr",-0.227770601164195,-0.388281143862742,-0.0672600584656487,0.00547968454949385,0.0368824921600548
"blood","metab","Lactic acid",NA,"metab-u-ionpneg","Endur_vs_Resist","EE-RE","post_3.5_4_hr",-0.0832142979184596,-0.250862742499716,0.0844341466627969,0.330131073624957,0.622774680134523
"blood","metab","Ketoleucine",NA,"metab-u-rpneg","Endur_vs_Resist","EE-RE","post_3.5_4_hr",0.213998513211916,0.0884565243500995,0.339540502073732,0.000861385586459315,0.00976236997987223
"blood","metab","3-Hydroxybutyric acid",NA,"metab-u-rpneg","Endur_vs_Resist","EE-RE","post_3.5_4_hr",-0.12559656633454,-0.274726091734097,0.0235329590650168,0.0986672849216269,0.304971607939574
"blood","metab","Kynurenine",NA,"metab-u-rppos","Endur_vs_Resist","EE-RE","post_3.5_4_hr",0.124302172964622,0.012902342044952,0.235702003884293,0.028799695508058,0.338396422219682
"blood","metab","Valine",NA,"metab-u-hilicpos","Endur_vs_Resist","EE-RE","post_24_hr",0.0732719225892531,0.0377889818152682,0.108754863363238,5.59855294946907e-05,0.00326582255385696
"blood","metab","Isoleucine",NA,"metab-u-hilicpos","Endur_vs_Resist","EE-RE","post_24_hr",0.0834091773090044,0.0327839239006591,0.13403443071735,0.00127474608465409,0.0297440753085954
"blood","metab","Leucine",NA,"metab-u-hilicpos","Endur_vs_Resist","EE-RE","post_24_hr",0.0426874338256944,-0.00232303549786655,0.0876979031492554,0.0630177502020087,0.262573959175036
"blood","metab","Kynurenic acid",NA,"metab-u-hilicpos","Endur_vs_Resist","EE-RE","post_24_hr",0.0944058917354482,-0.0606650099292793,0.249476793400176,0.232384159678376,0.481268969748116
"blood","metab","Lactic acid",NA,"metab-u-ionpneg","Endur_vs_Resist","EE-RE","post_24_hr",-0.0437017160627029,-0.204398150373633,0.116994718248228,0.593554717961042,0.94082901898567
"blood","metab","Ketoleucine",NA,"metab-u-rpneg","Endur_vs_Resist","EE-RE","post_24_hr",0.114569910061576,-0.00560965002753251,0.234749470150684,0.0616628306474144,0.216883059518492
"blood","metab","3-Hydroxybutyric acid",NA,"metab-u-rpneg","Endur_vs_Resist","EE-RE","post_24_hr",0.0317355572983651,-0.110953084550297,0.174424199147027,0.662474139289517,0.925885135069634
"blood","metab","Kynurenine",NA,"metab-u-rppos","Endur_vs_Resist","EE-RE","post_24_hr",0.155194110178147,0.0497051346925321,0.260683085663763,0.00399213620606397,0.0611281813541664
"muscle","metab","Isoleucine",NA,"metab-u-hilicpos","exercise_with_controls","EE-CON","post_15_30_45_min",0.0873444305911129,-0.0693661427229786,0.244055003905204,0.273389163617734,0.56500427147665
"muscle","metab","Leucine",NA,"metab-u-hilicpos","exercise_with_controls","EE-CON","post_15_30_45_min",0.0718747087562726,-0.0677540394911142,0.211503457003659,0.311643331572577,0.616814035709531
"muscle","metab","Lactic acid",NA,"metab-u-ionpneg","exercise_with_controls","EE-CON","post_15_30_45_min",-0.321475721284084,-0.601055168062119,-0.04189627450605,0.0243820521306209,0.170674364914346
"muscle","metab","Valine",NA,"metab-u-ionpneg","exercise_with_controls","EE-CON","post_15_30_45_min",0.0568626459783346,-0.141621223063783,0.255346515020452,0.573127002869541,0.85877540277949
"muscle","metab","Ketoleucine",NA,"metab-u-rpneg","exercise_with_controls","EE-CON","post_15_30_45_min",0.724632335586012,0.37351704422344,1.07574762694858,6.26141729608294e-05,0.00179493962487711
"muscle","metab","3-Hydroxybutyric acid",NA,"metab-u-rpneg","exercise_with_controls","EE-CON","post_15_30_45_min",0.181649083022805,-0.117721005129854,0.481019171175464,0.233212226007972,0.589821054482047
"muscle","metab","Kynurenine",NA,"metab-u-rppos","exercise_with_controls","EE-CON","post_15_30_45_min",-0.0699749265217022,-0.279109693552232,0.139159840508828,0.510636730866542,0.777666947925192
"muscle","metab","Leucine",NA,"metab-u-hilicpos","exercise_with_controls","EE-CON","post_3.5_4_hr",-0.0916687834373917,-0.244596197081281,0.0612586302064979,0.238911225718546,0.982909658139927
"muscle","metab","Isoleucine",NA,"metab-u-hilicpos","exercise_with_controls","EE-CON","post_3.5_4_hr",-0.0588041096554761,-0.230313526022852,0.1127053067119,0.500172297140411,0.992915439662266
"muscle","metab","Lactic acid",NA,"metab-u-ionpneg","exercise_with_controls","EE-CON","post_3.5_4_hr",-0.273554119895845,-0.573625645682793,0.026517405891103,0.0738066302764388,0.534306557621182
"muscle","metab","Valine",NA,"metab-u-ionpneg","exercise_with_controls","EE-CON","post_3.5_4_hr",0.0229614464360992,-0.190654023165229,0.236576916037428,0.832544373513739,0.98686679451935
"muscle","metab","3-Hydroxybutyric acid",NA,"metab-u-rpneg","exercise_with_controls","EE-CON","post_3.5_4_hr",0.465150950218064,0.147043594963223,0.783258305472905,0.00432044002168655,0.185778920932522
"muscle","metab","Ketoleucine",NA,"metab-u-rpneg","exercise_with_controls","EE-CON","post_3.5_4_hr",-0.0440286272581538,-0.415844953337927,0.32778769882162,0.81589491859465,0.986702353911112
"muscle","metab","Kynurenine",NA,"metab-u-rppos","exercise_with_controls","EE-CON","post_3.5_4_hr",0.0252475099536689,-0.200324716974343,0.250819736881681,0.825780908334887,0.963836502974127
"muscle","metab","Isoleucine",NA,"metab-u-hilicpos","exercise_with_controls","EE-CON","post_24_hr",-0.107457894400646,-0.263046579221203,0.0481307904199107,0.174987398614806,0.47736562342119
"muscle","metab","Leucine",NA,"metab-u-hilicpos","exercise_with_controls","EE-CON","post_24_hr",-0.0398768494512218,-0.178524585228012,0.0987708863255681,0.571589761650547,0.866276038768162
"muscle","metab","Lactic acid",NA,"metab-u-ionpneg","exercise_with_controls","EE-CON","post_24_hr",-0.46972888074318,-0.738795980201062,-0.200661781285297,0.000682446453636511,0.0477712517545558
"muscle","metab","Valine",NA,"metab-u-ionpneg","exercise_with_controls","EE-CON","post_24_hr",0.0121033777120374,-0.17884237440538,0.203049129829455,0.900756431086898,0.934919290040965
"muscle","metab","Ketoleucine",NA,"metab-u-rpneg","exercise_with_controls","EE-CON","post_24_hr",-0.29838365867624,-0.632948145844625,0.0361808284921448,0.080257625158077,0.854230136962002
"muscle","metab","3-Hydroxybutyric acid",NA,"metab-u-rpneg","exercise_with_controls","EE-CON","post_24_hr",0.204777933688515,-0.0800714466594468,0.489627314036477,0.158059581493528,0.854230136962002
"muscle","metab","Kynurenine",NA,"metab-u-rppos","exercise_with_controls","EE-CON","post_24_hr",-0.147759416423614,-0.349901833408801,0.0543830005615719,0.151278410898065,0.558295212940425
"muscle","metab","Leucine",NA,"metab-u-hilicpos","exercise_with_controls","RE-CON","post_15_30_45_min",-0.0753393149464543,-0.211205492456513,0.0605268625636046,0.275824786794438,0.552571509645299
"muscle","metab","Isoleucine",NA,"metab-u-hilicpos","exercise_with_controls","RE-CON","post_15_30_45_min",-0.058435297135599,-0.210933635611203,0.0940630413400053,0.451153539413172,0.702481081917313
"muscle","metab","Valine",NA,"metab-u-ionpneg","exercise_with_controls","RE-CON","post_15_30_45_min",-0.164731132440785,-0.355368693325748,0.0259064284441774,0.0900289573397833,0.190970515569237
"muscle","metab","Lactic acid",NA,"metab-u-ionpneg","exercise_with_controls","RE-CON","post_15_30_45_min",0.113502772393268,-0.155186828049585,0.382192372836121,0.406285649149948,0.605106285968008
"muscle","metab","Ketoleucine",NA,"metab-u-rpneg","exercise_with_controls","RE-CON","post_15_30_45_min",1.05489614476287,0.714761922688268,1.39503036683748,3.31589375363179e-09,1.42583431406167e-07
"muscle","metab","3-Hydroxybutyric acid",NA,"metab-u-rpneg","exercise_with_controls","RE-CON","post_15_30_45_min",0.458238285060041,0.168797734434258,0.747678835685824,0.00203361851039689,0.0291485319823555
"muscle","metab","Kynurenine",NA,"metab-u-rppos","exercise_with_controls","RE-CON","post_15_30_45_min",-0.016137894813081,-0.218672837488486,0.186397047862324,0.87546419127388,0.948396970949024
"muscle","metab","Leucine",NA,"metab-u-hilicpos","exercise_with_controls","RE-CON","post_3.5_4_hr",-0.323915418201796,-0.471133118361692,-0.176697718041901,2.12002658398832e-05,0.00277033719359469
"muscle","metab","Isoleucine",NA,"metab-u-hilicpos","exercise_with_controls","RE-CON","post_3.5_4_hr",-0.305681375146527,-0.470777402579133,-0.140585347713922,0.000322087919410281,0.0209871100406719
"muscle","metab","Lactic acid",NA,"metab-u-ionpneg","exercise_with_controls","RE-CON","post_3.5_4_hr",-0.260954749371837,-0.549584996634897,0.0276754978912223,0.076200472445428,0.758346417846076
"muscle","metab","Valine",NA,"metab-u-ionpneg","exercise_with_controls","RE-CON","post_3.5_4_hr",-0.140568228827206,-0.345864942893647,0.0647284852392344,0.178743960798479,0.784283259634366
"muscle","metab","3-Hydroxybutyric acid",NA,"metab-u-rpneg","exercise_with_controls","RE-CON","post_3.5_4_hr",0.439323920275573,0.133037221738386,0.74561061881276,0.00510759790911551,0.219626710091967
"muscle","metab","Ketoleucine",NA,"metab-u-rpneg","exercise_with_controls","RE-CON","post_3.5_4_hr",-0.111318793277803,-0.46951508928126,0.246877502725654,0.541269943828257,0.895177214792887
"muscle","metab","Kynurenine",NA,"metab-u-rppos","exercise_with_controls","RE-CON","post_3.5_4_hr",0.182629601158784,-0.0344216819488904,0.399680884266458,0.0987804451332027,0.819877694605582
"muscle","metab","Isoleucine",NA,"metab-u-hilicpos","exercise_with_controls","RE-CON","post_24_hr",-0.413001112628066,-0.565628426073494,-0.260373799182639,2.18702600918553e-07,3.72887934566133e-05
"muscle","metab","Leucine",NA,"metab-u-hilicpos","exercise_with_controls","RE-CON","post_24_hr",-0.234112357556064,-0.370123037450007,-0.0981016776621223,0.00081211257325732,0.0244955451599817
"muscle","metab","Lactic acid",NA,"metab-u-ionpneg","exercise_with_controls","RE-CON","post_24_hr",-0.375479028676878,-0.640862926713917,-0.11009513063984,0.00572805324741961,0.127292463973394
"muscle","metab","Valine",NA,"metab-u-ionpneg","exercise_with_controls","RE-CON","post_24_hr",-0.21556676673778,-0.403811978066703,-0.027321555408857,0.0249752873638778,0.21853376443393
"muscle","metab","Ketoleucine",NA,"metab-u-rpneg","exercise_with_controls","RE-CON","post_24_hr",-0.203465299058227,-0.533634700842525,0.126704102726072,0.226155909631024,0.875037552046619
"muscle","metab","3-Hydroxybutyric acid",NA,"metab-u-rpneg","exercise_with_controls","RE-CON","post_24_hr",0.135827402455089,-0.145067508661781,0.416722313571958,0.34183590167052,0.937585433999174
"muscle","metab","Kynurenine",NA,"metab-u-rppos","exercise_with_controls","RE-CON","post_24_hr",-0.0595911304619463,-0.259000072169063,0.13981781124517,0.556791869431282,0.915123270550425
"muscle","metab","Leucine",NA,"metab-u-hilicpos","Endur_vs_Resist","EE-RE","post_15_30_45_min",0.147214023702727,0.0285273512489533,0.2659006961565,0.0152646155109923,0.104104677784967
"muscle","metab","Isoleucine",NA,"metab-u-hilicpos","Endur_vs_Resist","EE-RE","post_15_30_45_min",0.145779727726712,0.0125786871249514,0.278980768328472,0.0320777278430447,0.179319757286529
"muscle","metab","Lactic acid",NA,"metab-u-ionpneg","Endur_vs_Resist","EE-RE","post_15_30_45_min",-0.434978493677352,-0.676028876924437,-0.193928110430268,0.000450578577669942,0.003942562554612
"muscle","metab","Valine",NA,"metab-u-ionpneg","Endur_vs_Resist","EE-RE","post_15_30_45_min",0.22159377841912,0.0504165093208018,0.392771047517438,0.0113789661451426,0.056894830725713
"muscle","metab","Ketoleucine",NA,"metab-u-rpneg","Endur_vs_Resist","EE-RE","post_15_30_45_min",-0.330263809176863,-0.628850876446349,-0.0316767419073763,0.0302880592160296,0.31681760802362
"muscle","metab","3-Hydroxybutyric acid",NA,"metab-u-rpneg","Endur_vs_Resist","EE-RE","post_15_30_45_min",-0.276589202037236,-0.530897060151969,-0.0222813439225032,0.0331553310722393,0.31681760802362
"muscle","metab","Kynurenine",NA,"metab-u-rppos","Endur_vs_Resist","EE-RE","post_15_30_45_min",-0.0538370317086212,-0.234572960888739,0.126898897471497,0.558078252067731,0.806580102389546
"muscle","metab","Leucine",NA,"metab-u-hilicpos","Endur_vs_Resist","EE-RE","post_3.5_4_hr",0.232246634764405,0.112857410587288,0.351635858941521,0.000161206001011153,0.0274856231724016
"muscle","metab","Isoleucine",NA,"metab-u-hilicpos","Endur_vs_Resist","EE-RE","post_3.5_4_hr",0.246877265491051,0.112936023449541,0.380818507532561,0.000342772250212125,0.0389617791074449
"muscle","metab","Valine",NA,"metab-u-ionpneg","Endur_vs_Resist","EE-RE","post_3.5_4_hr",0.163529675263305,-0.00406498769167524,0.331124338218286,0.0557781127751022,0.780893578851431
"muscle","metab","Lactic acid",NA,"metab-u-ionpneg","Endur_vs_Resist","EE-RE","post_3.5_4_hr",-0.0125993705240077,-0.248418625501487,0.223219884453472,0.916302921838997,0.948231466411424
"muscle","metab","Ketoleucine",NA,"metab-u-rpneg","Endur_vs_Resist","EE-RE","post_3.5_4_hr",0.0672901660196494,-0.22566280510359,0.360243137142889,0.651562444620181,0.803560602676725
"muscle","metab","3-Hydroxybutyric acid",NA,"metab-u-rpneg","Endur_vs_Resist","EE-RE","post_3.5_4_hr",0.0258270299424908,-0.224280755614495,0.275934815499476,0.839011606291253,0.924288432348463
"muscle","metab","Kynurenine",NA,"metab-u-rppos","Endur_vs_Resist","EE-RE","post_3.5_4_hr",-0.157382091205115,-0.334569702819067,0.019805520408838,0.0814815891831357,0.987256924094847
"muscle","metab","Isoleucine",NA,"metab-u-hilicpos","Endur_vs_Resist","EE-RE","post_24_hr",0.30554321822742,0.178812443916074,0.432273992538766,3.46004227188244e-06,0.000589937207355956
"muscle","metab","Leucine",NA,"metab-u-hilicpos","Endur_vs_Resist","EE-RE","post_24_hr",0.194235508104843,0.0813484229243821,0.307122593285303,0.000816666527278925,0.015471293655673
"muscle","metab","Valine",NA,"metab-u-ionpneg","Endur_vs_Resist","EE-RE","post_24_hr",0.227670144449817,0.0685531532045515,0.386787135695083,0.00521621010730997,0.221448973076464
"muscle","metab","Lactic acid",NA,"metab-u-ionpneg","Endur_vs_Resist","EE-RE","post_24_hr",-0.0942498520663015,-0.318532254488828,0.130032550356225,0.408729634993891,0.749857980565661
"muscle","metab","Ketoleucine",NA,"metab-u-rpneg","Endur_vs_Resist","EE-RE","post_24_hr",-0.0949183596180134,-0.373685653076884,0.183848933840857,0.503284382030347,0.964893725907347
"muscle","metab","3-Hydroxybutyric acid",NA,"metab-u-rpneg","Endur_vs_Resist","EE-RE","post_24_hr",0.0689505312334262,-0.168194015567634,0.306095078034487,0.567404184658539,0.964893725907347
"muscle","metab","Kynurenine",NA,"metab-u-rppos","Endur_vs_Resist","EE-RE","post_24_hr",-0.0881682859616681,-0.256599631688863,0.0802630597655269,0.303662345066692,0.840132488017848
