"assay","feature_id","tissue","full_model","contrast","contrast_short","contrast_type","contrast_category","randomGroupCode","Timepoint","logFC","CI.L_calculated","CI.R_calculated","degrees_of_freedom","logLik","t","AveExpr","z.std","p_value","adj_p_value","entrez_gene","gene_symbol","ensembl_gene","uniprot","refmet_name","refmet_id","kegg_id","custom_annotation","relationship_to_gene","flanking_sequence"
"transcript-rna-seq","ENSG00000006210.7","muscle","~ 0 + group_timepoint +  Batch + BMI + calculatedAge + codedsiteid + pct_umi_dup + RIN + Sex + (1 | pid)","group_timepointADUEndur.post_15_30_45_min - group_timepointADUEndur.pre_exercise - group_timepointADUControl.post_15_30_45_min + group_timepointADUControl.pre_exercise","Endur.post_15_30_45_min - Control.post_15_30_45_min (delta-delta)","exercise_with_controls","EE-CON","ADUEndur","post_15_30_45_min",3.62605042265678,3.27631629983293,3.97578454548064,263.129401774916,-341.546512460384,20.4098405755052,3.18067417979707,15.9402162586385,3.33198728078686e-57,5.50077780185103e-53,"6376","CX3CL1","ENSG00000006210",NA,NA,NA,NA,NA,NA,NA
"transcript-rna-seq","ENSG00000006210.7","muscle","~ 0 + group_timepoint +  Batch + BMI + calculatedAge + codedsiteid + pct_umi_dup + RIN + Sex + (1 | pid)","group_timepointADUResist.post_15_30_45_min - group_timepointADUResist.pre_exercise - group_timepointADUControl.post_15_30_45_min + group_timepointADUControl.pre_exercise","Resist.post_15_30_45_min - Control.post_15_30_45_min (delta-delta)","exercise_with_controls","RE-CON","ADUResist","post_15_30_45_min",2.58539303862504,2.24158143033715,2.92920464691294,263.129401774916,-341.546512460384,14.8038182147977,3.18067417979707,12.6810207845617,7.53441974115981e-37,1.55482169383509e-33,"6376","CX3CL1","ENSG00000006210",NA,NA,NA,NA,NA,NA,NA
"transcript-rna-seq","ENSG00000006210.7","muscle","~ 0 + group_timepoint +  Batch + BMI + calculatedAge + codedsiteid + pct_umi_dup + RIN + Sex + (1 | pid)","group_timepointADUEndur.post_3.5_4_hr - group_timepointADUEndur.pre_exercise - group_timepointADUControl.post_3.5_4_hr + group_timepointADUControl.pre_exercise","Endur.post_3.5_4_hr - Control.post_3.5_4_hr (delta-delta)","exercise_with_controls","EE-CON","ADUEndur","post_3.5_4_hr",0.536484088624811,0.159574205283088,0.913393971966534,263.129401774916,-341.546512460384,2.8021440407346,3.18067417979707,2.77983730672207,0.00543861384568715,0.0416447476708948,"6376","CX3CL1","ENSG00000006210",NA,NA,NA,NA,NA,NA,NA
"transcript-rna-seq","ENSG00000006210.7","muscle","~ 0 + group_timepoint +  Batch + BMI + calculatedAge + codedsiteid + pct_umi_dup + RIN + Sex + (1 | pid)","group_timepointADUResist.post_24_hr - group_timepointADUResist.pre_exercise - group_timepointADUControl.post_24_hr + group_timepointADUControl.pre_exercise","Resist.post_24_hr - Control.post_24_hr (delta-delta)","exercise_with_controls","RE-CON","ADUResist","post_24_hr",-0.171985721380723,-0.50421694395622,0.160245501194775,263.129401774916,-341.546512460384,-1.01915232283924,3.18067417979707,-1.01724398385089,0.309037376977201,0.54989200867823,"6376","CX3CL1","ENSG00000006210",NA,NA,NA,NA,NA,NA,NA
"transcript-rna-seq","ENSG00000006210.7","muscle","~ 0 + group_timepoint +  Batch + BMI + calculatedAge + codedsiteid + pct_umi_dup + RIN + Sex + (1 | pid)","group_timepointADUResist.post_3.5_4_hr - group_timepointADUResist.pre_exercise - group_timepointADUControl.post_3.5_4_hr + group_timepointADUControl.pre_exercise","Resist.post_3.5_4_hr - Control.post_3.5_4_hr (delta-delta)","exercise_with_controls","RE-CON","ADUResist","post_3.5_4_hr",0.282633232393965,-0.0853989568127586,0.650665421600689,263.129401774916,-341.546512460384,1.51193551165871,3.18067417979707,1.50736232737433,0.131717809617627,0.251287983210983,"6376","CX3CL1","ENSG00000006210",NA,NA,NA,NA,NA,NA,NA
"transcript-rna-seq","ENSG00000006210.7","muscle","~ 0 + group_timepoint +  Batch + BMI + calculatedAge + codedsiteid + pct_umi_dup + RIN + Sex + (1 | pid)","group_timepointADUEndur.post_24_hr - group_timepointADUEndur.pre_exercise - group_timepointADUControl.post_24_hr + group_timepointADUControl.pre_exercise","Endur.post_24_hr - Control.post_24_hr (delta-delta)","exercise_with_controls","EE-CON","ADUEndur","post_24_hr",0.127376763356873,-0.208772736035723,0.463526262749469,263.129401774916,-341.546512460384,0.745955703294601,3.18067417979707,0.744905960040592,0.456328571859426,0.759577317074328,"6376","CX3CL1","ENSG00000006210",NA,NA,NA,NA,NA,NA,NA
"transcript-rna-seq","ENSG00000064393.16","muscle","~ 0 + group_timepoint +  Batch + BMI + calculatedAge + codedsiteid + pct_umi_dup + RIN + Sex + (1 | pid)","group_timepointADUEndur.post_15_30_45_min - group_timepointADUEndur.pre_exercise - group_timepointADUControl.post_15_30_45_min + group_timepointADUControl.pre_exercise","Endur.post_15_30_45_min - Control.post_15_30_45_min (delta-delta)","exercise_with_controls","EE-CON","ADUEndur","post_15_30_45_min",-0.0665228776139832,-0.241529891687029,0.108484136459062,294.697756558424,-74.0178315088786,-0.748135689279792,6.98169957463554,-0.747130586801153,0.454984738726617,0.786362826885778,"28996","HIPK2","ENSG00000064393",NA,NA,NA,NA,NA,NA,NA
"transcript-rna-seq","ENSG00000064393.16","muscle","~ 0 + group_timepoint +  Batch + BMI + calculatedAge + codedsiteid + pct_umi_dup + RIN + Sex + (1 | pid)","group_timepointADUResist.post_24_hr - group_timepointADUResist.pre_exercise - group_timepointADUControl.post_24_hr + group_timepointADUControl.pre_exercise","Resist.post_24_hr - Control.post_24_hr (delta-delta)","exercise_with_controls","RE-CON","ADUResist","post_24_hr",0.467068694888864,0.298971542617864,0.635165847159864,294.697756558424,-74.0178315088786,5.46898441280208,6.98169957463554,5.32920101493,9.86457682566192e-08,3.37172461314395e-06,"28996","HIPK2","ENSG00000064393",NA,NA,NA,NA,NA,NA,NA
"transcript-rna-seq","ENSG00000064393.16","muscle","~ 0 + group_timepoint +  Batch + BMI + calculatedAge + codedsiteid + pct_umi_dup + RIN + Sex + (1 | pid)","group_timepointADUResist.post_15_30_45_min - group_timepointADUResist.pre_exercise - group_timepointADUControl.post_15_30_45_min + group_timepointADUControl.pre_exercise","Resist.post_15_30_45_min - Control.post_15_30_45_min (delta-delta)","exercise_with_controls","RE-CON","ADUResist","post_15_30_45_min",-0.131113008104877,-0.300883515064282,0.0386574988545284,294.697756558424,-74.0178315088786,-1.52006390651208,6.98169957463554,-1.51570971556197,0.129592769877915,0.479010255595732,"28996","HIPK2","ENSG00000064393",NA,NA,NA,NA,NA,NA,NA
"transcript-rna-seq","ENSG00000064393.16","muscle","~ 0 + group_timepoint +  Batch + BMI + calculatedAge + codedsiteid + pct_umi_dup + RIN + Sex + (1 | pid)","group_timepointADUEndur.post_3.5_4_hr - group_timepointADUEndur.pre_exercise - group_timepointADUControl.post_3.5_4_hr + group_timepointADUControl.pre_exercise","Endur.post_3.5_4_hr - Control.post_3.5_4_hr (delta-delta)","exercise_with_controls","EE-CON","ADUEndur","post_3.5_4_hr",-0.0234674945299007,-0.206815724491584,0.159880735431783,294.697756558424,-74.0178315088786,-0.251887422661937,6.98169957463554,-0.251662681264962,0.801301804759122,0.920481191603618,"28996","HIPK2","ENSG00000064393",NA,NA,NA,NA,NA,NA,NA
"transcript-rna-seq","ENSG00000064393.16","muscle","~ 0 + group_timepoint +  Batch + BMI + calculatedAge + codedsiteid + pct_umi_dup + RIN + Sex + (1 | pid)","group_timepointADUEndur.post_24_hr - group_timepointADUEndur.pre_exercise - group_timepointADUControl.post_24_hr + group_timepointADUControl.pre_exercise","Endur.post_24_hr - Control.post_24_hr (delta-delta)","exercise_with_controls","EE-CON","ADUEndur","post_24_hr",-0.0262571948500998,-0.197441647521299,0.144927257821099,294.697756558424,-74.0178315088786,-0.30188974580994,6.98169957463554,-0.301605920991593,0.762952493781195,0.923768442965438,"28996","HIPK2","ENSG00000064393",NA,NA,NA,NA,NA,NA,NA
"transcript-rna-seq","ENSG00000064393.16","muscle","~ 0 + group_timepoint +  Batch + BMI + calculatedAge + codedsiteid + pct_umi_dup + RIN + Sex + (1 | pid)","group_timepointADUResist.post_3.5_4_hr - group_timepointADUResist.pre_exercise - group_timepointADUControl.post_3.5_4_hr + group_timepointADUControl.pre_exercise","Resist.post_3.5_4_hr - Control.post_3.5_4_hr (delta-delta)","exercise_with_controls","RE-CON","ADUResist","post_3.5_4_hr",0.252456864836629,0.0766694571946133,0.428244272478644,294.697756558424,-74.0178315088786,2.82644079737905,6.98169957463554,2.80512655394705,0.0050296827414008,0.0181378401873713,"28996","HIPK2","ENSG00000064393",NA,NA,NA,NA,NA,NA,NA
"transcript-rna-seq","ENSG00000083123.15","muscle","~ 0 + group_timepoint +  Batch + BMI + calculatedAge + codedsiteid + pct_umi_dup + RIN + Sex + (1 | pid)","group_timepointADUEndur.post_15_30_45_min - group_timepointADUEndur.pre_exercise - group_timepointADUControl.post_15_30_45_min + group_timepointADUControl.pre_exercise","Endur.post_15_30_45_min - Control.post_15_30_45_min (delta-delta)","exercise_with_controls","EE-CON","ADUEndur","post_15_30_45_min",-0.103611309209114,-0.298975522858612,0.0917529044403845,238.047404073553,-171.092978090011,-1.0443685326461,2.04140082758347,-1.04225566394532,0.297293161841074,0.673200219071662,"594","BCKDHB","ENSG00000083123",NA,NA,NA,NA,NA,NA,NA
"transcript-rna-seq","ENSG00000083123.15","muscle","~ 0 + group_timepoint +  Batch + BMI + calculatedAge + codedsiteid + pct_umi_dup + RIN + Sex + (1 | pid)","group_timepointADUResist.post_3.5_4_hr - group_timepointADUResist.pre_exercise - group_timepointADUControl.post_3.5_4_hr + group_timepointADUControl.pre_exercise","Resist.post_3.5_4_hr - Control.post_3.5_4_hr (delta-delta)","exercise_with_controls","RE-CON","ADUResist","post_3.5_4_hr",-0.0514614582907602,-0.251170565572938,0.148247648991418,238.047404073553,-171.092978090011,-0.507438071080939,2.04140082758347,-0.506817605217,0.612282802390987,0.746101032231532,"594","BCKDHB","ENSG00000083123",NA,NA,NA,NA,NA,NA,NA
"transcript-rna-seq","ENSG00000083123.15","muscle","~ 0 + group_timepoint +  Batch + BMI + calculatedAge + codedsiteid + pct_umi_dup + RIN + Sex + (1 | pid)","group_timepointADUResist.post_24_hr - group_timepointADUResist.pre_exercise - group_timepointADUControl.post_24_hr + group_timepointADUControl.pre_exercise","Resist.post_24_hr - Control.post_24_hr (delta-delta)","exercise_with_controls","RE-CON","ADUResist","post_24_hr",-0.261041650323393,-0.452828898489934,-0.0692544021568526,238.047404073553,-171.092978090011,-2.68071067833102,2.04140082758347,-2.65904396551875,0.00783627363132619,0.0399287164751741,"594","BCKDHB","ENSG00000083123",NA,NA,NA,NA,NA,NA,NA
"transcript-rna-seq","ENSG00000083123.15","muscle","~ 0 + group_timepoint +  Batch + BMI + calculatedAge + codedsiteid + pct_umi_dup + RIN + Sex + (1 | pid)","group_timepointADUEndur.post_3.5_4_hr - group_timepointADUEndur.pre_exercise - group_timepointADUControl.post_3.5_4_hr + group_timepointADUControl.pre_exercise","Endur.post_3.5_4_hr - Control.post_3.5_4_hr (delta-delta)","exercise_with_controls","EE-CON","ADUEndur","post_3.5_4_hr",-0.0182939002741231,-0.222672736914387,0.186084936366141,238.047404073553,-171.092978090011,-0.176265473735218,2.04140082758347,-0.176088878609632,0.860224117990284,0.94555834867832,"594","BCKDHB","ENSG00000083123",NA,NA,NA,NA,NA,NA,NA
"transcript-rna-seq","ENSG00000083123.15","muscle","~ 0 + group_timepoint +  Batch + BMI + calculatedAge + codedsiteid + pct_umi_dup + RIN + Sex + (1 | pid)","group_timepointADUResist.post_15_30_45_min - group_timepointADUResist.pre_exercise - group_timepointADUControl.post_15_30_45_min + group_timepointADUControl.pre_exercise","Resist.post_15_30_45_min - Control.post_15_30_45_min (delta-delta)","exercise_with_controls","RE-CON","ADUResist","post_15_30_45_min",-0.0865737034988756,-0.275944803657056,0.102797396659304,238.047404073553,-171.092978090011,-0.900272244947799,2.04140082758347,-0.898686593316037,0.368819620052889,0.731392565459836,"594","BCKDHB","ENSG00000083123",NA,NA,NA,NA,NA,NA,NA
"transcript-rna-seq","ENSG00000083123.15","muscle","~ 0 + group_timepoint +  Batch + BMI + calculatedAge + codedsiteid + pct_umi_dup + RIN + Sex + (1 | pid)","group_timepointADUEndur.post_24_hr - group_timepointADUEndur.pre_exercise - group_timepointADUControl.post_24_hr + group_timepointADUControl.pre_exercise","Endur.post_24_hr - Control.post_24_hr (delta-delta)","exercise_with_controls","EE-CON","ADUEndur","post_24_hr",0.331382575698731,0.143157861383449,0.519607290014014,238.047404073553,-171.092978090011,3.46712688525525,2.04140082758347,3.42388084014038,0.000617336837698156,0.0134276862365729,"594","BCKDHB","ENSG00000083123",NA,NA,NA,NA,NA,NA,NA
"transcript-rna-seq","ENSG00000092969.12","muscle","~ 0 + group_timepoint +  Batch + BMI + calculatedAge + codedsiteid + pct_umi_dup + RIN + Sex + (1 | pid)","group_timepointADUResist.post_3.5_4_hr - group_timepointADUResist.pre_exercise - group_timepointADUControl.post_3.5_4_hr + group_timepointADUControl.pre_exercise","Resist.post_3.5_4_hr - Control.post_3.5_4_hr (delta-delta)","exercise_with_controls","RE-CON","ADUResist","post_3.5_4_hr",2.05414113388106,1.6711976346742,2.43708463308792,291.202723737441,-365.140871943005,10.5559297566545,3.16371781288886,9.72744067772647,2.30314647154683e-22,3.04181160790133e-20,"7042","TGFB2","ENSG00000092969",NA,NA,NA,NA,NA,NA,NA
"transcript-rna-seq","ENSG00000092969.12","muscle","~ 0 + group_timepoint +  Batch + BMI + calculatedAge + codedsiteid + pct_umi_dup + RIN + Sex + (1 | pid)","group_timepointADUResist.post_24_hr - group_timepointADUResist.pre_exercise - group_timepointADUControl.post_24_hr + group_timepointADUControl.pre_exercise","Resist.post_24_hr - Control.post_24_hr (delta-delta)","exercise_with_controls","RE-CON","ADUResist","post_24_hr",0.516334728794281,0.152209013039518,0.880460444549043,291.202723737441,-365.140871943005,2.79065723584346,3.16371781288886,2.77023383111983,0.00560160624118548,0.0306683825247298,"7042","TGFB2","ENSG00000092969",NA,NA,NA,NA,NA,NA,NA
"transcript-rna-seq","ENSG00000092969.12","muscle","~ 0 + group_timepoint +  Batch + BMI + calculatedAge + codedsiteid + pct_umi_dup + RIN + Sex + (1 | pid)","group_timepointADUEndur.post_3.5_4_hr - group_timepointADUEndur.pre_exercise - group_timepointADUControl.post_3.5_4_hr + group_timepointADUControl.pre_exercise","Endur.post_3.5_4_hr - Control.post_3.5_4_hr (delta-delta)","exercise_with_controls","EE-CON","ADUEndur","post_3.5_4_hr",0.209990731044694,-0.205624447716312,0.625605909805699,291.202723737441,-365.140871943005,0.994277182806803,3.16371781288886,0.992636838683508,0.320886965420988,0.601171460750691,"7042","TGFB2","ENSG00000092969",NA,NA,NA,NA,NA,NA,NA
"transcript-rna-seq","ENSG00000092969.12","muscle","~ 0 + group_timepoint +  Batch + BMI + calculatedAge + codedsiteid + pct_umi_dup + RIN + Sex + (1 | pid)","group_timepointADUEndur.post_15_30_45_min - group_timepointADUEndur.pre_exercise - group_timepointADUControl.post_15_30_45_min + group_timepointADUControl.pre_exercise","Endur.post_15_30_45_min - Control.post_15_30_45_min (delta-delta)","exercise_with_controls","EE-CON","ADUEndur","post_15_30_45_min",0.211104586656918,-0.188546632944164,0.610755806258001,291.202723737441,-365.140871943005,1.03951520104281,3.16371781288886,1.03770523400394,0.299407307467411,0.675077197347649,"7042","TGFB2","ENSG00000092969",NA,NA,NA,NA,NA,NA,NA
"transcript-rna-seq","ENSG00000092969.12","muscle","~ 0 + group_timepoint +  Batch + BMI + calculatedAge + codedsiteid + pct_umi_dup + RIN + Sex + (1 | pid)","group_timepointADUEndur.post_24_hr - group_timepointADUEndur.pre_exercise - group_timepointADUControl.post_24_hr + group_timepointADUControl.pre_exercise","Endur.post_24_hr - Control.post_24_hr (delta-delta)","exercise_with_controls","EE-CON","ADUEndur","post_24_hr",-0.2549239252088,-0.640352158322532,0.130504307904932,291.202723737441,-365.140871943005,-1.30163987610066,3.16371781288886,-1.29869231697405,0.194049541817447,0.518627794376595,"7042","TGFB2","ENSG00000092969",NA,NA,NA,NA,NA,NA,NA
"transcript-rna-seq","ENSG00000092969.12","muscle","~ 0 + group_timepoint +  Batch + BMI + calculatedAge + codedsiteid + pct_umi_dup + RIN + Sex + (1 | pid)","group_timepointADUResist.post_15_30_45_min - group_timepointADUResist.pre_exercise - group_timepointADUControl.post_15_30_45_min + group_timepointADUControl.pre_exercise","Resist.post_15_30_45_min - Control.post_15_30_45_min (delta-delta)","exercise_with_controls","RE-CON","ADUResist","post_15_30_45_min",0.123749520578893,-0.266138315122743,0.513637356280528,291.202723737441,-365.140871943005,0.624673210136792,3.16371781288886,0.623931477058106,0.53267258723491,0.829768988739491,"7042","TGFB2","ENSG00000092969",NA,NA,NA,NA,NA,NA,NA
"transcript-rna-seq","ENSG00000103507.14","muscle","~ 0 + group_timepoint +  Batch + BMI + calculatedAge + codedsiteid + pct_umi_dup + RIN + Sex + (1 | pid)","group_timepointADUEndur.post_15_30_45_min - group_timepointADUEndur.pre_exercise - group_timepointADUControl.post_15_30_45_min + group_timepointADUControl.pre_exercise","Endur.post_15_30_45_min - Control.post_15_30_45_min (delta-delta)","exercise_with_controls","EE-CON","ADUEndur","post_15_30_45_min",-0.0454812111472815,-0.151321116684118,0.0603586943895545,228.326420465699,35.5540837056308,-0.846498617405953,5.61608807153743,-0.844987353354912,0.398117900091127,0.74886055149472,"10295","BCKDK","ENSG00000103507",NA,NA,NA,NA,NA,NA,NA
"transcript-rna-seq","ENSG00000103507.14","muscle","~ 0 + group_timepoint +  Batch + BMI + calculatedAge + codedsiteid + pct_umi_dup + RIN + Sex + (1 | pid)","group_timepointADUEndur.post_24_hr - group_timepointADUEndur.pre_exercise - group_timepointADUControl.post_24_hr + group_timepointADUControl.pre_exercise","Endur.post_24_hr - Control.post_24_hr (delta-delta)","exercise_with_controls","EE-CON","ADUEndur","post_24_hr",-0.00350570147530593,-0.106915498182385,0.099904095231773,228.326420465699,35.5540837056308,-0.0667815741985329,5.61608807153743,-0.0667117447171116,0.946811184210829,0.987599923654293,"10295","BCKDK","ENSG00000103507",NA,NA,NA,NA,NA,NA,NA
"transcript-rna-seq","ENSG00000103507.14","muscle","~ 0 + group_timepoint +  Batch + BMI + calculatedAge + codedsiteid + pct_umi_dup + RIN + Sex + (1 | pid)","group_timepointADUResist.post_24_hr - group_timepointADUResist.pre_exercise - group_timepointADUControl.post_24_hr + group_timepointADUControl.pre_exercise","Resist.post_24_hr - Control.post_24_hr (delta-delta)","exercise_with_controls","RE-CON","ADUResist","post_24_hr",-0.048267092793246,-0.149318390514501,0.0527842049280091,228.326420465699,35.5540837056308,-0.940962953489364,5.61608807153743,-0.939101963704513,0.347678396158329,0.590638263241186,"10295","BCKDK","ENSG00000103507",NA,NA,NA,NA,NA,NA,NA
"transcript-rna-seq","ENSG00000103507.14","muscle","~ 0 + group_timepoint +  Batch + BMI + calculatedAge + codedsiteid + pct_umi_dup + RIN + Sex + (1 | pid)","group_timepointADUResist.post_3.5_4_hr - group_timepointADUResist.pre_exercise - group_timepointADUControl.post_3.5_4_hr + group_timepointADUControl.pre_exercise","Resist.post_3.5_4_hr - Control.post_3.5_4_hr (delta-delta)","exercise_with_controls","RE-CON","ADUResist","post_3.5_4_hr",0.011510932326896,-0.0951549813801636,0.118176846033956,228.326420465699,35.5540837056308,0.212579247112899,5.61608807153743,0.212348736723926,0.831834975874313,0.898741074391952,"10295","BCKDK","ENSG00000103507",NA,NA,NA,NA,NA,NA,NA
"transcript-rna-seq","ENSG00000103507.14","muscle","~ 0 + group_timepoint +  Batch + BMI + calculatedAge + codedsiteid + pct_umi_dup + RIN + Sex + (1 | pid)","group_timepointADUResist.post_15_30_45_min - group_timepointADUResist.pre_exercise - group_timepointADUControl.post_15_30_45_min + group_timepointADUControl.pre_exercise","Resist.post_15_30_45_min - Control.post_15_30_45_min (delta-delta)","exercise_with_controls","RE-CON","ADUResist","post_15_30_45_min",0.000853530130445534,-0.101681389590418,0.103388449851309,228.326420465699,35.5540837056308,0.0163983193988271,5.61608807153743,0.0163811753139625,0.98693029765878,0.997314869887542,"10295","BCKDK","ENSG00000103507",NA,NA,NA,NA,NA,NA,NA
"transcript-rna-seq","ENSG00000103507.14","muscle","~ 0 + group_timepoint +  Batch + BMI + calculatedAge + codedsiteid + pct_umi_dup + RIN + Sex + (1 | pid)","group_timepointADUEndur.post_3.5_4_hr - group_timepointADUEndur.pre_exercise - group_timepointADUControl.post_3.5_4_hr + group_timepointADUControl.pre_exercise","Endur.post_3.5_4_hr - Control.post_3.5_4_hr (delta-delta)","exercise_with_controls","EE-CON","ADUEndur","post_3.5_4_hr",0.0455445128370773,-0.0658342065934864,0.156923232267641,228.326420465699,35.5540837056308,0.805496460887128,5.61608807153743,0.804123679146302,0.421325550462545,0.689355369451612,"10295","BCKDK","ENSG00000103507",NA,NA,NA,NA,NA,NA,NA
"transcript-rna-seq","ENSG00000107562.17","muscle","~ 0 + group_timepoint +  Batch + BMI + calculatedAge + codedsiteid + pct_umi_dup + RIN + Sex + (1 | pid)","group_timepointADUResist.post_24_hr - group_timepointADUResist.pre_exercise - group_timepointADUControl.post_24_hr + group_timepointADUControl.pre_exercise","Resist.post_24_hr - Control.post_24_hr (delta-delta)","exercise_with_controls","RE-CON","ADUResist","post_24_hr",0.0539269386900898,-0.102048045527886,0.209901922908066,240.824401609727,-90.020607937937,0.680837442108318,5.64794985402036,0.679871751352094,0.496585669672639,0.716620001802937,"6387","CXCL12","ENSG00000107562",NA,NA,NA,NA,NA,NA,NA
"transcript-rna-seq","ENSG00000107562.17","muscle","~ 0 + group_timepoint +  Batch + BMI + calculatedAge + codedsiteid + pct_umi_dup + RIN + Sex + (1 | pid)","group_timepointADUResist.post_3.5_4_hr - group_timepointADUResist.pre_exercise - group_timepointADUControl.post_3.5_4_hr + group_timepointADUControl.pre_exercise","Resist.post_3.5_4_hr - Control.post_3.5_4_hr (delta-delta)","exercise_with_controls","RE-CON","ADUResist","post_3.5_4_hr",-0.154622293963451,-0.318637271833152,0.00939268390625045,240.824401609727,-90.020607937937,-1.85629875246262,5.64794985402036,-1.84847410355219,0.0645337872865162,0.145485223858131,"6387","CXCL12","ENSG00000107562",NA,NA,NA,NA,NA,NA,NA
"transcript-rna-seq","ENSG00000107562.17","muscle","~ 0 + group_timepoint +  Batch + BMI + calculatedAge + codedsiteid + pct_umi_dup + RIN + Sex + (1 | pid)","group_timepointADUEndur.post_24_hr - group_timepointADUEndur.pre_exercise - group_timepointADUControl.post_24_hr + group_timepointADUControl.pre_exercise","Endur.post_24_hr - Control.post_24_hr (delta-delta)","exercise_with_controls","EE-CON","ADUEndur","post_24_hr",0.0395831735674168,-0.119904446028229,0.199070793163063,240.824401609727,-90.020607937937,0.488711848477736,5.64794985402036,0.488131601393141,0.625456628542888,0.862442323107083,"6387","CXCL12","ENSG00000107562",NA,NA,NA,NA,NA,NA,NA
"transcript-rna-seq","ENSG00000107562.17","muscle","~ 0 + group_timepoint +  Batch + BMI + calculatedAge + codedsiteid + pct_umi_dup + RIN + Sex + (1 | pid)","group_timepointADUResist.post_15_30_45_min - group_timepointADUResist.pre_exercise - group_timepointADUControl.post_15_30_45_min + group_timepointADUControl.pre_exercise","Resist.post_15_30_45_min - Control.post_15_30_45_min (delta-delta)","exercise_with_controls","RE-CON","ADUResist","post_15_30_45_min",0.00880893914642567,-0.149096486117837,0.166714364410688,240.824401609727,-90.020607937937,0.109851747011866,5.64794985402036,0.109744581797253,0.912611942766368,0.97605017900557,"6387","CXCL12","ENSG00000107562",NA,NA,NA,NA,NA,NA,NA
"transcript-rna-seq","ENSG00000107562.17","muscle","~ 0 + group_timepoint +  Batch + BMI + calculatedAge + codedsiteid + pct_umi_dup + RIN + Sex + (1 | pid)","group_timepointADUEndur.post_3.5_4_hr - group_timepointADUEndur.pre_exercise - group_timepointADUControl.post_3.5_4_hr + group_timepointADUControl.pre_exercise","Endur.post_3.5_4_hr - Control.post_3.5_4_hr (delta-delta)","exercise_with_controls","EE-CON","ADUEndur","post_3.5_4_hr",0.0387807902498425,-0.132437054255831,0.209998634755516,240.824401609727,-90.020607937937,0.445978711213264,5.64794985402036,0.44547199637483,0.655978692766692,0.845134402909733,"6387","CXCL12","ENSG00000107562",NA,NA,NA,NA,NA,NA,NA
"transcript-rna-seq","ENSG00000107562.17","muscle","~ 0 + group_timepoint +  Batch + BMI + calculatedAge + codedsiteid + pct_umi_dup + RIN + Sex + (1 | pid)","group_timepointADUEndur.post_15_30_45_min - group_timepointADUEndur.pre_exercise - group_timepointADUControl.post_15_30_45_min + group_timepointADUControl.pre_exercise","Endur.post_15_30_45_min - Control.post_15_30_45_min (delta-delta)","exercise_with_controls","EE-CON","ADUEndur","post_15_30_45_min",-0.00709713907387677,-0.170157803103728,0.155963524955974,240.824401609727,-90.020607937937,-0.0857050727309524,5.64794985402036,-0.0856221797608682,0.931766766306168,0.984167469286534,"6387","CXCL12","ENSG00000107562",NA,NA,NA,NA,NA,NA,NA
"transcript-rna-seq","ENSG00000109062.12","muscle","~ 0 + group_timepoint +  Batch + BMI + calculatedAge + codedsiteid + pct_umi_dup + RIN + Sex + (1 | pid)","group_timepointADUEndur.post_3.5_4_hr - group_timepointADUEndur.pre_exercise - group_timepointADUControl.post_3.5_4_hr + group_timepointADUControl.pre_exercise","Endur.post_3.5_4_hr - Control.post_3.5_4_hr (delta-delta)","exercise_with_controls","EE-CON","ADUEndur","post_3.5_4_hr",0.234238720145694,-0.0944670408549355,0.562944481146324,288.304673594902,-320.9984576895,1.40220914444975,0.666381650600765,1.39883703766816,0.161861856853076,0.40862481510158,"9368","SLC9A3R1","ENSG00000109062",NA,NA,NA,NA,NA,NA,NA
"transcript-rna-seq","ENSG00000109062.12","muscle","~ 0 + group_timepoint +  Batch + BMI + calculatedAge + codedsiteid + pct_umi_dup + RIN + Sex + (1 | pid)","group_timepointADUResist.post_24_hr - group_timepointADUResist.pre_exercise - group_timepointADUControl.post_24_hr + group_timepointADUControl.pre_exercise","Resist.post_24_hr - Control.post_24_hr (delta-delta)","exercise_with_controls","RE-CON","ADUResist","post_24_hr",0.00469289977312148,-0.317534495037602,0.326920294583845,288.304673594902,-320.9984576895,0.0286638569973193,0.666381650600765,0.0286392531510592,0.977152305426354,0.991471139038712,"9368","SLC9A3R1","ENSG00000109062",NA,NA,NA,NA,NA,NA,NA
"transcript-rna-seq","ENSG00000109062.12","muscle","~ 0 + group_timepoint +  Batch + BMI + calculatedAge + codedsiteid + pct_umi_dup + RIN + Sex + (1 | pid)","group_timepointADUResist.post_15_30_45_min - group_timepointADUResist.pre_exercise - group_timepointADUControl.post_15_30_45_min + group_timepointADUControl.pre_exercise","Resist.post_15_30_45_min - Control.post_15_30_45_min (delta-delta)","exercise_with_controls","RE-CON","ADUResist","post_15_30_45_min",-0.241645887674897,-0.575481636985865,0.0921898616360715,288.304673594902,-320.9984576895,-1.42457767677731,0.666381650600765,-1.42092039689912,0.155339902569576,0.51407130024386,"9368","SLC9A3R1","ENSG00000109062",NA,NA,NA,NA,NA,NA,NA
"transcript-rna-seq","ENSG00000109062.12","muscle","~ 0 + group_timepoint +  Batch + BMI + calculatedAge + codedsiteid + pct_umi_dup + RIN + Sex + (1 | pid)","group_timepointADUResist.post_3.5_4_hr - group_timepointADUResist.pre_exercise - group_timepointADUControl.post_3.5_4_hr + group_timepointADUControl.pre_exercise","Resist.post_3.5_4_hr - Control.post_3.5_4_hr (delta-delta)","exercise_with_controls","RE-CON","ADUResist","post_3.5_4_hr",0.0337288280903199,-0.290792150684802,0.358249806865441,288.304673594902,-320.9984576895,0.204529420962762,0.666381650600765,0.204352572698107,0.83807798957815,0.903240685565756,"9368","SLC9A3R1","ENSG00000109062",NA,NA,NA,NA,NA,NA,NA
"transcript-rna-seq","ENSG00000109062.12","muscle","~ 0 + group_timepoint +  Batch + BMI + calculatedAge + codedsiteid + pct_umi_dup + RIN + Sex + (1 | pid)","group_timepointADUEndur.post_24_hr - group_timepointADUEndur.pre_exercise - group_timepointADUControl.post_24_hr + group_timepointADUControl.pre_exercise","Endur.post_24_hr - Control.post_24_hr (delta-delta)","exercise_with_controls","EE-CON","ADUEndur","post_24_hr",-0.00790891642681435,-0.334008419070045,0.318190586216417,288.304673594902,-320.9984576895,-0.047730224027212,0.666381650600765,-0.0476898556868432,0.961963418894404,0.992445702799014,"9368","SLC9A3R1","ENSG00000109062",NA,NA,NA,NA,NA,NA,NA
"transcript-rna-seq","ENSG00000109062.12","muscle","~ 0 + group_timepoint +  Batch + BMI + calculatedAge + codedsiteid + pct_umi_dup + RIN + Sex + (1 | pid)","group_timepointADUEndur.post_15_30_45_min - group_timepointADUEndur.pre_exercise - group_timepointADUControl.post_15_30_45_min + group_timepointADUControl.pre_exercise","Endur.post_15_30_45_min - Control.post_15_30_45_min (delta-delta)","exercise_with_controls","EE-CON","ADUEndur","post_15_30_45_min",-0.0952612982504616,-0.434526497102349,0.244003900601426,288.304673594902,-320.9984576895,-0.552572632285323,0.666381650600765,-0.551969081072946,0.580969537005992,0.856622432959659,"9368","SLC9A3R1","ENSG00000109062",NA,NA,NA,NA,NA,NA,NA
"transcript-rna-seq","ENSG00000110422.12","muscle","~ 0 + group_timepoint +  Batch + BMI + calculatedAge + codedsiteid + pct_umi_dup + RIN + Sex + (1 | pid)","group_timepointADUResist.post_3.5_4_hr - group_timepointADUResist.pre_exercise - group_timepointADUControl.post_3.5_4_hr + group_timepointADUControl.pre_exercise","Resist.post_3.5_4_hr - Control.post_3.5_4_hr (delta-delta)","exercise_with_controls","RE-CON","ADUResist","post_3.5_4_hr",0.18280876929031,0.0616074569303746,0.304010081650246,268.298344489012,53.3483370312801,2.96840942447042,7.48506596742547,2.94409702559461,0.00323898440268504,0.0125198767276814,"10114","HIPK3","ENSG00000110422",NA,NA,NA,NA,NA,NA,NA
"transcript-rna-seq","ENSG00000110422.12","muscle","~ 0 + group_timepoint +  Batch + BMI + calculatedAge + codedsiteid + pct_umi_dup + RIN + Sex + (1 | pid)","group_timepointADUEndur.post_24_hr - group_timepointADUEndur.pre_exercise - group_timepointADUControl.post_24_hr + group_timepointADUControl.pre_exercise","Endur.post_24_hr - Control.post_24_hr (delta-delta)","exercise_with_controls","EE-CON","ADUEndur","post_24_hr",-0.27857603565106,-0.396663131839262,-0.160488939462858,268.298344489012,53.3483370312801,-4.64292621904679,7.48506596742547,-4.55668628471363,5.19669510472497e-06,0.000351607538868461,"10114","HIPK3","ENSG00000110422",NA,NA,NA,NA,NA,NA,NA
"transcript-rna-seq","ENSG00000110422.12","muscle","~ 0 + group_timepoint +  Batch + BMI + calculatedAge + codedsiteid + pct_umi_dup + RIN + Sex + (1 | pid)","group_timepointADUEndur.post_3.5_4_hr - group_timepointADUEndur.pre_exercise - group_timepointADUControl.post_3.5_4_hr + group_timepointADUControl.pre_exercise","Endur.post_3.5_4_hr - Control.post_3.5_4_hr (delta-delta)","exercise_with_controls","EE-CON","ADUEndur","post_3.5_4_hr",0.00775987774705733,-0.118822693695553,0.134342449189667,268.298344489012,53.3483370312801,0.120642137559565,7.48506596742547,0.120539350531232,0.904055909660285,0.961808866830043,"10114","HIPK3","ENSG00000110422",NA,NA,NA,NA,NA,NA,NA
"transcript-rna-seq","ENSG00000110422.12","muscle","~ 0 + group_timepoint +  Batch + BMI + calculatedAge + codedsiteid + pct_umi_dup + RIN + Sex + (1 | pid)","group_timepointADUResist.post_15_30_45_min - group_timepointADUResist.pre_exercise - group_timepointADUControl.post_15_30_45_min + group_timepointADUControl.pre_exercise","Resist.post_15_30_45_min - Control.post_15_30_45_min (delta-delta)","exercise_with_controls","RE-CON","ADUResist","post_15_30_45_min",-0.0643886300957401,-0.181397246354713,0.0526199861632326,268.298344489012,53.3483370312801,-1.08306369432722,7.48506596742547,-1.08104072620669,0.279678997952388,0.658286366865693,"10114","HIPK3","ENSG00000110422",NA,NA,NA,NA,NA,NA,NA
"transcript-rna-seq","ENSG00000110422.12","muscle","~ 0 + group_timepoint +  Batch + BMI + calculatedAge + codedsiteid + pct_umi_dup + RIN + Sex + (1 | pid)","group_timepointADUEndur.post_15_30_45_min - group_timepointADUEndur.pre_exercise - group_timepointADUControl.post_15_30_45_min + group_timepointADUControl.pre_exercise","Endur.post_15_30_45_min - Control.post_15_30_45_min (delta-delta)","exercise_with_controls","EE-CON","ADUEndur","post_15_30_45_min",0.0114903059549851,-0.109248600031636,0.132229211941606,268.298344489012,53.3483370312801,0.187300489540173,7.48506596742547,0.187134334538912,0.851555308574692,0.962277514941049,"10114","HIPK3","ENSG00000110422",NA,NA,NA,NA,NA,NA,NA
"transcript-rna-seq","ENSG00000110422.12","muscle","~ 0 + group_timepoint +  Batch + BMI + calculatedAge + codedsiteid + pct_umi_dup + RIN + Sex + (1 | pid)","group_timepointADUResist.post_24_hr - group_timepointADUResist.pre_exercise - group_timepointADUControl.post_24_hr + group_timepointADUControl.pre_exercise","Resist.post_24_hr - Control.post_24_hr (delta-delta)","exercise_with_controls","RE-CON","ADUResist","post_24_hr",-0.250316133054121,-0.366002754741974,-0.134629511366269,268.298344489012,53.3483370312801,-4.25867850582395,7.48506596742547,-4.19049012759393,2.78352526384809e-05,0.000399593205051027,"10114","HIPK3","ENSG00000110422",NA,NA,NA,NA,NA,NA,NA
"transcript-rna-seq","ENSG00000112293.15","muscle","~ 0 + group_timepoint +  Batch + BMI + calculatedAge + codedsiteid + pct_umi_dup + RIN + Sex + (1 | pid)","group_timepointADUEndur.post_3.5_4_hr - group_timepointADUEndur.pre_exercise - group_timepointADUControl.post_3.5_4_hr + group_timepointADUControl.pre_exercise","Endur.post_3.5_4_hr - Control.post_3.5_4_hr (delta-delta)","exercise_with_controls","EE-CON","ADUEndur","post_3.5_4_hr",-0.312969820745699,-0.554022087033048,-0.0719175544583503,225.268247054681,-268.367410156814,-2.55762757487037,1.55622750731487,-2.53779219020421,0.01115542028625,0.0709964662705091,"2822","GPLD1","ENSG00000112293",NA,NA,NA,NA,NA,NA,NA
"transcript-rna-seq","ENSG00000112293.15","muscle","~ 0 + group_timepoint +  Batch + BMI + calculatedAge + codedsiteid + pct_umi_dup + RIN + Sex + (1 | pid)","group_timepointADUResist.post_15_30_45_min - group_timepointADUResist.pre_exercise - group_timepointADUControl.post_15_30_45_min + group_timepointADUControl.pre_exercise","Resist.post_15_30_45_min - Control.post_15_30_45_min (delta-delta)","exercise_with_controls","RE-CON","ADUResist","post_15_30_45_min",-0.0181896883554526,-0.224521343666064,0.188141966955158,225.268247054681,-268.367410156814,-0.173666282644295,1.55622750731487,-0.173478973622347,0.862274953916924,0.96003739193378,"2822","GPLD1","ENSG00000112293",NA,NA,NA,NA,NA,NA,NA
"transcript-rna-seq","ENSG00000112293.15","muscle","~ 0 + group_timepoint +  Batch + BMI + calculatedAge + codedsiteid + pct_umi_dup + RIN + Sex + (1 | pid)","group_timepointADUEndur.post_24_hr - group_timepointADUEndur.pre_exercise - group_timepointADUControl.post_24_hr + group_timepointADUControl.pre_exercise","Endur.post_24_hr - Control.post_24_hr (delta-delta)","exercise_with_controls","EE-CON","ADUEndur","post_24_hr",-0.046314169738209,-0.252331444781784,0.159703105305366,225.268247054681,-268.367410156814,-0.442837743631601,1.55622750731487,-0.442288721643847,0.658280291259268,0.880970660933966,"2822","GPLD1","ENSG00000112293",NA,NA,NA,NA,NA,NA,NA
"transcript-rna-seq","ENSG00000112293.15","muscle","~ 0 + group_timepoint +  Batch + BMI + calculatedAge + codedsiteid + pct_umi_dup + RIN + Sex + (1 | pid)","group_timepointADUEndur.post_15_30_45_min - group_timepointADUEndur.pre_exercise - group_timepointADUControl.post_15_30_45_min + group_timepointADUControl.pre_exercise","Endur.post_15_30_45_min - Control.post_15_30_45_min (delta-delta)","exercise_with_controls","EE-CON","ADUEndur","post_15_30_45_min",0.0372724572030771,-0.179684399769525,0.254229314175679,225.268247054681,-268.367410156814,0.338420081053215,1.55622750731487,0.338027825874182,0.735342218712257,0.926165680201142,"2822","GPLD1","ENSG00000112293",NA,NA,NA,NA,NA,NA,NA
"transcript-rna-seq","ENSG00000112293.15","muscle","~ 0 + group_timepoint +  Batch + BMI + calculatedAge + codedsiteid + pct_umi_dup + RIN + Sex + (1 | pid)","group_timepointADUResist.post_3.5_4_hr - group_timepointADUResist.pre_exercise - group_timepointADUControl.post_3.5_4_hr + group_timepointADUControl.pre_exercise","Resist.post_3.5_4_hr - Control.post_3.5_4_hr (delta-delta)","exercise_with_controls","RE-CON","ADUResist","post_3.5_4_hr",-0.896307189427914,-1.13326152960721,-0.659352849248617,225.268247054681,-268.367410156814,-7.45148082608476,1.55622750731487,-7.05902964349248,1.67669305227948e-12,5.20310631580486e-11,"2822","GPLD1","ENSG00000112293",NA,NA,NA,NA,NA,NA,NA
"transcript-rna-seq","ENSG00000112293.15","muscle","~ 0 + group_timepoint +  Batch + BMI + calculatedAge + codedsiteid + pct_umi_dup + RIN + Sex + (1 | pid)","group_timepointADUResist.post_24_hr - group_timepointADUResist.pre_exercise - group_timepointADUControl.post_24_hr + group_timepointADUControl.pre_exercise","Resist.post_24_hr - Control.post_24_hr (delta-delta)","exercise_with_controls","RE-CON","ADUResist","post_24_hr",-0.498879157566268,-0.703175908086616,-0.29458240704592,225.268247054681,-268.367410156814,-4.81045610819481,1.55622750731487,-4.69490187155931,2.66734736811636e-06,5.52512392725634e-05,"2822","GPLD1","ENSG00000112293",NA,NA,NA,NA,NA,NA,NA
"transcript-rna-seq","ENSG00000115306.16","muscle","~ 0 + group_timepoint +  Batch + BMI + calculatedAge + codedsiteid + pct_umi_dup + RIN + Sex + (1 | pid)","group_timepointADUEndur.post_15_30_45_min - group_timepointADUEndur.pre_exercise - group_timepointADUControl.post_15_30_45_min + group_timepointADUControl.pre_exercise","Endur.post_15_30_45_min - Control.post_15_30_45_min (delta-delta)","exercise_with_controls","EE-CON","ADUEndur","post_15_30_45_min",0.0455124279461412,-0.0789048229514264,0.169929678843709,257.417494880318,32.9973446374827,0.720211541374592,7.79881688686851,0.719193929750839,0.472021439035872,0.795894386379656,"6711","SPTBN1","ENSG00000115306",NA,NA,NA,NA,NA,NA,NA
"transcript-rna-seq","ENSG00000115306.16","muscle","~ 0 + group_timepoint +  Batch + BMI + calculatedAge + codedsiteid + pct_umi_dup + RIN + Sex + (1 | pid)","group_timepointADUResist.post_3.5_4_hr - group_timepointADUResist.pre_exercise - group_timepointADUControl.post_3.5_4_hr + group_timepointADUControl.pre_exercise","Resist.post_3.5_4_hr - Control.post_3.5_4_hr (delta-delta)","exercise_with_controls","RE-CON","ADUResist","post_3.5_4_hr",0.0996742443192522,-0.0256573816103745,0.225005870248879,257.417494880318,32.9973446374827,1.56570060954772,7.79881688686851,1.56075172139897,0.118582342590836,0.232199726465675,"6711","SPTBN1","ENSG00000115306",NA,NA,NA,NA,NA,NA,NA
"transcript-rna-seq","ENSG00000115306.16","muscle","~ 0 + group_timepoint +  Batch + BMI + calculatedAge + codedsiteid + pct_umi_dup + RIN + Sex + (1 | pid)","group_timepointADUEndur.post_3.5_4_hr - group_timepointADUEndur.pre_exercise - group_timepointADUControl.post_3.5_4_hr + group_timepointADUControl.pre_exercise","Endur.post_3.5_4_hr - Control.post_3.5_4_hr (delta-delta)","exercise_with_controls","EE-CON","ADUEndur","post_3.5_4_hr",-0.0243209728458025,-0.155314448854765,0.10667250316316,257.417494880318,32.9973446374827,-0.365510896419649,7.79881688686851,-0.36513337574139,0.715011848078521,0.878025449920283,"6711","SPTBN1","ENSG00000115306",NA,NA,NA,NA,NA,NA,NA
"transcript-rna-seq","ENSG00000115306.16","muscle","~ 0 + group_timepoint +  Batch + BMI + calculatedAge + codedsiteid + pct_umi_dup + RIN + Sex + (1 | pid)","group_timepointADUResist.post_24_hr - group_timepointADUResist.pre_exercise - group_timepointADUControl.post_24_hr + group_timepointADUControl.pre_exercise","Resist.post_24_hr - Control.post_24_hr (delta-delta)","exercise_with_controls","RE-CON","ADUResist","post_24_hr",-0.00564847690675752,-0.124977389305161,0.113680435491646,257.417494880318,32.9973446374827,-0.0931997021625506,7.79881688686851,-0.093111378088307,0.925815078299953,0.970429012330838,"6711","SPTBN1","ENSG00000115306",NA,NA,NA,NA,NA,NA,NA
"transcript-rna-seq","ENSG00000115306.16","muscle","~ 0 + group_timepoint +  Batch + BMI + calculatedAge + codedsiteid + pct_umi_dup + RIN + Sex + (1 | pid)","group_timepointADUEndur.post_24_hr - group_timepointADUEndur.pre_exercise - group_timepointADUControl.post_24_hr + group_timepointADUControl.pre_exercise","Endur.post_24_hr - Control.post_24_hr (delta-delta)","exercise_with_controls","EE-CON","ADUEndur","post_24_hr",0.030564167374016,-0.0913815183766666,0.152509853124699,257.417494880318,32.9973446374827,0.49345959402089,7.79881688686851,0.492890008313273,0.622090307606804,0.860137387887066,"6711","SPTBN1","ENSG00000115306",NA,NA,NA,NA,NA,NA,NA
"transcript-rna-seq","ENSG00000115306.16","muscle","~ 0 + group_timepoint +  Batch + BMI + calculatedAge + codedsiteid + pct_umi_dup + RIN + Sex + (1 | pid)","group_timepointADUResist.post_15_30_45_min - group_timepointADUResist.pre_exercise - group_timepointADUControl.post_15_30_45_min + group_timepointADUControl.pre_exercise","Resist.post_15_30_45_min - Control.post_15_30_45_min (delta-delta)","exercise_with_controls","RE-CON","ADUResist","post_15_30_45_min",0.0675088195853695,-0.0530898907726077,0.188107529943347,257.417494880318,32.9973446374827,1.10214122748364,7.79881688686851,1.09986285475353,0.271391881181127,0.649334574843367,"6711","SPTBN1","ENSG00000115306",NA,NA,NA,NA,NA,NA,NA
"transcript-rna-seq","ENSG00000120885.22","muscle","~ 0 + group_timepoint +  Batch + BMI + calculatedAge + codedsiteid + pct_umi_dup + RIN + Sex + (1 | pid)","group_timepointADUResist.post_3.5_4_hr - group_timepointADUResist.pre_exercise - group_timepointADUControl.post_3.5_4_hr + group_timepointADUControl.pre_exercise","Resist.post_3.5_4_hr - Control.post_3.5_4_hr (delta-delta)","exercise_with_controls","RE-CON","ADUResist","post_3.5_4_hr",0.00222337743066792,-0.62636481098833,0.630811565849666,326.196436297395,-552.516175033977,0.00695983785315571,3.85190862043072,0.00695420996781791,0.994451387956904,0.996624656333426,"1191","CLU","ENSG00000120885",NA,NA,NA,NA,NA,NA,NA
"transcript-rna-seq","ENSG00000120885.22","muscle","~ 0 + group_timepoint +  Batch + BMI + calculatedAge + codedsiteid + pct_umi_dup + RIN + Sex + (1 | pid)","group_timepointADUResist.post_24_hr - group_timepointADUResist.pre_exercise - group_timepointADUControl.post_24_hr + group_timepointADUControl.pre_exercise","Resist.post_24_hr - Control.post_24_hr (delta-delta)","exercise_with_controls","RE-CON","ADUResist","post_24_hr",0.130764848937027,-0.470513420808135,0.732043118682188,326.196436297395,-552.516175033977,0.427970707145211,3.85190862043072,0.427550220916179,0.668978614280898,0.835287244226543,"1191","CLU","ENSG00000120885",NA,NA,NA,NA,NA,NA,NA
"transcript-rna-seq","ENSG00000120885.22","muscle","~ 0 + group_timepoint +  Batch + BMI + calculatedAge + codedsiteid + pct_umi_dup + RIN + Sex + (1 | pid)","group_timepointADUEndur.post_24_hr - group_timepointADUEndur.pre_exercise - group_timepointADUControl.post_24_hr + group_timepointADUControl.pre_exercise","Endur.post_24_hr - Control.post_24_hr (delta-delta)","exercise_with_controls","EE-CON","ADUEndur","post_24_hr",0.142709650412696,-0.462634503405035,0.748053804230427,326.196436297395,-552.516175033977,0.463884230964389,3.85190862043072,0.463426784113721,0.643058483816474,0.873395433371982,"1191","CLU","ENSG00000120885",NA,NA,NA,NA,NA,NA,NA
"transcript-rna-seq","ENSG00000120885.22","muscle","~ 0 + group_timepoint +  Batch + BMI + calculatedAge + codedsiteid + pct_umi_dup + RIN + Sex + (1 | pid)","group_timepointADUEndur.post_3.5_4_hr - group_timepointADUEndur.pre_exercise - group_timepointADUControl.post_3.5_4_hr + group_timepointADUControl.pre_exercise","Endur.post_3.5_4_hr - Control.post_3.5_4_hr (delta-delta)","exercise_with_controls","EE-CON","ADUEndur","post_3.5_4_hr",-0.235900981573442,-0.888141144445792,0.416339181298908,326.196436297395,-552.516175033977,-0.711621051340215,3.85190862043072,-0.710767675043148,0.47722821485372,0.731528375025076,"1191","CLU","ENSG00000120885",NA,NA,NA,NA,NA,NA,NA
"transcript-rna-seq","ENSG00000120885.22","muscle","~ 0 + group_timepoint +  Batch + BMI + calculatedAge + codedsiteid + pct_umi_dup + RIN + Sex + (1 | pid)","group_timepointADUEndur.post_15_30_45_min - group_timepointADUEndur.pre_exercise - group_timepointADUControl.post_15_30_45_min + group_timepointADUControl.pre_exercise","Endur.post_15_30_45_min - Control.post_15_30_45_min (delta-delta)","exercise_with_controls","EE-CON","ADUEndur","post_15_30_45_min",-0.0994260782712035,-0.730673890065833,0.531821733523426,326.196436297395,-552.516175033977,-0.309924841616659,3.85190862043072,-0.309649576535582,0.756827451298078,0.933500596912006,"1191","CLU","ENSG00000120885",NA,NA,NA,NA,NA,NA,NA
"transcript-rna-seq","ENSG00000120885.22","muscle","~ 0 + group_timepoint +  Batch + BMI + calculatedAge + codedsiteid + pct_umi_dup + RIN + Sex + (1 | pid)","group_timepointADUResist.post_15_30_45_min - group_timepointADUResist.pre_exercise - group_timepointADUControl.post_15_30_45_min + group_timepointADUControl.pre_exercise","Resist.post_15_30_45_min - Control.post_15_30_45_min (delta-delta)","exercise_with_controls","RE-CON","ADUResist","post_15_30_45_min",0.0795084615469239,-0.53406043837289,0.693077361466738,326.196436297395,-552.516175033977,0.254989565892373,3.85190862043072,0.254767386699007,0.798902765886558,0.939093844742869,"1191","CLU","ENSG00000120885",NA,NA,NA,NA,NA,NA,NA
"transcript-rna-seq","ENSG00000121966.7","muscle","~ 0 + group_timepoint +  Batch + BMI + calculatedAge + codedsiteid + pct_umi_dup + RIN + Sex + (1 | pid)","group_timepointADUEndur.post_15_30_45_min - group_timepointADUEndur.pre_exercise - group_timepointADUControl.post_15_30_45_min + group_timepointADUControl.pre_exercise","Endur.post_15_30_45_min - Control.post_15_30_45_min (delta-delta)","exercise_with_controls","EE-CON","ADUEndur","post_15_30_45_min",0.367512898215492,-0.128724968038971,0.863750764469954,273.376169134408,-475.964761994673,1.45745590236564,-0.67888391478088,1.45365527123244,0.146041904889885,0.500017720119745,"7852","CXCR4","ENSG00000121966",NA,NA,NA,NA,NA,NA,NA
"transcript-rna-seq","ENSG00000121966.7","muscle","~ 0 + group_timepoint +  Batch + BMI + calculatedAge + codedsiteid + pct_umi_dup + RIN + Sex + (1 | pid)","group_timepointADUResist.post_24_hr - group_timepointADUResist.pre_exercise - group_timepointADUControl.post_24_hr + group_timepointADUControl.pre_exercise","Resist.post_24_hr - Control.post_24_hr (delta-delta)","exercise_with_controls","RE-CON","ADUResist","post_24_hr",-0.309564702180698,-0.790953770556503,0.171824366195107,273.376169134408,-475.964761994673,-1.26565615201415,-0.67888391478088,-1.26283090077004,0.206649957032526,0.429565155152871,"7852","CXCR4","ENSG00000121966",NA,NA,NA,NA,NA,NA,NA
"transcript-rna-seq","ENSG00000121966.7","muscle","~ 0 + group_timepoint +  Batch + BMI + calculatedAge + codedsiteid + pct_umi_dup + RIN + Sex + (1 | pid)","group_timepointADUResist.post_15_30_45_min - group_timepointADUResist.pre_exercise - group_timepointADUControl.post_15_30_45_min + group_timepointADUControl.pre_exercise","Resist.post_15_30_45_min - Control.post_15_30_45_min (delta-delta)","exercise_with_controls","RE-CON","ADUResist","post_15_30_45_min",-0.0449244876256529,-0.533198839550223,0.443349864298917,273.376169134408,-475.964761994673,-0.181081271588422,-0.67888391478088,-0.180921010255642,0.856429577188233,0.958215100373496,"7852","CXCR4","ENSG00000121966",NA,NA,NA,NA,NA,NA,NA
"transcript-rna-seq","ENSG00000121966.7","muscle","~ 0 + group_timepoint +  Batch + BMI + calculatedAge + codedsiteid + pct_umi_dup + RIN + Sex + (1 | pid)","group_timepointADUResist.post_3.5_4_hr - group_timepointADUResist.pre_exercise - group_timepointADUControl.post_3.5_4_hr + group_timepointADUControl.pre_exercise","Resist.post_3.5_4_hr - Control.post_3.5_4_hr (delta-delta)","exercise_with_controls","RE-CON","ADUResist","post_3.5_4_hr",-0.00783044932103727,-0.511497755214539,0.495836856572464,273.376169134408,-475.964761994673,-0.0305994415169883,-0.67888391478088,-0.0305729591656276,0.975610107525323,0.98706263568601,"7852","CXCR4","ENSG00000121966",NA,NA,NA,NA,NA,NA,NA
"transcript-rna-seq","ENSG00000121966.7","muscle","~ 0 + group_timepoint +  Batch + BMI + calculatedAge + codedsiteid + pct_umi_dup + RIN + Sex + (1 | pid)","group_timepointADUEndur.post_3.5_4_hr - group_timepointADUEndur.pre_exercise - group_timepointADUControl.post_3.5_4_hr + group_timepointADUControl.pre_exercise","Endur.post_3.5_4_hr - Control.post_3.5_4_hr (delta-delta)","exercise_with_controls","EE-CON","ADUEndur","post_3.5_4_hr",0.292402806708048,-0.222531785526432,0.807337398942529,273.376169134408,-475.964761994673,1.11753220580079,-0.67888391478088,1.11541029069899,0.264674641707113,0.541652864750556,"7852","CXCR4","ENSG00000121966",NA,NA,NA,NA,NA,NA,NA
"transcript-rna-seq","ENSG00000121966.7","muscle","~ 0 + group_timepoint +  Batch + BMI + calculatedAge + codedsiteid + pct_umi_dup + RIN + Sex + (1 | pid)","group_timepointADUEndur.post_24_hr - group_timepointADUEndur.pre_exercise - group_timepointADUControl.post_24_hr + group_timepointADUControl.pre_exercise","Endur.post_24_hr - Control.post_24_hr (delta-delta)","exercise_with_controls","EE-CON","ADUEndur","post_24_hr",-0.275931648944498,-0.771875336808268,0.220012038919272,273.376169134408,-475.964761994673,-1.09498984194039,-0.67888391478088,-1.09294490471582,0.274417990693026,0.611963610475641,"7852","CXCR4","ENSG00000121966",NA,NA,NA,NA,NA,NA,NA
"transcript-rna-seq","ENSG00000134352.20","muscle","~ 0 + group_timepoint +  Batch + BMI + calculatedAge + codedsiteid + pct_umi_dup + RIN + Sex + (1 | pid)","group_timepointADUResist.post_24_hr - group_timepointADUResist.pre_exercise - group_timepointADUControl.post_24_hr + group_timepointADUControl.pre_exercise","Resist.post_24_hr - Control.post_24_hr (delta-delta)","exercise_with_controls","RE-CON","ADUResist","post_24_hr",-0.153983826506087,-0.259996396981811,-0.047971256030363,277.42479735972,91.563664290247,-2.85905969020222,6.21126081871919,-2.83627740612953,0.00456427823681637,0.0260912982727152,"3572","IL6ST","ENSG00000134352",NA,NA,NA,NA,NA,NA,NA
"transcript-rna-seq","ENSG00000134352.20","muscle","~ 0 + group_timepoint +  Batch + BMI + calculatedAge + codedsiteid + pct_umi_dup + RIN + Sex + (1 | pid)","group_timepointADUResist.post_15_30_45_min - group_timepointADUResist.pre_exercise - group_timepointADUControl.post_15_30_45_min + group_timepointADUControl.pre_exercise","Resist.post_15_30_45_min - Control.post_15_30_45_min (delta-delta)","exercise_with_controls","RE-CON","ADUResist","post_15_30_45_min",-0.00779854128427537,-0.115178762863269,0.0995816802947184,277.42479735972,91.563664290247,-0.142950674183654,6.21126081871919,-0.142822716182312,0.886430196080508,0.968575089320259,"3572","IL6ST","ENSG00000134352",NA,NA,NA,NA,NA,NA,NA
"transcript-rna-seq","ENSG00000134352.20","muscle","~ 0 + group_timepoint +  Batch + BMI + calculatedAge + codedsiteid + pct_umi_dup + RIN + Sex + (1 | pid)","group_timepointADUEndur.post_3.5_4_hr - group_timepointADUEndur.pre_exercise - group_timepointADUControl.post_3.5_4_hr + group_timepointADUControl.pre_exercise","Endur.post_3.5_4_hr - Control.post_3.5_4_hr (delta-delta)","exercise_with_controls","EE-CON","ADUEndur","post_3.5_4_hr",-0.0125751519801716,-0.128643468507409,0.103493164547066,277.42479735972,91.563664290247,-0.213228390914078,6.21126081871919,-0.213038297288449,0.831297091352287,0.932913928826551,"3572","IL6ST","ENSG00000134352",NA,NA,NA,NA,NA,NA,NA
"transcript-rna-seq","ENSG00000134352.20","muscle","~ 0 + group_timepoint +  Batch + BMI + calculatedAge + codedsiteid + pct_umi_dup + RIN + Sex + (1 | pid)","group_timepointADUEndur.post_15_30_45_min - group_timepointADUEndur.pre_exercise - group_timepointADUControl.post_15_30_45_min + group_timepointADUControl.pre_exercise","Endur.post_15_30_45_min - Control.post_15_30_45_min (delta-delta)","exercise_with_controls","EE-CON","ADUEndur","post_15_30_45_min",0.0351957749909708,-0.0755149796414969,0.145906529623439,277.42479735972,91.563664290247,0.625729252541281,6.21126081871919,0.624970451628929,0.531990451520614,0.831010003641556,"3572","IL6ST","ENSG00000134352",NA,NA,NA,NA,NA,NA,NA
"transcript-rna-seq","ENSG00000134352.20","muscle","~ 0 + group_timepoint +  Batch + BMI + calculatedAge + codedsiteid + pct_umi_dup + RIN + Sex + (1 | pid)","group_timepointADUResist.post_3.5_4_hr - group_timepointADUResist.pre_exercise - group_timepointADUControl.post_3.5_4_hr + group_timepointADUControl.pre_exercise","Resist.post_3.5_4_hr - Control.post_3.5_4_hr (delta-delta)","exercise_with_controls","RE-CON","ADUResist","post_3.5_4_hr",0.0793607227179889,-0.0318677894321216,0.190589234868099,277.42479735972,91.563664290247,1.40428398428133,6.21126081871919,1.40069593283372,0.161305019455433,0.292539225111473,"3572","IL6ST","ENSG00000134352",NA,NA,NA,NA,NA,NA,NA
"transcript-rna-seq","ENSG00000134352.20","muscle","~ 0 + group_timepoint +  Batch + BMI + calculatedAge + codedsiteid + pct_umi_dup + RIN + Sex + (1 | pid)","group_timepointADUEndur.post_24_hr - group_timepointADUEndur.pre_exercise - group_timepointADUControl.post_24_hr + group_timepointADUControl.pre_exercise","Endur.post_24_hr - Control.post_24_hr (delta-delta)","exercise_with_controls","EE-CON","ADUEndur","post_24_hr",-0.100089014352997,-0.20824466640629,0.00806663770029699,277.42479735972,91.563664290247,-1.82146741131253,6.21126081871919,-1.81465307349053,0.0695772408155578,0.299830506036033,"3572","IL6ST","ENSG00000134352",NA,NA,NA,NA,NA,NA,NA
"transcript-rna-seq","ENSG00000134363.12","muscle","~ 0 + group_timepoint +  Batch + BMI + calculatedAge + codedsiteid + pct_umi_dup + RIN + Sex + (1 | pid)","group_timepointADUEndur.post_3.5_4_hr - group_timepointADUEndur.pre_exercise - group_timepointADUControl.post_3.5_4_hr + group_timepointADUControl.pre_exercise","Endur.post_3.5_4_hr - Control.post_3.5_4_hr (delta-delta)","exercise_with_controls","EE-CON","ADUEndur","post_3.5_4_hr",-0.528586906999752,-1.07999279637449,0.022818982374985,282.515080968133,-503.415442513998,-1.8866146453619,-0.170376990130729,-1.87935014950497,0.0601966983000656,0.222572741822124,"10468","FST","ENSG00000134363",NA,NA,NA,NA,NA,NA,NA
"transcript-rna-seq","ENSG00000134363.12","muscle","~ 0 + group_timepoint +  Batch + BMI + calculatedAge + codedsiteid + pct_umi_dup + RIN + Sex + (1 | pid)","group_timepointADUResist.post_3.5_4_hr - group_timepointADUResist.pre_exercise - group_timepointADUControl.post_3.5_4_hr + group_timepointADUControl.pre_exercise","Resist.post_3.5_4_hr - Control.post_3.5_4_hr (delta-delta)","exercise_with_controls","RE-CON","ADUResist","post_3.5_4_hr",-0.256663376668792,-0.772931881960606,0.259605128623022,282.515080968133,-503.415442513998,-0.978442276246547,-0.170376990130729,-0.97680975873377,0.328663343887972,0.489481564659136,"10468","FST","ENSG00000134363",NA,NA,NA,NA,NA,NA,NA
"transcript-rna-seq","ENSG00000134363.12","muscle","~ 0 + group_timepoint +  Batch + BMI + calculatedAge + codedsiteid + pct_umi_dup + RIN + Sex + (1 | pid)","group_timepointADUResist.post_24_hr - group_timepointADUResist.pre_exercise - group_timepointADUControl.post_24_hr + group_timepointADUControl.pre_exercise","Resist.post_24_hr - Control.post_24_hr (delta-delta)","exercise_with_controls","RE-CON","ADUResist","post_24_hr",-0.248019312069074,-0.733580727385263,0.237542103247115,282.515080968133,-503.415442513998,-1.00543311600152,-0.170376990130729,-1.00364786363869,0.315548375323019,0.556952963991073,"10468","FST","ENSG00000134363",NA,NA,NA,NA,NA,NA,NA
"transcript-rna-seq","ENSG00000134363.12","muscle","~ 0 + group_timepoint +  Batch + BMI + calculatedAge + codedsiteid + pct_umi_dup + RIN + Sex + (1 | pid)","group_timepointADUEndur.post_24_hr - group_timepointADUEndur.pre_exercise - group_timepointADUControl.post_24_hr + group_timepointADUControl.pre_exercise","Endur.post_24_hr - Control.post_24_hr (delta-delta)","exercise_with_controls","EE-CON","ADUEndur","post_24_hr",0.102695526373029,-0.382551132117812,0.58794218486387,282.515080968133,-503.415442513998,0.416520001865916,-0.170376990130729,0.416102923517556,0.677334690770047,0.888456889394781,"10468","FST","ENSG00000134363",NA,NA,NA,NA,NA,NA,NA
"transcript-rna-seq","ENSG00000134363.12","muscle","~ 0 + group_timepoint +  Batch + BMI + calculatedAge + codedsiteid + pct_umi_dup + RIN + Sex + (1 | pid)","group_timepointADUEndur.post_15_30_45_min - group_timepointADUEndur.pre_exercise - group_timepointADUControl.post_15_30_45_min + group_timepointADUControl.pre_exercise","Endur.post_15_30_45_min - Control.post_15_30_45_min (delta-delta)","exercise_with_controls","EE-CON","ADUEndur","post_15_30_45_min",0.35704797590192,-0.141113897396125,0.855209849199965,282.515080968133,-503.415442513998,1.41041812884305,-0.170376990130729,1.40693973576167,0.159445259527253,0.520831379013736,"10468","FST","ENSG00000134363",NA,NA,NA,NA,NA,NA,NA
"transcript-rna-seq","ENSG00000134363.12","muscle","~ 0 + group_timepoint +  Batch + BMI + calculatedAge + codedsiteid + pct_umi_dup + RIN + Sex + (1 | pid)","group_timepointADUResist.post_15_30_45_min - group_timepointADUResist.pre_exercise - group_timepointADUControl.post_15_30_45_min + group_timepointADUControl.pre_exercise","Resist.post_15_30_45_min - Control.post_15_30_45_min (delta-delta)","exercise_with_controls","RE-CON","ADUResist","post_15_30_45_min",0.375769410594307,-0.0963362671535178,0.847875088342131,282.515080968133,-503.415442513998,1.56643745634586,-0.170376990130729,1.56187821773225,0.118316680806797,0.46081926093141,"10468","FST","ENSG00000134363",NA,NA,NA,NA,NA,NA,NA
"transcript-rna-seq","ENSG00000135821.19","muscle","~ 0 + group_timepoint +  Batch + BMI + calculatedAge + codedsiteid + pct_umi_dup + RIN + Sex + (1 | pid)","group_timepointADUEndur.post_15_30_45_min - group_timepointADUEndur.pre_exercise - group_timepointADUControl.post_15_30_45_min + group_timepointADUControl.pre_exercise","Endur.post_15_30_45_min - Control.post_15_30_45_min (delta-delta)","exercise_with_controls","EE-CON","ADUEndur","post_15_30_45_min",0.099956188008127,-0.210071961484486,0.40998433750074,241.926044420592,-330.388239791442,0.634972065611389,8.58051233633692,0.634085990646421,0.526024704938141,0.826903623483505,"2752","GLUL","ENSG00000135821",NA,NA,NA,NA,NA,NA,NA
"transcript-rna-seq","ENSG00000135821.19","muscle","~ 0 + group_timepoint +  Batch + BMI + calculatedAge + codedsiteid + pct_umi_dup + RIN + Sex + (1 | pid)","group_timepointADUEndur.post_3.5_4_hr - group_timepointADUEndur.pre_exercise - group_timepointADUControl.post_3.5_4_hr + group_timepointADUControl.pre_exercise","Endur.post_3.5_4_hr - Control.post_3.5_4_hr (delta-delta)","exercise_with_controls","EE-CON","ADUEndur","post_3.5_4_hr",0.41380398669949,0.0888522337064935,0.738755739692486,241.926044420592,-330.388239791442,2.50773838902628,8.58051233633692,2.49010837519799,0.0127704148052375,0.0781708483573101,"2752","GLUL","ENSG00000135821",NA,NA,NA,NA,NA,NA,NA
"transcript-rna-seq","ENSG00000135821.19","muscle","~ 0 + group_timepoint +  Batch + BMI + calculatedAge + codedsiteid + pct_umi_dup + RIN + Sex + (1 | pid)","group_timepointADUResist.post_15_30_45_min - group_timepointADUResist.pre_exercise - group_timepointADUControl.post_15_30_45_min + group_timepointADUControl.pre_exercise","Resist.post_15_30_45_min - Control.post_15_30_45_min (delta-delta)","exercise_with_controls","RE-CON","ADUResist","post_15_30_45_min",0.558405179484179,0.257360045629582,0.859450313338776,241.926044420592,-330.388239791442,3.65318967668326,8.58051233633692,3.60223669499183,0.0003154908975114,0.00990197571675989,"2752","GLUL","ENSG00000135821",NA,NA,NA,NA,NA,NA,NA
"transcript-rna-seq","ENSG00000135821.19","muscle","~ 0 + group_timepoint +  Batch + BMI + calculatedAge + codedsiteid + pct_umi_dup + RIN + Sex + (1 | pid)","group_timepointADUResist.post_24_hr - group_timepointADUResist.pre_exercise - group_timepointADUControl.post_24_hr + group_timepointADUControl.pre_exercise","Resist.post_24_hr - Control.post_24_hr (delta-delta)","exercise_with_controls","RE-CON","ADUResist","post_24_hr",-0.608943636163014,-0.905159701614475,-0.312727570711553,241.926044420592,-330.388239791442,-4.04882822292335,8.58051233633692,-3.98058929236746,6.87446354358076e-05,0.000857629822676847,"2752","GLUL","ENSG00000135821",NA,NA,NA,NA,NA,NA,NA
"transcript-rna-seq","ENSG00000135821.19","muscle","~ 0 + group_timepoint +  Batch + BMI + calculatedAge + codedsiteid + pct_umi_dup + RIN + Sex + (1 | pid)","group_timepointADUResist.post_3.5_4_hr - group_timepointADUResist.pre_exercise - group_timepointADUControl.post_3.5_4_hr + group_timepointADUControl.pre_exercise","Resist.post_3.5_4_hr - Control.post_3.5_4_hr (delta-delta)","exercise_with_controls","RE-CON","ADUResist","post_3.5_4_hr",1.03052502222075,0.719382533178234,1.34166751126327,241.926044420592,-330.388239791442,6.52259953532785,8.58051233633692,6.26577408396621,3.70977852841024e-10,7.6844082466154e-09,"2752","GLUL","ENSG00000135821",NA,NA,NA,NA,NA,NA,NA
"transcript-rna-seq","ENSG00000135821.19","muscle","~ 0 + group_timepoint +  Batch + BMI + calculatedAge + codedsiteid + pct_umi_dup + RIN + Sex + (1 | pid)","group_timepointADUEndur.post_24_hr - group_timepointADUEndur.pre_exercise - group_timepointADUControl.post_24_hr + group_timepointADUControl.pre_exercise","Endur.post_24_hr - Control.post_24_hr (delta-delta)","exercise_with_controls","EE-CON","ADUEndur","post_24_hr",-0.0371216498922937,-0.341110696199652,0.266867396415065,241.926044420592,-330.388239791442,-0.240496075456562,8.58051233633692,-0.240243852428602,0.810141219632062,0.941808421583389,"2752","GLUL","ENSG00000135821",NA,NA,NA,NA,NA,NA,NA
"transcript-rna-seq","ENSG00000142871.18","muscle","~ 0 + group_timepoint +  Batch + BMI + calculatedAge + codedsiteid + pct_umi_dup + RIN + Sex + (1 | pid)","group_timepointADUResist.post_24_hr - group_timepointADUResist.pre_exercise - group_timepointADUControl.post_24_hr + group_timepointADUControl.pre_exercise","Resist.post_24_hr - Control.post_24_hr (delta-delta)","exercise_with_controls","RE-CON","ADUResist","post_24_hr",0.87077864999672,0.313515577763905,1.42804172222953,282.841858801819,-525.662177267957,3.07513221661273,3.75743805797116,3.0485834122154,0.00229923073458788,0.0151528942903439,"3491","CCN1","ENSG00000142871",NA,NA,NA,NA,NA,NA,NA
"transcript-rna-seq","ENSG00000142871.18","muscle","~ 0 + group_timepoint +  Batch + BMI + calculatedAge + codedsiteid + pct_umi_dup + RIN + Sex + (1 | pid)","group_timepointADUResist.post_3.5_4_hr - group_timepointADUResist.pre_exercise - group_timepointADUControl.post_3.5_4_hr + group_timepointADUControl.pre_exercise","Resist.post_3.5_4_hr - Control.post_3.5_4_hr (delta-delta)","exercise_with_controls","RE-CON","ADUResist","post_3.5_4_hr",2.58589193434417,1.97929717352718,3.19248669516116,282.841858801819,-525.662177267957,8.38938895707571,3.75743805797116,7.9415802653419,1.99621464046713e-15,9.98651742408237e-14,"3491","CCN1","ENSG00000142871",NA,NA,NA,NA,NA,NA,NA
"transcript-rna-seq","ENSG00000142871.18","muscle","~ 0 + group_timepoint +  Batch + BMI + calculatedAge + codedsiteid + pct_umi_dup + RIN + Sex + (1 | pid)","group_timepointADUEndur.post_3.5_4_hr - group_timepointADUEndur.pre_exercise - group_timepointADUControl.post_3.5_4_hr + group_timepointADUControl.pre_exercise","Endur.post_3.5_4_hr - Control.post_3.5_4_hr (delta-delta)","exercise_with_controls","EE-CON","ADUEndur","post_3.5_4_hr",0.367654373613103,-0.293025529412551,1.02833427663876,282.841858801819,-525.662177267957,1.09513838264437,3.75743805797116,1.09311625530322,0.274342759766791,0.551677378588252,"3491","CCN1","ENSG00000142871",NA,NA,NA,NA,NA,NA,NA
"transcript-rna-seq","ENSG00000142871.18","muscle","~ 0 + group_timepoint +  Batch + BMI + calculatedAge + codedsiteid + pct_umi_dup + RIN + Sex + (1 | pid)","group_timepointADUResist.post_15_30_45_min - group_timepointADUResist.pre_exercise - group_timepointADUControl.post_15_30_45_min + group_timepointADUControl.pre_exercise","Resist.post_15_30_45_min - Control.post_15_30_45_min (delta-delta)","exercise_with_controls","RE-CON","ADUResist","post_15_30_45_min",4.75094478592689,4.12311719255315,5.37877237930064,282.841858801819,-525.662177267957,14.8938873030217,3.75743805797116,12.8215346873475,1.24217252166662e-37,2.92957516574203e-34,"3491","CCN1","ENSG00000142871",NA,NA,NA,NA,NA,NA,NA
"transcript-rna-seq","ENSG00000142871.18","muscle","~ 0 + group_timepoint +  Batch + BMI + calculatedAge + codedsiteid + pct_umi_dup + RIN + Sex + (1 | pid)","group_timepointADUEndur.post_15_30_45_min - group_timepointADUEndur.pre_exercise - group_timepointADUControl.post_15_30_45_min + group_timepointADUControl.pre_exercise","Endur.post_15_30_45_min - Control.post_15_30_45_min (delta-delta)","exercise_with_controls","EE-CON","ADUEndur","post_15_30_45_min",4.19396830560816,3.55195970245366,4.83597690876265,282.841858801819,-525.662177267957,12.8561602023606,3.75743805797116,11.4504640269037,2.33890109057614e-30,2.27134812378362e-27,"3491","CCN1","ENSG00000142871",NA,NA,NA,NA,NA,NA,NA
"transcript-rna-seq","ENSG00000142871.18","muscle","~ 0 + group_timepoint +  Batch + BMI + calculatedAge + codedsiteid + pct_umi_dup + RIN + Sex + (1 | pid)","group_timepointADUEndur.post_24_hr - group_timepointADUEndur.pre_exercise - group_timepointADUControl.post_24_hr + group_timepointADUControl.pre_exercise","Endur.post_24_hr - Control.post_24_hr (delta-delta)","exercise_with_controls","EE-CON","ADUEndur","post_24_hr",0.0126771906514898,-0.582566644937979,0.607921026240959,282.841858801819,-525.662177267957,0.0419121478856652,3.75743805797116,0.0418770132010988,0.96659674112761,0.992938792701678,"3491","CCN1","ENSG00000142871",NA,NA,NA,NA,NA,NA,NA
"transcript-rna-seq","ENSG00000144476.6","muscle","~ 0 + group_timepoint +  Batch + BMI + calculatedAge + codedsiteid + pct_umi_dup + RIN + Sex + (1 | pid)","group_timepointADUEndur.post_3.5_4_hr - group_timepointADUEndur.pre_exercise - group_timepointADUControl.post_3.5_4_hr + group_timepointADUControl.pre_exercise","Endur.post_3.5_4_hr - Control.post_3.5_4_hr (delta-delta)","exercise_with_controls","EE-CON","ADUEndur","post_3.5_4_hr",0.717892452518478,0.418923118991042,1.01686178604591,248.482413871434,-308.677902817772,4.72714380987494,3.29612530473239,4.63082147849489,3.64217805006968e-06,0.000103670202463104,"57007","ACKR3","ENSG00000144476",NA,NA,NA,NA,NA,NA,NA
"transcript-rna-seq","ENSG00000144476.6","muscle","~ 0 + group_timepoint +  Batch + BMI + calculatedAge + codedsiteid + pct_umi_dup + RIN + Sex + (1 | pid)","group_timepointADUResist.post_24_hr - group_timepointADUResist.pre_exercise - group_timepointADUControl.post_24_hr + group_timepointADUControl.pre_exercise","Resist.post_24_hr - Control.post_24_hr (delta-delta)","exercise_with_controls","RE-CON","ADUResist","post_24_hr",-0.371416637138469,-0.661872958334959,-0.0809603159419786,248.482413871434,-308.677902817772,-2.51783019593209,3.29612530473239,-2.5005244602608,0.0124009569063047,0.057114767266698,"57007","ACKR3","ENSG00000144476",NA,NA,NA,NA,NA,NA,NA
"transcript-rna-seq","ENSG00000144476.6","muscle","~ 0 + group_timepoint +  Batch + BMI + calculatedAge + codedsiteid + pct_umi_dup + RIN + Sex + (1 | pid)","group_timepointADUResist.post_3.5_4_hr - group_timepointADUResist.pre_exercise - group_timepointADUControl.post_3.5_4_hr + group_timepointADUControl.pre_exercise","Resist.post_3.5_4_hr - Control.post_3.5_4_hr (delta-delta)","exercise_with_controls","RE-CON","ADUResist","post_3.5_4_hr",-0.422492422266602,-0.724990448766244,-0.119994395766959,248.482413871434,-308.677902817772,-2.74980653146183,3.29612530473239,-2.72824803413028,0.00636717121307747,0.0220645737944366,"57007","ACKR3","ENSG00000144476",NA,NA,NA,NA,NA,NA,NA
"transcript-rna-seq","ENSG00000144476.6","muscle","~ 0 + group_timepoint +  Batch + BMI + calculatedAge + codedsiteid + pct_umi_dup + RIN + Sex + (1 | pid)","group_timepointADUResist.post_15_30_45_min - group_timepointADUResist.pre_exercise - group_timepointADUControl.post_15_30_45_min + group_timepointADUControl.pre_exercise","Resist.post_15_30_45_min - Control.post_15_30_45_min (delta-delta)","exercise_with_controls","RE-CON","ADUResist","post_15_30_45_min",0.260621986057071,-0.0301551856029883,0.55139915771713,248.482413871434,-308.677902817772,1.7646397226468,3.29612530473239,1.75793553486998,0.0787584787001684,0.382747081106418,"57007","ACKR3","ENSG00000144476",NA,NA,NA,NA,NA,NA,NA
"transcript-rna-seq","ENSG00000144476.6","muscle","~ 0 + group_timepoint +  Batch + BMI + calculatedAge + codedsiteid + pct_umi_dup + RIN + Sex + (1 | pid)","group_timepointADUEndur.post_24_hr - group_timepointADUEndur.pre_exercise - group_timepointADUControl.post_24_hr + group_timepointADUControl.pre_exercise","Endur.post_24_hr - Control.post_24_hr (delta-delta)","exercise_with_controls","EE-CON","ADUEndur","post_24_hr",-0.16740729039061,-0.458681087665225,0.123866506884005,248.482413871434,-308.677902817772,-1.13159068395008,3.29612530473239,-1.1291858610477,0.258819436920413,0.59710034713794,"57007","ACKR3","ENSG00000144476",NA,NA,NA,NA,NA,NA,NA
"transcript-rna-seq","ENSG00000144476.6","muscle","~ 0 + group_timepoint +  Batch + BMI + calculatedAge + codedsiteid + pct_umi_dup + RIN + Sex + (1 | pid)","group_timepointADUEndur.post_15_30_45_min - group_timepointADUEndur.pre_exercise - group_timepointADUControl.post_15_30_45_min + group_timepointADUControl.pre_exercise","Endur.post_15_30_45_min - Control.post_15_30_45_min (delta-delta)","exercise_with_controls","EE-CON","ADUEndur","post_15_30_45_min",0.119495446201392,-0.18011942031344,0.419110312716224,248.482413871434,-308.677902817772,0.785221192490611,3.29612530473239,0.784044397036243,0.433014059833,0.771544551674732,"57007","ACKR3","ENSG00000144476",NA,NA,NA,NA,NA,NA,NA
"transcript-rna-seq","ENSG00000151929.10","muscle","~ 0 + group_timepoint +  Batch + BMI + calculatedAge + codedsiteid + pct_umi_dup + RIN + Sex + (1 | pid)","group_timepointADUResist.post_24_hr - group_timepointADUResist.pre_exercise - group_timepointADUControl.post_24_hr + group_timepointADUControl.pre_exercise","Resist.post_24_hr - Control.post_24_hr (delta-delta)","exercise_with_controls","RE-CON","ADUResist","post_24_hr",0.10215303869765,-0.0559097922729052,0.260215869668205,273.367361492006,-61.0197377151681,1.27228019598085,7.77457748908199,1.26926385697436,0.204346972536952,0.426516976802004,"9531","BAG3","ENSG00000151929",NA,NA,NA,NA,NA,NA,NA
"transcript-rna-seq","ENSG00000151929.10","muscle","~ 0 + group_timepoint +  Batch + BMI + calculatedAge + codedsiteid + pct_umi_dup + RIN + Sex + (1 | pid)","group_timepointADUEndur.post_15_30_45_min - group_timepointADUEndur.pre_exercise - group_timepointADUControl.post_15_30_45_min + group_timepointADUControl.pre_exercise","Endur.post_15_30_45_min - Control.post_15_30_45_min (delta-delta)","exercise_with_controls","EE-CON","ADUEndur","post_15_30_45_min",0.0314335536524455,-0.132895659014601,0.195762766319492,273.367361492006,-61.0197377151681,0.376547709534328,7.77457748908199,0.376161626483351,0.706796741536084,0.916362914638614,"9531","BAG3","ENSG00000151929",NA,NA,NA,NA,NA,NA,NA
"transcript-rna-seq","ENSG00000151929.10","muscle","~ 0 + group_timepoint +  Batch + BMI + calculatedAge + codedsiteid + pct_umi_dup + RIN + Sex + (1 | pid)","group_timepointADUEndur.post_24_hr - group_timepointADUEndur.pre_exercise - group_timepointADUControl.post_24_hr + group_timepointADUControl.pre_exercise","Endur.post_24_hr - Control.post_24_hr (delta-delta)","exercise_with_controls","EE-CON","ADUEndur","post_24_hr",-0.168974098525751,-0.330056625537361,-0.00789157151414049,273.367361492006,-61.0197377151681,-2.06494898061577,7.77457748908199,-2.05527606243072,0.0398523480386519,0.218433736311455,"9531","BAG3","ENSG00000151929",NA,NA,NA,NA,NA,NA,NA
"transcript-rna-seq","ENSG00000151929.10","muscle","~ 0 + group_timepoint +  Batch + BMI + calculatedAge + codedsiteid + pct_umi_dup + RIN + Sex + (1 | pid)","group_timepointADUResist.post_15_30_45_min - group_timepointADUResist.pre_exercise - group_timepointADUControl.post_15_30_45_min + group_timepointADUControl.pre_exercise","Resist.post_15_30_45_min - Control.post_15_30_45_min (delta-delta)","exercise_with_controls","RE-CON","ADUResist","post_15_30_45_min",0.0304742945316514,-0.128813208384481,0.189761797447784,273.367361492006,-61.0197377151681,0.376620061537023,7.77457748908199,0.376231812785057,0.706744566725589,0.905995000689683,"9531","BAG3","ENSG00000151929",NA,NA,NA,NA,NA,NA,NA
"transcript-rna-seq","ENSG00000151929.10","muscle","~ 0 + group_timepoint +  Batch + BMI + calculatedAge + codedsiteid + pct_umi_dup + RIN + Sex + (1 | pid)","group_timepointADUResist.post_3.5_4_hr - group_timepointADUResist.pre_exercise - group_timepointADUControl.post_3.5_4_hr + group_timepointADUControl.pre_exercise","Resist.post_3.5_4_hr - Control.post_3.5_4_hr (delta-delta)","exercise_with_controls","RE-CON","ADUResist","post_3.5_4_hr",0.575802974826042,0.410312833540129,0.741293116111954,273.367361492006,-61.0197377151681,6.84885491803629,7.77457748908199,6.58136526764542,4.66147811494175e-11,1.12345025108866e-09,"9531","BAG3","ENSG00000151929",NA,NA,NA,NA,NA,NA,NA
"transcript-rna-seq","ENSG00000151929.10","muscle","~ 0 + group_timepoint +  Batch + BMI + calculatedAge + codedsiteid + pct_umi_dup + RIN + Sex + (1 | pid)","group_timepointADUEndur.post_3.5_4_hr - group_timepointADUEndur.pre_exercise - group_timepointADUControl.post_3.5_4_hr + group_timepointADUControl.pre_exercise","Endur.post_3.5_4_hr - Control.post_3.5_4_hr (delta-delta)","exercise_with_controls","EE-CON","ADUEndur","post_3.5_4_hr",0.120981107733312,-0.0515836761076541,0.293545891574279,273.367361492006,-61.0197377151681,1.37993971911173,7.77457748908199,1.37643866646108,0.168685863823574,0.418772169302765,"9531","BAG3","ENSG00000151929",NA,NA,NA,NA,NA,NA,NA
"transcript-rna-seq","ENSG00000155657.29","muscle","~ 0 + group_timepoint +  Batch + BMI + calculatedAge + codedsiteid + pct_umi_dup + RIN + Sex + (1 | pid)","group_timepointADUEndur.post_24_hr - group_timepointADUEndur.pre_exercise - group_timepointADUControl.post_24_hr + group_timepointADUControl.pre_exercise","Endur.post_24_hr - Control.post_24_hr (delta-delta)","exercise_with_controls","EE-CON","ADUEndur","post_24_hr",-0.0444453471177226,-0.1726757222092,0.0837850279737551,276.894556168063,27.1473323538803,-0.682237354440566,15.899053800318,-0.681359378870038,0.495644119455341,0.785113655395943,"7273","TTN","ENSG00000155657",NA,NA,NA,NA,NA,NA,NA
"transcript-rna-seq","ENSG00000155657.29","muscle","~ 0 + group_timepoint +  Batch + BMI + calculatedAge + codedsiteid + pct_umi_dup + RIN + Sex + (1 | pid)","group_timepointADUResist.post_3.5_4_hr - group_timepointADUResist.pre_exercise - group_timepointADUControl.post_3.5_4_hr + group_timepointADUControl.pre_exercise","Resist.post_3.5_4_hr - Control.post_3.5_4_hr (delta-delta)","exercise_with_controls","RE-CON","ADUResist","post_3.5_4_hr",0.109606472509249,-0.0220922579363444,0.241305202954842,276.894556168063,27.1473323538803,1.63807789662298,15.899053800318,1.63285625296939,0.102499232767528,0.207601500890581,"7273","TTN","ENSG00000155657",NA,NA,NA,NA,NA,NA,NA
"transcript-rna-seq","ENSG00000155657.29","muscle","~ 0 + group_timepoint +  Batch + BMI + calculatedAge + codedsiteid + pct_umi_dup + RIN + Sex + (1 | pid)","group_timepointADUResist.post_24_hr - group_timepointADUResist.pre_exercise - group_timepointADUControl.post_24_hr + group_timepointADUControl.pre_exercise","Resist.post_24_hr - Control.post_24_hr (delta-delta)","exercise_with_controls","RE-CON","ADUResist","post_24_hr",-0.00812567128108554,-0.13383386453393,0.117582521971759,276.894556168063,27.1473323538803,-0.127238415509516,15.899053800318,-0.12712343759806,0.898842701432117,0.958653282378888,"7273","TTN","ENSG00000155657",NA,NA,NA,NA,NA,NA,NA
"transcript-rna-seq","ENSG00000155657.29","muscle","~ 0 + group_timepoint +  Batch + BMI + calculatedAge + codedsiteid + pct_umi_dup + RIN + Sex + (1 | pid)","group_timepointADUEndur.post_15_30_45_min - group_timepointADUEndur.pre_exercise - group_timepointADUControl.post_15_30_45_min + group_timepointADUControl.pre_exercise","Endur.post_15_30_45_min - Control.post_15_30_45_min (delta-delta)","exercise_with_controls","EE-CON","ADUEndur","post_15_30_45_min",-0.066688975504313,-0.197811557246277,0.0644336062376507,276.894556168063,27.1473323538803,-1.00110391339584,15.899053800318,-0.999342753079203,0.317628681415077,0.692424653569459,"7273","TTN","ENSG00000155657",NA,NA,NA,NA,NA,NA,NA
"transcript-rna-seq","ENSG00000155657.29","muscle","~ 0 + group_timepoint +  Batch + BMI + calculatedAge + codedsiteid + pct_umi_dup + RIN + Sex + (1 | pid)","group_timepointADUEndur.post_3.5_4_hr - group_timepointADUEndur.pre_exercise - group_timepointADUControl.post_3.5_4_hr + group_timepointADUControl.pre_exercise","Endur.post_3.5_4_hr - Control.post_3.5_4_hr (delta-delta)","exercise_with_controls","EE-CON","ADUEndur","post_3.5_4_hr",0.0152552763954592,-0.122225298060637,0.152735850851556,276.894556168063,27.1473323538803,0.218392751796123,15.899053800318,0.21819612276837,0.82727630589132,0.931356058461509,"7273","TTN","ENSG00000155657",NA,NA,NA,NA,NA,NA,NA
"transcript-rna-seq","ENSG00000155657.29","muscle","~ 0 + group_timepoint +  Batch + BMI + calculatedAge + codedsiteid + pct_umi_dup + RIN + Sex + (1 | pid)","group_timepointADUResist.post_15_30_45_min - group_timepointADUResist.pre_exercise - group_timepointADUControl.post_15_30_45_min + group_timepointADUControl.pre_exercise","Resist.post_15_30_45_min - Control.post_15_30_45_min (delta-delta)","exercise_with_controls","RE-CON","ADUResist","post_15_30_45_min",-0.133935263838669,-0.26112842954467,-0.0067420981326688,276.894556168063,27.1473323538803,-2.0727380655579,15.899053800318,-2.06309451738025,0.0391036489826429,0.268536664332135,"7273","TTN","ENSG00000155657",NA,NA,NA,NA,NA,NA,NA
"transcript-rna-seq","ENSG00000160097.20","muscle","~ 0 + group_timepoint +  Batch + BMI + calculatedAge + codedsiteid + pct_umi_dup + RIN + Sex + (1 | pid)","group_timepointADUResist.post_3.5_4_hr - group_timepointADUResist.pre_exercise - group_timepointADUControl.post_3.5_4_hr + group_timepointADUControl.pre_exercise","Resist.post_3.5_4_hr - Control.post_3.5_4_hr (delta-delta)","exercise_with_controls","RE-CON","ADUResist","post_3.5_4_hr",-0.0318781122595588,-0.256864468245658,0.193108243726541,228.349036999461,-248.568562072295,-0.27909452266954,7.1619509880233,-0.278785431352574,0.780409495476427,0.863813634651045,"252995","FNDC5","ENSG00000160097",NA,NA,NA,NA,NA,NA,NA
"transcript-rna-seq","ENSG00000160097.20","muscle","~ 0 + group_timepoint +  Batch + BMI + calculatedAge + codedsiteid + pct_umi_dup + RIN + Sex + (1 | pid)","group_timepointADUResist.post_15_30_45_min - group_timepointADUResist.pre_exercise - group_timepointADUControl.post_15_30_45_min + group_timepointADUControl.pre_exercise","Resist.post_15_30_45_min - Control.post_15_30_45_min (delta-delta)","exercise_with_controls","RE-CON","ADUResist","post_15_30_45_min",-0.158910200474256,-0.375183564012413,0.0573631630639017,228.349036999461,-248.568562072295,-1.44738038739601,7.1619509880233,-1.44275465247246,0.149089597639549,0.505486679020433,"252995","FNDC5","ENSG00000160097",NA,NA,NA,NA,NA,NA,NA
"transcript-rna-seq","ENSG00000160097.20","muscle","~ 0 + group_timepoint +  Batch + BMI + calculatedAge + codedsiteid + pct_umi_dup + RIN + Sex + (1 | pid)","group_timepointADUEndur.post_3.5_4_hr - group_timepointADUEndur.pre_exercise - group_timepointADUControl.post_3.5_4_hr + group_timepointADUControl.pre_exercise","Endur.post_3.5_4_hr - Control.post_3.5_4_hr (delta-delta)","exercise_with_controls","EE-CON","ADUEndur","post_3.5_4_hr",-0.0194732676981095,-0.25508338912848,0.216136853732261,228.349036999461,-248.568562072295,-0.162799585960823,7.1619509880233,-0.162628389189893,0.870811033213646,0.949690299835044,"252995","FNDC5","ENSG00000160097",NA,NA,NA,NA,NA,NA,NA
"transcript-rna-seq","ENSG00000160097.20","muscle","~ 0 + group_timepoint +  Batch + BMI + calculatedAge + codedsiteid + pct_umi_dup + RIN + Sex + (1 | pid)","group_timepointADUEndur.post_15_30_45_min - group_timepointADUEndur.pre_exercise - group_timepointADUControl.post_15_30_45_min + group_timepointADUControl.pre_exercise","Endur.post_15_30_45_min - Control.post_15_30_45_min (delta-delta)","exercise_with_controls","EE-CON","ADUEndur","post_15_30_45_min",-0.17206634566812,-0.395583416396905,0.0514507250606655,228.349036999461,-248.568562072295,-1.51639049814741,7.1619509880233,-1.51124521729011,0.130725985797698,0.474487405492704,"252995","FNDC5","ENSG00000160097",NA,NA,NA,NA,NA,NA,NA
"transcript-rna-seq","ENSG00000160097.20","muscle","~ 0 + group_timepoint +  Batch + BMI + calculatedAge + codedsiteid + pct_umi_dup + RIN + Sex + (1 | pid)","group_timepointADUResist.post_24_hr - group_timepointADUResist.pre_exercise - group_timepointADUControl.post_24_hr + group_timepointADUControl.pre_exercise","Resist.post_24_hr - Control.post_24_hr (delta-delta)","exercise_with_controls","RE-CON","ADUResist","post_24_hr",-0.166979341278743,-0.380581364887508,0.0466226823300229,228.349036999461,-248.568562072295,-1.53992129635397,7.1619509880233,-1.53454578700322,0.124895438075519,0.307921689046585,"252995","FNDC5","ENSG00000160097",NA,NA,NA,NA,NA,NA,NA
"transcript-rna-seq","ENSG00000160097.20","muscle","~ 0 + group_timepoint +  Batch + BMI + calculatedAge + codedsiteid + pct_umi_dup + RIN + Sex + (1 | pid)","group_timepointADUEndur.post_24_hr - group_timepointADUEndur.pre_exercise - group_timepointADUControl.post_24_hr + group_timepointADUControl.pre_exercise","Endur.post_24_hr - Control.post_24_hr (delta-delta)","exercise_with_controls","EE-CON","ADUEndur","post_24_hr",0.0425325010964688,-0.176299075377063,0.26136407757,228.349036999461,-248.568562072295,0.38285371631056,7.1619509880233,0.382401271376383,0.70216374748526,0.899512788642365,"252995","FNDC5","ENSG00000160097",NA,NA,NA,NA,NA,NA,NA
"transcript-rna-seq","ENSG00000160712.13","muscle","~ 0 + group_timepoint +  Batch + BMI + calculatedAge + codedsiteid + pct_umi_dup + RIN + Sex + (1 | pid)","group_timepointADUEndur.post_15_30_45_min - group_timepointADUEndur.pre_exercise - group_timepointADUControl.post_15_30_45_min + group_timepointADUControl.pre_exercise","Endur.post_15_30_45_min - Control.post_15_30_45_min (delta-delta)","exercise_with_controls","EE-CON","ADUEndur","post_15_30_45_min",-0.0528043068558066,-0.404680543658184,0.299071929946571,271.57190377257,-341.795722739569,-0.295379124848113,4.6579493333181,-0.295096933222287,0.767919832401044,0.935149699871382,"3570","IL6R","ENSG00000160712",NA,NA,NA,NA,NA,NA,NA
"transcript-rna-seq","ENSG00000160712.13","muscle","~ 0 + group_timepoint +  Batch + BMI + calculatedAge + codedsiteid + pct_umi_dup + RIN + Sex + (1 | pid)","group_timepointADUEndur.post_24_hr - group_timepointADUEndur.pre_exercise - group_timepointADUControl.post_24_hr + group_timepointADUControl.pre_exercise","Endur.post_24_hr - Control.post_24_hr (delta-delta)","exercise_with_controls","EE-CON","ADUEndur","post_24_hr",-0.644093131666565,-0.980360164364256,-0.307826098968875,271.57190377257,-341.795722739569,-3.77011955177492,4.6579493333181,-3.72123208206397,0.000198253129457815,0.00588779645481743,"3570","IL6R","ENSG00000160712",NA,NA,NA,NA,NA,NA,NA
"transcript-rna-seq","ENSG00000160712.13","muscle","~ 0 + group_timepoint +  Batch + BMI + calculatedAge + codedsiteid + pct_umi_dup + RIN + Sex + (1 | pid)","group_timepointADUResist.post_15_30_45_min - group_timepointADUResist.pre_exercise - group_timepointADUControl.post_15_30_45_min + group_timepointADUControl.pre_exercise","Resist.post_15_30_45_min - Control.post_15_30_45_min (delta-delta)","exercise_with_controls","RE-CON","ADUResist","post_15_30_45_min",0.123679672622605,-0.21567807732838,0.463037422573589,271.57190377257,-341.795722739569,0.71738607539255,4.6579493333181,0.716425630901059,0.473728573222065,0.799716416271426,"3570","IL6R","ENSG00000160712",NA,NA,NA,NA,NA,NA,NA
"transcript-rna-seq","ENSG00000160712.13","muscle","~ 0 + group_timepoint +  Batch + BMI + calculatedAge + codedsiteid + pct_umi_dup + RIN + Sex + (1 | pid)","group_timepointADUResist.post_3.5_4_hr - group_timepointADUResist.pre_exercise - group_timepointADUControl.post_3.5_4_hr + group_timepointADUControl.pre_exercise","Resist.post_3.5_4_hr - Control.post_3.5_4_hr (delta-delta)","exercise_with_controls","RE-CON","ADUResist","post_3.5_4_hr",0.933988004475624,0.593753843604219,1.27422216534703,271.57190377257,-341.795722739569,5.40299827609285,4.6579493333181,5.26897095320195,1.3719066924711e-07,1.71451987782024e-06,"3570","IL6R","ENSG00000160712",NA,NA,NA,NA,NA,NA,NA
"transcript-rna-seq","ENSG00000160712.13","muscle","~ 0 + group_timepoint +  Batch + BMI + calculatedAge + codedsiteid + pct_umi_dup + RIN + Sex + (1 | pid)","group_timepointADUResist.post_24_hr - group_timepointADUResist.pre_exercise - group_timepointADUControl.post_24_hr + group_timepointADUControl.pre_exercise","Resist.post_24_hr - Control.post_24_hr (delta-delta)","exercise_with_controls","RE-CON","ADUResist","post_24_hr",-0.808040845139553,-1.13719659053167,-0.478885099747434,271.57190377257,-341.795722739569,-4.83224563033682,4.6579493333181,-4.7322370222749,2.22058897980634e-06,4.74252308766143e-05,"3570","IL6R","ENSG00000160712",NA,NA,NA,NA,NA,NA,NA
"transcript-rna-seq","ENSG00000160712.13","muscle","~ 0 + group_timepoint +  Batch + BMI + calculatedAge + codedsiteid + pct_umi_dup + RIN + Sex + (1 | pid)","group_timepointADUEndur.post_3.5_4_hr - group_timepointADUEndur.pre_exercise - group_timepointADUControl.post_3.5_4_hr + group_timepointADUControl.pre_exercise","Endur.post_3.5_4_hr - Control.post_3.5_4_hr (delta-delta)","exercise_with_controls","EE-CON","ADUEndur","post_3.5_4_hr",0.778203639190485,0.423505879030394,1.13290139935058,271.57190377257,-341.795722739569,4.31803371335636,4.6579493333181,4.24779454428234,2.15885235936521e-05,0.000491310460644054,"3570","IL6R","ENSG00000160712",NA,NA,NA,NA,NA,NA,NA
"transcript-rna-seq","ENSG00000163430.12","muscle","~ 0 + group_timepoint +  Batch + BMI + calculatedAge + codedsiteid + pct_umi_dup + RIN + Sex + (1 | pid)","group_timepointADUEndur.post_24_hr - group_timepointADUEndur.pre_exercise - group_timepointADUControl.post_24_hr + group_timepointADUControl.pre_exercise","Endur.post_24_hr - Control.post_24_hr (delta-delta)","exercise_with_controls","EE-CON","ADUEndur","post_24_hr",-0.153256413919101,-0.564711308433698,0.258198480595497,283.344244675381,-412.212452314319,-0.7331790069416,4.83030535714392,-0.732181961031264,0.464057513104503,0.765523034739463,"11167","FSTL1","ENSG00000163430",NA,NA,NA,NA,NA,NA,NA
"transcript-rna-seq","ENSG00000163430.12","muscle","~ 0 + group_timepoint +  Batch + BMI + calculatedAge + codedsiteid + pct_umi_dup + RIN + Sex + (1 | pid)","group_timepointADUEndur.post_3.5_4_hr - group_timepointADUEndur.pre_exercise - group_timepointADUControl.post_3.5_4_hr + group_timepointADUControl.pre_exercise","Endur.post_3.5_4_hr - Control.post_3.5_4_hr (delta-delta)","exercise_with_controls","EE-CON","ADUEndur","post_3.5_4_hr",-0.0329000014735827,-0.473744076337425,0.407944073390259,283.344244675381,-412.212452314319,-0.146887713174692,4.83030535714392,-0.146757686724034,0.883323284070416,0.954515837120879,"11167","FSTL1","ENSG00000163430",NA,NA,NA,NA,NA,NA,NA
"transcript-rna-seq","ENSG00000163430.12","muscle","~ 0 + group_timepoint +  Batch + BMI + calculatedAge + codedsiteid + pct_umi_dup + RIN + Sex + (1 | pid)","group_timepointADUResist.post_24_hr - group_timepointADUResist.pre_exercise - group_timepointADUControl.post_24_hr + group_timepointADUControl.pre_exercise","Resist.post_24_hr - Control.post_24_hr (delta-delta)","exercise_with_controls","RE-CON","ADUResist","post_24_hr",-0.0773434591792608,-0.480593466164477,0.325906547805955,283.344244675381,-412.212452314319,-0.377563543183883,4.83030535714392,-0.377176252619963,0.706042626932316,0.857913936819119,"11167","FSTL1","ENSG00000163430",NA,NA,NA,NA,NA,NA,NA
"transcript-rna-seq","ENSG00000163430.12","muscle","~ 0 + group_timepoint +  Batch + BMI + calculatedAge + codedsiteid + pct_umi_dup + RIN + Sex + (1 | pid)","group_timepointADUResist.post_15_30_45_min - group_timepointADUResist.pre_exercise - group_timepointADUControl.post_15_30_45_min + group_timepointADUControl.pre_exercise","Resist.post_15_30_45_min - Control.post_15_30_45_min (delta-delta)","exercise_with_controls","RE-CON","ADUResist","post_15_30_45_min",0.157521269695923,-0.255442104631981,0.570484644023828,283.344244675381,-412.212452314319,0.750863115848019,4.83030535714392,0.749813806377524,0.453366852322054,0.787590800064158,"11167","FSTL1","ENSG00000163430",NA,NA,NA,NA,NA,NA,NA
"transcript-rna-seq","ENSG00000163430.12","muscle","~ 0 + group_timepoint +  Batch + BMI + calculatedAge + codedsiteid + pct_umi_dup + RIN + Sex + (1 | pid)","group_timepointADUEndur.post_15_30_45_min - group_timepointADUEndur.pre_exercise - group_timepointADUControl.post_15_30_45_min + group_timepointADUControl.pre_exercise","Endur.post_15_30_45_min - Control.post_15_30_45_min (delta-delta)","exercise_with_controls","EE-CON","ADUEndur","post_15_30_45_min",0.224140795238302,-0.201301279208342,0.649582869684947,283.344244675381,-412.212452314319,1.03703912375911,4.83030535714392,1.03513598064961,0.300605411294789,0.675893454519303,"11167","FSTL1","ENSG00000163430",NA,NA,NA,NA,NA,NA,NA
"transcript-rna-seq","ENSG00000163430.12","muscle","~ 0 + group_timepoint +  Batch + BMI + calculatedAge + codedsiteid + pct_umi_dup + RIN + Sex + (1 | pid)","group_timepointADUResist.post_3.5_4_hr - group_timepointADUResist.pre_exercise - group_timepointADUControl.post_3.5_4_hr + group_timepointADUControl.pre_exercise","Resist.post_3.5_4_hr - Control.post_3.5_4_hr (delta-delta)","exercise_with_controls","RE-CON","ADUResist","post_3.5_4_hr",0.127890245532682,-0.295051282441757,0.550831773507121,283.344244675381,-412.212452314319,0.595189332616076,4.83030535714392,0.594482180712567,0.552189657078259,0.696842917650587,"11167","FSTL1","ENSG00000163430",NA,NA,NA,NA,NA,NA,NA
"transcript-rna-seq","ENSG00000163644.15","muscle","~ 0 + group_timepoint +  Batch + BMI + calculatedAge + codedsiteid + pct_umi_dup + RIN + Sex + (1 | pid)","group_timepointADUEndur.post_24_hr - group_timepointADUEndur.pre_exercise - group_timepointADUControl.post_24_hr + group_timepointADUControl.pre_exercise","Endur.post_24_hr - Control.post_24_hr (delta-delta)","exercise_with_controls","EE-CON","ADUEndur","post_24_hr",0.282944140727357,0.0703258937901804,0.495562387664533,226.648453844798,-268.757847431118,2.62141720559276,3.66793690835216,2.60030753893529,0.00931402480305441,0.0878156684600944,"152926","PPM1K","ENSG00000163644",NA,NA,NA,NA,NA,NA,NA
"transcript-rna-seq","ENSG00000163644.15","muscle","~ 0 + group_timepoint +  Batch + BMI + calculatedAge + codedsiteid + pct_umi_dup + RIN + Sex + (1 | pid)","group_timepointADUEndur.post_3.5_4_hr - group_timepointADUEndur.pre_exercise - group_timepointADUControl.post_3.5_4_hr + group_timepointADUControl.pre_exercise","Endur.post_3.5_4_hr - Control.post_3.5_4_hr (delta-delta)","exercise_with_controls","EE-CON","ADUEndur","post_3.5_4_hr",0.286299534843157,0.04678934782935,0.525809721856964,226.648453844798,-268.757847431118,2.35471001790994,3.66793690835216,2.33886515119522,0.0193424135686167,0.104183982252624,"152926","PPM1K","ENSG00000163644",NA,NA,NA,NA,NA,NA,NA
"transcript-rna-seq","ENSG00000163644.15","muscle","~ 0 + group_timepoint +  Batch + BMI + calculatedAge + codedsiteid + pct_umi_dup + RIN + Sex + (1 | pid)","group_timepointADUResist.post_3.5_4_hr - group_timepointADUResist.pre_exercise - group_timepointADUControl.post_3.5_4_hr + group_timepointADUControl.pre_exercise","Resist.post_3.5_4_hr - Control.post_3.5_4_hr (delta-delta)","exercise_with_controls","RE-CON","ADUResist","post_3.5_4_hr",-0.0761141029742518,-0.311184483100666,0.158956277152162,226.648453844798,-268.757847431118,-0.637835109386124,3.66793690835216,-0.636902406831465,0.524188414937088,0.673921543664542,"152926","PPM1K","ENSG00000163644",NA,NA,NA,NA,NA,NA,NA
"transcript-rna-seq","ENSG00000163644.15","muscle","~ 0 + group_timepoint +  Batch + BMI + calculatedAge + codedsiteid + pct_umi_dup + RIN + Sex + (1 | pid)","group_timepointADUResist.post_15_30_45_min - group_timepointADUResist.pre_exercise - group_timepointADUControl.post_15_30_45_min + group_timepointADUControl.pre_exercise","Resist.post_15_30_45_min - Control.post_15_30_45_min (delta-delta)","exercise_with_controls","RE-CON","ADUResist","post_15_30_45_min",-0.0866854124421099,-0.300938542236424,0.127567717352204,226.648453844798,-268.757847431118,-0.797005672423938,3.66793690835216,-0.795650683080068,0.426235099007933,0.769460388137995,"152926","PPM1K","ENSG00000163644",NA,NA,NA,NA,NA,NA,NA
"transcript-rna-seq","ENSG00000163644.15","muscle","~ 0 + group_timepoint +  Batch + BMI + calculatedAge + codedsiteid + pct_umi_dup + RIN + Sex + (1 | pid)","group_timepointADUResist.post_24_hr - group_timepointADUResist.pre_exercise - group_timepointADUControl.post_24_hr + group_timepointADUControl.pre_exercise","Resist.post_24_hr - Control.post_24_hr (delta-delta)","exercise_with_controls","RE-CON","ADUResist","post_24_hr",-0.377586173399731,-0.59038880189166,-0.164783544907803,226.648453844798,-268.757847431118,-3.49539404465105,3.66793690835216,-3.44823792793816,0.000564256749191941,0.00487712810073809,"152926","PPM1K","ENSG00000163644",NA,NA,NA,NA,NA,NA,NA
"transcript-rna-seq","ENSG00000163644.15","muscle","~ 0 + group_timepoint +  Batch + BMI + calculatedAge + codedsiteid + pct_umi_dup + RIN + Sex + (1 | pid)","group_timepointADUEndur.post_15_30_45_min - group_timepointADUEndur.pre_exercise - group_timepointADUControl.post_15_30_45_min + group_timepointADUControl.pre_exercise","Endur.post_15_30_45_min - Control.post_15_30_45_min (delta-delta)","exercise_with_controls","EE-CON","ADUEndur","post_15_30_45_min",-0.0856332493763152,-0.30743522112435,0.136168722371719,226.648453844798,-268.757847431118,-0.760524972836782,3.66793690835216,-0.759280272098343,0.447684916140405,0.781850235963392,"152926","PPM1K","ENSG00000163644",NA,NA,NA,NA,NA,NA,NA
"transcript-rna-seq","ENSG00000164733.22","muscle","~ 0 + group_timepoint +  Batch + BMI + calculatedAge + codedsiteid + pct_umi_dup + RIN + Sex + (1 | pid)","group_timepointADUEndur.post_3.5_4_hr - group_timepointADUEndur.pre_exercise - group_timepointADUControl.post_3.5_4_hr + group_timepointADUControl.pre_exercise","Endur.post_3.5_4_hr - Control.post_3.5_4_hr (delta-delta)","exercise_with_controls","EE-CON","ADUEndur","post_3.5_4_hr",0.0434600859136207,-0.104933233247043,0.191853405074284,244.052498721159,-29.9130325101456,0.576628836276821,6.58781203507999,0.57591037038355,0.564675765679953,0.791741879592199,"1508","CTSB","ENSG00000164733",NA,NA,NA,NA,NA,NA,NA
"transcript-rna-seq","ENSG00000164733.22","muscle","~ 0 + group_timepoint +  Batch + BMI + calculatedAge + codedsiteid + pct_umi_dup + RIN + Sex + (1 | pid)","group_timepointADUEndur.post_15_30_45_min - group_timepointADUEndur.pre_exercise - group_timepointADUControl.post_15_30_45_min + group_timepointADUControl.pre_exercise","Endur.post_15_30_45_min - Control.post_15_30_45_min (delta-delta)","exercise_with_controls","EE-CON","ADUEndur","post_15_30_45_min",0.0138756104308708,-0.127237602758982,0.154988823620724,244.052498721159,-29.9130325101456,0.1936128424774,6.58781203507999,0.193422138689887,0.846628378633233,0.961132513524657,"1508","CTSB","ENSG00000164733",NA,NA,NA,NA,NA,NA,NA
"transcript-rna-seq","ENSG00000164733.22","muscle","~ 0 + group_timepoint +  Batch + BMI + calculatedAge + codedsiteid + pct_umi_dup + RIN + Sex + (1 | pid)","group_timepointADUEndur.post_24_hr - group_timepointADUEndur.pre_exercise - group_timepointADUControl.post_24_hr + group_timepointADUControl.pre_exercise","Endur.post_24_hr - Control.post_24_hr (delta-delta)","exercise_with_controls","EE-CON","ADUEndur","post_24_hr",0.134379048210644,-0.00361246601465073,0.272370562435938,244.052498721159,-29.9130325101456,1.91744902033962,6.58781203507999,1.90901221007599,0.0562605165675701,0.267744268669361,"1508","CTSB","ENSG00000164733",NA,NA,NA,NA,NA,NA,NA
"transcript-rna-seq","ENSG00000164733.22","muscle","~ 0 + group_timepoint +  Batch + BMI + calculatedAge + codedsiteid + pct_umi_dup + RIN + Sex + (1 | pid)","group_timepointADUResist.post_3.5_4_hr - group_timepointADUResist.pre_exercise - group_timepointADUControl.post_3.5_4_hr + group_timepointADUControl.pre_exercise","Resist.post_3.5_4_hr - Control.post_3.5_4_hr (delta-delta)","exercise_with_controls","RE-CON","ADUResist","post_3.5_4_hr",0.33566841477785,0.193683895880987,0.477652933674712,244.052498721159,-29.9130325101456,4.65481314102589,6.58781203507999,4.55953698680807,5.12665273277353e-06,4.44049894886454e-05,"1508","CTSB","ENSG00000164733",NA,NA,NA,NA,NA,NA,NA
"transcript-rna-seq","ENSG00000164733.22","muscle","~ 0 + group_timepoint +  Batch + BMI + calculatedAge + codedsiteid + pct_umi_dup + RIN + Sex + (1 | pid)","group_timepointADUResist.post_24_hr - group_timepointADUResist.pre_exercise - group_timepointADUControl.post_24_hr + group_timepointADUControl.pre_exercise","Resist.post_24_hr - Control.post_24_hr (delta-delta)","exercise_with_controls","RE-CON","ADUResist","post_24_hr",0.35847528543626,0.223463465347643,0.493487105524877,244.052498721159,-29.9130325101456,5.22823289714485,6.58781203507999,5.09370592715833,3.51131270010552e-07,9.89219477236213e-06,"1508","CTSB","ENSG00000164733",NA,NA,NA,NA,NA,NA,NA
"transcript-rna-seq","ENSG00000164733.22","muscle","~ 0 + group_timepoint +  Batch + BMI + calculatedAge + codedsiteid + pct_umi_dup + RIN + Sex + (1 | pid)","group_timepointADUResist.post_15_30_45_min - group_timepointADUResist.pre_exercise - group_timepointADUControl.post_15_30_45_min + group_timepointADUControl.pre_exercise","Resist.post_15_30_45_min - Control.post_15_30_45_min (delta-delta)","exercise_with_controls","RE-CON","ADUResist","post_15_30_45_min",0.00515936781395077,-0.131581005454032,0.141899741081933,244.052498721159,-29.9130325101456,0.0742945663702437,6.58781203507999,0.074223373055469,0.940832648135489,0.983798213077577,"1508","CTSB","ENSG00000164733",NA,NA,NA,NA,NA,NA,NA
"transcript-rna-seq","ENSG00000168329.14","muscle","~ 0 + group_timepoint +  Batch + BMI + calculatedAge + codedsiteid + pct_umi_dup + RIN + Sex + (1 | pid)","group_timepointADUEndur.post_24_hr - group_timepointADUEndur.pre_exercise - group_timepointADUControl.post_24_hr + group_timepointADUControl.pre_exercise","Endur.post_24_hr - Control.post_24_hr (delta-delta)","exercise_with_controls","EE-CON","ADUEndur","post_24_hr",-0.044376252655216,-0.333332752210205,0.244580246899773,237.750236525442,-350.902049107699,-0.302483297249717,2.05862708723796,-0.302149022385068,0.762538463272734,0.923712987516748,"1524","CX3CR1","ENSG00000168329",NA,NA,NA,NA,NA,NA,NA
"transcript-rna-seq","ENSG00000168329.14","muscle","~ 0 + group_timepoint +  Batch + BMI + calculatedAge + codedsiteid + pct_umi_dup + RIN + Sex + (1 | pid)","group_timepointADUResist.post_24_hr - group_timepointADUResist.pre_exercise - group_timepointADUControl.post_24_hr + group_timepointADUControl.pre_exercise","Resist.post_24_hr - Control.post_24_hr (delta-delta)","exercise_with_controls","RE-CON","ADUResist","post_24_hr",-0.356431146017556,-0.645843345192727,-0.0670189468423849,237.750236525442,-350.902049107699,-2.42592844269547,2.05862708723796,-2.4089345039449,0.0159991689110138,0.0697834292079069,"1524","CX3CR1","ENSG00000168329",NA,NA,NA,NA,NA,NA,NA
"transcript-rna-seq","ENSG00000168329.14","muscle","~ 0 + group_timepoint +  Batch + BMI + calculatedAge + codedsiteid + pct_umi_dup + RIN + Sex + (1 | pid)","group_timepointADUEndur.post_15_30_45_min - group_timepointADUEndur.pre_exercise - group_timepointADUControl.post_15_30_45_min + group_timepointADUControl.pre_exercise","Endur.post_15_30_45_min - Control.post_15_30_45_min (delta-delta)","exercise_with_controls","EE-CON","ADUEndur","post_15_30_45_min",-0.236767188107661,-0.541856379068756,0.0683220028534346,237.750236525442,-350.902049107699,-1.52852714786348,2.05862708723796,-1.52339623945655,0.127659602287357,0.469697431281919,"1524","CX3CR1","ENSG00000168329",NA,NA,NA,NA,NA,NA,NA
"transcript-rna-seq","ENSG00000168329.14","muscle","~ 0 + group_timepoint +  Batch + BMI + calculatedAge + codedsiteid + pct_umi_dup + RIN + Sex + (1 | pid)","group_timepointADUEndur.post_3.5_4_hr - group_timepointADUEndur.pre_exercise - group_timepointADUControl.post_3.5_4_hr + group_timepointADUControl.pre_exercise","Endur.post_3.5_4_hr - Control.post_3.5_4_hr (delta-delta)","exercise_with_controls","EE-CON","ADUEndur","post_3.5_4_hr",-0.776865751908405,-1.0980084392214,-0.455723064595411,237.750236525442,-350.902049107699,-4.76472287011258,2.05862708723796,-4.65528319874187,3.23535690520076e-06,9.32155447608365e-05,"1524","CX3CR1","ENSG00000168329",NA,NA,NA,NA,NA,NA,NA
"transcript-rna-seq","ENSG00000168329.14","muscle","~ 0 + group_timepoint +  Batch + BMI + calculatedAge + codedsiteid + pct_umi_dup + RIN + Sex + (1 | pid)","group_timepointADUResist.post_15_30_45_min - group_timepointADUResist.pre_exercise - group_timepointADUControl.post_15_30_45_min + group_timepointADUControl.pre_exercise","Resist.post_15_30_45_min - Control.post_15_30_45_min (delta-delta)","exercise_with_controls","RE-CON","ADUResist","post_15_30_45_min",-0.49203098533507,-0.793863414356192,-0.190198556313948,237.750236525442,-350.902049107699,-3.21081926488837,2.05862708723796,-3.17471650875965,0.00149982953249411,0.0327956102674772,"1524","CX3CR1","ENSG00000168329",NA,NA,NA,NA,NA,NA,NA
"transcript-rna-seq","ENSG00000168329.14","muscle","~ 0 + group_timepoint +  Batch + BMI + calculatedAge + codedsiteid + pct_umi_dup + RIN + Sex + (1 | pid)","group_timepointADUResist.post_3.5_4_hr - group_timepointADUResist.pre_exercise - group_timepointADUControl.post_3.5_4_hr + group_timepointADUControl.pre_exercise","Resist.post_3.5_4_hr - Control.post_3.5_4_hr (delta-delta)","exercise_with_controls","RE-CON","ADUResist","post_3.5_4_hr",-1.14337862591985,-1.45862450049463,-0.82813275134507,237.750236525442,-350.902049107699,-7.14405803417416,2.05862708723796,-6.80125009584544,1.03715188718374e-11,2.82546873028322e-10,"1524","CX3CR1","ENSG00000168329",NA,NA,NA,NA,NA,NA,NA
"transcript-rna-seq","ENSG00000168610.16","muscle","~ 0 + group_timepoint +  Batch + BMI + calculatedAge + codedsiteid + pct_umi_dup + RIN + Sex + (1 | pid)","group_timepointADUResist.post_15_30_45_min - group_timepointADUResist.pre_exercise - group_timepointADUControl.post_15_30_45_min + group_timepointADUControl.pre_exercise","Resist.post_15_30_45_min - Control.post_15_30_45_min (delta-delta)","exercise_with_controls","RE-CON","ADUResist","post_15_30_45_min",0.114705014071173,-0.0618615599649751,0.29127158810732,236.112707348777,-142.439592262728,1.2794309366807,6.90177175930721,1.27608811555999,0.201924372231064,0.578251682487182,"6774","STAT3","ENSG00000168610",NA,NA,NA,NA,NA,NA,NA
"transcript-rna-seq","ENSG00000168610.16","muscle","~ 0 + group_timepoint +  Batch + BMI + calculatedAge + codedsiteid + pct_umi_dup + RIN + Sex + (1 | pid)","group_timepointADUResist.post_24_hr - group_timepointADUResist.pre_exercise - group_timepointADUControl.post_24_hr + group_timepointADUControl.pre_exercise","Resist.post_24_hr - Control.post_24_hr (delta-delta)","exercise_with_controls","RE-CON","ADUResist","post_24_hr",0.0590779143833178,-0.115478905415805,0.233634734182441,236.112707348777,-142.439592262728,0.666564667360052,6.90177175930721,0.66560371856017,0.505664428948663,0.724378999363632,"6774","STAT3","ENSG00000168610",NA,NA,NA,NA,NA,NA,NA
"transcript-rna-seq","ENSG00000168610.16","muscle","~ 0 + group_timepoint +  Batch + BMI + calculatedAge + codedsiteid + pct_umi_dup + RIN + Sex + (1 | pid)","group_timepointADUEndur.post_24_hr - group_timepointADUEndur.pre_exercise - group_timepointADUControl.post_24_hr + group_timepointADUControl.pre_exercise","Endur.post_24_hr - Control.post_24_hr (delta-delta)","exercise_with_controls","EE-CON","ADUEndur","post_24_hr",0.0744212527524297,-0.104111431268002,0.252953936772862,236.112707348777,-142.439592262728,0.820938810055802,6.90177175930721,0.819582186921834,0.412454331807705,0.72949215309023,"6774","STAT3","ENSG00000168610",NA,NA,NA,NA,NA,NA,NA
"transcript-rna-seq","ENSG00000168610.16","muscle","~ 0 + group_timepoint +  Batch + BMI + calculatedAge + codedsiteid + pct_umi_dup + RIN + Sex + (1 | pid)","group_timepointADUEndur.post_15_30_45_min - group_timepointADUEndur.pre_exercise - group_timepointADUControl.post_15_30_45_min + group_timepointADUControl.pre_exercise","Endur.post_15_30_45_min - Control.post_15_30_45_min (delta-delta)","exercise_with_controls","EE-CON","ADUEndur","post_15_30_45_min",0.0688747113590944,-0.113331280547814,0.251080703266003,236.112707348777,-142.439592262728,0.744445814311635,6.90177175930721,0.743300965384751,0.45729948724572,0.787980326111822,"6774","STAT3","ENSG00000168610",NA,NA,NA,NA,NA,NA,NA
"transcript-rna-seq","ENSG00000168610.16","muscle","~ 0 + group_timepoint +  Batch + BMI + calculatedAge + codedsiteid + pct_umi_dup + RIN + Sex + (1 | pid)","group_timepointADUEndur.post_3.5_4_hr - group_timepointADUEndur.pre_exercise - group_timepointADUControl.post_3.5_4_hr + group_timepointADUControl.pre_exercise","Endur.post_3.5_4_hr - Control.post_3.5_4_hr (delta-delta)","exercise_with_controls","EE-CON","ADUEndur","post_3.5_4_hr",0.250402673631249,0.058483605730391,0.442321741532107,236.112707348777,-142.439592262728,2.56939615909398,6.90177175930721,2.55053480385169,0.0107557784308988,0.069011716329463,"6774","STAT3","ENSG00000168610",NA,NA,NA,NA,NA,NA,NA
"transcript-rna-seq","ENSG00000168610.16","muscle","~ 0 + group_timepoint +  Batch + BMI + calculatedAge + codedsiteid + pct_umi_dup + RIN + Sex + (1 | pid)","group_timepointADUResist.post_3.5_4_hr - group_timepointADUResist.pre_exercise - group_timepointADUControl.post_3.5_4_hr + group_timepointADUControl.pre_exercise","Resist.post_3.5_4_hr - Control.post_3.5_4_hr (delta-delta)","exercise_with_controls","RE-CON","ADUResist","post_3.5_4_hr",0.369716805395425,0.186138984858659,0.55329462593219,236.112707348777,-142.439592262728,3.96614743743271,6.90177175930721,3.90296842493092,9.50201025777033e-05,0.000598507010093591,"6774","STAT3","ENSG00000168610",NA,NA,NA,NA,NA,NA,NA
"transcript-rna-seq","ENSG00000170807.12","muscle","~ 0 + group_timepoint +  Batch + BMI + calculatedAge + codedsiteid + pct_umi_dup + RIN + Sex + (1 | pid)","group_timepointADUEndur.post_15_30_45_min - group_timepointADUEndur.pre_exercise - group_timepointADUControl.post_15_30_45_min + group_timepointADUControl.pre_exercise","Endur.post_15_30_45_min - Control.post_15_30_45_min (delta-delta)","exercise_with_controls","EE-CON","ADUEndur","post_15_30_45_min",-0.00436107689005105,-0.220702479081312,0.21198032530121,257.566724085509,-176.966015866016,-0.0396851622335118,9.27735344522476,-0.0396488484417337,0.968373082608473,0.993052460235008,"442721","LMOD2","ENSG00000170807",NA,NA,NA,NA,NA,NA,NA
"transcript-rna-seq","ENSG00000170807.12","muscle","~ 0 + group_timepoint +  Batch + BMI + calculatedAge + codedsiteid + pct_umi_dup + RIN + Sex + (1 | pid)","group_timepointADUEndur.post_3.5_4_hr - group_timepointADUEndur.pre_exercise - group_timepointADUControl.post_3.5_4_hr + group_timepointADUControl.pre_exercise","Endur.post_3.5_4_hr - Control.post_3.5_4_hr (delta-delta)","exercise_with_controls","EE-CON","ADUEndur","post_3.5_4_hr",-0.0950901332711531,-0.32136381459949,0.131183548057184,257.566724085509,-176.966015866016,-0.827242115975228,9.27735344522476,-0.825998423221427,0.408804986258844,0.679927616174416,"442721","LMOD2","ENSG00000170807",NA,NA,NA,NA,NA,NA,NA
"transcript-rna-seq","ENSG00000170807.12","muscle","~ 0 + group_timepoint +  Batch + BMI + calculatedAge + codedsiteid + pct_umi_dup + RIN + Sex + (1 | pid)","group_timepointADUEndur.post_24_hr - group_timepointADUEndur.pre_exercise - group_timepointADUControl.post_24_hr + group_timepointADUControl.pre_exercise","Endur.post_24_hr - Control.post_24_hr (delta-delta)","exercise_with_controls","EE-CON","ADUEndur","post_24_hr",-0.085679555836581,-0.297065042723156,0.125705931049994,257.566724085509,-176.966015866016,-0.797936256097044,9.27735344522476,-0.796748905781168,0.425596874574227,0.738043991843058,"442721","LMOD2","ENSG00000170807",NA,NA,NA,NA,NA,NA,NA
"transcript-rna-seq","ENSG00000170807.12","muscle","~ 0 + group_timepoint +  Batch + BMI + calculatedAge + codedsiteid + pct_umi_dup + RIN + Sex + (1 | pid)","group_timepointADUResist.post_15_30_45_min - group_timepointADUResist.pre_exercise - group_timepointADUControl.post_15_30_45_min + group_timepointADUControl.pre_exercise","Resist.post_15_30_45_min - Control.post_15_30_45_min (delta-delta)","exercise_with_controls","RE-CON","ADUResist","post_15_30_45_min",0.352082637538066,0.141883691254827,0.562281583821305,257.566724085509,-176.966015866016,3.29758816107172,9.27735344522476,3.2623790257061,0.00110481316558746,0.0263194235940597,"442721","LMOD2","ENSG00000170807",NA,NA,NA,NA,NA,NA,NA
"transcript-rna-seq","ENSG00000170807.12","muscle","~ 0 + group_timepoint +  Batch + BMI + calculatedAge + codedsiteid + pct_umi_dup + RIN + Sex + (1 | pid)","group_timepointADUResist.post_3.5_4_hr - group_timepointADUResist.pre_exercise - group_timepointADUControl.post_3.5_4_hr + group_timepointADUControl.pre_exercise","Resist.post_3.5_4_hr - Control.post_3.5_4_hr (delta-delta)","exercise_with_controls","RE-CON","ADUResist","post_3.5_4_hr",1.11005925681267,0.892101508271665,1.32801700535367,257.566724085509,-176.966015866016,10.0259371807514,9.27735344522476,9.25208719471909,2.2015100701492e-20,2.2858320596285e-18,"442721","LMOD2","ENSG00000170807",NA,NA,NA,NA,NA,NA,NA
"transcript-rna-seq","ENSG00000170807.12","muscle","~ 0 + group_timepoint +  Batch + BMI + calculatedAge + codedsiteid + pct_umi_dup + RIN + Sex + (1 | pid)","group_timepointADUResist.post_24_hr - group_timepointADUResist.pre_exercise - group_timepointADUControl.post_24_hr + group_timepointADUControl.pre_exercise","Resist.post_24_hr - Control.post_24_hr (delta-delta)","exercise_with_controls","RE-CON","ADUResist","post_24_hr",-0.0760946350217857,-0.283184073272143,0.130994803228572,257.566724085509,-176.966015866016,-0.723408855895285,9.27735344522476,-0.722395572333928,0.470051308325662,0.697743796828411,"442721","LMOD2","ENSG00000170807",NA,NA,NA,NA,NA,NA,NA
"transcript-rna-seq","ENSG00000176697.20","muscle","~ 0 + group_timepoint +  Batch + BMI + calculatedAge + codedsiteid + pct_umi_dup + RIN + Sex + (1 | pid)","group_timepointADUEndur.post_3.5_4_hr - group_timepointADUEndur.pre_exercise - group_timepointADUControl.post_3.5_4_hr + group_timepointADUControl.pre_exercise","Endur.post_3.5_4_hr - Control.post_3.5_4_hr (delta-delta)","exercise_with_controls","EE-CON","ADUEndur","post_3.5_4_hr",0.224780144732056,-0.665386806317683,1.11494709578179,263.428948735586,-724.209940662772,0.496882767285314,-2.43755166406054,0.496377422661961,0.619628151097647,0.823825492991145,"627","BDNF","ENSG00000176697",NA,NA,NA,NA,NA,NA,NA
"transcript-rna-seq","ENSG00000176697.20","muscle","~ 0 + group_timepoint +  Batch + BMI + calculatedAge + codedsiteid + pct_umi_dup + RIN + Sex + (1 | pid)","group_timepointADUResist.post_3.5_4_hr - group_timepointADUResist.pre_exercise - group_timepointADUControl.post_3.5_4_hr + group_timepointADUControl.pre_exercise","Resist.post_3.5_4_hr - Control.post_3.5_4_hr (delta-delta)","exercise_with_controls","RE-CON","ADUResist","post_3.5_4_hr",0.280356315058181,-0.602083977703417,1.16279660781978,263.428948735586,-724.209940662772,0.62519237955566,-2.43755166406054,0.624474515827105,0.532316001513168,0.681346322606674,"627","BDNF","ENSG00000176697",NA,NA,NA,NA,NA,NA,NA
"transcript-rna-seq","ENSG00000176697.20","muscle","~ 0 + group_timepoint +  Batch + BMI + calculatedAge + codedsiteid + pct_umi_dup + RIN + Sex + (1 | pid)","group_timepointADUEndur.post_15_30_45_min - group_timepointADUEndur.pre_exercise - group_timepointADUControl.post_15_30_45_min + group_timepointADUControl.pre_exercise","Endur.post_15_30_45_min - Control.post_15_30_45_min (delta-delta)","exercise_with_controls","EE-CON","ADUEndur","post_15_30_45_min",-0.189562602269163,-1.08966141097384,0.710536206435519,263.428948735586,-724.209940662772,-0.414466122973848,-2.43755166406054,-0.414056375144885,0.678832820672681,0.904481180442126,"627","BDNF","ENSG00000176697",NA,NA,NA,NA,NA,NA,NA
"transcript-rna-seq","ENSG00000176697.20","muscle","~ 0 + group_timepoint +  Batch + BMI + calculatedAge + codedsiteid + pct_umi_dup + RIN + Sex + (1 | pid)","group_timepointADUEndur.post_24_hr - group_timepointADUEndur.pre_exercise - group_timepointADUControl.post_24_hr + group_timepointADUControl.pre_exercise","Endur.post_24_hr - Control.post_24_hr (delta-delta)","exercise_with_controls","EE-CON","ADUEndur","post_24_hr",-0.489781976060801,-1.34374959102199,0.364185638900389,263.428948735586,-724.209940662772,-1.12884364424004,-2.43755166406054,-1.12662548677398,0.259900858621718,0.597674226909868,"627","BDNF","ENSG00000176697",NA,NA,NA,NA,NA,NA,NA
"transcript-rna-seq","ENSG00000176697.20","muscle","~ 0 + group_timepoint +  Batch + BMI + calculatedAge + codedsiteid + pct_umi_dup + RIN + Sex + (1 | pid)","group_timepointADUResist.post_15_30_45_min - group_timepointADUResist.pre_exercise - group_timepointADUControl.post_15_30_45_min + group_timepointADUControl.pre_exercise","Resist.post_15_30_45_min - Control.post_15_30_45_min (delta-delta)","exercise_with_controls","RE-CON","ADUResist","post_15_30_45_min",0.141915373935241,-0.72232824095897,1.00615898882945,263.428948735586,-724.209940662772,0.323176538197785,-2.43755166406054,0.32287200461877,0.746792178842163,0.921364262502003,"627","BDNF","ENSG00000176697",NA,NA,NA,NA,NA,NA,NA
"transcript-rna-seq","ENSG00000176697.20","muscle","~ 0 + group_timepoint +  Batch + BMI + calculatedAge + codedsiteid + pct_umi_dup + RIN + Sex + (1 | pid)","group_timepointADUResist.post_24_hr - group_timepointADUResist.pre_exercise - group_timepointADUControl.post_24_hr + group_timepointADUControl.pre_exercise","Resist.post_24_hr - Control.post_24_hr (delta-delta)","exercise_with_controls","RE-CON","ADUResist","post_24_hr",-0.589038931454441,-1.461080009458,0.283002146549124,263.428948735586,-724.209940662772,-1.3296248763933,-2.43755166406054,-1.32636169362183,0.184719920781644,0.399887381613448,"627","BDNF","ENSG00000176697",NA,NA,NA,NA,NA,NA,NA
"transcript-rna-seq","ENSG00000181092.10","muscle","~ 0 + group_timepoint +  Batch + BMI + calculatedAge + codedsiteid + pct_umi_dup + RIN + Sex + (1 | pid)","group_timepointADUResist.post_3.5_4_hr - group_timepointADUResist.pre_exercise - group_timepointADUControl.post_3.5_4_hr + group_timepointADUControl.pre_exercise","Resist.post_3.5_4_hr - Control.post_3.5_4_hr (delta-delta)","exercise_with_controls","RE-CON","ADUResist","post_3.5_4_hr",-0.428411081324065,-2.05318597134342,1.19636380869529,281.873668578631,-1002.65667107578,-0.518679420342788,0.243450077911845,-0.518184901019305,0.604329268427779,0.739995404803172,"9370","ADIPOQ","ENSG00000181092",NA,NA,NA,NA,NA,NA,NA
"transcript-rna-seq","ENSG00000181092.10","muscle","~ 0 + group_timepoint +  Batch + BMI + calculatedAge + codedsiteid + pct_umi_dup + RIN + Sex + (1 | pid)","group_timepointADUResist.post_15_30_45_min - group_timepointADUResist.pre_exercise - group_timepointADUControl.post_15_30_45_min + group_timepointADUControl.pre_exercise","Resist.post_15_30_45_min - Control.post_15_30_45_min (delta-delta)","exercise_with_controls","RE-CON","ADUResist","post_15_30_45_min",-0.401751799694003,-1.94265623124433,1.13915263185632,281.873668578631,-1002.65667107578,-0.512998099794548,0.243450077911845,-0.512479936780919,0.608315158389531,0.866569587527205,"9370","ADIPOQ","ENSG00000181092",NA,NA,NA,NA,NA,NA,NA
"transcript-rna-seq","ENSG00000181092.10","muscle","~ 0 + group_timepoint +  Batch + BMI + calculatedAge + codedsiteid + pct_umi_dup + RIN + Sex + (1 | pid)","group_timepointADUEndur.post_3.5_4_hr - group_timepointADUEndur.pre_exercise - group_timepointADUControl.post_3.5_4_hr + group_timepointADUControl.pre_exercise","Endur.post_3.5_4_hr - Control.post_3.5_4_hr (delta-delta)","exercise_with_controls","EE-CON","ADUEndur","post_3.5_4_hr",-1.32183258946886,-2.97170318378169,0.328038004843974,281.873668578631,-1002.65667107578,-1.5760548870314,0.243450077911845,-1.57190811292503,0.115971862767926,0.335973869671961,"9370","ADIPOQ","ENSG00000181092",NA,NA,NA,NA,NA,NA,NA
"transcript-rna-seq","ENSG00000181092.10","muscle","~ 0 + group_timepoint +  Batch + BMI + calculatedAge + codedsiteid + pct_umi_dup + RIN + Sex + (1 | pid)","group_timepointADUEndur.post_24_hr - group_timepointADUEndur.pre_exercise - group_timepointADUControl.post_24_hr + group_timepointADUControl.pre_exercise","Endur.post_24_hr - Control.post_24_hr (delta-delta)","exercise_with_controls","EE-CON","ADUEndur","post_24_hr",-0.623608845032261,-2.29109135403914,1.04387366397461,281.873668578631,-1002.65667107578,-0.735771888760694,0.243450077911845,-0.734887548550612,0.462407982154991,0.764623320995209,"9370","ADIPOQ","ENSG00000181092",NA,NA,NA,NA,NA,NA,NA
"transcript-rna-seq","ENSG00000181092.10","muscle","~ 0 + group_timepoint +  Batch + BMI + calculatedAge + codedsiteid + pct_umi_dup + RIN + Sex + (1 | pid)","group_timepointADUResist.post_24_hr - group_timepointADUResist.pre_exercise - group_timepointADUControl.post_24_hr + group_timepointADUControl.pre_exercise","Resist.post_24_hr - Control.post_24_hr (delta-delta)","exercise_with_controls","RE-CON","ADUResist","post_24_hr",-0.153159077990345,-1.86656373712316,1.56024558114247,281.873668578631,-1002.65667107578,-0.17588325638542,0.243450077911845,-0.17573754052154,0.860500141181279,0.939115279352266,"9370","ADIPOQ","ENSG00000181092",NA,NA,NA,NA,NA,NA,NA
"transcript-rna-seq","ENSG00000181092.10","muscle","~ 0 + group_timepoint +  Batch + BMI + calculatedAge + codedsiteid + pct_umi_dup + RIN + Sex + (1 | pid)","group_timepointADUEndur.post_15_30_45_min - group_timepointADUEndur.pre_exercise - group_timepointADUControl.post_15_30_45_min + group_timepointADUControl.pre_exercise","Endur.post_15_30_45_min - Control.post_15_30_45_min (delta-delta)","exercise_with_controls","EE-CON","ADUEndur","post_15_30_45_min",-0.869442268530748,-2.51611702755411,0.777232490492615,281.873668578631,-1002.65667107578,-1.0388520916305,0.243450077911845,-1.03713984592183,0.299670687571508,0.67512053570554,"9370","ADIPOQ","ENSG00000181092",NA,NA,NA,NA,NA,NA,NA
"transcript-rna-seq","ENSG00000183091.21","muscle","~ 0 + group_timepoint +  Batch + BMI + calculatedAge + codedsiteid + pct_umi_dup + RIN + Sex + (1 | pid)","group_timepointADUResist.post_24_hr - group_timepointADUResist.pre_exercise - group_timepointADUControl.post_24_hr + group_timepointADUControl.pre_exercise","Resist.post_24_hr - Control.post_24_hr (delta-delta)","exercise_with_controls","RE-CON","ADUResist","post_24_hr",0.280438664972621,0.140626942984871,0.420250386960371,273.438091221355,-15.0666196593174,3.94870064498695,14.8534535333083,3.8909713893307,9.98437065360521e-05,0.00116736526289213,"4703","NEB","ENSG00000183091",NA,NA,NA,NA,NA,NA,NA
"transcript-rna-seq","ENSG00000183091.21","muscle","~ 0 + group_timepoint +  Batch + BMI + calculatedAge + codedsiteid + pct_umi_dup + RIN + Sex + (1 | pid)","group_timepointADUResist.post_15_30_45_min - group_timepointADUResist.pre_exercise - group_timepointADUControl.post_15_30_45_min + group_timepointADUControl.pre_exercise","Resist.post_15_30_45_min - Control.post_15_30_45_min (delta-delta)","exercise_with_controls","RE-CON","ADUResist","post_15_30_45_min",-0.15981357660211,-0.301181327426632,-0.0184458257775878,273.438091221355,-15.0666196593174,-2.22543756713359,14.8534535333083,-2.21357535575092,0.0268580041675194,0.220377132605158,"4703","NEB","ENSG00000183091",NA,NA,NA,NA,NA,NA,NA
"transcript-rna-seq","ENSG00000183091.21","muscle","~ 0 + group_timepoint +  Batch + BMI + calculatedAge + codedsiteid + pct_umi_dup + RIN + Sex + (1 | pid)","group_timepointADUResist.post_3.5_4_hr - group_timepointADUResist.pre_exercise - group_timepointADUControl.post_3.5_4_hr + group_timepointADUControl.pre_exercise","Resist.post_3.5_4_hr - Control.post_3.5_4_hr (delta-delta)","exercise_with_controls","RE-CON","ADUResist","post_3.5_4_hr",0.135676517920785,-0.0106634077434447,0.282016443585016,273.438091221355,-15.0666196593174,1.8249732555421,14.8534535333083,1.81801315280263,0.0690621225081518,0.153369192963018,"4703","NEB","ENSG00000183091",NA,NA,NA,NA,NA,NA,NA
"transcript-rna-seq","ENSG00000183091.21","muscle","~ 0 + group_timepoint +  Batch + BMI + calculatedAge + codedsiteid + pct_umi_dup + RIN + Sex + (1 | pid)","group_timepointADUEndur.post_3.5_4_hr - group_timepointADUEndur.pre_exercise - group_timepointADUControl.post_3.5_4_hr + group_timepointADUControl.pre_exercise","Endur.post_3.5_4_hr - Control.post_3.5_4_hr (delta-delta)","exercise_with_controls","EE-CON","ADUEndur","post_3.5_4_hr",0.0206826366851782,-0.1320379322285,0.173403205598857,273.438091221355,-15.0666196593174,0.266564523739895,14.8534535333083,0.266314515482216,0.789996994908633,0.915682116755361,"4703","NEB","ENSG00000183091",NA,NA,NA,NA,NA,NA,NA
"transcript-rna-seq","ENSG00000183091.21","muscle","~ 0 + group_timepoint +  Batch + BMI + calculatedAge + codedsiteid + pct_umi_dup + RIN + Sex + (1 | pid)","group_timepointADUEndur.post_24_hr - group_timepointADUEndur.pre_exercise - group_timepointADUControl.post_24_hr + group_timepointADUControl.pre_exercise","Endur.post_24_hr - Control.post_24_hr (delta-delta)","exercise_with_controls","EE-CON","ADUEndur","post_24_hr",0.039702147590166,-0.102661509199295,0.182065804379627,273.438091221355,-15.0666196593174,0.548972255367376,14.8534535333083,0.548332777492317,0.583463424926308,0.838076601193391,"4703","NEB","ENSG00000183091",NA,NA,NA,NA,NA,NA,NA
"transcript-rna-seq","ENSG00000183091.21","muscle","~ 0 + group_timepoint +  Batch + BMI + calculatedAge + codedsiteid + pct_umi_dup + RIN + Sex + (1 | pid)","group_timepointADUEndur.post_15_30_45_min - group_timepointADUEndur.pre_exercise - group_timepointADUControl.post_15_30_45_min + group_timepointADUControl.pre_exercise","Endur.post_15_30_45_min - Control.post_15_30_45_min (delta-delta)","exercise_with_controls","EE-CON","ADUEndur","post_15_30_45_min",-0.0836521584744148,-0.229354697595185,0.0620503806463552,273.438091221355,-15.0666196593174,-1.13019151113452,14.8534535333083,-1.12788325329392,0.259369227280435,0.638998145526445,"4703","NEB","ENSG00000183091",NA,NA,NA,NA,NA,NA,NA
"transcript-rna-seq","ENSG00000184557.4","muscle","~ 0 + group_timepoint +  Batch + BMI + calculatedAge + codedsiteid + pct_umi_dup + RIN + Sex + (1 | pid)","group_timepointADUResist.post_3.5_4_hr - group_timepointADUResist.pre_exercise - group_timepointADUControl.post_3.5_4_hr + group_timepointADUControl.pre_exercise","Resist.post_3.5_4_hr - Control.post_3.5_4_hr (delta-delta)","exercise_with_controls","RE-CON","ADUResist","post_3.5_4_hr",1.3334470343659,0.419893394626075,2.24700067410572,320.355427215945,-689.799227953026,2.8710574505879,0.586814236663944,2.85174597626086,0.00434798315891313,0.0160583565929523,"9021","SOCS3","ENSG00000184557",NA,NA,NA,NA,NA,NA,NA
"transcript-rna-seq","ENSG00000184557.4","muscle","~ 0 + group_timepoint +  Batch + BMI + calculatedAge + codedsiteid + pct_umi_dup + RIN + Sex + (1 | pid)","group_timepointADUResist.post_24_hr - group_timepointADUResist.pre_exercise - group_timepointADUControl.post_24_hr + group_timepointADUControl.pre_exercise","Resist.post_24_hr - Control.post_24_hr (delta-delta)","exercise_with_controls","RE-CON","ADUResist","post_24_hr",-0.286121524551877,-1.11165691445292,0.539413865349162,320.355427215945,-689.799227953026,-0.681751038308552,0.586814236663944,-0.681010645402586,0.495864754523446,0.716294174352858,"9021","SOCS3","ENSG00000184557",NA,NA,NA,NA,NA,NA,NA
"transcript-rna-seq","ENSG00000184557.4","muscle","~ 0 + group_timepoint +  Batch + BMI + calculatedAge + codedsiteid + pct_umi_dup + RIN + Sex + (1 | pid)","group_timepointADUEndur.post_3.5_4_hr - group_timepointADUEndur.pre_exercise - group_timepointADUControl.post_3.5_4_hr + group_timepointADUControl.pre_exercise","Endur.post_3.5_4_hr - Control.post_3.5_4_hr (delta-delta)","exercise_with_controls","EE-CON","ADUEndur","post_3.5_4_hr",0.476898190085347,-0.507145990102516,1.46094237027321,320.355427215945,-689.799227953026,0.953242799637981,0.586814236663944,0.951910518154482,0.341142364763586,0.619162078631948,"9021","SOCS3","ENSG00000184557",NA,NA,NA,NA,NA,NA,NA
"transcript-rna-seq","ENSG00000184557.4","muscle","~ 0 + group_timepoint +  Batch + BMI + calculatedAge + codedsiteid + pct_umi_dup + RIN + Sex + (1 | pid)","group_timepointADUEndur.post_24_hr - group_timepointADUEndur.pre_exercise - group_timepointADUControl.post_24_hr + group_timepointADUControl.pre_exercise","Endur.post_24_hr - Control.post_24_hr (delta-delta)","exercise_with_controls","EE-CON","ADUEndur","post_24_hr",-0.398116488850555,-1.27135934624623,0.47512636854512,320.355427215945,-689.799227953026,-0.896753269272057,0.586814236663944,-0.895564279169703,0.370485520829905,0.695671686007837,"9021","SOCS3","ENSG00000184557",NA,NA,NA,NA,NA,NA,NA
"transcript-rna-seq","ENSG00000184557.4","muscle","~ 0 + group_timepoint +  Batch + BMI + calculatedAge + codedsiteid + pct_umi_dup + RIN + Sex + (1 | pid)","group_timepointADUResist.post_15_30_45_min - group_timepointADUResist.pre_exercise - group_timepointADUControl.post_15_30_45_min + group_timepointADUControl.pre_exercise","Resist.post_15_30_45_min - Control.post_15_30_45_min (delta-delta)","exercise_with_controls","RE-CON","ADUResist","post_15_30_45_min",1.27739250922103,0.371760101214859,2.1830249172272,320.355427215945,-689.799227953026,2.7745397299036,0.586814236663944,2.75675748886932,0.00583776298156785,0.0872967654553475,"9021","SOCS3","ENSG00000184557",NA,NA,NA,NA,NA,NA,NA
"transcript-rna-seq","ENSG00000184557.4","muscle","~ 0 + group_timepoint +  Batch + BMI + calculatedAge + codedsiteid + pct_umi_dup + RIN + Sex + (1 | pid)","group_timepointADUEndur.post_15_30_45_min - group_timepointADUEndur.pre_exercise - group_timepointADUControl.post_15_30_45_min + group_timepointADUControl.pre_exercise","Endur.post_15_30_45_min - Control.post_15_30_45_min (delta-delta)","exercise_with_controls","EE-CON","ADUEndur","post_15_30_45_min",1.73137520411723,0.798993901234293,2.66375650700016,320.355427215945,-689.799227953026,3.65251601048298,0.586814236663944,3.61483330305442,0.000300540938460813,0.00850380131676238,"9021","SOCS3","ENSG00000184557",NA,NA,NA,NA,NA,NA,NA
"transcript-rna-seq","ENSG00000185567.7","muscle","~ 0 + group_timepoint +  Batch + BMI + calculatedAge + codedsiteid + pct_umi_dup + RIN + Sex + (1 | pid)","group_timepointADUEndur.post_15_30_45_min - group_timepointADUEndur.pre_exercise - group_timepointADUControl.post_15_30_45_min + group_timepointADUControl.pre_exercise","Endur.post_15_30_45_min - Control.post_15_30_45_min (delta-delta)","exercise_with_controls","EE-CON","ADUEndur","post_15_30_45_min",-0.288881172235052,-0.988719700405246,0.410957355935142,306.362732739541,-588.984074165694,-0.812209719136867,1.38821132848064,-0.811123940516628,0.417294498740201,0.761064149195891,"113146","AHNAK2","ENSG00000185567",NA,NA,NA,NA,NA,NA,NA
"transcript-rna-seq","ENSG00000185567.7","muscle","~ 0 + group_timepoint +  Batch + BMI + calculatedAge + codedsiteid + pct_umi_dup + RIN + Sex + (1 | pid)","group_timepointADUEndur.post_24_hr - group_timepointADUEndur.pre_exercise - group_timepointADUControl.post_24_hr + group_timepointADUControl.pre_exercise","Endur.post_24_hr - Control.post_24_hr (delta-delta)","exercise_with_controls","EE-CON","ADUEndur","post_24_hr",-0.319899319639332,-0.919972761907966,0.280174122629301,306.362732739541,-588.984074165694,-1.04882744890042,1.38821132848064,-1.04710819236758,0.29504968131831,0.631710603315785,"113146","AHNAK2","ENSG00000185567",NA,NA,NA,NA,NA,NA,NA
"transcript-rna-seq","ENSG00000185567.7","muscle","~ 0 + group_timepoint +  Batch + BMI + calculatedAge + codedsiteid + pct_umi_dup + RIN + Sex + (1 | pid)","group_timepointADUResist.post_24_hr - group_timepointADUResist.pre_exercise - group_timepointADUControl.post_24_hr + group_timepointADUControl.pre_exercise","Resist.post_24_hr - Control.post_24_hr (delta-delta)","exercise_with_controls","RE-CON","ADUResist","post_24_hr",-0.0884412214359807,-0.685279802630663,0.508397359758702,306.362732739541,-588.984074165694,-0.291567688264955,1.38821132848064,-0.291313492149814,0.770811569477232,0.893477446721208,"113146","AHNAK2","ENSG00000185567",NA,NA,NA,NA,NA,NA,NA
"transcript-rna-seq","ENSG00000185567.7","muscle","~ 0 + group_timepoint +  Batch + BMI + calculatedAge + codedsiteid + pct_umi_dup + RIN + Sex + (1 | pid)","group_timepointADUResist.post_3.5_4_hr - group_timepointADUResist.pre_exercise - group_timepointADUControl.post_3.5_4_hr + group_timepointADUControl.pre_exercise","Resist.post_3.5_4_hr - Control.post_3.5_4_hr (delta-delta)","exercise_with_controls","RE-CON","ADUResist","post_3.5_4_hr",-0.0461302130141903,-0.701158344134396,0.608897918106015,306.362732739541,-588.984074165694,-0.138559191140675,1.38821132848064,-0.138447833978806,0.889886494930083,0.936283842357246,"113146","AHNAK2","ENSG00000185567",NA,NA,NA,NA,NA,NA,NA
"transcript-rna-seq","ENSG00000185567.7","muscle","~ 0 + group_timepoint +  Batch + BMI + calculatedAge + codedsiteid + pct_umi_dup + RIN + Sex + (1 | pid)","group_timepointADUResist.post_15_30_45_min - group_timepointADUResist.pre_exercise - group_timepointADUControl.post_15_30_45_min + group_timepointADUControl.pre_exercise","Resist.post_15_30_45_min - Control.post_15_30_45_min (delta-delta)","exercise_with_controls","RE-CON","ADUResist","post_15_30_45_min",0.188446212511953,-0.476152222225494,0.853044647249401,306.362732739541,-588.984074165694,0.557955753954262,1.38821132848064,0.557357564040132,0.577283153119007,0.850745783141763,"113146","AHNAK2","ENSG00000185567",NA,NA,NA,NA,NA,NA,NA
"transcript-rna-seq","ENSG00000185567.7","muscle","~ 0 + group_timepoint +  Batch + BMI + calculatedAge + codedsiteid + pct_umi_dup + RIN + Sex + (1 | pid)","group_timepointADUEndur.post_3.5_4_hr - group_timepointADUEndur.pre_exercise - group_timepointADUControl.post_3.5_4_hr + group_timepointADUControl.pre_exercise","Endur.post_3.5_4_hr - Control.post_3.5_4_hr (delta-delta)","exercise_with_controls","EE-CON","ADUEndur","post_3.5_4_hr",-0.627986026849233,-1.31980604445297,0.0638339907545065,306.362732739541,-588.984074165694,-1.7859227069887,1.38821132848064,-1.78006403629599,0.0750654813989245,0.25700042148794,"113146","AHNAK2","ENSG00000185567",NA,NA,NA,NA,NA,NA,NA
"transcript-rna-seq","ENSG00000196549.13","muscle","~ 0 + group_timepoint +  Batch + BMI + calculatedAge + codedsiteid + pct_umi_dup + RIN + Sex + (1 | pid)","group_timepointADUEndur.post_24_hr - group_timepointADUEndur.pre_exercise - group_timepointADUControl.post_24_hr + group_timepointADUControl.pre_exercise","Endur.post_24_hr - Control.post_24_hr (delta-delta)","exercise_with_controls","EE-CON","ADUEndur","post_24_hr",-0.0536762834444975,-0.209662904153873,0.102310337264878,243.510423383914,-78.7930355909592,-0.677578956889574,4.48879849276832,-0.67663377089409,0.498638346739531,0.786734700474638,"4311","MME","ENSG00000196549",NA,NA,NA,NA,NA,NA,NA
"transcript-rna-seq","ENSG00000196549.13","muscle","~ 0 + group_timepoint +  Batch + BMI + calculatedAge + codedsiteid + pct_umi_dup + RIN + Sex + (1 | pid)","group_timepointADUResist.post_24_hr - group_timepointADUResist.pre_exercise - group_timepointADUControl.post_24_hr + group_timepointADUControl.pre_exercise","Resist.post_24_hr - Control.post_24_hr (delta-delta)","exercise_with_controls","RE-CON","ADUResist","post_24_hr",-0.0916699753452388,-0.244536589698483,0.0611966390080057,243.510423383914,-78.7930355909592,-1.18087749834672,4.48879849276832,-1.1781445350833,0.238738990029182,0.46976662531487,"4311","MME","ENSG00000196549",NA,NA,NA,NA,NA,NA,NA
"transcript-rna-seq","ENSG00000196549.13","muscle","~ 0 + group_timepoint +  Batch + BMI + calculatedAge + codedsiteid + pct_umi_dup + RIN + Sex + (1 | pid)","group_timepointADUResist.post_15_30_45_min - group_timepointADUResist.pre_exercise - group_timepointADUControl.post_15_30_45_min + group_timepointADUControl.pre_exercise","Resist.post_15_30_45_min - Control.post_15_30_45_min (delta-delta)","exercise_with_controls","RE-CON","ADUResist","post_15_30_45_min",0.0507274956541188,-0.104731682785736,0.206186674093973,243.510423383914,-78.7930355909592,0.642546099546145,4.48879849276832,0.641672807449006,0.521085648686063,0.824466530925232,"4311","MME","ENSG00000196549",NA,NA,NA,NA,NA,NA,NA
"transcript-rna-seq","ENSG00000196549.13","muscle","~ 0 + group_timepoint +  Batch + BMI + calculatedAge + codedsiteid + pct_umi_dup + RIN + Sex + (1 | pid)","group_timepointADUEndur.post_3.5_4_hr - group_timepointADUEndur.pre_exercise - group_timepointADUControl.post_3.5_4_hr + group_timepointADUControl.pre_exercise","Endur.post_3.5_4_hr - Control.post_3.5_4_hr (delta-delta)","exercise_with_controls","EE-CON","ADUEndur","post_3.5_4_hr",-0.109692905754371,-0.277456387243612,0.0580705757348706,243.510423383914,-78.7930355909592,-1.28743882118159,4.48879849276832,-1.28420584500522,0.199069940597331,0.462553926716585,"4311","MME","ENSG00000196549",NA,NA,NA,NA,NA,NA,NA
"transcript-rna-seq","ENSG00000196549.13","muscle","~ 0 + group_timepoint +  Batch + BMI + calculatedAge + codedsiteid + pct_umi_dup + RIN + Sex + (1 | pid)","group_timepointADUResist.post_3.5_4_hr - group_timepointADUResist.pre_exercise - group_timepointADUControl.post_3.5_4_hr + group_timepointADUControl.pre_exercise","Resist.post_3.5_4_hr - Control.post_3.5_4_hr (delta-delta)","exercise_with_controls","RE-CON","ADUResist","post_3.5_4_hr",0.0219163675634917,-0.138937060567743,0.182769795694726,243.510423383914,-78.7930355909592,0.268284876412715,4.48879849276832,0.268010731655049,0.788691058168298,0.869714827286116,"4311","MME","ENSG00000196549",NA,NA,NA,NA,NA,NA,NA
"transcript-rna-seq","ENSG00000196549.13","muscle","~ 0 + group_timepoint +  Batch + BMI + calculatedAge + codedsiteid + pct_umi_dup + RIN + Sex + (1 | pid)","group_timepointADUEndur.post_15_30_45_min - group_timepointADUEndur.pre_exercise - group_timepointADUControl.post_15_30_45_min + group_timepointADUControl.pre_exercise","Endur.post_15_30_45_min - Control.post_15_30_45_min (delta-delta)","exercise_with_controls","EE-CON","ADUEndur","post_15_30_45_min",0.112335712667248,-0.04780154222424,0.272472967558736,243.510423383914,-78.7930355909592,1.38130971824361,4.48879849276832,1.37747783498791,0.168364562991929,0.53299554045049,"4311","MME","ENSG00000196549",NA,NA,NA,NA,NA,NA,NA
"transcript-rna-seq","ENSG00000248098.12","muscle","~ 0 + group_timepoint +  Batch + BMI + calculatedAge + codedsiteid + pct_umi_dup + RIN + Sex + (1 | pid)","group_timepointADUResist.post_15_30_45_min - group_timepointADUResist.pre_exercise - group_timepointADUControl.post_15_30_45_min + group_timepointADUControl.pre_exercise","Resist.post_15_30_45_min - Control.post_15_30_45_min (delta-delta)","exercise_with_controls","RE-CON","ADUResist","post_15_30_45_min",-0.0627521926091639,-0.152273904737968,0.0267695195196407,230.42741031921,97.4608159213717,-1.38068929573255,5.77984681118663,-1.37661656498537,0.168630826706716,0.533613904972378,"593","BCKDHA","ENSG00000248098",NA,NA,NA,NA,NA,NA,NA
"transcript-rna-seq","ENSG00000248098.12","muscle","~ 0 + group_timepoint +  Batch + BMI + calculatedAge + codedsiteid + pct_umi_dup + RIN + Sex + (1 | pid)","group_timepointADUEndur.post_15_30_45_min - group_timepointADUEndur.pre_exercise - group_timepointADUControl.post_15_30_45_min + group_timepointADUControl.pre_exercise","Endur.post_15_30_45_min - Control.post_15_30_45_min (delta-delta)","exercise_with_controls","EE-CON","ADUEndur","post_15_30_45_min",-0.147222109674519,-0.239724634846654,-0.0547195845023852,230.42741031921,97.4608159213717,-3.13477889126893,5.77984681118663,-3.10102883628144,0.0019284950919108,0.0366791768114693,"593","BCKDHA","ENSG00000248098",NA,NA,NA,NA,NA,NA,NA
"transcript-rna-seq","ENSG00000248098.12","muscle","~ 0 + group_timepoint +  Batch + BMI + calculatedAge + codedsiteid + pct_umi_dup + RIN + Sex + (1 | pid)","group_timepointADUEndur.post_3.5_4_hr - group_timepointADUEndur.pre_exercise - group_timepointADUControl.post_3.5_4_hr + group_timepointADUControl.pre_exercise","Endur.post_3.5_4_hr - Control.post_3.5_4_hr (delta-delta)","exercise_with_controls","EE-CON","ADUEndur","post_3.5_4_hr",0.0410035763299339,-0.0563724362950705,0.138379588954938,230.42741031921,97.4608159213717,0.829355969029511,5.77984681118663,0.827947878010941,0.4077000186296,0.679253164553038,"593","BCKDHA","ENSG00000248098",NA,NA,NA,NA,NA,NA,NA
"transcript-rna-seq","ENSG00000248098.12","muscle","~ 0 + group_timepoint +  Batch + BMI + calculatedAge + codedsiteid + pct_umi_dup + RIN + Sex + (1 | pid)","group_timepointADUEndur.post_24_hr - group_timepointADUEndur.pre_exercise - group_timepointADUControl.post_24_hr + group_timepointADUControl.pre_exercise","Endur.post_24_hr - Control.post_24_hr (delta-delta)","exercise_with_controls","EE-CON","ADUEndur","post_24_hr",0.0610466382775892,-0.029210238973552,0.15130351552873,230.42741031921,97.4608159213717,1.33219394654826,5.77984681118663,1.32845753118947,0.184027004495033,0.503701578904047,"593","BCKDHA","ENSG00000248098",NA,NA,NA,NA,NA,NA,NA
"transcript-rna-seq","ENSG00000248098.12","muscle","~ 0 + group_timepoint +  Batch + BMI + calculatedAge + codedsiteid + pct_umi_dup + RIN + Sex + (1 | pid)","group_timepointADUResist.post_24_hr - group_timepointADUResist.pre_exercise - group_timepointADUControl.post_24_hr + group_timepointADUControl.pre_exercise","Resist.post_24_hr - Control.post_24_hr (delta-delta)","exercise_with_controls","RE-CON","ADUResist","post_24_hr",-0.0455959389698677,-0.133815460153513,0.0426235822137774,230.42741031921,97.4608159213717,-1.01804763848461,5.77984681118663,-1.01592890017536,0.309663245440753,0.550590255140698,"593","BCKDHA","ENSG00000248098",NA,NA,NA,NA,NA,NA,NA
"transcript-rna-seq","ENSG00000248098.12","muscle","~ 0 + group_timepoint +  Batch + BMI + calculatedAge + codedsiteid + pct_umi_dup + RIN + Sex + (1 | pid)","group_timepointADUResist.post_3.5_4_hr - group_timepointADUResist.pre_exercise - group_timepointADUControl.post_3.5_4_hr + group_timepointADUControl.pre_exercise","Resist.post_3.5_4_hr - Control.post_3.5_4_hr (delta-delta)","exercise_with_controls","RE-CON","ADUResist","post_3.5_4_hr",0.0237660796988317,-0.0694302134380264,0.11696237283569,230.42741031921,97.4608159213717,0.502270221982075,5.77984681118663,0.501634927321343,0.615924345926162,0.748558258751275,"593","BCKDHA","ENSG00000248098",NA,NA,NA,NA,NA,NA,NA
"transcript-rna-seq","ENSG00000250722.6","muscle","~ 0 + group_timepoint +  Batch + BMI + calculatedAge + codedsiteid + pct_umi_dup + RIN + Sex + (1 | pid)","group_timepointADUEndur.post_15_30_45_min - group_timepointADUEndur.pre_exercise - group_timepointADUControl.post_15_30_45_min + group_timepointADUControl.pre_exercise","Endur.post_15_30_45_min - Control.post_15_30_45_min (delta-delta)","exercise_with_controls","EE-CON","ADUEndur","post_15_30_45_min",-0.0352490847585676,-0.17868895490824,0.108190785391105,239.887751954176,-44.1177951206303,-0.483882185482741,5.69927136261996,-0.483311982717295,0.628874233122104,0.883130717473019,"6414","SELENOP","ENSG00000250722",NA,NA,NA,NA,NA,NA,NA
"transcript-rna-seq","ENSG00000250722.6","muscle","~ 0 + group_timepoint +  Batch + BMI + calculatedAge + codedsiteid + pct_umi_dup + RIN + Sex + (1 | pid)","group_timepointADUResist.post_24_hr - group_timepointADUResist.pre_exercise - group_timepointADUControl.post_24_hr + group_timepointADUControl.pre_exercise","Resist.post_24_hr - Control.post_24_hr (delta-delta)","exercise_with_controls","RE-CON","ADUResist","post_24_hr",-0.454972607977754,-0.592412681362029,-0.317532534593479,239.887751954176,-44.1177951206303,-6.51856416088279,5.69927136261996,-6.266895378567,3.68317430411669e-10,2.41291764232787e-08,"6414","SELENOP","ENSG00000250722",NA,NA,NA,NA,NA,NA,NA
"transcript-rna-seq","ENSG00000250722.6","muscle","~ 0 + group_timepoint +  Batch + BMI + calculatedAge + codedsiteid + pct_umi_dup + RIN + Sex + (1 | pid)","group_timepointADUResist.post_3.5_4_hr - group_timepointADUResist.pre_exercise - group_timepointADUControl.post_3.5_4_hr + group_timepointADUControl.pre_exercise","Resist.post_3.5_4_hr - Control.post_3.5_4_hr (delta-delta)","exercise_with_controls","RE-CON","ADUResist","post_3.5_4_hr",-0.372245957406239,-0.516883735347631,-0.227608179464847,239.887751954176,-44.1177951206303,-5.06752615606986,5.69927136261996,-4.94550183485208,7.59479550868841e-07,8.00143452794748e-06,"6414","SELENOP","ENSG00000250722",NA,NA,NA,NA,NA,NA,NA
"transcript-rna-seq","ENSG00000250722.6","muscle","~ 0 + group_timepoint +  Batch + BMI + calculatedAge + codedsiteid + pct_umi_dup + RIN + Sex + (1 | pid)","group_timepointADUEndur.post_24_hr - group_timepointADUEndur.pre_exercise - group_timepointADUControl.post_24_hr + group_timepointADUControl.pre_exercise","Endur.post_24_hr - Control.post_24_hr (delta-delta)","exercise_with_controls","EE-CON","ADUEndur","post_24_hr",-0.213964447728542,-0.35424836614973,-0.0736805293073546,239.887751954176,-44.1177951206303,-3.00324823334782,5.69927136261996,-2.97505914734617,0.00292932060871189,0.0408102564803584,"6414","SELENOP","ENSG00000250722",NA,NA,NA,NA,NA,NA,NA
"transcript-rna-seq","ENSG00000250722.6","muscle","~ 0 + group_timepoint +  Batch + BMI + calculatedAge + codedsiteid + pct_umi_dup + RIN + Sex + (1 | pid)","group_timepointADUResist.post_15_30_45_min - group_timepointADUResist.pre_exercise - group_timepointADUControl.post_15_30_45_min + group_timepointADUControl.pre_exercise","Resist.post_15_30_45_min - Control.post_15_30_45_min (delta-delta)","exercise_with_controls","RE-CON","ADUResist","post_15_30_45_min",-0.113280632841714,-0.252326904621631,0.0257656389382035,239.887751954176,-44.1177951206303,-1.60422416309343,5.69927136261996,-1.59875404623968,0.109875263482541,0.448513633237901,"6414","SELENOP","ENSG00000250722",NA,NA,NA,NA,NA,NA,NA
"transcript-rna-seq","ENSG00000250722.6","muscle","~ 0 + group_timepoint +  Batch + BMI + calculatedAge + codedsiteid + pct_umi_dup + RIN + Sex + (1 | pid)","group_timepointADUEndur.post_3.5_4_hr - group_timepointADUEndur.pre_exercise - group_timepointADUControl.post_3.5_4_hr + group_timepointADUControl.pre_exercise","Endur.post_3.5_4_hr - Control.post_3.5_4_hr (delta-delta)","exercise_with_controls","EE-CON","ADUEndur","post_3.5_4_hr",-0.25644838090188,-0.407296410044921,-0.10560035175884,239.887751954176,-44.1177951206303,-3.34731971292312,5.69927136261996,-3.30959765330823,0.000934301682253661,0.0108241308577724,"6414","SELENOP","ENSG00000250722",NA,NA,NA,NA,NA,NA,NA
