"tissue","assay","platform","full_model","contrast","contrast_short","contrast_type","contrast_category","randomGroupCode","Timepoint","feature_id","logFC","CI.L_calculated","CI.R_calculated","degrees_of_freedom","logLik","t","AveExpr","z.std","p_value","adj_p_value"
"muscle","metab","metab-u-hilicpos","~ 0 + group_timepoint +  BMI + calculatedAge + codedsiteid + raw_intensity_post + Sex + (1 | pid)","group_timepointADUEndur.post_15_30_45_min - group_timepointADUEndur.pre_exercise - group_timepointADUControl.post_15_30_45_min + group_timepointADUControl.pre_exercise","Endur.post_15_30_45_min - Control.post_15_30_45_min (delta-delta)","exercise_with_controls","EE-CON","ADUEndur","post_15_30_45_min","Carnitine",-0.3524733214036,-0.440612187068228,-0.264334455738972,239.893990089372,162.692861488535,-7.87874479226358,27.7283484920743,-7.41267539643611,1.23776589584437e-13,1.05519542620732e-11
"muscle","metab","metab-u-hilicpos","~ 0 + group_timepoint +  BMI + calculatedAge + codedsiteid + raw_intensity_post + Sex + (1 | pid)","group_timepointADUEndur.post_15_30_45_min - group_timepointADUEndur.pre_exercise - group_timepointADUControl.post_15_30_45_min + group_timepointADUControl.pre_exercise","Endur.post_15_30_45_min - Control.post_15_30_45_min (delta-delta)","exercise_with_controls","EE-CON","ADUEndur","post_15_30_45_min","3-Dehydroxycarnitine",0.305179935187684,0.206861911103366,0.403497959272003,221.13760097042,36.6651852405195,6.1165205598019,23.3266660166577,5.8772633480831,4.17104377107225e-09,2.03189417990805e-07
"muscle","metab","metab-u-hilicpos","~ 0 + group_timepoint +  BMI + calculatedAge + codedsiteid + raw_intensity_post + Sex + (1 | pid)","group_timepointADUEndur.post_15_30_45_min - group_timepointADUEndur.pre_exercise - group_timepointADUControl.post_15_30_45_min + group_timepointADUControl.pre_exercise","Endur.post_15_30_45_min - Control.post_15_30_45_min (delta-delta)","exercise_with_controls","EE-CON","ADUEndur","post_15_30_45_min","Isoleucine",0.0873444305911129,-0.0693661427229786,0.244055003905204,236.254761015761,-66.3791041487201,1.09769172653498,27.190104873978,1.0952910126401,0.273389163617734,0.56500427147665
"muscle","metab","metab-u-hilicpos","~ 0 + group_timepoint +  BMI + calculatedAge + codedsiteid + raw_intensity_post + Sex + (1 | pid)","group_timepointADUEndur.post_15_30_45_min - group_timepointADUEndur.pre_exercise - group_timepointADUControl.post_15_30_45_min + group_timepointADUControl.pre_exercise","Endur.post_15_30_45_min - Control.post_15_30_45_min (delta-delta)","exercise_with_controls","EE-CON","ADUEndur","post_15_30_45_min","Leucine",0.0718747087562726,-0.0677540394911142,0.211503457003659,232.587868236188,-30.5669960242722,1.01384640365305,28.0069541877165,1.01177983927808,0.311643331572577,0.616814035709531
"muscle","metab","metab-u-hilicpos","~ 0 + group_timepoint +  BMI + calculatedAge + codedsiteid + raw_intensity_post + Sex + (1 | pid)","group_timepointADUEndur.post_15_30_45_min - group_timepointADUEndur.pre_exercise - group_timepointADUControl.post_15_30_45_min + group_timepointADUControl.pre_exercise","Endur.post_15_30_45_min - Control.post_15_30_45_min (delta-delta)","exercise_with_controls","EE-CON","ADUEndur","post_15_30_45_min","3-Hydroxynorvaline",0.0412732807226011,-0.151107155531761,0.233653716976963,220.590809312524,-233.228126891857,0.422697330100625,12.763760810992,0.422160412704048,0.672907934495095,0.864778978795363
"muscle","metab","metab-u-hilicpos","~ 0 + group_timepoint +  BMI + calculatedAge + codedsiteid + raw_intensity_post + Sex + (1 | pid)","group_timepointADUEndur.post_15_30_45_min - group_timepointADUEndur.pre_exercise - group_timepointADUControl.post_15_30_45_min + group_timepointADUControl.pre_exercise","Endur.post_15_30_45_min - Control.post_15_30_45_min (delta-delta)","exercise_with_controls","EE-CON","ADUEndur","post_15_30_45_min","N-Acetylleucine",-0.0619178491089816,-0.351874554121422,0.228038855903458,254.151975048099,-276.426486144127,-0.420409692300661,13.1292245934737,-0.419954057773957,0.674519015980832,0.864778978795363
"muscle","metab","metab-u-hilicpos","~ 0 + group_timepoint +  BMI + calculatedAge + codedsiteid + raw_intensity_post + Sex + (1 | pid)","group_timepointADUEndur.post_15_30_45_min - group_timepointADUEndur.pre_exercise - group_timepointADUControl.post_15_30_45_min + group_timepointADUControl.pre_exercise","Endur.post_15_30_45_min - Control.post_15_30_45_min (delta-delta)","exercise_with_controls","EE-CON","ADUEndur","post_15_30_45_min","gamma-Aminobutyric acid",0.000192826136920843,-0.164995528274688,0.16538118054853,221.404697829013,-159.16199963309,0.0022998337655864,22.9230167091997,0.00229736724789342,0.998166967754838,0.999906610535685
"muscle","metab","metab-u-ionpneg","~ 0 + group_timepoint +  BMI + calculatedAge + codedsiteid + raw_intensity_post + Sex + (1 | pid)","group_timepointADUEndur.post_15_30_45_min - group_timepointADUEndur.pre_exercise - group_timepointADUControl.post_15_30_45_min + group_timepointADUControl.pre_exercise","Endur.post_15_30_45_min - Control.post_15_30_45_min (delta-delta)","exercise_with_controls","EE-CON","ADUEndur","post_15_30_45_min","Lactic acid",-0.321475721284084,-0.601055168062119,-0.04189627450605,271.284815617895,-237.625177761942,-2.2640236839865,25.345093936798,-2.251055030783,0.0243820521306209,0.170674364914346
"muscle","metab","metab-u-ionpneg","~ 0 + group_timepoint +  BMI + calculatedAge + codedsiteid + raw_intensity_post + Sex + (1 | pid)","group_timepointADUEndur.post_15_30_45_min - group_timepointADUEndur.pre_exercise - group_timepointADUControl.post_15_30_45_min + group_timepointADUControl.pre_exercise","Endur.post_15_30_45_min - Control.post_15_30_45_min (delta-delta)","exercise_with_controls","EE-CON","ADUEndur","post_15_30_45_min","Valine",0.0568626459783346,-0.141621223063783,0.255346515020452,247.885428333643,-124.579885232706,0.564181816465096,22.5099180626246,0.563452196469417,0.573127002869541,0.85877540277949
"muscle","metab","metab-u-rpneg","~ 0 + group_timepoint +  BMI + calculatedAge + codedsiteid + raw_intensity_post + Sex + (1 | pid)","group_timepointADUEndur.post_15_30_45_min - group_timepointADUEndur.pre_exercise - group_timepointADUControl.post_15_30_45_min + group_timepointADUControl.pre_exercise","Endur.post_15_30_45_min - Control.post_15_30_45_min (delta-delta)","exercise_with_controls","EE-CON","ADUEndur","post_15_30_45_min","Ketoleucine",0.724632335586012,0.37351704422344,1.07574762694858,277.398078899847,-315.905979594103,4.06180462931642,17.3035466725524,4.00273594442683,6.26141729608294e-05,0.00179493962487711
"muscle","metab","metab-u-rpneg","~ 0 + group_timepoint +  BMI + calculatedAge + codedsiteid + raw_intensity_post + Sex + (1 | pid)","group_timepointADUEndur.post_15_30_45_min - group_timepointADUEndur.pre_exercise - group_timepointADUControl.post_15_30_45_min + group_timepointADUControl.pre_exercise","Endur.post_15_30_45_min - Control.post_15_30_45_min (delta-delta)","exercise_with_controls","EE-CON","ADUEndur","post_15_30_45_min","alpha-N-Phenylacetylglutamine",0.540725419649036,0.106923302205447,0.974527537092624,221.464829061227,-467.721838764134,2.45529477711828,14.0200147404246,2.43774766631069,0.0147790864026727,0.211833571771642
"muscle","metab","metab-u-rpneg","~ 0 + group_timepoint +  BMI + calculatedAge + codedsiteid + raw_intensity_post + Sex + (1 | pid)","group_timepointADUEndur.post_15_30_45_min - group_timepointADUEndur.pre_exercise - group_timepointADUControl.post_15_30_45_min + group_timepointADUControl.pre_exercise","Endur.post_15_30_45_min - Control.post_15_30_45_min (delta-delta)","exercise_with_controls","EE-CON","ADUEndur","post_15_30_45_min","Hydroxyphenyllactic acid",0.340666620596517,0.0442897091468407,0.637043532046193,237.225329816931,-282.369435441937,2.26332982022011,16.0459761964414,2.25021342978466,0.0244354001886388,0.221087369468116
"muscle","metab","metab-u-rpneg","~ 0 + group_timepoint +  BMI + calculatedAge + codedsiteid + raw_intensity_post + Sex + (1 | pid)","group_timepointADUEndur.post_15_30_45_min - group_timepointADUEndur.pre_exercise - group_timepointADUControl.post_15_30_45_min + group_timepointADUControl.pre_exercise","Endur.post_15_30_45_min - Control.post_15_30_45_min (delta-delta)","exercise_with_controls","EE-CON","ADUEndur","post_15_30_45_min","Phenylacetic acid",0.332553247624203,0.0422125340146048,0.622893961233801,239.687109149998,-271.116608520435,2.25525162679702,12.9792938708787,2.24239208012407,0.0249360432205005,0.221087369468116
"muscle","metab","metab-u-rpneg","~ 0 + group_timepoint +  BMI + calculatedAge + codedsiteid + raw_intensity_post + Sex + (1 | pid)","group_timepointADUEndur.post_15_30_45_min - group_timepointADUEndur.pre_exercise - group_timepointADUControl.post_15_30_45_min + group_timepointADUControl.pre_exercise","Endur.post_15_30_45_min - Control.post_15_30_45_min (delta-delta)","exercise_with_controls","EE-CON","ADUEndur","post_15_30_45_min","2-Hydroxybutyric acid",0.728576550187217,0.0891036907260039,1.36804940964843,238.884390839048,-571.767737446071,2.24360272029468,18.0217047323826,2.23059703091719,0.0257078336590832,0.221087369468116
"muscle","metab","metab-u-rpneg","~ 0 + group_timepoint +  BMI + calculatedAge + codedsiteid + raw_intensity_post + Sex + (1 | pid)","group_timepointADUEndur.post_15_30_45_min - group_timepointADUEndur.pre_exercise - group_timepointADUControl.post_15_30_45_min + group_timepointADUControl.pre_exercise","Endur.post_15_30_45_min - Control.post_15_30_45_min (delta-delta)","exercise_with_controls","EE-CON","ADUEndur","post_15_30_45_min","gamma-Glutamylisoleucine",-0.59361150725065,-1.21316586409588,0.0259428495945767,225.05079220332,-588.071238968787,-1.8873680386014,10.2665036725333,-1.8785052006131,0.0603120862883632,0.371702275175078
"muscle","metab","metab-u-rpneg","~ 0 + group_timepoint +  BMI + calculatedAge + codedsiteid + raw_intensity_post + Sex + (1 | pid)","group_timepointADUEndur.post_15_30_45_min - group_timepointADUEndur.pre_exercise - group_timepointADUControl.post_15_30_45_min + group_timepointADUControl.pre_exercise","Endur.post_15_30_45_min - Control.post_15_30_45_min (delta-delta)","exercise_with_controls","EE-CON","ADUEndur","post_15_30_45_min","gamma-Glutamylleucine",-0.3734523890417,-0.87359422781821,0.126689449734809,229.214773012325,-496.101261386287,-1.47068644947583,11.8200099989579,-1.46600565384241,0.142646746582529,0.557619100277158
"muscle","metab","metab-u-rpneg","~ 0 + group_timepoint +  BMI + calculatedAge + codedsiteid + raw_intensity_post + Sex + (1 | pid)","group_timepointADUEndur.post_15_30_45_min - group_timepointADUEndur.pre_exercise - group_timepointADUControl.post_15_30_45_min + group_timepointADUControl.pre_exercise","Endur.post_15_30_45_min - Control.post_15_30_45_min (delta-delta)","exercise_with_controls","EE-CON","ADUEndur","post_15_30_45_min","Phenylalanine",0.146630782602326,-0.0696836752868827,0.362945240491535,269.053543230624,-133.066079379598,1.3344129388211,19.1090705655934,1.33107310347526,0.183164958035435,0.583414310779533
"muscle","metab","metab-u-rpneg","~ 0 + group_timepoint +  BMI + calculatedAge + codedsiteid + raw_intensity_post + Sex + (1 | pid)","group_timepointADUEndur.post_15_30_45_min - group_timepointADUEndur.pre_exercise - group_timepointADUControl.post_15_30_45_min + group_timepointADUControl.pre_exercise","Endur.post_15_30_45_min - Control.post_15_30_45_min (delta-delta)","exercise_with_controls","EE-CON","ADUEndur","post_15_30_45_min","3-Hydroxybutyric acid",0.181649083022805,-0.117721005129854,0.481019171175464,229.88544312779,-299.052389231282,1.19500255303978,18.3041839327921,1.19212502468381,0.233212226007972,0.589821054482047
"muscle","metab","metab-u-rpneg","~ 0 + group_timepoint +  BMI + calculatedAge + codedsiteid + raw_intensity_post + Sex + (1 | pid)","group_timepointADUEndur.post_15_30_45_min - group_timepointADUEndur.pre_exercise - group_timepointADUControl.post_15_30_45_min + group_timepointADUControl.pre_exercise","Endur.post_15_30_45_min - Control.post_15_30_45_min (delta-delta)","exercise_with_controls","EE-CON","ADUEndur","post_15_30_45_min","Phenyllactic acid",0.149953344739611,-0.215447825732,0.515354515211223,266.975986745513,-336.218133845904,0.808083398110007,13.1428643766488,0.806803519640501,0.419779691045096,0.784805509345179
"muscle","metab","metab-u-rpneg","~ 0 + group_timepoint +  BMI + calculatedAge + codedsiteid + raw_intensity_post + Sex + (1 | pid)","group_timepointADUEndur.post_15_30_45_min - group_timepointADUEndur.pre_exercise - group_timepointADUControl.post_15_30_45_min + group_timepointADUControl.pre_exercise","Endur.post_15_30_45_min - Control.post_15_30_45_min (delta-delta)","exercise_with_controls","EE-CON","ADUEndur","post_15_30_45_min","Leucine/Isoleucine",-0.0129170913205492,-0.247974965152846,0.222140782511748,259.744525902107,-170.973005570856,-0.108195062830567,19.4800391391277,-0.108092807933903,0.913922073164888,0.977221941107312
"muscle","metab","metab-u-rppos","~ 0 + group_timepoint +  BMI + calculatedAge + codedsiteid + raw_intensity_post + Sex + (1 | pid)","group_timepointADUEndur.post_15_30_45_min - group_timepointADUEndur.pre_exercise - group_timepointADUControl.post_15_30_45_min + group_timepointADUControl.pre_exercise","Endur.post_15_30_45_min - Control.post_15_30_45_min (delta-delta)","exercise_with_controls","EE-CON","ADUEndur","post_15_30_45_min","2-Hydroxy-3-methylbutyric acid",1.68175817116306,0.931703978765541,2.43181236356059,280.676520293611,-604.534438969915,4.4133413204782,15.0167497448883,4.33680777712426,1.44566946976344e-05,0.000599952829951829
"muscle","metab","metab-u-rppos","~ 0 + group_timepoint +  BMI + calculatedAge + codedsiteid + raw_intensity_post + Sex + (1 | pid)","group_timepointADUEndur.post_15_30_45_min - group_timepointADUEndur.pre_exercise - group_timepointADUControl.post_15_30_45_min + group_timepointADUControl.pre_exercise","Endur.post_15_30_45_min - Control.post_15_30_45_min (delta-delta)","exercise_with_controls","EE-CON","ADUEndur","post_15_30_45_min","Indolelactic acid",0.222634001048373,-0.0277344279951727,0.473002430091919,248.28140721021,-214.180056280845,1.75110774958758,13.5314167394604,1.74421259589296,0.0811220257539564,0.297773292551415
"muscle","metab","metab-u-rppos","~ 0 + group_timepoint +  BMI + calculatedAge + codedsiteid + raw_intensity_post + Sex + (1 | pid)","group_timepointADUEndur.post_15_30_45_min - group_timepointADUEndur.pre_exercise - group_timepointADUControl.post_15_30_45_min + group_timepointADUControl.pre_exercise","Endur.post_15_30_45_min - Control.post_15_30_45_min (delta-delta)","exercise_with_controls","EE-CON","ADUEndur","post_15_30_45_min","Aminobutyric acid",-0.0841585542199432,-0.235765393339044,0.0674482848991571,216.751090512116,-113.251512995719,-1.0938422918336,17.1548780748839,-1.09119687739602,0.275186261620895,0.582648149333478
"muscle","metab","metab-u-rppos","~ 0 + group_timepoint +  BMI + calculatedAge + codedsiteid + raw_intensity_post + Sex + (1 | pid)","group_timepointADUEndur.post_15_30_45_min - group_timepointADUEndur.pre_exercise - group_timepointADUControl.post_15_30_45_min + group_timepointADUControl.pre_exercise","Endur.post_15_30_45_min - Control.post_15_30_45_min (delta-delta)","exercise_with_controls","EE-CON","ADUEndur","post_15_30_45_min","3-Hydroxyphenyl valeric acid",-0.095826831334918,-0.315189348272804,0.123535685602968,283.764245354553,-142.214125214575,-0.86005114989522,14.7393031897766,-0.85866745047006,0.390524013272634,0.663690020384487
"muscle","metab","metab-u-rppos","~ 0 + group_timepoint +  BMI + calculatedAge + codedsiteid + raw_intensity_post + Sex + (1 | pid)","group_timepointADUEndur.post_15_30_45_min - group_timepointADUEndur.pre_exercise - group_timepointADUControl.post_15_30_45_min + group_timepointADUControl.pre_exercise","Endur.post_15_30_45_min - Control.post_15_30_45_min (delta-delta)","exercise_with_controls","EE-CON","ADUEndur","post_15_30_45_min","Kynurenine",-0.0699749265217022,-0.279109693552232,0.139159840508828,249.859513199934,-144.69902305086,-0.658711201722981,16.4050110658692,-0.657846562822538,0.510636730866542,0.777666947925192
"muscle","metab","metab-u-hilicpos","~ 0 + group_timepoint +  BMI + calculatedAge + codedsiteid + raw_intensity_post + Sex + (1 | pid)","group_timepointADUEndur.post_3.5_4_hr - group_timepointADUEndur.pre_exercise - group_timepointADUControl.post_3.5_4_hr + group_timepointADUControl.pre_exercise","Endur.post_3.5_4_hr - Control.post_3.5_4_hr (delta-delta)","exercise_with_controls","EE-CON","ADUEndur","post_3.5_4_hr","Carnitine",-0.130709925864878,-0.227105330133846,-0.0343145215959095,239.893990089372,162.692861488535,-2.67106437558959,27.7283484920743,-2.64888814182845,0.00807570559377458,0.367343253951314
"muscle","metab","metab-u-hilicpos","~ 0 + group_timepoint +  BMI + calculatedAge + codedsiteid + raw_intensity_post + Sex + (1 | pid)","group_timepointADUEndur.post_3.5_4_hr - group_timepointADUEndur.pre_exercise - group_timepointADUControl.post_3.5_4_hr + group_timepointADUControl.pre_exercise","Endur.post_3.5_4_hr - Control.post_3.5_4_hr (delta-delta)","exercise_with_controls","EE-CON","ADUEndur","post_3.5_4_hr","3-Dehydroxycarnitine",0.0730135160344112,-0.0350419004391576,0.18106893250798,221.13760097042,36.6651852405195,1.33142881513037,23.3266660166577,1.32739337861243,0.184378588873711,0.982909658139927
"muscle","metab","metab-u-hilicpos","~ 0 + group_timepoint +  BMI + calculatedAge + codedsiteid + raw_intensity_post + Sex + (1 | pid)","group_timepointADUEndur.post_3.5_4_hr - group_timepointADUEndur.pre_exercise - group_timepointADUControl.post_3.5_4_hr + group_timepointADUControl.pre_exercise","Endur.post_3.5_4_hr - Control.post_3.5_4_hr (delta-delta)","exercise_with_controls","EE-CON","ADUEndur","post_3.5_4_hr","Leucine",-0.0916687834373917,-0.244596197081281,0.0612586302064979,232.587868236188,-30.5669960242722,-1.18049240083659,28.0069541877165,-1.17771254052331,0.238911225718546,0.982909658139927
"muscle","metab","metab-u-hilicpos","~ 0 + group_timepoint +  BMI + calculatedAge + codedsiteid + raw_intensity_post + Sex + (1 | pid)","group_timepointADUEndur.post_3.5_4_hr - group_timepointADUEndur.pre_exercise - group_timepointADUControl.post_3.5_4_hr + group_timepointADUControl.pre_exercise","Endur.post_3.5_4_hr - Control.post_3.5_4_hr (delta-delta)","exercise_with_controls","EE-CON","ADUEndur","post_3.5_4_hr","Isoleucine",-0.0588041096554761,-0.230313526022852,0.1127053067119,236.254761015761,-66.3791041487201,-0.67517241605765,27.190104873978,-0.674218677047924,0.500172297140411,0.992915439662266
"muscle","metab","metab-u-hilicpos","~ 0 + group_timepoint +  BMI + calculatedAge + codedsiteid + raw_intensity_post + Sex + (1 | pid)","group_timepointADUEndur.post_3.5_4_hr - group_timepointADUEndur.pre_exercise - group_timepointADUControl.post_3.5_4_hr + group_timepointADUControl.pre_exercise","Endur.post_3.5_4_hr - Control.post_3.5_4_hr (delta-delta)","exercise_with_controls","EE-CON","ADUEndur","post_3.5_4_hr","N-Acetylleucine",-0.101760119626531,-0.418207178305765,0.214686939052702,254.151975048099,-276.426486144127,-0.633006609180984,13.1292245934737,-0.63221467108193,0.527246611898512,0.992915439662266
"muscle","metab","metab-u-hilicpos","~ 0 + group_timepoint +  BMI + calculatedAge + codedsiteid + raw_intensity_post + Sex + (1 | pid)","group_timepointADUEndur.post_3.5_4_hr - group_timepointADUEndur.pre_exercise - group_timepointADUControl.post_3.5_4_hr + group_timepointADUControl.pre_exercise","Endur.post_3.5_4_hr - Control.post_3.5_4_hr (delta-delta)","exercise_with_controls","EE-CON","ADUEndur","post_3.5_4_hr","3-Hydroxynorvaline",0.0345160074254203,-0.176983568291778,0.246015583142618,220.590809312524,-233.228126891857,0.321526036872677,12.763760810992,0.321146419859459,0.748099433887669,0.992915439662266
"muscle","metab","metab-u-hilicpos","~ 0 + group_timepoint +  BMI + calculatedAge + codedsiteid + raw_intensity_post + Sex + (1 | pid)","group_timepointADUEndur.post_3.5_4_hr - group_timepointADUEndur.pre_exercise - group_timepointADUControl.post_3.5_4_hr + group_timepointADUControl.pre_exercise","Endur.post_3.5_4_hr - Control.post_3.5_4_hr (delta-delta)","exercise_with_controls","EE-CON","ADUEndur","post_3.5_4_hr","gamma-Aminobutyric acid",0.0186704743007233,-0.162853961339967,0.200194909941414,221.404697829013,-159.16199963309,0.202633000884971,22.9230167091997,0.202408768014714,0.839597174381465,0.992915439662266
"muscle","metab","metab-u-ionpneg","~ 0 + group_timepoint +  BMI + calculatedAge + codedsiteid + raw_intensity_post + Sex + (1 | pid)","group_timepointADUEndur.post_3.5_4_hr - group_timepointADUEndur.pre_exercise - group_timepointADUControl.post_3.5_4_hr + group_timepointADUControl.pre_exercise","Endur.post_3.5_4_hr - Control.post_3.5_4_hr (delta-delta)","exercise_with_controls","EE-CON","ADUEndur","post_3.5_4_hr","Lactic acid",-0.273554119895845,-0.573625645682793,0.026517405891103,271.284815617895,-237.625177761942,-1.79463468231205,25.345093936798,-1.78781022729725,0.0738066302764388,0.534306557621182
"muscle","metab","metab-u-ionpneg","~ 0 + group_timepoint +  BMI + calculatedAge + codedsiteid + raw_intensity_post + Sex + (1 | pid)","group_timepointADUEndur.post_3.5_4_hr - group_timepointADUEndur.pre_exercise - group_timepointADUControl.post_3.5_4_hr + group_timepointADUControl.pre_exercise","Endur.post_3.5_4_hr - Control.post_3.5_4_hr (delta-delta)","exercise_with_controls","EE-CON","ADUEndur","post_3.5_4_hr","Valine",0.0229614464360992,-0.190654023165229,0.236576916037428,247.885428333643,-124.579885232706,0.211649487688127,22.5099180626246,0.211439453017248,0.832544373513739,0.98686679451935
"muscle","metab","metab-u-rpneg","~ 0 + group_timepoint +  BMI + calculatedAge + codedsiteid + raw_intensity_post + Sex + (1 | pid)","group_timepointADUEndur.post_3.5_4_hr - group_timepointADUEndur.pre_exercise - group_timepointADUControl.post_3.5_4_hr + group_timepointADUControl.pre_exercise","Endur.post_3.5_4_hr - Control.post_3.5_4_hr (delta-delta)","exercise_with_controls","EE-CON","ADUEndur","post_3.5_4_hr","3-Hydroxybutyric acid",0.465150950218064,0.147043594963223,0.783258305472905,229.88544312779,-299.052389231282,2.87967341944989,18.3041839327921,2.85376556927335,0.00432044002168655,0.185778920932522
"muscle","metab","metab-u-rpneg","~ 0 + group_timepoint +  BMI + calculatedAge + codedsiteid + raw_intensity_post + Sex + (1 | pid)","group_timepointADUEndur.post_3.5_4_hr - group_timepointADUEndur.pre_exercise - group_timepointADUControl.post_3.5_4_hr + group_timepointADUControl.pre_exercise","Endur.post_3.5_4_hr - Control.post_3.5_4_hr (delta-delta)","exercise_with_controls","EE-CON","ADUEndur","post_3.5_4_hr","Phenylacetic acid",0.339923913909464,0.0316660241200427,0.648181803698886,239.687109149998,-271.116608520435,2.17111496548401,12.9792938708787,2.15963670990583,0.030800804239349,0.529773832916803
"muscle","metab","metab-u-rpneg","~ 0 + group_timepoint +  BMI + calculatedAge + codedsiteid + raw_intensity_post + Sex + (1 | pid)","group_timepointADUEndur.post_3.5_4_hr - group_timepointADUEndur.pre_exercise - group_timepointADUControl.post_3.5_4_hr + group_timepointADUControl.pre_exercise","Endur.post_3.5_4_hr - Control.post_3.5_4_hr (delta-delta)","exercise_with_controls","EE-CON","ADUEndur","post_3.5_4_hr","2-Hydroxybutyric acid",0.667423130226933,-0.0115525598637831,1.34639882031765,238.884390839048,-571.767737446071,1.9355837310144,18.0217047323826,1.92685406859668,0.0539978190155696,0.580476554417373
"muscle","metab","metab-u-rpneg","~ 0 + group_timepoint +  BMI + calculatedAge + codedsiteid + raw_intensity_post + Sex + (1 | pid)","group_timepointADUEndur.post_3.5_4_hr - group_timepointADUEndur.pre_exercise - group_timepointADUControl.post_3.5_4_hr + group_timepointADUControl.pre_exercise","Endur.post_3.5_4_hr - Control.post_3.5_4_hr (delta-delta)","exercise_with_controls","EE-CON","ADUEndur","post_3.5_4_hr","Hydroxyphenyllactic acid",0.235197507223994,-0.0795313281790639,0.549926342627052,237.225329816931,-282.369435441937,1.47140969064249,16.0459761964414,1.46703089277283,0.142367651717504,0.83642827271937
"muscle","metab","metab-u-rpneg","~ 0 + group_timepoint +  BMI + calculatedAge + codedsiteid + raw_intensity_post + Sex + (1 | pid)","group_timepointADUEndur.post_3.5_4_hr - group_timepointADUEndur.pre_exercise - group_timepointADUControl.post_3.5_4_hr + group_timepointADUControl.pre_exercise","Endur.post_3.5_4_hr - Control.post_3.5_4_hr (delta-delta)","exercise_with_controls","EE-CON","ADUEndur","post_3.5_4_hr","gamma-Glutamylleucine",0.375474855192104,-0.156001994379359,0.906951704763568,229.214773012325,-496.101261386287,1.391404096537,11.8200099989579,1.3873322531306,0.165340472514294,0.83642827271937
"muscle","metab","metab-u-rpneg","~ 0 + group_timepoint +  BMI + calculatedAge + codedsiteid + raw_intensity_post + Sex + (1 | pid)","group_timepointADUEndur.post_3.5_4_hr - group_timepointADUEndur.pre_exercise - group_timepointADUControl.post_3.5_4_hr + group_timepointADUControl.pre_exercise","Endur.post_3.5_4_hr - Control.post_3.5_4_hr (delta-delta)","exercise_with_controls","EE-CON","ADUEndur","post_3.5_4_hr","gamma-Glutamylisoleucine",0.237821554031273,-0.420812884074949,0.896455992137495,225.05079220332,-588.071238968787,0.711250633220084,10.2665036725333,0.710150328905138,0.477610919108815,0.873286575920984
"muscle","metab","metab-u-rpneg","~ 0 + group_timepoint +  BMI + calculatedAge + codedsiteid + raw_intensity_post + Sex + (1 | pid)","group_timepointADUEndur.post_3.5_4_hr - group_timepointADUEndur.pre_exercise - group_timepointADUControl.post_3.5_4_hr + group_timepointADUControl.pre_exercise","Endur.post_3.5_4_hr - Control.post_3.5_4_hr (delta-delta)","exercise_with_controls","EE-CON","ADUEndur","post_3.5_4_hr","Phenyllactic acid",0.0926213892825931,-0.294565385085012,0.479808163650198,266.975986745513,-336.218133845904,0.47098780885791,13.1428643766488,0.470449970794533,0.638033569641231,0.873286575920984
"muscle","metab","metab-u-rpneg","~ 0 + group_timepoint +  BMI + calculatedAge + codedsiteid + raw_intensity_post + Sex + (1 | pid)","group_timepointADUEndur.post_3.5_4_hr - group_timepointADUEndur.pre_exercise - group_timepointADUControl.post_3.5_4_hr + group_timepointADUControl.pre_exercise","Endur.post_3.5_4_hr - Control.post_3.5_4_hr (delta-delta)","exercise_with_controls","EE-CON","ADUEndur","post_3.5_4_hr","Phenylalanine",-0.052186222698424,-0.281371474214182,0.176999028817334,269.053543230624,-133.066079379598,-0.448205313258259,19.1090705655934,-0.447730530466347,0.654347684970358,0.879279701678919
"muscle","metab","metab-u-rpneg","~ 0 + group_timepoint +  BMI + calculatedAge + codedsiteid + raw_intensity_post + Sex + (1 | pid)","group_timepointADUEndur.post_3.5_4_hr - group_timepointADUEndur.pre_exercise - group_timepointADUControl.post_3.5_4_hr + group_timepointADUControl.pre_exercise","Endur.post_3.5_4_hr - Control.post_3.5_4_hr (delta-delta)","exercise_with_controls","EE-CON","ADUEndur","post_3.5_4_hr","Leucine/Isoleucine",-0.0295780140632829,-0.278773977660102,0.219617949533536,259.744525902107,-170.973005570856,-0.233670717258054,19.4800391391277,-0.233445327294428,0.81541561919687,0.986702353911112
"muscle","metab","metab-u-rpneg","~ 0 + group_timepoint +  BMI + calculatedAge + codedsiteid + raw_intensity_post + Sex + (1 | pid)","group_timepointADUEndur.post_3.5_4_hr - group_timepointADUEndur.pre_exercise - group_timepointADUControl.post_3.5_4_hr + group_timepointADUControl.pre_exercise","Endur.post_3.5_4_hr - Control.post_3.5_4_hr (delta-delta)","exercise_with_controls","EE-CON","ADUEndur","post_3.5_4_hr","Ketoleucine",-0.0440286272581538,-0.415844953337927,0.32778769882162,277.398078899847,-315.905979594103,-0.233033678328573,17.3035466725524,-0.232828065536477,0.81589491859465,0.986702353911112
"muscle","metab","metab-u-rpneg","~ 0 + group_timepoint +  BMI + calculatedAge + codedsiteid + raw_intensity_post + Sex + (1 | pid)","group_timepointADUEndur.post_3.5_4_hr - group_timepointADUEndur.pre_exercise - group_timepointADUControl.post_3.5_4_hr + group_timepointADUControl.pre_exercise","Endur.post_3.5_4_hr - Control.post_3.5_4_hr (delta-delta)","exercise_with_controls","EE-CON","ADUEndur","post_3.5_4_hr","alpha-N-Phenylacetylglutamine",-0.0226777545670611,-0.484020696477014,0.438665187342892,221.464829061227,-467.721838764134,-0.096823711087207,14.0200147404246,-0.0967237224044344,0.922945800402325,0.986702353911112
"muscle","metab","metab-u-rppos","~ 0 + group_timepoint +  BMI + calculatedAge + codedsiteid + raw_intensity_post + Sex + (1 | pid)","group_timepointADUEndur.post_3.5_4_hr - group_timepointADUEndur.pre_exercise - group_timepointADUControl.post_3.5_4_hr + group_timepointADUControl.pre_exercise","Endur.post_3.5_4_hr - Control.post_3.5_4_hr (delta-delta)","exercise_with_controls","EE-CON","ADUEndur","post_3.5_4_hr","2-Hydroxy-3-methylbutyric acid",1.89610857471145,1.08986457043388,2.70235257898902,280.676520293611,-604.534438969915,4.62834809030178,15.0167497448883,4.54383892365955,5.52388746569801e-06,0.000458482659652935
"muscle","metab","metab-u-rppos","~ 0 + group_timepoint +  BMI + calculatedAge + codedsiteid + raw_intensity_post + Sex + (1 | pid)","group_timepointADUEndur.post_3.5_4_hr - group_timepointADUEndur.pre_exercise - group_timepointADUControl.post_3.5_4_hr + group_timepointADUControl.pre_exercise","Endur.post_3.5_4_hr - Control.post_3.5_4_hr (delta-delta)","exercise_with_controls","EE-CON","ADUEndur","post_3.5_4_hr","Indolelactic acid",0.198843956577146,-0.0712527038321705,0.468940616986463,248.28140721021,-214.180056280845,1.44953302543656,13.5314167394604,1.44531118586525,0.148370497313569,0.907315493860585
"muscle","metab","metab-u-rppos","~ 0 + group_timepoint +  BMI + calculatedAge + codedsiteid + raw_intensity_post + Sex + (1 | pid)","group_timepointADUEndur.post_3.5_4_hr - group_timepointADUEndur.pre_exercise - group_timepointADUControl.post_3.5_4_hr + group_timepointADUControl.pre_exercise","Endur.post_3.5_4_hr - Control.post_3.5_4_hr (delta-delta)","exercise_with_controls","EE-CON","ADUEndur","post_3.5_4_hr","Aminobutyric acid",-0.110062320498137,-0.274782871615337,0.0546582306190621,216.751090512116,-113.251512995719,-1.31655518706382,17.1548780748839,-1.31264321616359,0.189303200043592,0.907315493860585
"muscle","metab","metab-u-rppos","~ 0 + group_timepoint +  BMI + calculatedAge + codedsiteid + raw_intensity_post + Sex + (1 | pid)","group_timepointADUEndur.post_3.5_4_hr - group_timepointADUEndur.pre_exercise - group_timepointADUControl.post_3.5_4_hr + group_timepointADUControl.pre_exercise","Endur.post_3.5_4_hr - Control.post_3.5_4_hr (delta-delta)","exercise_with_controls","EE-CON","ADUEndur","post_3.5_4_hr","3-Hydroxyphenyl valeric acid",0.0948460475933626,-0.140872016296798,0.330564111483523,283.764245354553,-142.214125214575,0.792028256069369,14.7393031897766,0.790888021720813,0.429009338867888,0.91184303240698
"muscle","metab","metab-u-rppos","~ 0 + group_timepoint +  BMI + calculatedAge + codedsiteid + raw_intensity_post + Sex + (1 | pid)","group_timepointADUEndur.post_3.5_4_hr - group_timepointADUEndur.pre_exercise - group_timepointADUControl.post_3.5_4_hr + group_timepointADUControl.pre_exercise","Endur.post_3.5_4_hr - Control.post_3.5_4_hr (delta-delta)","exercise_with_controls","EE-CON","ADUEndur","post_3.5_4_hr","Kynurenine",0.0252475099536689,-0.200324716974343,0.250819736881681,249.859513199934,-144.69902305086,0.220321440250035,16.4050110658692,0.220115879106437,0.825780908334887,0.963836502974127
"muscle","metab","metab-u-hilicpos","~ 0 + group_timepoint +  BMI + calculatedAge + codedsiteid + raw_intensity_post + Sex + (1 | pid)","group_timepointADUEndur.post_24_hr - group_timepointADUEndur.pre_exercise - group_timepointADUControl.post_24_hr + group_timepointADUControl.pre_exercise","Endur.post_24_hr - Control.post_24_hr (delta-delta)","exercise_with_controls","EE-CON","ADUEndur","post_24_hr","Carnitine",-0.0762534645036688,-0.163751011217551,0.0112440822102136,239.893990089372,162.692861488535,-1.71692254002378,27.7283484920743,-1.70976768221803,0.0873088413835734,0.374635860790683
"muscle","metab","metab-u-hilicpos","~ 0 + group_timepoint +  BMI + calculatedAge + codedsiteid + raw_intensity_post + Sex + (1 | pid)","group_timepointADUEndur.post_24_hr - group_timepointADUEndur.pre_exercise - group_timepointADUControl.post_24_hr + group_timepointADUControl.pre_exercise","Endur.post_24_hr - Control.post_24_hr (delta-delta)","exercise_with_controls","EE-CON","ADUEndur","post_24_hr","gamma-Aminobutyric acid",0.12864039469509,-0.035505623956548,0.292786413346728,221.404697829013,-159.16199963309,1.5440166001396,22.9230167091997,1.53845052170771,0.123938497451865,0.417924859000108
"muscle","metab","metab-u-hilicpos","~ 0 + group_timepoint +  BMI + calculatedAge + codedsiteid + raw_intensity_post + Sex + (1 | pid)","group_timepointADUEndur.post_24_hr - group_timepointADUEndur.pre_exercise - group_timepointADUControl.post_24_hr + group_timepointADUControl.pre_exercise","Endur.post_24_hr - Control.post_24_hr (delta-delta)","exercise_with_controls","EE-CON","ADUEndur","post_24_hr","Isoleucine",-0.107457894400646,-0.263046579221203,0.0481307904199107,236.254761015761,-66.3791041487201,-1.36017587199465,27.190104873978,-1.35635136857239,0.174987398614806,0.47736562342119
"muscle","metab","metab-u-hilicpos","~ 0 + group_timepoint +  BMI + calculatedAge + codedsiteid + raw_intensity_post + Sex + (1 | pid)","group_timepointADUEndur.post_24_hr - group_timepointADUEndur.pre_exercise - group_timepointADUControl.post_24_hr + group_timepointADUControl.pre_exercise","Endur.post_24_hr - Control.post_24_hr (delta-delta)","exercise_with_controls","EE-CON","ADUEndur","post_24_hr","N-Acetylleucine",-0.113732335341053,-0.401488012935673,0.174023342253567,254.151975048099,-276.426486144127,-0.778111663021144,13.1292245934737,-0.77696659000419,0.437178482028379,0.745630662834024
"muscle","metab","metab-u-hilicpos","~ 0 + group_timepoint +  BMI + calculatedAge + codedsiteid + raw_intensity_post + Sex + (1 | pid)","group_timepointADUEndur.post_24_hr - group_timepointADUEndur.pre_exercise - group_timepointADUControl.post_24_hr + group_timepointADUControl.pre_exercise","Endur.post_24_hr - Control.post_24_hr (delta-delta)","exercise_with_controls","EE-CON","ADUEndur","post_24_hr","Leucine",-0.0398768494512218,-0.178524585228012,0.0987708863255681,232.587868236188,-30.5669960242722,-0.566461739157081,28.0069541877165,-0.565711727509017,0.571589761650547,0.866276038768162
"muscle","metab","metab-u-hilicpos","~ 0 + group_timepoint +  BMI + calculatedAge + codedsiteid + raw_intensity_post + Sex + (1 | pid)","group_timepointADUEndur.post_24_hr - group_timepointADUEndur.pre_exercise - group_timepointADUControl.post_24_hr + group_timepointADUControl.pre_exercise","Endur.post_24_hr - Control.post_24_hr (delta-delta)","exercise_with_controls","EE-CON","ADUEndur","post_24_hr","3-Dehydroxycarnitine",0.0205195030804752,-0.0771813772035864,0.118220383364537,221.13760097042,36.6651852405195,0.413851766741481,23.3266660166577,0.41331677655997,0.67937453994697,0.888486094401599
"muscle","metab","metab-u-hilicpos","~ 0 + group_timepoint +  BMI + calculatedAge + codedsiteid + raw_intensity_post + Sex + (1 | pid)","group_timepointADUEndur.post_24_hr - group_timepointADUEndur.pre_exercise - group_timepointADUControl.post_24_hr + group_timepointADUControl.pre_exercise","Endur.post_24_hr - Control.post_24_hr (delta-delta)","exercise_with_controls","EE-CON","ADUEndur","post_24_hr","3-Hydroxynorvaline",0.0287437483581598,-0.162444250567387,0.219931747283706,220.590809312524,-233.228126891857,0.296210165935975,12.763760810992,0.295863548216866,0.767334289735133,0.921423597299164
"muscle","metab","metab-u-ionpneg","~ 0 + group_timepoint +  BMI + calculatedAge + codedsiteid + raw_intensity_post + Sex + (1 | pid)","group_timepointADUEndur.post_24_hr - group_timepointADUEndur.pre_exercise - group_timepointADUControl.post_24_hr + group_timepointADUControl.pre_exercise","Endur.post_24_hr - Control.post_24_hr (delta-delta)","exercise_with_controls","EE-CON","ADUEndur","post_24_hr","Lactic acid",-0.46972888074318,-0.738795980201062,-0.200661781285297,271.284815617895,-237.625177761942,-3.43746839939339,25.345093936798,-3.39653573710001,0.000682446453636511,0.0477712517545558
"muscle","metab","metab-u-ionpneg","~ 0 + group_timepoint +  BMI + calculatedAge + codedsiteid + raw_intensity_post + Sex + (1 | pid)","group_timepointADUEndur.post_24_hr - group_timepointADUEndur.pre_exercise - group_timepointADUControl.post_24_hr + group_timepointADUControl.pre_exercise","Endur.post_24_hr - Control.post_24_hr (delta-delta)","exercise_with_controls","EE-CON","ADUEndur","post_24_hr","Valine",0.0121033777120374,-0.17884237440538,0.203049129829455,247.885428333643,-124.579885232706,0.124830708609701,22.5099180626246,0.124705843484935,0.900756431086898,0.934919290040965
"muscle","metab","metab-u-rpneg","~ 0 + group_timepoint +  BMI + calculatedAge + codedsiteid + raw_intensity_post + Sex + (1 | pid)","group_timepointADUEndur.post_24_hr - group_timepointADUEndur.pre_exercise - group_timepointADUControl.post_24_hr + group_timepointADUControl.pre_exercise","Endur.post_24_hr - Control.post_24_hr (delta-delta)","exercise_with_controls","EE-CON","ADUEndur","post_24_hr","Ketoleucine",-0.29838365867624,-0.632948145844625,0.0361808284921448,277.398078899847,-315.905979594103,-1.75535321857731,17.3035466725524,-1.74919322293231,0.080257625158077,0.854230136962002
"muscle","metab","metab-u-rpneg","~ 0 + group_timepoint +  BMI + calculatedAge + codedsiteid + raw_intensity_post + Sex + (1 | pid)","group_timepointADUEndur.post_24_hr - group_timepointADUEndur.pre_exercise - group_timepointADUControl.post_24_hr + group_timepointADUControl.pre_exercise","Endur.post_24_hr - Control.post_24_hr (delta-delta)","exercise_with_controls","EE-CON","ADUEndur","post_24_hr","Phenylalanine",-0.151502964781649,-0.357573361957176,0.0545674323938779,269.053543230624,-133.066079379598,-1.44735760725255,19.1090705655934,-1.44328661973145,0.148939747409912,0.854230136962002
"muscle","metab","metab-u-rpneg","~ 0 + group_timepoint +  BMI + calculatedAge + codedsiteid + raw_intensity_post + Sex + (1 | pid)","group_timepointADUEndur.post_24_hr - group_timepointADUEndur.pre_exercise - group_timepointADUControl.post_24_hr + group_timepointADUControl.pre_exercise","Endur.post_24_hr - Control.post_24_hr (delta-delta)","exercise_with_controls","EE-CON","ADUEndur","post_24_hr","3-Hydroxybutyric acid",0.204777933688515,-0.0800714466594468,0.489627314036477,229.88544312779,-299.052389231282,1.41585698972355,18.3041839327921,1.41162780300484,0.158059581493528,0.854230136962002
"muscle","metab","metab-u-rpneg","~ 0 + group_timepoint +  BMI + calculatedAge + codedsiteid + raw_intensity_post + Sex + (1 | pid)","group_timepointADUEndur.post_24_hr - group_timepointADUEndur.pre_exercise - group_timepointADUControl.post_24_hr + group_timepointADUControl.pre_exercise","Endur.post_24_hr - Control.post_24_hr (delta-delta)","exercise_with_controls","EE-CON","ADUEndur","post_24_hr","alpha-N-Phenylacetylglutamine",-0.259824775807743,-0.672473113622367,0.15282356200688,221.464829061227,-467.721838764134,-1.24028818633018,14.0200147404246,-1.23705091982393,0.216068179167636,0.864773180210981
"muscle","metab","metab-u-rpneg","~ 0 + group_timepoint +  BMI + calculatedAge + codedsiteid + raw_intensity_post + Sex + (1 | pid)","group_timepointADUEndur.post_24_hr - group_timepointADUEndur.pre_exercise - group_timepointADUControl.post_24_hr + group_timepointADUControl.pre_exercise","Endur.post_24_hr - Control.post_24_hr (delta-delta)","exercise_with_controls","EE-CON","ADUEndur","post_24_hr","2-Hydroxybutyric acid",0.37487812403333,-0.233753954064797,0.983510202131457,238.884390839048,-571.767737446071,1.21293994144544,18.0217047323826,1.21002393716271,0.22626970784549,0.864773180210981
"muscle","metab","metab-u-rpneg","~ 0 + group_timepoint +  BMI + calculatedAge + codedsiteid + raw_intensity_post + Sex + (1 | pid)","group_timepointADUEndur.post_24_hr - group_timepointADUEndur.pre_exercise - group_timepointADUControl.post_24_hr + group_timepointADUControl.pre_exercise","Endur.post_24_hr - Control.post_24_hr (delta-delta)","exercise_with_controls","EE-CON","ADUEndur","post_24_hr","Leucine/Isoleucine",-0.0713538307660642,-0.295219445850472,0.152511784318344,259.744525902107,-170.973005570856,-0.627575351952679,19.4800391391277,-0.626750920368281,0.530822519788436,0.948895595936377
"muscle","metab","metab-u-rpneg","~ 0 + group_timepoint +  BMI + calculatedAge + codedsiteid + raw_intensity_post + Sex + (1 | pid)","group_timepointADUEndur.post_24_hr - group_timepointADUEndur.pre_exercise - group_timepointADUControl.post_24_hr + group_timepointADUControl.pre_exercise","Endur.post_24_hr - Control.post_24_hr (delta-delta)","exercise_with_controls","EE-CON","ADUEndur","post_24_hr","gamma-Glutamylleucine",0.103767893491788,-0.372104923044688,0.579640710028265,229.214773012325,-496.101261386287,0.429494521174617,11.8200099989579,0.428978964070612,0.667938533439625,0.948895595936377
"muscle","metab","metab-u-rpneg","~ 0 + group_timepoint +  BMI + calculatedAge + codedsiteid + raw_intensity_post + Sex + (1 | pid)","group_timepointADUEndur.post_24_hr - group_timepointADUEndur.pre_exercise - group_timepointADUControl.post_24_hr + group_timepointADUControl.pre_exercise","Endur.post_24_hr - Control.post_24_hr (delta-delta)","exercise_with_controls","EE-CON","ADUEndur","post_24_hr","Phenylacetic acid",-0.05022763190121,-0.326572194548085,0.226116930745665,239.687109149998,-271.116608520435,-0.357885545181804,12.9792938708787,-0.357501785625677,0.720716189666938,0.948895595936377
"muscle","metab","metab-u-rpneg","~ 0 + group_timepoint +  BMI + calculatedAge + codedsiteid + raw_intensity_post + Sex + (1 | pid)","group_timepointADUEndur.post_24_hr - group_timepointADUEndur.pre_exercise - group_timepointADUControl.post_24_hr + group_timepointADUControl.pre_exercise","Endur.post_24_hr - Control.post_24_hr (delta-delta)","exercise_with_controls","EE-CON","ADUEndur","post_24_hr","Hydroxyphenyllactic acid",-0.0511327256706355,-0.333200500540023,0.230935049198752,237.225329816931,-282.369435441937,-0.356958722400448,16.0459761964414,-0.356572346565368,0.721411982613763,0.948895595936377
"muscle","metab","metab-u-rpneg","~ 0 + group_timepoint +  BMI + calculatedAge + codedsiteid + raw_intensity_post + Sex + (1 | pid)","group_timepointADUEndur.post_24_hr - group_timepointADUEndur.pre_exercise - group_timepointADUControl.post_24_hr + group_timepointADUControl.pre_exercise","Endur.post_24_hr - Control.post_24_hr (delta-delta)","exercise_with_controls","EE-CON","ADUEndur","post_24_hr","Phenyllactic acid",-0.0598779114330483,-0.4079570531044,0.288201230238303,266.975986745513,-336.218133845904,-0.338752067664606,13.1428643766488,-0.338385802166317,0.735072471982932,0.948895595936377
"muscle","metab","metab-u-rpneg","~ 0 + group_timepoint +  BMI + calculatedAge + codedsiteid + raw_intensity_post + Sex + (1 | pid)","group_timepointADUEndur.post_24_hr - group_timepointADUEndur.pre_exercise - group_timepointADUControl.post_24_hr + group_timepointADUControl.pre_exercise","Endur.post_24_hr - Control.post_24_hr (delta-delta)","exercise_with_controls","EE-CON","ADUEndur","post_24_hr","gamma-Glutamylisoleucine",-0.0358221856430045,-0.625233454490521,0.553589083204512,225.05079220332,-588.071238968787,-0.119721746732273,10.2665036725333,-0.119595561467978,0.904803535923511,0.948895595936377
"muscle","metab","metab-u-rppos","~ 0 + group_timepoint +  BMI + calculatedAge + codedsiteid + raw_intensity_post + Sex + (1 | pid)","group_timepointADUEndur.post_24_hr - group_timepointADUEndur.pre_exercise - group_timepointADUControl.post_24_hr + group_timepointADUControl.pre_exercise","Endur.post_24_hr - Control.post_24_hr (delta-delta)","exercise_with_controls","EE-CON","ADUEndur","post_24_hr","2-Hydroxy-3-methylbutyric acid",0.79719535259821,0.0717026313754889,1.52268807382093,280.676520293611,-604.534438969915,2.16294046385982,15.0167497448883,2.15216119496542,0.0313846607659554,0.306461981596977
"muscle","metab","metab-u-rppos","~ 0 + group_timepoint +  BMI + calculatedAge + codedsiteid + raw_intensity_post + Sex + (1 | pid)","group_timepointADUEndur.post_24_hr - group_timepointADUEndur.pre_exercise - group_timepointADUControl.post_24_hr + group_timepointADUControl.pre_exercise","Endur.post_24_hr - Control.post_24_hr (delta-delta)","exercise_with_controls","EE-CON","ADUEndur","post_24_hr","Kynurenine",-0.147759416423614,-0.349901833408801,0.0543830005615719,249.859513199934,-144.69902305086,-1.43908606399605,16.4050110658692,-1.4350304845138,0.151278410898065,0.558295212940425
"muscle","metab","metab-u-rppos","~ 0 + group_timepoint +  BMI + calculatedAge + codedsiteid + raw_intensity_post + Sex + (1 | pid)","group_timepointADUEndur.post_24_hr - group_timepointADUEndur.pre_exercise - group_timepointADUControl.post_24_hr + group_timepointADUControl.pre_exercise","Endur.post_24_hr - Control.post_24_hr (delta-delta)","exercise_with_controls","EE-CON","ADUEndur","post_24_hr","Indolelactic acid",0.0971928632718395,-0.144796518792739,0.339182245336418,248.28140721021,-214.180056280845,0.790953647732151,13.5314167394604,0.789695493131142,0.429705624029388,0.803665877057496
"muscle","metab","metab-u-rppos","~ 0 + group_timepoint +  BMI + calculatedAge + codedsiteid + raw_intensity_post + Sex + (1 | pid)","group_timepointADUEndur.post_24_hr - group_timepointADUEndur.pre_exercise - group_timepointADUControl.post_24_hr + group_timepointADUControl.pre_exercise","Endur.post_24_hr - Control.post_24_hr (delta-delta)","exercise_with_controls","EE-CON","ADUEndur","post_24_hr","Aminobutyric acid",0.0449704829011317,-0.101436500479671,0.191377466281934,216.751090512116,-113.251512995719,0.605261143903737,17.1548780748839,0.604348442324548,0.545612005952531,0.839942139049292
"muscle","metab","metab-u-rppos","~ 0 + group_timepoint +  BMI + calculatedAge + codedsiteid + raw_intensity_post + Sex + (1 | pid)","group_timepointADUEndur.post_24_hr - group_timepointADUEndur.pre_exercise - group_timepointADUControl.post_24_hr + group_timepointADUControl.pre_exercise","Endur.post_24_hr - Control.post_24_hr (delta-delta)","exercise_with_controls","EE-CON","ADUEndur","post_24_hr","3-Hydroxyphenyl valeric acid",0.021265882140014,-0.190929845732629,0.233461610012657,283.764245354553,-142.214125214575,0.197318273250502,14.7393031897766,0.197126480540058,0.843728561509879,0.94656611678163
"muscle","metab","metab-u-hilicpos","~ 0 + group_timepoint +  BMI + calculatedAge + codedsiteid + raw_intensity_post + Sex + (1 | pid)","group_timepointADUResist.post_15_30_45_min - group_timepointADUResist.pre_exercise - group_timepointADUControl.post_15_30_45_min + group_timepointADUControl.pre_exercise","Resist.post_15_30_45_min - Control.post_15_30_45_min (delta-delta)","exercise_with_controls","RE-CON","ADUResist","post_15_30_45_min","Carnitine",-0.196577729303719,-0.282353170806578,-0.110802287800861,239.893990089372,162.692861488535,-4.51519003368063,27.7283484920743,-4.41635079099074,1.00381134826805e-05,0.000327807172766398
"muscle","metab","metab-u-hilicpos","~ 0 + group_timepoint +  BMI + calculatedAge + codedsiteid + raw_intensity_post + Sex + (1 | pid)","group_timepointADUResist.post_15_30_45_min - group_timepointADUResist.pre_exercise - group_timepointADUControl.post_15_30_45_min + group_timepointADUControl.pre_exercise","Resist.post_15_30_45_min - Control.post_15_30_45_min (delta-delta)","exercise_with_controls","RE-CON","ADUResist","post_15_30_45_min","3-Dehydroxycarnitine",0.218413679435582,0.122773783243804,0.314053575627359,221.13760097042,36.6651852405195,4.50011814986001,23.3266660166577,4.39896013618597,1.08770802050105e-05,0.000327807172766398
"muscle","metab","metab-u-hilicpos","~ 0 + group_timepoint +  BMI + calculatedAge + codedsiteid + raw_intensity_post + Sex + (1 | pid)","group_timepointADUResist.post_15_30_45_min - group_timepointADUResist.pre_exercise - group_timepointADUControl.post_15_30_45_min + group_timepointADUControl.pre_exercise","Resist.post_15_30_45_min - Control.post_15_30_45_min (delta-delta)","exercise_with_controls","RE-CON","ADUResist","post_15_30_45_min","gamma-Aminobutyric acid",-0.118852841402671,-0.279543213615177,0.0418375308098359,221.404697829013,-159.16199963309,-1.45724056105774,22.9230167091997,-1.45237480999039,0.146397416535281,0.397242793242402
"muscle","metab","metab-u-hilicpos","~ 0 + group_timepoint +  BMI + calculatedAge + codedsiteid + raw_intensity_post + Sex + (1 | pid)","group_timepointADUResist.post_15_30_45_min - group_timepointADUResist.pre_exercise - group_timepointADUControl.post_15_30_45_min + group_timepointADUControl.pre_exercise","Resist.post_15_30_45_min - Control.post_15_30_45_min (delta-delta)","exercise_with_controls","RE-CON","ADUResist","post_15_30_45_min","N-Acetylleucine",0.19540081914724,-0.0868375175722796,0.47763915586676,254.151975048099,-276.426486144127,1.36303188869428,13.1292245934737,1.35944373619683,0.174006019933966,0.433109874434179
"muscle","metab","metab-u-hilicpos","~ 0 + group_timepoint +  BMI + calculatedAge + codedsiteid + raw_intensity_post + Sex + (1 | pid)","group_timepointADUResist.post_15_30_45_min - group_timepointADUResist.pre_exercise - group_timepointADUControl.post_15_30_45_min + group_timepointADUControl.pre_exercise","Resist.post_15_30_45_min - Control.post_15_30_45_min (delta-delta)","exercise_with_controls","RE-CON","ADUResist","post_15_30_45_min","Leucine",-0.0753393149464543,-0.211205492456513,0.0605268625636046,232.587868236188,-30.5669960242722,-1.09215778854062,28.0069541877165,-1.0897465904088,0.275824786794438,0.552571509645299
"muscle","metab","metab-u-hilicpos","~ 0 + group_timepoint +  BMI + calculatedAge + codedsiteid + raw_intensity_post + Sex + (1 | pid)","group_timepointADUResist.post_15_30_45_min - group_timepointADUResist.pre_exercise - group_timepointADUControl.post_15_30_45_min + group_timepointADUControl.pre_exercise","Resist.post_15_30_45_min - Control.post_15_30_45_min (delta-delta)","exercise_with_controls","RE-CON","ADUResist","post_15_30_45_min","Isoleucine",-0.058435297135599,-0.210933635611203,0.0940630413400053,236.254761015761,-66.3791041487201,-0.754672113926723,27.190104873978,-0.753493294240222,0.451153539413172,0.702481081917313
"muscle","metab","metab-u-hilicpos","~ 0 + group_timepoint +  BMI + calculatedAge + codedsiteid + raw_intensity_post + Sex + (1 | pid)","group_timepointADUResist.post_15_30_45_min - group_timepointADUResist.pre_exercise - group_timepointADUControl.post_15_30_45_min + group_timepointADUControl.pre_exercise","Resist.post_15_30_45_min - Control.post_15_30_45_min (delta-delta)","exercise_with_controls","RE-CON","ADUResist","post_15_30_45_min","3-Hydroxynorvaline",0.0285233545041805,-0.158612323584622,0.215659032592983,220.590809312524,-233.228126891857,0.300307822404207,12.763760810992,0.29995477688871,0.764211650943327,0.875236119572871
"muscle","metab","metab-u-ionpneg","~ 0 + group_timepoint +  BMI + calculatedAge + codedsiteid + raw_intensity_post + Sex + (1 | pid)","group_timepointADUResist.post_15_30_45_min - group_timepointADUResist.pre_exercise - group_timepointADUControl.post_15_30_45_min + group_timepointADUControl.pre_exercise","Resist.post_15_30_45_min - Control.post_15_30_45_min (delta-delta)","exercise_with_controls","RE-CON","ADUResist","post_15_30_45_min","Valine",-0.164731132440785,-0.355368693325748,0.0259064284441774,247.885428333643,-124.579885232706,-1.70176419858285,22.5099180626246,-1.69524498017576,0.0900289573397833,0.190970515569237
"muscle","metab","metab-u-ionpneg","~ 0 + group_timepoint +  BMI + calculatedAge + codedsiteid + raw_intensity_post + Sex + (1 | pid)","group_timepointADUResist.post_15_30_45_min - group_timepointADUResist.pre_exercise - group_timepointADUControl.post_15_30_45_min + group_timepointADUControl.pre_exercise","Resist.post_15_30_45_min - Control.post_15_30_45_min (delta-delta)","exercise_with_controls","RE-CON","ADUResist","post_15_30_45_min","Lactic acid",0.113502772393268,-0.155186828049585,0.382192372836121,271.284815617895,-237.625177761942,0.831787281745697,25.345093936798,0.830447800674338,0.406285649149948,0.605106285968008
"muscle","metab","metab-u-rpneg","~ 0 + group_timepoint +  BMI + calculatedAge + codedsiteid + raw_intensity_post + Sex + (1 | pid)","group_timepointADUResist.post_15_30_45_min - group_timepointADUResist.pre_exercise - group_timepointADUControl.post_15_30_45_min + group_timepointADUControl.pre_exercise","Resist.post_15_30_45_min - Control.post_15_30_45_min (delta-delta)","exercise_with_controls","RE-CON","ADUResist","post_15_30_45_min","Ketoleucine",1.05489614476287,0.714761922688268,1.39503036683748,277.398078899847,-315.905979594103,6.10420175299138,17.3035466725524,5.91514200470729,3.31589375363179e-09,1.42583431406167e-07
"muscle","metab","metab-u-rpneg","~ 0 + group_timepoint +  BMI + calculatedAge + codedsiteid + raw_intensity_post + Sex + (1 | pid)","group_timepointADUResist.post_15_30_45_min - group_timepointADUResist.pre_exercise - group_timepointADUControl.post_15_30_45_min + group_timepointADUControl.pre_exercise","Resist.post_15_30_45_min - Control.post_15_30_45_min (delta-delta)","exercise_with_controls","RE-CON","ADUResist","post_15_30_45_min","Hydroxyphenyllactic acid",0.552723388859627,0.266051210894777,0.839395566824478,237.225329816931,-282.369435441937,3.79666247043393,16.0459761964414,3.74184114900416,0.000182676977848899,0.00392755502375133
"muscle","metab","metab-u-rpneg","~ 0 + group_timepoint +  BMI + calculatedAge + codedsiteid + raw_intensity_post + Sex + (1 | pid)","group_timepointADUResist.post_15_30_45_min - group_timepointADUResist.pre_exercise - group_timepointADUControl.post_15_30_45_min + group_timepointADUControl.pre_exercise","Resist.post_15_30_45_min - Control.post_15_30_45_min (delta-delta)","exercise_with_controls","RE-CON","ADUResist","post_15_30_45_min","Phenylacetic acid",0.493554054633213,0.212684342529814,0.774423766736612,239.687109149998,-271.116608520435,3.46010230550453,12.9792938708787,3.41826763479929,0.000630211039231827,0.0108396298747874
"muscle","metab","metab-u-rpneg","~ 0 + group_timepoint +  BMI + calculatedAge + codedsiteid + raw_intensity_post + Sex + (1 | pid)","group_timepointADUResist.post_15_30_45_min - group_timepointADUResist.pre_exercise - group_timepointADUControl.post_15_30_45_min + group_timepointADUControl.pre_exercise","Resist.post_15_30_45_min - Control.post_15_30_45_min (delta-delta)","exercise_with_controls","RE-CON","ADUResist","post_15_30_45_min","3-Hydroxybutyric acid",0.458238285060041,0.168797734434258,0.747678835685824,229.88544312779,-299.052389231282,3.11811272428423,18.3041839327921,3.08527818202473,0.00203361851039689,0.0291485319823555
"muscle","metab","metab-u-rpneg","~ 0 + group_timepoint +  BMI + calculatedAge + codedsiteid + raw_intensity_post + Sex + (1 | pid)","group_timepointADUResist.post_15_30_45_min - group_timepointADUResist.pre_exercise - group_timepointADUControl.post_15_30_45_min + group_timepointADUControl.pre_exercise","Resist.post_15_30_45_min - Control.post_15_30_45_min (delta-delta)","exercise_with_controls","RE-CON","ADUResist","post_15_30_45_min","gamma-Glutamylisoleucine",-0.722724038927026,-1.32151687138098,-0.123931206473071,225.05079220332,-588.071238968787,-2.37762986471733,10.2665036725333,-2.36131419591506,0.018210294745618,0.174133145532233
"muscle","metab","metab-u-rpneg","~ 0 + group_timepoint +  BMI + calculatedAge + codedsiteid + raw_intensity_post + Sex + (1 | pid)","group_timepointADUResist.post_15_30_45_min - group_timepointADUResist.pre_exercise - group_timepointADUControl.post_15_30_45_min + group_timepointADUControl.pre_exercise","Resist.post_15_30_45_min - Control.post_15_30_45_min (delta-delta)","exercise_with_controls","RE-CON","ADUResist","post_15_30_45_min","gamma-Glutamylleucine",-0.583515552554875,-1.06704733682075,-0.0999837682890026,229.214773012325,-496.101261386287,-2.37695858456946,11.8200099989579,-2.361050758639,0.0182232361603499,0.174133145532233
"muscle","metab","metab-u-rpneg","~ 0 + group_timepoint +  BMI + calculatedAge + codedsiteid + raw_intensity_post + Sex + (1 | pid)","group_timepointADUResist.post_15_30_45_min - group_timepointADUResist.pre_exercise - group_timepointADUControl.post_15_30_45_min + group_timepointADUControl.pre_exercise","Resist.post_15_30_45_min - Control.post_15_30_45_min (delta-delta)","exercise_with_controls","RE-CON","ADUResist","post_15_30_45_min","alpha-N-Phenylacetylglutamine",0.379721626713598,-0.0394075591347847,0.798850812561981,221.464829061227,-467.721838764134,1.78462740533241,14.0200147404246,1.77694625288763,0.0755770833232385,0.404005811275195
"muscle","metab","metab-u-rpneg","~ 0 + group_timepoint +  BMI + calculatedAge + codedsiteid + raw_intensity_post + Sex + (1 | pid)","group_timepointADUResist.post_15_30_45_min - group_timepointADUResist.pre_exercise - group_timepointADUControl.post_15_30_45_min + group_timepointADUControl.pre_exercise","Resist.post_15_30_45_min - Control.post_15_30_45_min (delta-delta)","exercise_with_controls","RE-CON","ADUResist","post_15_30_45_min","2-Hydroxybutyric acid",-0.522362149358507,-1.14095161194455,0.096227313227532,238.884390839048,-571.767737446071,-1.6629554198471,18.0217047323826,-1.65685759822776,0.0975482687345672,0.441534269009093
"muscle","metab","metab-u-rpneg","~ 0 + group_timepoint +  BMI + calculatedAge + codedsiteid + raw_intensity_post + Sex + (1 | pid)","group_timepointADUResist.post_15_30_45_min - group_timepointADUResist.pre_exercise - group_timepointADUControl.post_15_30_45_min + group_timepointADUControl.pre_exercise","Resist.post_15_30_45_min - Control.post_15_30_45_min (delta-delta)","exercise_with_controls","RE-CON","ADUResist","post_15_30_45_min","Leucine/Isoleucine",-0.186501428288953,-0.414084455099711,0.0410815985218063,259.744525902107,-170.973005570856,-1.61354857667618,19.4800391391277,-1.60807981319378,0.107817699759869,0.441539151397559
"muscle","metab","metab-u-rpneg","~ 0 + group_timepoint +  BMI + calculatedAge + codedsiteid + raw_intensity_post + Sex + (1 | pid)","group_timepointADUResist.post_15_30_45_min - group_timepointADUResist.pre_exercise - group_timepointADUControl.post_15_30_45_min + group_timepointADUControl.pre_exercise","Resist.post_15_30_45_min - Control.post_15_30_45_min (delta-delta)","exercise_with_controls","RE-CON","ADUResist","post_15_30_45_min","Phenyllactic acid",0.238842565134158,-0.115027206188131,0.592712336456447,266.975986745513,-336.218133845904,1.3291200694819,13.1428643766488,1.3255588840764,0.184985852833215,0.563866099542929
"muscle","metab","metab-u-rpneg","~ 0 + group_timepoint +  BMI + calculatedAge + codedsiteid + raw_intensity_post + Sex + (1 | pid)","group_timepointADUResist.post_15_30_45_min - group_timepointADUResist.pre_exercise - group_timepointADUControl.post_15_30_45_min + group_timepointADUControl.pre_exercise","Resist.post_15_30_45_min - Control.post_15_30_45_min (delta-delta)","exercise_with_controls","RE-CON","ADUResist","post_15_30_45_min","Phenylalanine",0.00640762421786789,-0.203091780013258,0.215907028448994,269.053543230624,-133.066079379598,0.0602124564194336,19.1090705655934,0.0601573023179161,0.952030351905839,0.96895953554588
"muscle","metab","metab-u-rppos","~ 0 + group_timepoint +  BMI + calculatedAge + codedsiteid + raw_intensity_post + Sex + (1 | pid)","group_timepointADUResist.post_15_30_45_min - group_timepointADUResist.pre_exercise - group_timepointADUControl.post_15_30_45_min + group_timepointADUControl.pre_exercise","Resist.post_15_30_45_min - Control.post_15_30_45_min (delta-delta)","exercise_with_controls","RE-CON","ADUResist","post_15_30_45_min","Indolelactic acid",0.528821264457656,0.286364893993452,0.77127763492186,248.28140721021,-214.180056280845,4.29529748387039,13.5314167394604,4.21626062790298,2.48386677663045e-05,0.00082464376984131
"muscle","metab","metab-u-rppos","~ 0 + group_timepoint +  BMI + calculatedAge + codedsiteid + raw_intensity_post + Sex + (1 | pid)","group_timepointADUResist.post_15_30_45_min - group_timepointADUResist.pre_exercise - group_timepointADUControl.post_15_30_45_min + group_timepointADUControl.pre_exercise","Resist.post_15_30_45_min - Control.post_15_30_45_min (delta-delta)","exercise_with_controls","RE-CON","ADUResist","post_15_30_45_min","Aminobutyric acid",-0.240414405899418,-0.386944349683569,-0.0938844621152677,216.751090512116,-113.251512995719,-3.23308475333509,17.1548780748839,-3.19303907195077,0.00140783895975454,0.0155800844879502
"muscle","metab","metab-u-rppos","~ 0 + group_timepoint +  BMI + calculatedAge + codedsiteid + raw_intensity_post + Sex + (1 | pid)","group_timepointADUResist.post_15_30_45_min - group_timepointADUResist.pre_exercise - group_timepointADUControl.post_15_30_45_min + group_timepointADUControl.pre_exercise","Resist.post_15_30_45_min - Control.post_15_30_45_min (delta-delta)","exercise_with_controls","RE-CON","ADUResist","post_15_30_45_min","2-Hydroxy-3-methylbutyric acid",0.638037067735045,-0.0889089660162464,1.36498310148634,280.676520293611,-604.534438969915,1.72764694051624,15.0167497448883,1.72159119081353,0.085143600090418,0.201301711962819
"muscle","metab","metab-u-rppos","~ 0 + group_timepoint +  BMI + calculatedAge + codedsiteid + raw_intensity_post + Sex + (1 | pid)","group_timepointADUResist.post_15_30_45_min - group_timepointADUResist.pre_exercise - group_timepointADUControl.post_15_30_45_min + group_timepointADUControl.pre_exercise","Resist.post_15_30_45_min - Control.post_15_30_45_min (delta-delta)","exercise_with_controls","RE-CON","ADUResist","post_15_30_45_min","Kynurenine",-0.016137894813081,-0.218672837488486,0.186397047862324,249.859513199934,-144.69902305086,-0.156869964200441,16.4050110658692,-0.156721691136142,0.87546419127388,0.948396970949024
"muscle","metab","metab-u-rppos","~ 0 + group_timepoint +  BMI + calculatedAge + codedsiteid + raw_intensity_post + Sex + (1 | pid)","group_timepointADUResist.post_15_30_45_min - group_timepointADUResist.pre_exercise - group_timepointADUControl.post_15_30_45_min + group_timepointADUControl.pre_exercise","Resist.post_15_30_45_min - Control.post_15_30_45_min (delta-delta)","exercise_with_controls","RE-CON","ADUResist","post_15_30_45_min","3-Hydroxyphenyl valeric acid",-0.00401091823982291,-0.216629571163773,0.208607734684127,283.764245354553,-142.214125214575,-0.0371415722449451,14.7393031897766,-0.0371068222152482,0.970399832435138,0.976294028426106
"muscle","metab","metab-u-hilicpos","~ 0 + group_timepoint +  BMI + calculatedAge + codedsiteid + raw_intensity_post + Sex + (1 | pid)","group_timepointADUResist.post_3.5_4_hr - group_timepointADUResist.pre_exercise - group_timepointADUControl.post_3.5_4_hr + group_timepointADUControl.pre_exercise","Resist.post_3.5_4_hr - Control.post_3.5_4_hr (delta-delta)","exercise_with_controls","RE-CON","ADUResist","post_3.5_4_hr","Leucine",-0.323915418201796,-0.471133118361692,-0.176697718041901,232.587868236188,-30.5669960242722,-4.33305692819481,28.0069541877165,-4.25185970703188,2.12002658398832e-05,0.00277033719359469
"muscle","metab","metab-u-hilicpos","~ 0 + group_timepoint +  BMI + calculatedAge + codedsiteid + raw_intensity_post + Sex + (1 | pid)","group_timepointADUResist.post_3.5_4_hr - group_timepointADUResist.pre_exercise - group_timepointADUControl.post_3.5_4_hr + group_timepointADUControl.pre_exercise","Resist.post_3.5_4_hr - Control.post_3.5_4_hr (delta-delta)","exercise_with_controls","RE-CON","ADUResist","post_3.5_4_hr","Isoleucine",-0.305681375146527,-0.470777402579133,-0.140585347713922,236.254761015761,-66.3791041487201,-3.64606100156885,27.190104873978,-3.59685499072757,0.000322087919410281,0.0209871100406719
"muscle","metab","metab-u-hilicpos","~ 0 + group_timepoint +  BMI + calculatedAge + codedsiteid + raw_intensity_post + Sex + (1 | pid)","group_timepointADUResist.post_3.5_4_hr - group_timepointADUResist.pre_exercise - group_timepointADUControl.post_3.5_4_hr + group_timepointADUControl.pre_exercise","Resist.post_3.5_4_hr - Control.post_3.5_4_hr (delta-delta)","exercise_with_controls","RE-CON","ADUResist","post_3.5_4_hr","3-Dehydroxycarnitine",0.167563166290279,0.0634782781894373,0.27164805439112,221.13760097042,36.6651852405195,3.17209690278327,23.3266660166577,3.13454755619464,0.00172119352636064,0.0838467132127112
"muscle","metab","metab-u-hilicpos","~ 0 + group_timepoint +  BMI + calculatedAge + codedsiteid + raw_intensity_post + Sex + (1 | pid)","group_timepointADUResist.post_3.5_4_hr - group_timepointADUResist.pre_exercise - group_timepointADUControl.post_3.5_4_hr + group_timepointADUControl.pre_exercise","Resist.post_3.5_4_hr - Control.post_3.5_4_hr (delta-delta)","exercise_with_controls","RE-CON","ADUResist","post_3.5_4_hr","Carnitine",-0.0988970983710367,-0.191684305062741,-0.00610989167933232,239.893990089372,162.692861488535,-2.09954101459685,27.7283484920743,-2.08790036213778,0.036806823515595,0.570505764491722
"muscle","metab","metab-u-hilicpos","~ 0 + group_timepoint +  BMI + calculatedAge + codedsiteid + raw_intensity_post + Sex + (1 | pid)","group_timepointADUResist.post_3.5_4_hr - group_timepointADUResist.pre_exercise - group_timepointADUControl.post_3.5_4_hr + group_timepointADUControl.pre_exercise","Resist.post_3.5_4_hr - Control.post_3.5_4_hr (delta-delta)","exercise_with_controls","RE-CON","ADUResist","post_3.5_4_hr","3-Hydroxynorvaline",0.0875886882144101,-0.116157513756287,0.291334890185107,220.590809312524,-233.228126891857,0.846951812880388,12.763760810992,0.845400278625593,0.397887388998388,0.971019461040797
"muscle","metab","metab-u-hilicpos","~ 0 + group_timepoint +  BMI + calculatedAge + codedsiteid + raw_intensity_post + Sex + (1 | pid)","group_timepointADUResist.post_3.5_4_hr - group_timepointADUResist.pre_exercise - group_timepointADUControl.post_3.5_4_hr + group_timepointADUControl.pre_exercise","Resist.post_3.5_4_hr - Control.post_3.5_4_hr (delta-delta)","exercise_with_controls","RE-CON","ADUResist","post_3.5_4_hr","N-Acetylleucine",0.027061755896165,-0.277531110954863,0.331654622747193,254.151975048099,-276.426486144127,0.174891424310926,13.1292245934737,0.174730322045072,0.86129154073734,0.978904701211277
"muscle","metab","metab-u-hilicpos","~ 0 + group_timepoint +  BMI + calculatedAge + codedsiteid + raw_intensity_post + Sex + (1 | pid)","group_timepointADUResist.post_3.5_4_hr - group_timepointADUResist.pre_exercise - group_timepointADUControl.post_3.5_4_hr + group_timepointADUControl.pre_exercise","Resist.post_3.5_4_hr - Control.post_3.5_4_hr (delta-delta)","exercise_with_controls","RE-CON","ADUResist","post_3.5_4_hr","gamma-Aminobutyric acid",0.0146436475293754,-0.160204295766601,0.189491590825352,221.404697829013,-159.16199963309,0.164995945220596,22.9230167091997,0.164816217272739,0.869088639072142,0.978904701211277
"muscle","metab","metab-u-ionpneg","~ 0 + group_timepoint +  BMI + calculatedAge + codedsiteid + raw_intensity_post + Sex + (1 | pid)","group_timepointADUResist.post_3.5_4_hr - group_timepointADUResist.pre_exercise - group_timepointADUControl.post_3.5_4_hr + group_timepointADUControl.pre_exercise","Resist.post_3.5_4_hr - Control.post_3.5_4_hr (delta-delta)","exercise_with_controls","RE-CON","ADUResist","post_3.5_4_hr","Lactic acid",-0.260954749371837,-0.549584996634897,0.0276754978912223,271.284815617895,-237.625177761942,-1.77994152717206,25.345093936798,-1.77317041709464,0.076200472445428,0.758346417846076
"muscle","metab","metab-u-ionpneg","~ 0 + group_timepoint +  BMI + calculatedAge + codedsiteid + raw_intensity_post + Sex + (1 | pid)","group_timepointADUResist.post_3.5_4_hr - group_timepointADUResist.pre_exercise - group_timepointADUControl.post_3.5_4_hr + group_timepointADUControl.pre_exercise","Resist.post_3.5_4_hr - Control.post_3.5_4_hr (delta-delta)","exercise_with_controls","RE-CON","ADUResist","post_3.5_4_hr","Valine",-0.140568228827206,-0.345864942893647,0.0647284852392344,247.885428333643,-124.579885232706,-1.34826567434849,22.5099180626246,-1.34463244354126,0.178743960798479,0.784283259634366
"muscle","metab","metab-u-rpneg","~ 0 + group_timepoint +  BMI + calculatedAge + codedsiteid + raw_intensity_post + Sex + (1 | pid)","group_timepointADUResist.post_3.5_4_hr - group_timepointADUResist.pre_exercise - group_timepointADUControl.post_3.5_4_hr + group_timepointADUControl.pre_exercise","Resist.post_3.5_4_hr - Control.post_3.5_4_hr (delta-delta)","exercise_with_controls","RE-CON","ADUResist","post_3.5_4_hr","3-Hydroxybutyric acid",0.439323920275573,0.133037221738386,0.74561061881276,229.88544312779,-299.052389231282,2.82475726269029,18.3041839327921,2.80016823923091,0.00510759790911551,0.219626710091967
"muscle","metab","metab-u-rpneg","~ 0 + group_timepoint +  BMI + calculatedAge + codedsiteid + raw_intensity_post + Sex + (1 | pid)","group_timepointADUResist.post_3.5_4_hr - group_timepointADUResist.pre_exercise - group_timepointADUControl.post_3.5_4_hr + group_timepointADUControl.pre_exercise","Resist.post_3.5_4_hr - Control.post_3.5_4_hr (delta-delta)","exercise_with_controls","RE-CON","ADUResist","post_3.5_4_hr","Leucine/Isoleucine",-0.268831392051847,-0.50884495098777,-0.0288178331159249,259.744525902107,-170.973005570856,-2.20509851608582,19.4800391391277,-2.19333005236852,0.028283607919497,0.608097570269187
"muscle","metab","metab-u-rpneg","~ 0 + group_timepoint +  BMI + calculatedAge + codedsiteid + raw_intensity_post + Sex + (1 | pid)","group_timepointADUResist.post_3.5_4_hr - group_timepointADUResist.pre_exercise - group_timepointADUControl.post_3.5_4_hr + group_timepointADUControl.pre_exercise","Resist.post_3.5_4_hr - Control.post_3.5_4_hr (delta-delta)","exercise_with_controls","RE-CON","ADUResist","post_3.5_4_hr","gamma-Glutamylleucine",0.450984921555291,-0.0607405255318972,0.962710368642479,229.214773012325,-496.101261386287,1.73573355628675,11.8200099989579,1.72880222296299,0.0838444981809834,0.677799048138881
"muscle","metab","metab-u-rpneg","~ 0 + group_timepoint +  BMI + calculatedAge + codedsiteid + raw_intensity_post + Sex + (1 | pid)","group_timepointADUResist.post_3.5_4_hr - group_timepointADUResist.pre_exercise - group_timepointADUControl.post_3.5_4_hr + group_timepointADUControl.pre_exercise","Resist.post_3.5_4_hr - Control.post_3.5_4_hr (delta-delta)","exercise_with_controls","RE-CON","ADUResist","post_3.5_4_hr","Phenylacetic acid",0.241958925933803,-0.0548694648413831,0.538787316708989,239.687109149998,-271.116608520435,1.60492527513292,12.9792938708787,1.59958425595287,0.109690843431745,0.741682662877087
"muscle","metab","metab-u-rpneg","~ 0 + group_timepoint +  BMI + calculatedAge + codedsiteid + raw_intensity_post + Sex + (1 | pid)","group_timepointADUResist.post_3.5_4_hr - group_timepointADUResist.pre_exercise - group_timepointADUControl.post_3.5_4_hr + group_timepointADUControl.pre_exercise","Resist.post_3.5_4_hr - Control.post_3.5_4_hr (delta-delta)","exercise_with_controls","RE-CON","ADUResist","post_3.5_4_hr","Hydroxyphenyllactic acid",0.235620246940458,-0.0674317414058315,0.538672235286748,237.225329816931,-282.369435441937,1.53086098728655,16.0459761964414,1.52604313837187,0.126999121535143,0.741682662877087
"muscle","metab","metab-u-rpneg","~ 0 + group_timepoint +  BMI + calculatedAge + codedsiteid + raw_intensity_post + Sex + (1 | pid)","group_timepointADUResist.post_3.5_4_hr - group_timepointADUResist.pre_exercise - group_timepointADUControl.post_3.5_4_hr + group_timepointADUControl.pre_exercise","Resist.post_3.5_4_hr - Control.post_3.5_4_hr (delta-delta)","exercise_with_controls","RE-CON","ADUResist","post_3.5_4_hr","2-Hydroxybutyric acid",0.445248256099966,-0.208547578845861,1.09904409104579,238.884390839048,-571.767737446071,1.34099883944527,18.0217047323826,1.33741361132459,0.181087663893458,0.819625761490231
"muscle","metab","metab-u-rpneg","~ 0 + group_timepoint +  BMI + calculatedAge + codedsiteid + raw_intensity_post + Sex + (1 | pid)","group_timepointADUResist.post_3.5_4_hr - group_timepointADUResist.pre_exercise - group_timepointADUControl.post_3.5_4_hr + group_timepointADUControl.pre_exercise","Resist.post_3.5_4_hr - Control.post_3.5_4_hr (delta-delta)","exercise_with_controls","RE-CON","ADUResist","post_3.5_4_hr","Phenylalanine",-0.113787949823685,-0.334554447731358,0.106978548083988,269.053543230624,-133.066079379598,-1.01456373370384,19.1090705655934,-1.01274155028988,0.311183625738768,0.875302256003544
"muscle","metab","metab-u-rpneg","~ 0 + group_timepoint +  BMI + calculatedAge + codedsiteid + raw_intensity_post + Sex + (1 | pid)","group_timepointADUResist.post_3.5_4_hr - group_timepointADUResist.pre_exercise - group_timepointADUControl.post_3.5_4_hr + group_timepointADUControl.pre_exercise","Resist.post_3.5_4_hr - Control.post_3.5_4_hr (delta-delta)","exercise_with_controls","RE-CON","ADUResist","post_3.5_4_hr","alpha-N-Phenylacetylglutamine",0.203943550476527,-0.240247415173204,0.648134516126259,221.464829061227,-467.721838764134,0.904368195652897,14.0200147404246,0.902688597318294,0.366691189910926,0.875302256003544
"muscle","metab","metab-u-rpneg","~ 0 + group_timepoint +  BMI + calculatedAge + codedsiteid + raw_intensity_post + Sex + (1 | pid)","group_timepointADUResist.post_3.5_4_hr - group_timepointADUResist.pre_exercise - group_timepointADUControl.post_3.5_4_hr + group_timepointADUControl.pre_exercise","Resist.post_3.5_4_hr - Control.post_3.5_4_hr (delta-delta)","exercise_with_controls","RE-CON","ADUResist","post_3.5_4_hr","Phenyllactic acid",0.122125407950564,-0.250830101382434,0.495080917283563,266.975986745513,-336.218133845904,0.644729867824416,13.1428643766488,0.643872765246032,0.519657943659442,0.87628594421004
"muscle","metab","metab-u-rpneg","~ 0 + group_timepoint +  BMI + calculatedAge + codedsiteid + raw_intensity_post + Sex + (1 | pid)","group_timepointADUResist.post_3.5_4_hr - group_timepointADUResist.pre_exercise - group_timepointADUControl.post_3.5_4_hr + group_timepointADUControl.pre_exercise","Resist.post_3.5_4_hr - Control.post_3.5_4_hr (delta-delta)","exercise_with_controls","RE-CON","ADUResist","post_3.5_4_hr","Ketoleucine",-0.111318793277803,-0.46951508928126,0.246877502725654,277.398078899847,-315.905979594103,-0.611599983446937,17.3035466725524,-0.610893718182244,0.541269943828257,0.895177214792887
"muscle","metab","metab-u-rpneg","~ 0 + group_timepoint +  BMI + calculatedAge + codedsiteid + raw_intensity_post + Sex + (1 | pid)","group_timepointADUResist.post_3.5_4_hr - group_timepointADUResist.pre_exercise - group_timepointADUControl.post_3.5_4_hr + group_timepointADUControl.pre_exercise","Resist.post_3.5_4_hr - Control.post_3.5_4_hr (delta-delta)","exercise_with_controls","RE-CON","ADUResist","post_3.5_4_hr","gamma-Glutamylisoleucine",0.146030118058304,-0.488116031215886,0.780176267332494,225.05079220332,-588.071238968787,0.453596041493929,10.2665036725333,0.453033860086081,0.650524359806574,0.907047406972686
"muscle","metab","metab-u-rppos","~ 0 + group_timepoint +  BMI + calculatedAge + codedsiteid + raw_intensity_post + Sex + (1 | pid)","group_timepointADUResist.post_3.5_4_hr - group_timepointADUResist.pre_exercise - group_timepointADUControl.post_3.5_4_hr + group_timepointADUControl.pre_exercise","Resist.post_3.5_4_hr - Control.post_3.5_4_hr (delta-delta)","exercise_with_controls","RE-CON","ADUResist","post_3.5_4_hr","2-Hydroxy-3-methylbutyric acid",1.2088957550262,0.432428170623999,1.9853633394284,280.676520293611,-604.534438969915,3.06416209468509,15.0167497448883,3.03743849377358,0.00238598091450476,0.198036415903895
"muscle","metab","metab-u-rppos","~ 0 + group_timepoint +  BMI + calculatedAge + codedsiteid + raw_intensity_post + Sex + (1 | pid)","group_timepointADUResist.post_3.5_4_hr - group_timepointADUResist.pre_exercise - group_timepointADUControl.post_3.5_4_hr + group_timepointADUControl.pre_exercise","Resist.post_3.5_4_hr - Control.post_3.5_4_hr (delta-delta)","exercise_with_controls","RE-CON","ADUResist","post_3.5_4_hr","3-Hydroxyphenyl valeric acid",0.261573842753572,0.034542012604479,0.488605672902665,283.764245354553,-142.214125214575,2.26800132038473,14.7393031897766,2.25563423575842,0.0240935472890416,0.520899114187631
"muscle","metab","metab-u-rppos","~ 0 + group_timepoint +  BMI + calculatedAge + codedsiteid + raw_intensity_post + Sex + (1 | pid)","group_timepointADUResist.post_3.5_4_hr - group_timepointADUResist.pre_exercise - group_timepointADUControl.post_3.5_4_hr + group_timepointADUControl.pre_exercise","Resist.post_3.5_4_hr - Control.post_3.5_4_hr (delta-delta)","exercise_with_controls","RE-CON","ADUResist","post_3.5_4_hr","Indolelactic acid",0.226356189498128,-0.0335254627176155,0.486237841713872,248.28140721021,-214.180056280845,1.71501532726349,13.5314167394604,1.70862565103826,0.0875203140644633,0.819877694605582
"muscle","metab","metab-u-rppos","~ 0 + group_timepoint +  BMI + calculatedAge + codedsiteid + raw_intensity_post + Sex + (1 | pid)","group_timepointADUResist.post_3.5_4_hr - group_timepointADUResist.pre_exercise - group_timepointADUControl.post_3.5_4_hr + group_timepointADUControl.pre_exercise","Resist.post_3.5_4_hr - Control.post_3.5_4_hr (delta-delta)","exercise_with_controls","RE-CON","ADUResist","post_3.5_4_hr","Kynurenine",0.182629601158784,-0.0344216819488904,0.399680884266458,249.859513199934,-144.69902305086,1.65632766828187,16.4050110658692,1.6507949819869,0.0987804451332027,0.819877694605582
"muscle","metab","metab-u-rppos","~ 0 + group_timepoint +  BMI + calculatedAge + codedsiteid + raw_intensity_post + Sex + (1 | pid)","group_timepointADUResist.post_3.5_4_hr - group_timepointADUResist.pre_exercise - group_timepointADUControl.post_3.5_4_hr + group_timepointADUControl.pre_exercise","Resist.post_3.5_4_hr - Control.post_3.5_4_hr (delta-delta)","exercise_with_controls","RE-CON","ADUResist","post_3.5_4_hr","Aminobutyric acid",-0.0990679609214133,-0.257270845170476,0.0591349233276494,216.751090512116,-113.251512995719,-1.2338844418304,17.1548780748839,-1.23048847641633,0.218514239627091,0.934689271521848
"muscle","metab","metab-u-hilicpos","~ 0 + group_timepoint +  BMI + calculatedAge + codedsiteid + raw_intensity_post + Sex + (1 | pid)","group_timepointADUResist.post_24_hr - group_timepointADUResist.pre_exercise - group_timepointADUControl.post_24_hr + group_timepointADUControl.pre_exercise","Resist.post_24_hr - Control.post_24_hr (delta-delta)","exercise_with_controls","RE-CON","ADUResist","post_24_hr","Isoleucine",-0.413001112628066,-0.565628426073494,-0.260373799182639,236.254761015761,-66.3791041487201,-5.32908903643459,27.190104873978,-5.18269492920009,2.18702600918553e-07,3.72887934566133e-05
"muscle","metab","metab-u-hilicpos","~ 0 + group_timepoint +  BMI + calculatedAge + codedsiteid + raw_intensity_post + Sex + (1 | pid)","group_timepointADUResist.post_24_hr - group_timepointADUResist.pre_exercise - group_timepointADUControl.post_24_hr + group_timepointADUControl.pre_exercise","Resist.post_24_hr - Control.post_24_hr (delta-delta)","exercise_with_controls","RE-CON","ADUResist","post_24_hr","Leucine",-0.234112357556064,-0.370123037450007,-0.0981016776621223,232.587868236188,-30.5669960242722,-3.39010161939767,28.0069541877165,-3.34863311771756,0.00081211257325732,0.0244955451599817
"muscle","metab","metab-u-hilicpos","~ 0 + group_timepoint +  BMI + calculatedAge + codedsiteid + raw_intensity_post + Sex + (1 | pid)","group_timepointADUResist.post_24_hr - group_timepointADUResist.pre_exercise - group_timepointADUControl.post_24_hr + group_timepointADUControl.pre_exercise","Resist.post_24_hr - Control.post_24_hr (delta-delta)","exercise_with_controls","RE-CON","ADUResist","post_24_hr","3-Dehydroxycarnitine",0.101397484022087,0.00553500378964671,0.197259964254527,221.13760097042,36.6651852405195,2.08426413525825,23.3266660166577,2.07209136262932,0.0382569216879663,0.200307687867201
"muscle","metab","metab-u-hilicpos","~ 0 + group_timepoint +  BMI + calculatedAge + codedsiteid + raw_intensity_post + Sex + (1 | pid)","group_timepointADUResist.post_24_hr - group_timepointADUResist.pre_exercise - group_timepointADUControl.post_24_hr + group_timepointADUControl.pre_exercise","Resist.post_24_hr - Control.post_24_hr (delta-delta)","exercise_with_controls","RE-CON","ADUResist","post_24_hr","3-Hydroxynorvaline",0.197564120642239,0.00996706956521132,0.385161171719267,220.590809312524,-233.228126891857,2.07490061388103,12.763760810992,2.06317135473988,0.0390963506868517,0.200307687867201
"muscle","metab","metab-u-hilicpos","~ 0 + group_timepoint +  BMI + calculatedAge + codedsiteid + raw_intensity_post + Sex + (1 | pid)","group_timepointADUResist.post_24_hr - group_timepointADUResist.pre_exercise - group_timepointADUControl.post_24_hr + group_timepointADUControl.pre_exercise","Resist.post_24_hr - Control.post_24_hr (delta-delta)","exercise_with_controls","RE-CON","ADUResist","post_24_hr","gamma-Aminobutyric acid",0.16184113851164,0.00078602821628887,0.322896248806992,221.404697829013,-159.16199963309,1.9797816078852,22.9230167091997,1.96945068347806,0.0489013604695538,0.231602276668303
"muscle","metab","metab-u-hilicpos","~ 0 + group_timepoint +  BMI + calculatedAge + codedsiteid + raw_intensity_post + Sex + (1 | pid)","group_timepointADUResist.post_24_hr - group_timepointADUResist.pre_exercise - group_timepointADUControl.post_24_hr + group_timepointADUControl.pre_exercise","Resist.post_24_hr - Control.post_24_hr (delta-delta)","exercise_with_controls","RE-CON","ADUResist","post_24_hr","Carnitine",-0.0608190406746623,-0.146650665920142,0.0250125845708171,239.893990089372,162.692861488535,-1.39597862420692,27.7283484920743,-1.39162491361619,0.164036010513817,0.486402431175754
"muscle","metab","metab-u-hilicpos","~ 0 + group_timepoint +  BMI + calculatedAge + codedsiteid + raw_intensity_post + Sex + (1 | pid)","group_timepointADUResist.post_24_hr - group_timepointADUResist.pre_exercise - group_timepointADUControl.post_24_hr + group_timepointADUControl.pre_exercise","Resist.post_24_hr - Control.post_24_hr (delta-delta)","exercise_with_controls","RE-CON","ADUResist","post_24_hr","N-Acetylleucine",-0.115281961863259,-0.397561932132044,0.166998008405526,254.151975048099,-276.426486144127,-0.804014582691561,13.1292245934737,-0.802800788039414,0.422089886623858,0.763696081844133
"muscle","metab","metab-u-ionpneg","~ 0 + group_timepoint +  BMI + calculatedAge + codedsiteid + raw_intensity_post + Sex + (1 | pid)","group_timepointADUResist.post_24_hr - group_timepointADUResist.pre_exercise - group_timepointADUControl.post_24_hr + group_timepointADUControl.pre_exercise","Resist.post_24_hr - Control.post_24_hr (delta-delta)","exercise_with_controls","RE-CON","ADUResist","post_24_hr","Lactic acid",-0.375479028676878,-0.640862926713917,-0.11009513063984,271.284815617895,-237.625177761942,-2.78597288048704,25.345093936798,-2.76295574418184,0.00572805324741961,0.127292463973394
"muscle","metab","metab-u-ionpneg","~ 0 + group_timepoint +  BMI + calculatedAge + codedsiteid + raw_intensity_post + Sex + (1 | pid)","group_timepointADUResist.post_24_hr - group_timepointADUResist.pre_exercise - group_timepointADUControl.post_24_hr + group_timepointADUControl.pre_exercise","Resist.post_24_hr - Control.post_24_hr (delta-delta)","exercise_with_controls","RE-CON","ADUResist","post_24_hr","Valine",-0.21556676673778,-0.403811978066703,-0.027321555408857,247.885428333643,-124.579885232706,-2.25525056680559,22.5099180626246,-2.24178474924982,0.0249752873638778,0.21853376443393
"muscle","metab","metab-u-rpneg","~ 0 + group_timepoint +  BMI + calculatedAge + codedsiteid + raw_intensity_post + Sex + (1 | pid)","group_timepointADUResist.post_24_hr - group_timepointADUResist.pre_exercise - group_timepointADUControl.post_24_hr + group_timepointADUControl.pre_exercise","Resist.post_24_hr - Control.post_24_hr (delta-delta)","exercise_with_controls","RE-CON","ADUResist","post_24_hr","Leucine/Isoleucine",-0.284863801259917,-0.505738107853558,-0.0639894946662756,259.744525902107,-170.973005570856,-2.53943588098854,19.4800391391277,-2.52173203802644,0.011677862803282,0.51353094434678
"muscle","metab","metab-u-rpneg","~ 0 + group_timepoint +  BMI + calculatedAge + codedsiteid + raw_intensity_post + Sex + (1 | pid)","group_timepointADUResist.post_24_hr - group_timepointADUResist.pre_exercise - group_timepointADUControl.post_24_hr + group_timepointADUControl.pre_exercise","Resist.post_24_hr - Control.post_24_hr (delta-delta)","exercise_with_controls","RE-CON","ADUResist","post_24_hr","Phenylalanine",-0.260585501703762,-0.463928214950426,-0.0572427884570982,269.053543230624,-133.066079379598,-2.52290621425607,19.1090705655934,-2.50607666898874,0.0122079145456455,0.51353094434678
"muscle","metab","metab-u-rpneg","~ 0 + group_timepoint +  BMI + calculatedAge + codedsiteid + raw_intensity_post + Sex + (1 | pid)","group_timepointADUResist.post_24_hr - group_timepointADUResist.pre_exercise - group_timepointADUControl.post_24_hr + group_timepointADUControl.pre_exercise","Resist.post_24_hr - Control.post_24_hr (delta-delta)","exercise_with_controls","RE-CON","ADUResist","post_24_hr","Phenylacetic acid",-0.261397555992678,-0.533959010802158,0.0111638988168012,239.687109149998,-271.116608520435,-1.88840794987845,12.9792938708787,-1.88023677556132,0.0600758156415901,0.645815018147094
"muscle","metab","metab-u-rpneg","~ 0 + group_timepoint +  BMI + calculatedAge + codedsiteid + raw_intensity_post + Sex + (1 | pid)","group_timepointADUResist.post_24_hr - group_timepointADUResist.pre_exercise - group_timepointADUControl.post_24_hr + group_timepointADUControl.pre_exercise","Resist.post_24_hr - Control.post_24_hr (delta-delta)","exercise_with_controls","RE-CON","ADUResist","post_24_hr","gamma-Glutamylisoleucine",-0.52705145490906,-1.10821797089758,0.0541150610794598,225.05079220332,-588.071238968787,-1.78647072270521,10.2665036725333,-1.77872298613629,0.0752851887554139,0.675711907921115
"muscle","metab","metab-u-rpneg","~ 0 + group_timepoint +  BMI + calculatedAge + codedsiteid + raw_intensity_post + Sex + (1 | pid)","group_timepointADUResist.post_24_hr - group_timepointADUResist.pre_exercise - group_timepointADUControl.post_24_hr + group_timepointADUControl.pre_exercise","Resist.post_24_hr - Control.post_24_hr (delta-delta)","exercise_with_controls","RE-CON","ADUResist","post_24_hr","gamma-Glutamylleucine",-0.366702070116217,-0.835961921215265,0.102557780982832,229.214773012325,-496.101261386287,-1.53918401566281,11.8200099989579,-1.53393758902874,0.125045007450887,0.745894274024337
"muscle","metab","metab-u-rpneg","~ 0 + group_timepoint +  BMI + calculatedAge + codedsiteid + raw_intensity_post + Sex + (1 | pid)","group_timepointADUResist.post_24_hr - group_timepointADUResist.pre_exercise - group_timepointADUControl.post_24_hr + group_timepointADUControl.pre_exercise","Resist.post_24_hr - Control.post_24_hr (delta-delta)","exercise_with_controls","RE-CON","ADUResist","post_24_hr","Hydroxyphenyllactic acid",-0.174058029832981,-0.452251382954356,0.104135323288394,237.225329816931,-282.369435441937,-1.23204315109339,16.0459761964414,-1.22906264586765,0.21904831901236,0.875037552046619
"muscle","metab","metab-u-rpneg","~ 0 + group_timepoint +  BMI + calculatedAge + codedsiteid + raw_intensity_post + Sex + (1 | pid)","group_timepointADUResist.post_24_hr - group_timepointADUResist.pre_exercise - group_timepointADUControl.post_24_hr + group_timepointADUControl.pre_exercise","Resist.post_24_hr - Control.post_24_hr (delta-delta)","exercise_with_controls","RE-CON","ADUResist","post_24_hr","Ketoleucine",-0.203465299058227,-0.533634700842525,0.126704102726072,277.398078899847,-315.905979594103,-1.21291636333658,17.3035466725524,-1.21032056450784,0.226155909631024,0.875037552046619
"muscle","metab","metab-u-rpneg","~ 0 + group_timepoint +  BMI + calculatedAge + codedsiteid + raw_intensity_post + Sex + (1 | pid)","group_timepointADUResist.post_24_hr - group_timepointADUResist.pre_exercise - group_timepointADUControl.post_24_hr + group_timepointADUControl.pre_exercise","Resist.post_24_hr - Control.post_24_hr (delta-delta)","exercise_with_controls","RE-CON","ADUResist","post_24_hr","3-Hydroxybutyric acid",0.135827402455089,-0.145067508661781,0.416722313571958,229.88544312779,-299.052389231282,0.952357585259941,18.3041839327921,0.950544012051243,0.34183590167052,0.937585433999174
"muscle","metab","metab-u-rpneg","~ 0 + group_timepoint +  BMI + calculatedAge + codedsiteid + raw_intensity_post + Sex + (1 | pid)","group_timepointADUResist.post_24_hr - group_timepointADUResist.pre_exercise - group_timepointADUControl.post_24_hr + group_timepointADUControl.pre_exercise","Resist.post_24_hr - Control.post_24_hr (delta-delta)","exercise_with_controls","RE-CON","ADUResist","post_24_hr","2-Hydroxybutyric acid",0.251182241188527,-0.349109387549078,0.851473869926132,238.884390839048,-571.767737446071,0.824019347886432,18.0217047323826,0.822667096051831,0.410697331681124,0.937585433999174
"muscle","metab","metab-u-rpneg","~ 0 + group_timepoint +  BMI + calculatedAge + codedsiteid + raw_intensity_post + Sex + (1 | pid)","group_timepointADUResist.post_24_hr - group_timepointADUResist.pre_exercise - group_timepointADUControl.post_24_hr + group_timepointADUControl.pre_exercise","Resist.post_24_hr - Control.post_24_hr (delta-delta)","exercise_with_controls","RE-CON","ADUResist","post_24_hr","alpha-N-Phenylacetylglutamine",0.064845493370294,-0.341996154612215,0.471687141352803,221.464829061227,-467.721838764134,0.31396357981504,14.0200147404246,0.313607581745661,0.753819100455278,0.960102931079041
"muscle","metab","metab-u-rpneg","~ 0 + group_timepoint +  BMI + calculatedAge + codedsiteid + raw_intensity_post + Sex + (1 | pid)","group_timepointADUResist.post_24_hr - group_timepointADUResist.pre_exercise - group_timepointADUControl.post_24_hr + group_timepointADUControl.pre_exercise","Resist.post_24_hr - Control.post_24_hr (delta-delta)","exercise_with_controls","RE-CON","ADUResist","post_24_hr","Phenyllactic acid",0.052952681870913,-0.290511156524053,0.396416520265879,266.975986745513,-336.218133845904,0.303606641876952,13.1428643766488,0.303283289368166,0.761673980001138,0.960102931079041
"muscle","metab","metab-u-rppos","~ 0 + group_timepoint +  BMI + calculatedAge + codedsiteid + raw_intensity_post + Sex + (1 | pid)","group_timepointADUResist.post_24_hr - group_timepointADUResist.pre_exercise - group_timepointADUControl.post_24_hr + group_timepointADUControl.pre_exercise","Resist.post_24_hr - Control.post_24_hr (delta-delta)","exercise_with_controls","RE-CON","ADUResist","post_24_hr","2-Hydroxy-3-methylbutyric acid",0.660114195791603,-0.0557899441043884,1.3760183356876,280.676520293611,-604.534438969915,1.81502686503153,15.0167497448883,1.80814673614348,0.0705836659102793,0.566051849709982
"muscle","metab","metab-u-rppos","~ 0 + group_timepoint +  BMI + calculatedAge + codedsiteid + raw_intensity_post + Sex + (1 | pid)","group_timepointADUResist.post_24_hr - group_timepointADUResist.pre_exercise - group_timepointADUControl.post_24_hr + group_timepointADUControl.pre_exercise","Resist.post_24_hr - Control.post_24_hr (delta-delta)","exercise_with_controls","RE-CON","ADUResist","post_24_hr","Aminobutyric acid",0.103373039944181,-0.0409640660331414,0.247710145921503,216.751090512116,-113.251512995719,1.41126266434805,17.1548780748839,1.40661536553463,0.159541474275359,0.665563212507076
"muscle","metab","metab-u-rppos","~ 0 + group_timepoint +  BMI + calculatedAge + codedsiteid + raw_intensity_post + Sex + (1 | pid)","group_timepointADUResist.post_24_hr - group_timepointADUResist.pre_exercise - group_timepointADUControl.post_24_hr + group_timepointADUControl.pre_exercise","Resist.post_24_hr - Control.post_24_hr (delta-delta)","exercise_with_controls","RE-CON","ADUResist","post_24_hr","3-Hydroxyphenyl valeric acid",0.123677521276601,-0.085719420242613,0.333074462795815,283.764245354553,-142.214125214575,1.16291626321281,14.7393031897766,1.1603523608147,0.245905374260259,0.70379814012419
"muscle","metab","metab-u-rppos","~ 0 + group_timepoint +  BMI + calculatedAge + codedsiteid + raw_intensity_post + Sex + (1 | pid)","group_timepointADUResist.post_24_hr - group_timepointADUResist.pre_exercise - group_timepointADUControl.post_24_hr + group_timepointADUControl.pre_exercise","Resist.post_24_hr - Control.post_24_hr (delta-delta)","exercise_with_controls","RE-CON","ADUResist","post_24_hr","Kynurenine",-0.0595911304619463,-0.259000072169063,0.13981781124517,249.859513199934,-144.69902305086,-0.588344303723883,16.4050110658692,-0.587613318421845,0.556791869431282,0.915123270550425
"muscle","metab","metab-u-rppos","~ 0 + group_timepoint +  BMI + calculatedAge + codedsiteid + raw_intensity_post + Sex + (1 | pid)","group_timepointADUResist.post_24_hr - group_timepointADUResist.pre_exercise - group_timepointADUControl.post_24_hr + group_timepointADUControl.pre_exercise","Resist.post_24_hr - Control.post_24_hr (delta-delta)","exercise_with_controls","RE-CON","ADUResist","post_24_hr","Indolelactic acid",0.0393248665639554,-0.199387985965854,0.278037719093764,248.28140721021,-214.180056280845,0.32442255392427,13.5314167394604,0.324070313753126,0.745884801328559,0.98848094880683
"muscle","metab","metab-t-amines","~ 0 + group_timepoint +  BMI + calculatedAge + codedsiteid + Sex + (1 | pid)","group_timepointADUEndur.post_15_30_45_min - group_timepointADUEndur.pre_exercise - group_timepointADUControl.post_15_30_45_min + group_timepointADUControl.pre_exercise","Endur.post_15_30_45_min - Control.post_15_30_45_min (delta-delta)","exercise_with_controls","EE-CON","ADUEndur","post_15_30_45_min","2-Aminobutyric acid",0.0111839344088625,-0.0293605592091323,0.0517284280268573,183.09195469886,357.936850430198,0.543971195769336,0.263745044313853,0.543081266460519,0.587073850360868,0.767711958164212
"muscle","metab","metab-t-amines","~ 0 + group_timepoint +  BMI + calculatedAge + codedsiteid + Sex + (1 | pid)","group_timepointADUEndur.post_15_30_45_min - group_timepointADUEndur.pre_exercise - group_timepointADUControl.post_15_30_45_min + group_timepointADUControl.pre_exercise","Endur.post_15_30_45_min - Control.post_15_30_45_min (delta-delta)","exercise_with_controls","EE-CON","ADUEndur","post_15_30_45_min","Aminoisobutyric acid",0.000495214138119234,-0.00251915749958273,0.00350958577582119,179.080803510313,1209.63972986707,0.324185978056587,0.0120332185965724,0.323685420521565,0.746176209862877,0.873615302614291
"muscle","metab","metab-t-nuc","~ 0 + group_timepoint +  BMI + calculatedAge + codedsiteid + Sex + (1 | pid)","group_timepointADUEndur.post_15_30_45_min - group_timepointADUEndur.pre_exercise - group_timepointADUControl.post_15_30_45_min + group_timepointADUControl.pre_exercise","Endur.post_15_30_45_min - Control.post_15_30_45_min (delta-delta)","exercise_with_controls","EE-CON","ADUEndur","post_15_30_45_min","UDP-galactose",-0.523024718673152,-0.823331700080666,-0.222717737265637,263.369274390595,-225.474523997639,-3.42964779222116,4.25356279065858,-3.38817020417438,0.000703605875181391,0.00633245287663252
"muscle","metab","metab-t-amines","~ 0 + group_timepoint +  BMI + calculatedAge + codedsiteid + Sex + (1 | pid)","group_timepointADUEndur.post_3.5_4_hr - group_timepointADUEndur.pre_exercise - group_timepointADUControl.post_3.5_4_hr + group_timepointADUControl.pre_exercise","Endur.post_3.5_4_hr - Control.post_3.5_4_hr (delta-delta)","exercise_with_controls","EE-CON","ADUEndur","post_3.5_4_hr","2-Aminobutyric acid",0.010239652502514,-0.0345606392897566,0.0550399442947846,183.09195469886,357.936850430198,0.450683243812025,0.263745044313853,0.450010427382223,0.652702921888602,0.973016086808894
"muscle","metab","metab-t-amines","~ 0 + group_timepoint +  BMI + calculatedAge + codedsiteid + Sex + (1 | pid)","group_timepointADUEndur.post_3.5_4_hr - group_timepointADUEndur.pre_exercise - group_timepointADUControl.post_3.5_4_hr + group_timepointADUControl.pre_exercise","Endur.post_3.5_4_hr - Control.post_3.5_4_hr (delta-delta)","exercise_with_controls","EE-CON","ADUEndur","post_3.5_4_hr","Aminoisobutyric acid",-0.00049994839782189,-0.00384386615843344,0.00284396936278966,179.080803510313,1209.63972986707,-0.295026047611395,0.0120332185965724,-0.294579037334514,0.768315477720341,0.973016086808894
"muscle","metab","metab-t-nuc","~ 0 + group_timepoint +  BMI + calculatedAge + codedsiteid + Sex + (1 | pid)","group_timepointADUEndur.post_3.5_4_hr - group_timepointADUEndur.pre_exercise - group_timepointADUControl.post_3.5_4_hr + group_timepointADUControl.pre_exercise","Endur.post_3.5_4_hr - Control.post_3.5_4_hr (delta-delta)","exercise_with_controls","EE-CON","ADUEndur","post_3.5_4_hr","UDP-galactose",-0.633394314258483,-0.960180707777718,-0.306607920739248,263.369274390595,-225.474523997639,-3.81576740939689,4.25356279065858,-3.76303631761003,0.000167862813216007,0.00453229595683218
"muscle","metab","metab-t-amines","~ 0 + group_timepoint +  BMI + calculatedAge + codedsiteid + Sex + (1 | pid)","group_timepointADUEndur.post_24_hr - group_timepointADUEndur.pre_exercise - group_timepointADUControl.post_24_hr + group_timepointADUControl.pre_exercise","Endur.post_24_hr - Control.post_24_hr (delta-delta)","exercise_with_controls","EE-CON","ADUEndur","post_24_hr","2-Aminobutyric acid",0.0341839053161897,-0.0053533530756731,0.0737211637080525,183.09195469886,357.936850430198,1.70498693520221,0.263745044313853,1.69665222337168,0.0897624302572234,0.413671815705166
"muscle","metab","metab-t-amines","~ 0 + group_timepoint +  BMI + calculatedAge + codedsiteid + Sex + (1 | pid)","group_timepointADUEndur.post_24_hr - group_timepointADUEndur.pre_exercise - group_timepointADUControl.post_24_hr + group_timepointADUControl.pre_exercise","Endur.post_24_hr - Control.post_24_hr (delta-delta)","exercise_with_controls","EE-CON","ADUEndur","post_24_hr","Aminoisobutyric acid",0.000155566100489876,-0.00278582927383231,0.00309696147481206,179.080803510313,1209.63972986707,0.104365817318016,0.0120332185965724,0.104218453052988,0.916995990295584,0.944783747577268
"muscle","metab","metab-t-nuc","~ 0 + group_timepoint +  BMI + calculatedAge + codedsiteid + Sex + (1 | pid)","group_timepointADUEndur.post_24_hr - group_timepointADUEndur.pre_exercise - group_timepointADUControl.post_24_hr + group_timepointADUControl.pre_exercise","Endur.post_24_hr - Control.post_24_hr (delta-delta)","exercise_with_controls","EE-CON","ADUEndur","post_24_hr","UDP-galactose",-0.460884967361533,-0.75084264601132,-0.170927288711746,263.369274390595,-225.474523997639,-3.12999616013726,4.25356279065858,-3.09795034798288,0.00194864073665823,0.0526132998897721
"muscle","metab","metab-t-amines","~ 0 + group_timepoint +  BMI + calculatedAge + codedsiteid + Sex + (1 | pid)","group_timepointADUResist.post_15_30_45_min - group_timepointADUResist.pre_exercise - group_timepointADUControl.post_15_30_45_min + group_timepointADUControl.pre_exercise","Resist.post_15_30_45_min - Control.post_15_30_45_min (delta-delta)","exercise_with_controls","RE-CON","ADUResist","post_15_30_45_min","Aminoisobutyric acid",0.000951974871471332,-0.00206268973977482,0.00396663948271748,179.080803510313,1209.63972986707,0.623135087196767,0.0120332185965724,0.621927912631191,0.533989270175879,0.626056385723444
"muscle","metab","metab-t-amines","~ 0 + group_timepoint +  BMI + calculatedAge + codedsiteid + Sex + (1 | pid)","group_timepointADUResist.post_15_30_45_min - group_timepointADUResist.pre_exercise - group_timepointADUControl.post_15_30_45_min + group_timepointADUControl.pre_exercise","Resist.post_15_30_45_min - Control.post_15_30_45_min (delta-delta)","exercise_with_controls","RE-CON","ADUResist","post_15_30_45_min","2-Aminobutyric acid",0.00817255279030216,-0.0323325393541713,0.0486776449347756,183.09195469886,357.936850430198,0.397878279873349,0.263745044313853,0.397298745777201,0.691147172161942,0.734343870422063
"muscle","metab","metab-t-nuc","~ 0 + group_timepoint +  BMI + calculatedAge + codedsiteid + Sex + (1 | pid)","group_timepointADUResist.post_15_30_45_min - group_timepointADUResist.pre_exercise - group_timepointADUControl.post_15_30_45_min + group_timepointADUControl.pre_exercise","Resist.post_15_30_45_min - Control.post_15_30_45_min (delta-delta)","exercise_with_controls","RE-CON","ADUResist","post_15_30_45_min","UDP-galactose",-0.73989338396723,-1.04141115396587,-0.438375613968587,263.369274390595,-225.474523997639,-4.83193080364521,4.25356279065858,-4.7244254731841,2.3076682279676e-06,2.07690140517084e-05
"muscle","metab","metab-t-amines","~ 0 + group_timepoint +  BMI + calculatedAge + codedsiteid + Sex + (1 | pid)","group_timepointADUResist.post_3.5_4_hr - group_timepointADUResist.pre_exercise - group_timepointADUControl.post_3.5_4_hr + group_timepointADUControl.pre_exercise","Resist.post_3.5_4_hr - Control.post_3.5_4_hr (delta-delta)","exercise_with_controls","RE-CON","ADUResist","post_3.5_4_hr","2-Aminobutyric acid",0.0376021625361804,-0.00579048974480684,0.0809948148171677,183.09195469886,357.936850430198,1.70860615682827,0.263745044313853,1.70041670735103,0.0890525713919581,0.504631237887763
"muscle","metab","metab-t-amines","~ 0 + group_timepoint +  BMI + calculatedAge + codedsiteid + Sex + (1 | pid)","group_timepointADUResist.post_3.5_4_hr - group_timepointADUResist.pre_exercise - group_timepointADUControl.post_3.5_4_hr + group_timepointADUControl.pre_exercise","Resist.post_3.5_4_hr - Control.post_3.5_4_hr (delta-delta)","exercise_with_controls","RE-CON","ADUResist","post_3.5_4_hr","Aminoisobutyric acid",0.00025951875813209,-0.0029867581197829,0.00350579563604708,179.080803510313,1209.63972986707,0.157749820443873,0.0120332185965724,0.157524840941759,0.874831232042445,0.929508184045097
"muscle","metab","metab-t-nuc","~ 0 + group_timepoint +  BMI + calculatedAge + codedsiteid + Sex + (1 | pid)","group_timepointADUResist.post_3.5_4_hr - group_timepointADUResist.pre_exercise - group_timepointADUControl.post_3.5_4_hr + group_timepointADUControl.pre_exercise","Resist.post_3.5_4_hr - Control.post_3.5_4_hr (delta-delta)","exercise_with_controls","RE-CON","ADUResist","post_3.5_4_hr","UDP-galactose",-0.12919105307728,-0.444115181308181,0.185733075153621,263.369274390595,-225.474523997639,-0.807594422387792,4.25356279065858,-0.806380934290786,0.420023236737162,0.596875125889652
"muscle","metab","metab-t-amines","~ 0 + group_timepoint +  BMI + calculatedAge + codedsiteid + Sex + (1 | pid)","group_timepointADUResist.post_24_hr - group_timepointADUResist.pre_exercise - group_timepointADUControl.post_24_hr + group_timepointADUControl.pre_exercise","Resist.post_24_hr - Control.post_24_hr (delta-delta)","exercise_with_controls","RE-CON","ADUResist","post_24_hr","2-Aminobutyric acid",0.0173376268725085,-0.021499189464333,0.05617444320935,183.09195469886,357.936850430198,0.880360526208394,0.263745044313853,0.878388657529813,0.379732837595236,0.504645988607498
"muscle","metab","metab-t-amines","~ 0 + group_timepoint +  BMI + calculatedAge + codedsiteid + Sex + (1 | pid)","group_timepointADUResist.post_24_hr - group_timepointADUResist.pre_exercise - group_timepointADUControl.post_24_hr + group_timepointADUControl.pre_exercise","Resist.post_24_hr - Control.post_24_hr (delta-delta)","exercise_with_controls","RE-CON","ADUResist","post_24_hr","Aminoisobutyric acid",-6.76790649983532e-05,-0.00295479042307684,0.00281943229308013,179.080803510313,1209.63972986707,-0.0462582257335356,0.0120332185965724,-0.0461934426281795,0.963156068922057,0.963156068922057
"muscle","metab","metab-t-nuc","~ 0 + group_timepoint +  BMI + calculatedAge + codedsiteid + Sex + (1 | pid)","group_timepointADUResist.post_24_hr - group_timepointADUResist.pre_exercise - group_timepointADUControl.post_24_hr + group_timepointADUControl.pre_exercise","Resist.post_24_hr - Control.post_24_hr (delta-delta)","exercise_with_controls","RE-CON","ADUResist","post_24_hr","UDP-galactose",-0.224435162230185,-0.507902865696391,0.0590325412360218,263.369274390595,-225.474523997639,-1.55918144343281,4.25356279065858,-1.55397357763353,0.120190719353504,0.540858237090767
